날짜,GK_ID,강화단계,피슈팅,선방
2026-04-18,856235840,9,7,5
2026-04-18,218199987,8,2,1
2026-04-18,856235840,9,5,3
2026-04-18,256051539,8,3,2
2026-04-18,856235840,9,5,2
2026-04-18,300238186,8,1,0
2026-04-18,828212831,8,3,1
2026-04-18,856235840,9,4,2
2026-04-18,856235840,9,8,3
2026-04-18,324024630,12,6,2
2026-04-18,856235840,9,7,4
2026-04-18,265192119,8,5,3
2026-04-18,856235840,9,4,2
2026-04-18,216200389,8,3,2
2026-04-17,814186569,9,3,1
2026-04-17,856235840,9,2,1
2026-04-17,856235840,9,1,0
2026-04-17,300192119,8,4,1
2026-04-17,253192119,9,2,1
2026-04-17,856235840,9,5,1
2026-04-17,856235840,9,7,3
2026-04-17,246193105,9,0,0
2026-04-17,856235840,9,2,1
2026-04-17,234167495,8,3,0
2026-04-17,856235840,9,1,1
2026-04-17,233192119,6,2,1
2026-04-17,856235840,9,9,6
2026-04-17,804263063,8,2,1
2026-04-17,856235840,9,5,1
2026-04-17,825051539,8,5,1
2026-04-18,300192119,8,6,3
2026-04-18,218199987,8,11,8
2026-04-18,218199987,8,8,3
2026-04-18,284001179,8,6,2
2026-04-18,256001179,9,8,3
2026-04-18,218199987,8,6,2
2026-04-18,218199987,8,13,11
2026-04-18,206200389,13,6,2
2026-04-18,300215698,8,4,3
2026-04-18,218199987,8,3,2
2026-04-18,206186153,5,1,0
2026-04-18,218199987,8,8,7
2026-04-16,216190053,9,6,1
2026-04-16,218199987,8,5,3
2026-04-16,218199987,8,6,4
2026-04-16,300230621,8,5,3
2026-04-16,218199987,8,5,3
2026-04-16,834202811,8,9,5
2026-04-16,218199987,8,7,3
2026-04-16,237210257,9,8,5
2026-04-16,218199987,8,6,4
2026-04-16,845233267,8,5,3
2026-04-16,218199987,8,5,0
2026-04-16,270234577,9,3,3
2026-04-15,218199987,8,5,3
2026-04-15,300228789,11,8,5
2026-04-14,291262621,8,5,1
2026-04-14,218199987,8,6,3
2026-04-14,218199987,8,4,1
2026-04-14,234167495,9,4,3
2026-04-14,218199987,8,12,6
2026-04-14,517254803,8,6,2
2026-04-14,218199987,8,3,2
2026-04-14,828202811,8,5,2
2026-04-12,234051539,8,6,1
2026-04-12,804262621,9,4,2
2026-04-12,848001179,8,2,1
2026-04-12,234051539,8,7,2
2026-04-12,234051539,8,4,1
2026-04-12,283199482,9,4,1
2026-04-11,517202811,8,3,1
2026-04-11,234051539,8,4,3
2026-04-11,300233267,13,8,4
2026-04-11,234051539,8,4,2
2026-04-11,256051539,8,6,1
2026-04-11,234051539,8,8,4
2026-04-11,234051539,8,9,6
2026-04-11,289051539,9,9,6
2026-04-11,234051539,8,6,3
2026-04-11,242001179,8,6,1
2026-04-11,840200389,8,12,7
2026-04-11,234051539,8,5,1
2026-04-11,234051539,8,5,1
2026-04-11,834212831,8,7,4
2026-04-11,828202811,8,6,5
2026-04-11,234051539,8,4,1
2026-04-11,234190941,8,5,2
2026-04-11,234051539,8,4,1
2026-04-11,234051539,8,4,2
2026-04-11,515215698,8,5,2
2026-04-11,234051539,8,5,0
2026-04-11,256051539,8,5,1
2026-04-11,265233306,8,2,0
2026-04-11,234051539,8,10,7
2026-04-11,234051539,8,8,3
2026-04-11,825192119,8,4,2
2026-04-10,234051539,8,5,3
2026-04-10,517228383,9,2,0
2026-04-10,234051539,8,6,1
2026-04-10,517202811,8,7,4
2026-04-09,810228413,8,6,3
2026-04-09,234051539,8,9,6
2026-04-09,206177683,13,5,2
2026-04-09,234051539,8,3,3
2026-04-09,234051539,8,3,1
2026-04-09,201005479,13,6,3
2026-04-09,802051539,9,6,1
2026-04-09,234051539,8,3,2
2026-04-09,234051539,8,3,1
2026-04-09,265233306,8,3,1
2026-04-09,234051539,8,5,2
2026-04-09,231024630,8,3,0
2026-04-08,804250753,10,5,2
2026-04-08,234051539,8,7,5
2026-04-06,234001179,8,7,4
2026-04-06,323174543,8,12,6
2026-04-06,234001179,8,3,0
2026-04-06,216192448,8,3,1
2026-04-06,289192119,9,3,1
2026-04-06,234001179,8,9,6
2026-04-06,828226753,8,3,0
2026-04-06,234001179,8,7,4
2026-04-06,234001179,8,7,3
2026-04-06,826204935,8,7,6
2026-04-06,234001179,8,3,0
2026-04-06,804262621,9,6,5
2026-04-06,214192119,12,6,1
2026-04-06,234001179,8,6,1
2026-04-06,234001179,8,6,3
2026-04-06,253192119,8,6,3
2026-04-05,234001179,8,7,2
2026-04-05,806212432,8,3,1
2026-04-04,515215698,8,6,2
2026-04-04,234001179,8,8,2
2026-04-04,234001179,8,8,2
2026-04-04,206192119,12,4,1
2026-04-04,234001179,8,4,2
2026-04-04,834212831,8,4,1
2026-04-04,234001179,8,3,1
2026-04-04,848225116,8,5,2
2026-04-04,234001179,8,7,5
2026-04-04,251051539,8,5,5
2026-04-04,234001179,8,2,2
2026-04-04,264230621,8,5,2
2026-04-04,234001179,8,3,0
2026-04-04,300223885,8,6,3
2026-04-04,234001179,8,6,1
2026-04-04,834215698,8,4,2
2026-04-04,234001179,8,5,2
2026-04-04,216230621,8,8,6
2026-04-04,234001179,8,10,5
2026-04-04,217177683,13,2,2
2026-04-04,234001179,8,4,2
2026-04-04,324073239,13,5,3
2026-04-04,234001179,8,5,0
2026-04-04,828212831,8,7,4
2026-04-04,234001179,8,6,4
2026-04-04,825051539,8,3,1
2026-04-04,517204935,8,8,5
2026-04-04,234001179,8,5,3
2026-04-02,829199987,9,3,3
2026-04-02,834220901,8,5,2
2026-03-30,828202811,8,2,0
2026-03-30,829199987,9,4,2
2026-03-30,829199987,9,6,4
2026-03-30,206206585,11,4,2
2026-03-30,829199987,9,2,1
2026-03-30,804262621,8,4,2
2026-03-30,829199987,9,9,5
2026-03-30,834223686,8,5,5
2026-03-30,829051539,8,5,5
2026-03-30,829199987,9,2,1
2026-03-29,829199987,9,4,1
2026-03-29,206024630,12,4,1
2026-03-28,829199987,9,7,5
2026-03-28,834215698,8,8,4
2026-03-28,829199987,9,6,4
2026-03-28,216200389,9,3,1
2026-03-28,826226753,9,8,4
2026-03-28,829199987,9,4,1
2026-03-28,829199987,9,4,2
2026-03-28,825192119,8,7,2
2026-03-28,284002147,9,2,1
2026-03-28,829199987,9,0,0
2026-03-28,829199987,9,1,1
2026-03-28,845233267,8,5,3
2026-03-28,829199987,9,4,3
2026-03-28,827048940,8,10,9
2026-03-28,829199987,9,7,4
2026-03-28,827048940,7,4,2
2026-03-28,829199987,9,6,0
2026-03-28,251207998,13,3,3
2026-03-28,829199987,9,2,1
2026-03-28,101051539,8,3,2
2026-04-18,256051539,8,1,0
2026-04-18,810210257,8,4,1
2026-04-18,214212831,11,3,1
2026-04-18,256051539,8,4,2
2026-04-18,256051539,8,5,3
2026-04-18,845233267,9,4,2
2026-04-18,231024630,8,3,1
2026-04-18,256051539,8,3,1
2026-04-18,810206585,8,3,0
2026-04-18,834242948,8,3,0
2026-04-18,834242948,8,4,0
2026-04-18,814048940,9,4,2
2026-04-18,515235073,8,1,1
2026-04-18,834242948,8,4,0
2026-04-17,834242948,8,1,0
2026-04-17,101051539,8,5,3
2026-04-17,834242948,8,3,2
2026-04-17,231150724,8,4,3
2026-04-17,834242948,8,0,0
2026-04-17,265228413,9,5,2
2026-04-17,834242948,8,2,1
2026-04-17,265225116,8,6,2
2026-04-17,252167495,8,3,1
2026-04-17,834242948,8,1,0
2026-04-16,834242948,8,3,1
2026-04-16,265186153,8,6,3
2026-03-28,834242948,8,2,1
2026-03-28,231001179,10,3,3
2026-03-28,834242948,8,1,0
2026-03-28,828200389,8,4,2
2026-03-28,323186153,7,2,1
2026-03-28,834242948,8,8,4
2026-04-18,214192119,10,3,1
2026-04-18,300238186,8,3,1
2026-04-18,300238186,8,2,2
2026-04-18,840242948,9,12,5
2026-04-18,207051539,9,2,0
2026-04-18,828212831,8,11,3
2026-04-18,828212831,8,2,0
2026-04-18,252162835,8,8,5
2026-04-18,828212831,8,6,5
2026-04-18,283230621,8,4,2
2026-04-18,513186153,8,8,2
2026-04-18,828212831,8,4,1
2026-04-17,828212831,8,5,3
2026-04-17,270233934,9,5,3
2026-04-17,828212831,8,5,2
2026-04-17,283199482,9,5,1
2026-04-17,828212831,8,3,0
2026-04-17,206208104,13,5,2
2026-04-17,828212831,8,0,0
2026-04-17,260213951,8,3,0
2026-04-17,828212831,8,4,2
2026-04-17,517254803,8,3,0
2026-04-16,828212831,8,7,1
2026-04-16,291211738,8,2,0
2026-04-16,828212831,8,1,1
2026-04-16,246193105,8,7,2
2026-04-16,265233306,8,2,0
2026-04-16,828212831,8,2,1
2026-04-16,828212831,8,3,0
2026-04-16,264230621,8,3,1
2026-04-16,834192119,8,5,2
2026-04-16,828212831,8,4,2
2026-04-16,251167495,7,3,0
2026-04-16,828212831,8,5,3
2026-04-16,828212831,8,2,0
2026-04-16,256210257,8,6,3
2026-04-18,324024630,12,6,4
2026-04-18,201167948,13,5,1
2026-04-18,324024630,12,5,4
2026-04-18,834202811,8,3,2
2026-04-17,324024630,12,5,1
2026-04-17,300210257,6,7,3
2026-04-17,324024630,12,3,1
2026-04-17,834220901,8,9,4
2026-04-17,324024630,12,8,4
2026-04-17,300226753,8,8,2
2026-04-16,814223885,9,6,2
2026-04-16,324024630,12,6,1
2026-04-16,834173426,8,7,0
2026-04-16,324024630,12,2,1
2026-04-16,324024630,12,2,1
2026-04-16,834220901,8,4,3
2026-04-14,324024630,12,5,2
2026-04-14,828192119,8,5,0
2026-04-13,324024630,12,5,2
2026-04-13,840242948,9,5,0
2026-04-13,270234577,8,6,1
2026-04-13,324024630,12,3,1
2026-04-13,237210257,9,6,2
2026-04-13,324024630,12,7,2
2026-04-13,324024630,12,2,1
2026-04-13,852223885,8,5,5
2026-04-12,324024630,12,3,3
2026-04-12,300212831,8,8,1
2026-04-12,324024630,12,3,1
2026-04-12,206186153,11,5,3
2026-04-12,324024630,12,5,2
2026-04-12,206212831,11,4,0
2026-04-11,324024630,12,5,1
2026-04-11,270193105,9,5,3
2026-04-11,324024630,12,6,1
2026-04-11,101190053,8,5,2
2026-04-11,324024630,12,2,0
2026-04-11,828212831,8,4,1
2026-04-10,324024630,12,1,0
2026-04-10,513186153,8,5,4
2026-04-10,834192119,8,9,4
2026-04-10,324024630,12,6,0
2026-04-10,324024630,12,7,3
2026-04-10,846193080,9,4,1
2026-04-09,324024630,12,4,2
2026-04-09,834252154,8,7,2
2026-04-09,324024630,12,4,2
2026-04-09,283230621,9,5,1
2026-04-09,324024630,12,8,3
2026-04-09,856192119,8,7,1
2026-04-09,324024630,12,3,0
2026-04-09,517205186,8,3,1
2026-04-09,324024630,12,4,2
2026-04-09,256193105,8,5,1
2026-04-08,324024630,12,9,5
2026-04-08,825192448,8,6,4
2026-04-08,324024630,12,9,7
2026-04-08,101005479,8,9,5
2026-04-08,324024630,12,8,3
2026-04-08,242212831,8,9,2
2026-04-08,324024630,12,6,2
2026-04-08,829192119,8,4,1
2026-04-08,324024630,12,8,3
2026-04-08,828215698,8,7,4
2026-04-07,324024630,12,9,4
2026-04-07,291262621,8,7,3
2026-04-07,231024630,8,11,5
2026-04-07,324024630,12,5,0
2026-04-18,251048940,8,5,1
2026-04-18,265192119,8,10,4
2026-04-16,834215698,8,8,4
2026-04-16,265192119,8,6,3
2026-04-16,265192119,8,7,2
2026-04-16,264190941,8,7,2
2026-04-18,216200389,8,5,1
2026-04-18,840215316,8,8,6
2026-04-18,216200389,8,7,2
2026-04-18,214024630,8,3,1
2026-04-18,216200389,8,10,6
2026-04-18,265234102,8,8,0
2026-04-18,216200389,8,7,2
2026-04-18,206177683,13,3,0
2026-04-18,216200389,8,7,3
2026-04-18,251167948,8,5,3
2026-04-18,300167495,8,4,0
2026-04-18,216200389,8,0,0
2026-04-18,216200389,8,2,1
2026-04-18,284001179,10,5,1
2026-04-18,216200389,8,9,3
2026-04-18,291262621,8,4,1
2026-04-18,291262621,8,3,0
2026-04-18,216200389,8,2,1
2026-04-18,216200389,8,8,3
2026-04-18,284216065,8,3,1
2026-04-18,216200389,8,2,0
2026-04-18,206024630,12,2,2
2026-04-18,233192119,8,4,0
2026-04-18,216200389,8,5,3
2026-04-18,216200389,8,5,2
2026-04-18,300243311,11,8,4
2026-04-18,216200389,8,10,6
2026-04-18,206188943,13,1,1
2026-04-17,216200389,8,7,2
2026-04-17,300186153,8,5,1
2026-04-17,216200389,8,2,1
2026-04-17,201167948,13,6,2
2026-04-17,848212831,8,9,5
2026-04-17,216200389,8,5,2
2026-04-17,300193105,8,6,2
2026-04-17,216200389,8,3,2
2026-04-17,206177683,12,4,3
2026-04-17,216200389,8,4,0
2026-04-17,825212831,8,3,2
2026-04-17,216200389,8,4,2
2026-04-17,272051539,11,1,0
2026-04-17,216200389,8,11,6
2026-04-17,216200389,8,3,1
2026-04-17,828167495,8,4,1
2026-04-17,515230621,8,8,4
2026-04-17,216200389,8,5,0
2026-04-17,216200389,8,4,2
2026-04-17,300228279,13,2,1
2026-04-17,804262621,8,2,0
2026-04-17,216200389,8,1,1
2026-04-17,216200389,8,7,5
2026-04-17,852223885,8,5,1
2026-04-17,216200389,8,2,1
2026-04-17,283167495,8,5,1
2026-04-17,216200389,8,0,0
2026-04-17,300199987,10,3,0
2026-04-17,216200389,8,0,0
2026-04-17,202019580,9,6,3
2026-04-17,216200389,8,5,2
2026-04-17,834192119,8,7,4
2026-04-17,216200389,8,7,2
2026-04-17,233192119,8,3,1
2026-04-17,216200389,8,1,1
2026-04-17,217212831,8,5,1
2026-04-17,216200389,8,4,2
2026-04-17,829204883,9,5,0
2026-04-17,216200389,8,0,0
2026-04-17,265234102,8,5,1
2026-04-17,216200389,8,5,2
2026-04-17,825051539,8,5,1
2026-04-17,804263063,9,4,0
2026-04-17,216200389,8,3,0
2026-04-16,802048940,10,6,4
2026-04-16,216200389,8,5,4
2026-04-16,216200389,8,9,6
2026-04-16,265233306,10,2,2
2026-04-18,814186569,9,10,7
2026-04-18,515204883,10,7,3
2026-04-18,814186569,9,4,1
2026-04-18,513230621,8,11,7
2026-04-17,814186569,9,6,3
2026-04-17,840209981,8,7,4
2026-04-13,814186569,9,9,5
2026-04-13,517220901,8,6,4
2026-04-12,814186569,9,3,1
2026-04-12,265233306,8,2,1
2026-04-12,814186569,9,4,3
2026-04-12,503192119,8,9,4
2026-04-12,814186569,9,4,1
2026-04-12,810225116,8,10,6
2026-04-12,216192563,8,8,6
2026-04-12,814186569,9,4,2
2026-04-11,814186569,9,5,3
2026-04-11,234192119,8,6,4
2026-04-11,814186569,9,3,1
2026-04-11,251167495,8,2,2
2026-04-11,814186569,9,6,2
2026-04-11,251192119,8,5,1
2026-04-11,814186569,9,1,1
2026-04-11,300243675,13,11,5
2026-04-11,814186569,9,5,3
2026-04-11,206203042,11,7,3
2026-04-11,814186569,9,5,2
2026-04-11,233192119,8,5,3
2026-04-18,300192119,8,10,6
2026-04-18,291262621,8,9,4
2026-04-18,517202811,8,2,2
2026-04-18,300192119,8,3,0
2026-04-17,300192119,8,8,6
2026-04-17,242212831,8,3,0
2026-04-17,206203841,12,0,0
2026-04-17,300192119,8,4,1
2026-04-18,253192119,9,9,6
2026-04-18,216192448,9,3,0
2026-04-18,253192119,9,1,1
2026-04-18,206230621,8,6,3
2026-04-18,253192119,9,1,1
2026-04-18,206215316,13,5,0
2026-04-17,845242179,8,5,3
2026-04-17,246193105,9,4,3
2026-04-17,300167495,8,4,2
2026-04-17,246193105,9,6,2
2026-04-17,216192448,8,5,2
2026-04-17,246193105,9,8,1
2026-04-17,246193105,9,5,3
2026-04-17,214051539,8,6,1
2026-04-17,246193105,9,5,0
2026-04-17,237210257,8,4,1
2026-04-17,246193105,9,3,0
2026-04-17,300186153,8,2,2
2026-04-17,246193105,9,4,2
2026-04-17,300192563,13,3,0
2026-04-17,246193105,9,2,2
2026-04-17,206188943,13,6,3
2026-04-17,207051539,9,6,1
2026-04-17,246193105,9,5,3
2026-04-17,289192119,8,3,2
2026-04-17,246193105,9,8,3
2026-04-17,201048940,8,1,0
2026-04-17,246193105,9,8,1
2026-04-17,246193105,9,7,2
2026-04-17,300238186,13,6,1
2026-04-17,246193105,9,2,1
2026-04-17,216192448,8,5,3
2026-04-17,828215698,8,2,1
2026-04-17,246193105,9,6,2
2026-04-16,216234642,12,3,1
2026-04-16,246193105,9,7,3
2026-04-16,246193105,9,4,2
2026-04-16,289051539,8,6,2
2026-04-16,246193105,9,2,1
2026-04-16,234190053,8,6,4
2026-04-16,246193105,9,7,4
2026-04-16,253167495,8,4,2
2026-04-16,289051539,9,4,2
2026-04-16,246193105,9,4,1
2026-04-16,851230872,8,4,2
2026-04-16,246193105,9,1,1
2026-04-16,828192448,8,7,2
2026-04-16,246193105,9,4,2
2026-04-16,206024630,12,5,2
2026-04-16,246193105,9,5,2
2026-04-16,840192119,8,3,0
2026-04-16,246193105,9,0,0
2026-04-16,246193105,9,7,3
2026-04-16,318172723,8,2,1
2026-04-16,265192119,8,4,1
2026-04-16,246193105,9,0,0
2026-04-15,256167495,8,6,2
2026-04-15,246193105,9,4,1
2026-04-15,246193105,9,11,5
2026-04-15,206199482,8,7,3
2026-04-14,101000488,5,5,2
2026-04-14,246193105,9,5,4
2026-04-14,246193105,9,6,3
2026-04-14,234192119,8,3,2
2026-04-14,804262621,9,3,0
2026-04-14,246193105,9,4,3
2026-04-14,840215316,8,6,5
2026-04-14,246193105,9,10,6
2026-04-14,517254803,8,5,2
2026-04-14,246193105,9,3,2
2026-04-14,207190053,13,3,1
2026-04-14,246193105,9,4,0
2026-04-14,834215698,8,3,1
2026-04-14,246193105,9,5,1
2026-04-14,246193105,9,14,12
2026-04-14,300230621,8,3,1
2026-04-13,300277669,13,5,2
2026-04-13,246193105,9,5,3
2026-04-13,206177683,13,7,3
2026-04-13,246193105,9,5,2
2026-04-13,246193105,9,6,2
2026-04-13,828215698,8,3,1
2026-04-13,300167948,13,6,3
2026-04-13,246193105,9,4,2
2026-04-13,852186153,8,4,0
2026-04-13,246193105,9,8,7
2026-04-13,246193105,9,7,4
2026-04-13,804263063,9,3,1
2026-04-13,513215698,8,7,5
2026-04-13,246193105,9,5,1
2026-04-13,246193105,9,4,1
2026-04-13,207210257,9,4,0
2026-04-13,246193105,9,0,0
2026-04-13,300210257,8,7,2
2026-04-13,246193105,9,3,3
2026-04-13,265233306,9,5,2
2026-04-13,829220901,8,1,0
2026-04-13,246193105,9,4,2
2026-04-13,265225116,8,5,2
2026-04-13,246193105,9,5,3
2026-04-12,265233306,8,5,2
2026-04-12,246193105,9,6,2
2026-04-12,246193105,9,6,3
2026-04-12,247191924,8,5,2
2026-04-12,829235073,8,7,4
2026-04-12,246193105,9,1,0
2026-04-17,834230621,8,7,4
2026-04-17,234167495,8,6,4
2026-04-17,253192119,8,7,4
2026-04-17,234167495,8,1,0
2026-04-17,253192119,8,6,0
2026-04-17,234167495,8,3,1
2026-04-17,851220901,8,0,0
2026-04-17,234167495,8,4,1
2026-04-17,501230621,8,4,2
2026-04-17,234167495,8,7,5
2026-04-17,234051539,8,4,1
2026-04-17,234167495,8,5,1
2026-04-17,265233306,8,7,5
2026-04-17,234167495,8,3,1
2026-04-17,825192448,9,5,3
2026-04-17,234167495,8,3,2
2026-04-17,845233267,8,5,2
2026-04-17,234167495,8,3,1
2026-04-17,291192984,10,1,0
2026-04-17,234167495,8,5,4
2026-04-17,300210358,13,4,1
2026-04-17,234167495,8,1,0
2026-04-14,508200110,5,0,0
2026-04-14,234167495,8,4,1
2026-04-18,829005479,8,0,0
2026-04-18,233192119,6,5,4
2026-04-18,829235073,8,4,3
2026-04-18,233192119,6,5,3
2026-04-18,217212831,8,4,3
2026-04-18,233192119,6,7,3
2026-04-18,828212831,9,2,0
2026-04-18,233192119,6,3,0
2026-04-18,233192119,6,6,1
2026-04-18,300212831,8,3,1
2026-04-18,300199987,8,2,0
2026-04-18,233192119,6,3,1
2026-04-18,517192563,8,3,0
2026-04-18,233192119,6,5,3
2026-04-18,246186569,8,7,2
2026-04-18,233192119,6,2,0
2026-04-18,216200389,8,4,3
2026-04-18,233192119,6,4,2
2026-04-18,802051539,8,8,3
2026-04-18,233192119,6,5,1
2026-04-17,293212432,8,2,0
2026-04-17,233192119,6,5,1
2026-04-17,834252154,11,1,0
2026-04-17,233192119,6,6,1
2026-04-17,233192119,6,6,1
2026-04-17,237051539,8,0,0
2026-04-17,802051539,9,2,0
2026-04-17,233192119,6,2,2
2026-04-17,834230621,8,4,1
2026-04-17,233192119,6,4,1
2026-04-17,233192119,6,4,1
2026-04-17,848190941,8,2,0
2026-04-17,300228279,13,3,0
2026-04-17,233192119,6,6,2
2026-04-17,834230621,8,4,3
2026-04-17,233192119,6,5,2
2026-04-17,810225116,8,4,0
2026-04-17,233192119,6,3,1
2026-04-17,829204883,8,6,2
2026-04-17,233192119,6,6,3
2026-04-17,517220901,8,5,2
2026-04-17,233192119,6,5,2
2026-04-16,206024630,13,2,2
2026-04-16,289192119,8,5,1
2026-04-16,291211738,9,1,0
2026-04-16,289192119,8,2,1
2026-04-16,289192119,8,6,1
2026-04-16,845234642,9,2,1
2026-04-16,265234102,8,6,3
2026-04-16,289192119,8,6,4
2026-04-16,289192119,8,4,3
2026-04-16,806212432,8,4,2
2026-04-16,814048940,8,3,0
2026-04-16,289192119,8,11,6
2026-04-16,289192119,8,4,2
2026-04-16,834173426,8,2,0
2026-04-16,265234102,9,6,5
2026-04-16,289192119,8,6,1
2026-04-17,206212831,11,1,1
2026-04-17,804263063,8,5,1
2026-04-17,804263063,8,1,1
2026-04-17,234190053,9,4,1
2026-04-17,804263063,8,6,1
2026-04-17,216192448,8,3,1
2026-04-17,852048940,8,5,1
2026-04-17,804263063,8,5,2
2026-04-17,834177683,11,5,2
2026-04-17,804263063,8,3,1
2026-04-17,206203042,13,9,4
2026-04-17,804263063,8,7,2
2026-04-17,834210257,8,4,2
2026-04-17,300192119,8,4,0
2026-04-17,834210257,8,2,2
2026-04-17,268005479,10,4,0
2026-04-17,829235073,8,8,4
2026-04-17,853212432,9,4,2
2026-04-17,829235073,8,3,1
2026-04-17,283167495,8,7,5
2026-04-17,829235073,8,6,3
2026-04-17,256193105,8,7,4
2026-04-17,829235073,8,6,2
2026-04-17,206212831,8,5,3
2026-04-17,829235073,8,6,2
2026-04-17,234162835,8,5,2
2026-04-17,829235073,8,11,8
2026-04-17,234190941,11,3,1
2026-04-17,217210257,10,3,0
2026-04-17,829235073,8,8,6
2026-04-17,829235073,8,8,7
2026-04-17,270193105,8,5,0
2026-04-17,829235073,8,1,0
2026-04-17,256192448,8,9,4
2026-04-17,829235073,8,10,6
2026-04-17,284216065,8,2,0
2026-04-17,253177683,8,6,2
2026-04-17,829235073,8,7,2
2026-04-17,825051539,8,6,1
2026-04-17,846212831,8,7,2
2026-04-17,825051539,8,3,0
2026-04-17,828192448,8,9,2
2026-04-17,825051539,8,6,3
2026-04-17,101005479,8,4,1
2026-04-17,253192119,8,5,3
2026-04-17,825051539,8,5,1
2026-04-16,825051539,8,2,0
2026-04-16,834212831,8,4,3
2026-04-16,270234577,10,7,3
2026-04-16,825051539,8,2,1
2026-04-16,265233306,9,5,5
2026-04-16,825051539,8,6,2
2026-04-16,825051539,8,3,0
2026-04-16,256199987,9,5,2
2026-04-16,825051539,8,5,2
2026-04-16,828226753,8,5,0
2026-04-14,511262621,8,3,1
2026-04-14,825051539,8,4,3
2026-04-14,825051539,8,3,1
2026-04-14,264190941,8,5,1
2026-04-14,834212831,8,9,5
2026-04-14,825051539,8,12,7
2026-04-14,825051539,8,5,1
2026-04-14,834167495,8,4,1
2026-04-14,265233306,8,2,1
2026-04-14,825051539,8,10,7
2026-04-13,825051539,8,1,0
2026-04-13,257221912,12,8,3
2026-04-13,237192119,8,6,3
2026-04-13,825051539,8,4,0
2026-04-13,829051539,10,8,3
2026-04-13,825051539,8,3,0
2026-04-13,825051539,8,8,4
2026-04-13,834230621,8,3,1
2026-04-13,289192119,8,5,3
2026-04-13,825051539,8,5,3
2026-04-10,283167495,8,5,2
2026-04-10,825051539,8,5,0
2026-04-10,829235073,8,5,4
2026-04-10,825051539,8,3,0
2026-04-10,825051539,8,4,2
2026-04-10,206206585,11,5,1
2026-04-10,825051539,8,4,2
2026-04-10,846193080,5,2,1
2026-04-10,513226753,9,2,0
2026-04-10,825051539,8,2,2
2026-04-10,231024630,8,4,0
2026-04-10,825051539,8,2,0
2026-04-10,845233267,8,7,2
2026-04-10,825051539,8,2,2
2026-04-10,825051539,8,6,4
2026-04-10,206177683,13,8,3
2026-04-08,206193080,8,2,2
2026-04-08,825051539,8,4,2
2026-04-08,825051539,8,5,1
2026-04-08,851204935,9,4,1
2026-04-08,217210257,11,3,2
2026-04-08,825051539,8,7,5
2026-04-07,804262621,8,3,1
2026-04-07,825051539,8,1,0
2026-04-07,825051539,8,7,3
2026-04-07,810230621,8,5,4
2026-04-06,289051539,8,4,2
2026-04-06,825051539,8,1,0
2026-04-06,834230621,8,2,1
2026-04-06,825051539,8,4,1
2026-04-06,825051539,8,5,1
2026-04-06,111051539,8,4,0
2026-04-06,206005479,13,4,3
2026-04-06,825051539,8,3,1
2026-04-06,251167948,9,6,3
2026-04-06,825051539,8,3,2
2026-04-06,825051539,8,4,0
2026-04-06,218215316,8,8,2
2026-04-06,825051539,8,3,0
2026-04-06,251051539,8,3,1
2026-04-03,300234102,13,4,2
2026-04-03,825051539,8,9,6
2026-04-03,825051539,8,3,1
2026-04-03,251164835,8,4,2
2026-04-03,825051539,8,8,5
2026-04-03,283192448,8,5,1
2026-04-02,828230621,8,4,2
2026-04-02,825051539,8,5,3
2026-04-02,825051539,8,4,1
2026-04-02,300210257,7,4,2
2026-03-29,825051539,8,7,5
2026-03-29,300235840,13,2,0
2026-03-29,825051539,8,6,4
2026-03-29,265233306,8,3,1
2026-03-29,517233306,8,3,1
2026-03-29,825051539,8,7,2
2026-03-28,503215316,11,2,1
2026-03-28,825051539,8,8,4
2026-03-28,201051539,8,1,0
2026-03-28,825051539,8,2,1
2026-03-28,825051539,8,5,3
2026-03-28,283186153,8,0,0
2026-03-28,825051539,8,4,2
2026-03-28,237210257,8,5,2
2026-03-28,825051539,8,5,1
2026-03-28,324024630,13,0,0
2026-03-28,217212831,8,3,1
2026-03-28,825051539,8,6,3
2026-03-28,270193105,9,4,1
2026-03-28,825051539,8,7,5
2026-03-28,825051539,8,0,0
2026-03-28,256051539,8,12,4
2026-03-27,825051539,8,4,2
2026-03-27,231193080,8,6,2
2026-03-26,802167495,8,8,4
2026-03-26,825051539,8,4,1
2026-03-24,825051539,8,8,3
2026-03-24,295212432,13,6,4
2026-03-24,834252154,8,4,2
2026-03-24,825051539,8,7,5
2026-03-24,825051539,8,6,4
2026-03-24,251167948,8,5,2
2026-03-24,825051539,8,9,6
2026-03-24,300278394,13,1,0
2026-03-21,825051539,8,5,4
2026-03-21,508215698,8,5,2
2026-03-19,825051539,8,4,2
2026-03-19,810220901,8,10,7
2026-03-19,825051539,8,9,2
2026-03-19,515204935,9,8,5
2026-03-19,825051539,8,2,0
2026-03-19,251051539,8,8,7
2026-03-19,265234102,8,3,2
2026-03-19,825051539,8,2,1
2026-03-19,246199987,8,5,4
2026-03-19,825051539,8,7,2
2026-03-19,825051539,8,4,1
2026-03-19,517167495,8,4,3
2026-03-19,825051539,8,3,2
2026-03-19,810200389,8,4,2
2026-03-19,511228789,8,0,0
2026-03-19,825051539,8,4,0
2026-03-19,804250753,10,8,4
2026-03-19,825051539,8,4,2
2026-03-19,825051539,8,9,6
2026-03-19,802163587,8,6,4
2026-03-19,237190053,8,4,2
2026-03-19,825051539,8,3,1
2026-03-19,825051539,8,2,0
2026-03-19,517223885,8,13,7
2026-03-19,825051539,8,13,10
2026-03-19,300243675,13,2,1
2026-04-18,253230869,10,6,3
2026-04-18,214005479,8,5,1
2026-04-18,300192119,8,2,1
2026-04-18,214005479,8,5,3
2026-04-18,253167495,8,6,4
2026-04-18,214005479,8,1,0
2026-04-18,846212831,8,2,2
2026-04-18,214005479,8,4,2
2026-04-17,253167948,8,4,2
2026-04-17,214005479,8,4,1
2026-04-17,828200389,8,4,2
2026-04-17,214005479,8,5,3
2026-04-17,256199987,9,2,1
2026-04-17,214005479,8,7,2
2026-04-17,291262621,8,6,4
2026-04-17,214005479,8,2,2
2026-04-17,206203042,10,2,2
2026-04-17,214005479,8,5,1
2026-04-17,845199005,8,2,2
2026-04-17,214005479,8,4,1
2026-04-17,251048940,10,0,0
2026-04-17,214005479,8,3,1
2026-04-17,300192563,13,4,2
2026-04-17,214005479,8,5,2
2026-04-17,820240091,8,4,2
2026-04-17,214005479,8,4,3
2026-04-17,815220407,8,0,0
2026-04-17,214005479,8,3,0
2026-04-17,256168435,9,4,2
2026-04-17,214005479,8,6,3
2026-04-17,517225116,8,4,4
2026-04-17,214005479,8,8,6
2026-04-17,827051539,8,3,0
2026-04-17,214005479,8,4,2
2026-04-17,246199987,8,0,0
2026-04-17,214005479,8,5,1
2026-04-17,834192119,8,7,3
2026-04-17,214005479,8,5,3
2026-04-17,289051539,8,5,1
2026-04-17,214005479,8,8,4
2026-04-17,214192119,11,5,2
2026-04-17,214005479,8,6,2
2026-04-17,851210676,8,4,1
2026-04-17,214005479,8,3,1
2026-04-17,233192119,8,10,4
2026-04-17,214005479,8,6,2
2026-04-17,264190941,8,2,1
2026-04-17,214005479,8,5,1
2026-04-16,251192119,8,0,0
2026-04-16,214005479,8,5,1
2026-04-16,201192119,11,2,0
2026-04-16,214005479,8,4,2
2026-04-16,836001179,11,11,2
2026-04-16,214005479,8,1,0
2026-04-16,284188943,9,2,1
2026-04-16,214005479,8,5,0
2026-04-16,289051539,9,5,3
2026-04-16,214005479,8,4,1
2026-04-16,825051539,10,11,4
2026-04-16,214005479,8,4,3
2026-04-16,284216065,8,3,3
2026-04-16,214005479,8,5,3
2026-04-16,834230621,8,3,2
2026-04-16,214005479,8,4,0
2026-04-16,253192119,10,5,3
2026-04-16,214005479,8,5,1
2026-04-15,515210257,8,3,0
2026-04-15,214005479,8,2,0
2026-04-15,855220901,8,9,6
2026-04-15,214005479,8,3,1
2026-04-15,802167948,8,21,2
2026-04-15,214005479,8,0,0
2026-04-15,251186153,8,3,1
2026-04-15,214005479,8,7,4
2026-04-15,503233306,8,2,0
2026-04-15,214005479,8,2,1
2026-04-15,300189908,13,5,1
2026-04-15,214005479,8,6,1
2026-04-15,237212831,9,4,0
2026-04-15,214005479,8,5,3
2026-04-14,206005479,13,1,1
2026-04-14,214005479,8,2,0
2026-04-14,300228413,8,11,3
2026-04-14,214005479,8,1,1
2026-04-14,834202811,8,1,0
2026-04-14,214005479,8,9,5
2026-04-14,810220901,8,5,1
2026-04-14,214005479,8,3,2
2026-04-18,284001179,8,5,1
2026-04-18,234162835,8,4,1
2026-04-18,855200389,8,12,6
2026-04-18,284001179,8,5,1
2026-03-22,251001179,8,2,1
2026-03-22,265234102,8,7,3
2026-03-22,251001179,8,4,2
2026-03-22,323186153,8,7,2
2026-03-22,251001179,8,1,1
2026-03-22,216167948,8,6,3
2026-03-22,251001179,8,0,0
2026-03-22,834230621,8,6,2
2026-03-22,319005479,6,10,6
2026-03-22,251001179,8,2,1
2026-04-18,256001179,9,4,3
2026-04-18,300257288,13,5,1
2026-04-18,256001179,9,7,3
2026-04-18,291262621,8,9,6
2026-04-18,256001179,9,1,0
2026-04-18,324024630,13,0,0
2026-04-17,256001179,9,0,0
2026-04-17,300210257,8,1,1
2026-04-17,256001179,9,5,2
2026-04-17,265186153,8,2,1
2026-04-17,256001179,9,6,1
2026-04-17,828215698,8,4,1
2026-04-17,256001179,9,1,0
2026-04-17,828200389,8,6,4
2026-04-14,848225116,8,5,2
2026-04-14,256001179,9,6,5
2026-04-13,256001179,9,12,9
2026-04-13,810243952,8,7,4
2026-04-13,256001179,9,5,2
2026-04-13,206048940,10,6,3
2026-04-13,256001179,9,6,4
2026-04-13,828192119,8,12,9
2026-04-13,256001179,9,7,2
2026-04-13,256005479,10,7,5
2026-04-13,256001179,9,5,4
2026-04-13,251192119,8,4,2
2026-04-18,289192119,8,3,2
2026-04-18,206200389,13,8,5
2026-04-18,300215698,8,5,4
2026-04-18,853212432,8,4,1
2026-04-18,300215698,8,8,2
2026-04-18,283167495,8,2,1
2026-04-18,300215698,8,6,3
2026-04-18,804263063,8,5,1
2026-04-18,300215698,8,8,3
2026-04-18,214200389,9,5,0
2026-04-17,300215698,8,4,2
2026-04-17,826210676,8,7,3
2026-04-17,300215698,8,5,2
2026-04-17,834192119,8,5,1
2026-04-17,300215698,8,1,0
2026-04-17,834230621,10,11,8
2026-04-15,246186569,8,6,2
2026-04-15,300215698,8,9,6
2026-04-15,300215698,8,4,2
2026-04-15,300192119,9,3,1
2026-04-13,300215698,8,5,3
2026-04-13,270233934,9,3,1
2026-04-13,300215698,8,6,4
2026-04-13,231193041,8,7,1
2026-04-08,270193105,8,5,2
2026-04-08,300215698,8,4,1
2026-04-08,834270141,8,9,5
2026-04-08,300215698,8,8,2
2026-04-08,300215698,8,8,3
2026-04-08,283002147,9,4,2
2026-04-08,300215698,8,5,1
2026-04-08,300243952,8,5,3
2026-04-08,300215698,8,2,1
2026-04-08,291262621,8,8,3
2026-04-07,300215698,8,9,6
2026-04-07,517177683,8,1,0
2026-04-07,300215698,8,4,1
2026-04-07,214167495,8,5,4
2026-04-06,300215698,8,8,3
2026-04-06,265233306,8,3,1
2026-04-05,300215698,8,2,0
2026-04-05,300199987,5,6,3
2026-04-05,300215698,8,2,0
2026-04-05,265225116,8,6,4
2026-04-18,206186153,5,12,5
2026-04-18,828200389,8,0,0
2026-04-18,206186153,5,7,4
2026-04-18,289192119,9,8,2
2026-04-18,206186153,5,2,0
2026-04-18,300230621,8,2,2
2026-04-18,206186153,5,5,3
2026-04-18,804262621,8,4,0
2026-04-17,206186153,5,5,2
2026-04-17,253207557,10,3,1
2026-04-17,206186153,5,3,0
2026-04-17,242192448,8,8,5
2026-04-17,206186153,5,2,1
2026-04-17,265234102,9,9,8
2026-04-17,206186153,5,5,1
2026-04-17,830212432,8,10,7
2026-04-16,300192448,8,5,4
2026-04-16,291262621,8,2,1
2026-04-16,300192448,8,4,1
2026-04-16,517228383,8,5,3
2026-04-16,206192119,8,6,3
2026-04-16,300192448,8,5,2
2026-04-16,217212831,8,5,0
2026-04-16,300192448,8,3,2
2026-04-15,300192448,8,1,0
2026-04-15,101051539,8,5,1
2026-04-14,300192448,8,3,0
2026-04-14,218221087,8,9,5
2026-04-17,253177683,8,6,2
2026-04-17,216190053,9,6,3
2026-04-16,216190053,9,3,2
2026-04-16,101048940,8,6,2
2026-04-16,216190053,9,7,3
2026-04-16,283230869,8,9,6
2026-04-16,216190053,9,8,4
2026-04-16,300212831,8,4,3
2026-04-16,216190053,9,1,0
2026-04-16,517192119,8,6,1
2026-04-16,206212831,11,9,5
2026-04-16,216190053,9,3,1
2026-04-16,216190053,9,5,2
2026-04-16,828212831,8,2,2
2026-04-16,216190053,9,2,2
2026-04-16,810233934,8,11,6
2026-04-14,283230621,8,8,5
2026-04-14,216190053,9,5,2
2026-04-14,216190053,9,3,2
2026-04-14,234190053,10,5,3
2026-04-14,216190053,9,6,3
2026-04-14,283167495,8,7,6
2026-04-13,216190053,9,3,0
2026-04-13,254048940,9,3,2
2026-04-13,216190053,9,6,3
2026-04-13,848167948,8,3,2
2026-04-13,216190053,9,6,4
2026-04-13,206212831,11,4,3
2026-04-12,216190053,9,3,2
2026-04-12,256051539,8,6,2
2026-04-10,830228130,9,5,0
2026-04-10,828192448,9,9,5
2026-04-10,830228130,9,4,0
2026-04-10,214150724,8,6,4
2026-04-09,830228130,9,3,1
2026-04-09,517251752,6,3,0
2026-04-09,830228130,9,6,0
2026-04-09,291211738,8,7,3
2026-04-16,251051539,8,1,0
2026-04-16,834202811,8,5,3
2026-04-16,834202811,8,6,2
2026-04-16,234192119,8,3,1
2026-04-16,251192119,8,3,1
2026-04-16,834202811,8,7,4
2026-04-16,300209960,10,2,1
2026-04-16,834202811,8,5,0
2026-04-16,834202811,8,7,2
2026-04-16,216178005,8,3,0
2026-04-14,834212831,8,2,0
2026-04-14,834202811,8,0,0
2026-04-14,834202811,8,3,2
2026-04-14,265192119,8,4,1
2026-04-14,828192119,8,3,1
2026-04-14,834202811,8,4,3
2026-04-14,834202811,8,0,0
2026-04-14,802167495,9,7,3
2026-04-14,834202811,8,5,1
2026-04-14,828215698,8,6,1
2026-04-14,834202811,8,2,0
2026-04-14,828209981,9,4,1
2026-04-14,834202811,8,2,1
2026-04-14,846212831,8,3,2
2026-04-14,237210257,8,4,3
2026-04-14,834202811,8,4,2
2026-04-11,289051539,9,8,3
2026-04-11,834202811,8,8,5
2026-04-17,256051539,8,3,3
2026-04-17,846193080,8,3,1
2026-04-17,834202811,8,2,1
2026-04-17,846193080,8,4,3
2026-04-17,206206585,11,5,1
2026-04-17,846193080,8,5,3
2026-04-17,846193080,8,2,0
2026-04-17,256051539,8,4,1
2026-04-17,846193080,8,6,3
2026-04-17,300225395,13,9,2
2026-04-17,828230621,8,0,0
2026-04-17,846193080,8,5,1
2026-04-16,206193080,8,5,3
2026-04-16,237210257,9,7,2
2026-04-16,237192119,8,2,1
2026-04-16,237210257,9,5,3
2026-04-16,324024630,13,9,3
2026-04-16,237210257,9,6,1
2026-04-16,206193105,12,1,0
2026-04-16,237210257,9,3,1
2026-04-16,517259532,8,7,2
2026-04-16,237210257,9,6,4
2026-04-16,289192119,8,6,2
2026-04-16,237210257,9,8,5
2026-04-16,825192119,8,6,3
2026-04-16,237210257,9,5,3
2026-04-16,300240225,13,2,1
2026-04-16,237210257,9,6,1
2026-04-16,237210257,9,4,2
2026-04-16,206024630,11,8,4
2026-04-15,300186153,13,5,1
2026-04-15,237210257,9,7,2
2026-04-15,856259532,6,6,3
2026-04-15,237210257,9,8,4
2026-04-15,270233267,8,5,1
2026-04-15,237210257,9,6,2
2026-04-15,810200389,8,6,3
2026-04-15,237210257,9,8,7
2026-04-15,214005479,9,6,4
2026-04-15,237210257,9,4,2
2026-04-15,214212831,11,5,2
2026-04-15,237210257,9,9,5
2026-04-13,804262621,8,3,1
2026-04-13,237210257,9,6,3
2026-04-13,300220901,8,2,1
2026-04-13,237210257,9,6,1
2026-04-13,206177683,13,5,3
2026-04-13,237210257,9,6,4
2026-04-13,256193105,9,6,1
2026-04-13,237210257,9,8,3
2026-04-13,237192119,8,3,2
2026-04-13,237210257,9,4,2
2026-04-13,206177683,13,9,4
2026-04-13,237210257,9,6,3
2026-04-09,289051539,11,7,3
2026-04-09,237210257,9,6,3
2026-04-09,217210257,9,5,3
2026-04-09,237210257,9,4,2
2026-04-09,231168435,8,0,0
2026-04-09,214212831,11,6,0
2026-04-09,217199987,13,1,0
2026-04-09,237210257,9,9,6
2026-04-09,300192119,8,5,1
2026-04-09,237210257,9,1,1
2026-04-09,234162835,9,4,2
2026-04-09,237210257,9,7,4
2026-04-09,206024630,13,5,2
2026-04-09,237210257,9,7,4
2026-04-09,101000488,8,2,1
2026-04-09,237210257,9,5,2
2026-04-09,256199987,8,4,3
2026-04-09,214212831,11,4,2
2026-04-07,201051539,8,4,2
2026-04-07,237210257,9,6,3
2026-04-07,810167495,8,0,0
2026-04-07,237210257,9,1,1
2026-04-07,256210257,9,1,0
2026-04-07,237210257,9,8,5
2026-04-07,206177683,12,5,2
2026-04-07,237210257,9,4,2
2026-04-07,206024630,9,6,3
2026-04-07,237210257,9,5,3
2026-04-07,300230621,8,6,4
2026-04-07,237210257,9,6,4
2026-04-07,820240091,5,7,1
2026-04-07,237210257,9,8,4
2026-04-07,300210358,13,2,1
2026-04-07,214212831,11,3,2
2026-04-07,246193105,8,3,0
2026-04-07,214212831,11,5,3
2026-04-07,206206585,11,3,1
2026-04-07,214212831,11,9,4
2026-04-17,828212831,8,0,0
2026-04-17,231024630,8,6,2
2026-04-17,214024630,8,1,0
2026-04-17,231024630,8,6,2
2026-04-17,216192448,5,9,4
2026-04-17,231024630,8,0,0
2026-04-17,834246139,8,3,0
2026-04-17,231024630,8,5,2
2026-04-17,231024630,8,6,3
2026-04-17,283167495,8,2,1
2026-04-16,291262621,8,3,1
2026-04-16,834230621,8,3,2
2026-04-16,291262621,8,2,0
2026-04-16,804262621,8,1,0
2026-04-16,291262621,8,3,0
2026-04-16,852186153,8,5,3
2026-04-16,291262621,8,4,1
2026-04-16,206024630,12,8,5
2026-04-14,291262621,8,4,0
2026-04-14,237210257,8,5,2
2026-04-14,291262621,8,4,2
2026-04-14,265192119,8,7,1
2026-04-14,291262621,8,6,2
2026-04-14,300212831,8,6,3
2026-04-11,291262621,8,5,1
2026-04-11,253167948,8,6,1
2026-04-11,291262621,8,6,1
2026-04-11,856259532,6,4,1
2026-04-11,291262621,8,4,3
2026-04-11,216192448,8,7,4
2026-04-11,291262621,8,2,1
2026-04-11,324024630,12,1,1
2026-04-10,291262621,8,3,3
2026-04-10,840242948,8,5,0
2026-04-08,828215698,8,5,3
2026-04-08,804262621,9,1,1
2026-04-01,836230621,8,5,3
2026-04-01,237192119,8,6,2
2026-04-01,836230621,8,5,2
2026-04-01,206177683,13,4,1
2026-03-30,836230621,8,3,0
2026-03-30,517215698,8,1,0
2026-03-30,836230621,8,0,0
2026-03-30,206177683,13,12,5
2026-03-28,836230621,8,5,5
2026-03-28,300240091,8,1,0
2026-03-28,836230621,8,2,1
2026-03-28,217212831,8,2,0
2026-04-17,207212831,10,6,2
2026-04-17,234167495,9,3,3
2026-04-17,834220901,8,6,4
2026-04-17,234167495,9,4,0
2026-04-17,234167495,9,8,6
2026-04-17,234167495,7,8,1
2026-04-17,206177683,13,5,4
2026-04-17,234167495,9,7,2
2026-04-17,234167495,9,4,3
2026-04-17,265225116,8,6,1
2026-04-17,804262621,8,4,2
2026-04-17,234167495,9,4,0
2026-04-16,234167495,9,8,6
2026-04-16,293212432,8,2,1
2026-04-16,234167495,9,5,2
2026-04-16,851220901,8,6,2
2026-04-16,274192119,8,3,2
2026-04-16,234167495,9,6,3
2026-04-16,291262621,8,0,0
2026-04-16,234167495,9,7,3
2026-04-15,234167495,9,0,0
2026-04-15,815189296,8,3,0
2026-04-15,254048940,8,5,2
2026-04-15,234167495,9,9,3
2026-04-15,234167495,9,4,1
2026-04-15,284001179,8,2,0
2026-04-14,234167495,9,1,1
2026-04-14,848167948,8,7,5
2026-04-14,234167495,9,5,2
2026-04-14,206024630,10,3,2
2026-04-01,256210257,8,2,2
2026-04-01,234167495,9,5,1
2026-04-01,234167495,9,4,3
2026-04-01,825212831,8,3,1
2026-04-01,234167495,9,4,1
2026-04-01,300239559,13,6,3
2026-04-01,834220901,8,4,3
2026-04-01,234167495,9,3,0
2026-04-01,834190941,8,3,1
2026-04-01,234167495,9,3,2
2026-04-01,234167495,9,10,6
2026-04-01,237192119,8,3,1
2026-04-01,234167495,9,5,1
2026-04-01,265233306,8,2,2
2026-04-01,234167495,9,6,4
2026-04-01,851230872,9,6,5
2026-03-31,206208104,13,2,0
2026-03-31,234167495,9,5,3
2026-03-30,840214979,10,5,2
2026-03-30,234167495,9,6,2
2026-03-30,234167495,9,10,3
2026-03-30,207212831,11,2,1
2026-03-30,234167495,9,5,4
2026-03-30,234162835,8,4,1
2026-03-30,300257288,9,3,2
2026-03-30,234167495,9,8,4
2026-03-27,216167495,8,2,2
2026-03-27,206024630,13,6,2
2026-03-27,216167495,8,5,3
2026-03-27,265233306,8,7,3
2026-03-27,216167495,8,3,1
2026-03-27,829192448,8,3,1
2026-03-27,216167495,8,4,1
2026-03-27,802051539,10,6,1
2026-03-27,846212831,8,7,4
2026-03-27,216167495,8,4,2
2026-03-26,207000488,12,11,6
2026-03-26,216167495,8,2,0
2026-03-26,802200389,8,5,1
2026-03-26,216167495,8,2,1
2026-03-26,828192119,8,7,4
2026-03-26,216167495,8,1,1
2026-03-24,216167495,8,7,3
2026-03-24,829192119,8,5,3
2026-03-24,216167495,8,8,4
2026-03-24,828230621,8,2,0
2026-03-24,851230872,8,4,2
2026-03-24,216167495,8,8,5
2026-04-17,517254803,8,6,4
2026-04-17,300233189,13,4,2
2026-04-17,201051539,8,6,3
2026-04-17,517254803,8,7,3
2026-04-17,256210257,8,3,1
2026-04-17,517254803,8,2,0
2026-04-15,264230621,8,3,1
2026-04-15,517254803,8,8,4
2026-04-15,300241050,8,2,0
2026-04-15,517254803,8,4,2
2026-04-14,826204935,8,12,6
2026-04-14,517254803,8,5,1
2026-04-14,264230621,8,9,5
2026-04-14,517254803,8,5,4
2026-04-14,856259532,6,1,0
2026-04-14,517254803,8,5,0
2026-04-14,256193105,8,5,2
2026-04-14,517254803,8,8,4
2026-04-14,253192119,9,5,3
2026-04-14,517254803,8,6,2
2026-04-13,517254803,8,6,4
2026-04-13,251192119,8,12,9
2026-04-13,283211101,8,5,4
2026-04-13,517254803,8,4,2
2026-04-13,280215698,8,6,0
2026-04-13,517254803,8,5,2
2026-04-17,834210257,8,5,1
2026-04-17,828202811,8,8,4
2026-04-17,828202811,8,8,6
2026-04-17,231024630,8,5,1
2026-04-17,851220901,8,7,4
2026-04-17,828202811,8,3,2
2026-04-17,284200696,8,3,1
2026-04-17,828202811,8,3,1
2026-04-14,829212831,8,7,1
2026-04-14,828202811,8,5,2
2026-04-14,828202811,8,7,4
2026-04-14,834210257,8,3,1
2026-04-14,828202811,8,6,5
2026-04-14,274192119,8,4,4
2026-04-14,284001179,9,0,0
2026-04-14,828202811,8,8,5
2026-04-14,836230621,8,3,1
2026-04-14,828202811,8,5,2
2026-04-14,216230621,10,3,1
2026-04-14,828202811,8,9,5
2026-04-14,206193080,10,4,2
2026-04-14,828202811,8,2,1
2026-04-14,840001179,8,5,2
2026-04-14,828202811,8,5,2
2026-04-14,828202811,8,3,1
2026-04-14,834200110,8,6,3
2026-04-14,810192448,8,7,6
2026-04-14,828202811,8,2,1
2026-04-14,264190941,9,4,1
2026-04-14,828202811,8,10,5
2026-04-14,280215698,8,3,0
2026-04-14,828202811,8,10,4
2026-04-14,828202811,8,4,4
2026-04-14,253192119,8,4,2
2026-04-10,237165735,8,5,1
2026-04-10,828202811,8,3,0
2026-04-09,828215698,8,7,3
2026-04-09,828202811,8,6,3
2026-04-09,234167495,8,8,5
2026-04-09,828202811,8,6,4
2026-04-05,242194404,8,7,3
2026-04-05,828202811,8,3,1
2026-04-04,237210257,8,3,3
2026-04-04,828202811,8,5,3
2026-04-03,828202811,8,0,0
2026-04-03,300210257,8,4,1
2026-04-03,828202811,8,6,3
2026-04-03,300260978,13,3,1
2026-04-03,252167495,8,5,1
2026-04-03,828202811,8,2,2
2026-04-03,246193041,8,8,5
2026-04-03,828202811,8,7,2
2026-04-03,828202811,8,4,3
2026-04-03,300192119,8,2,2
2026-04-03,826205186,8,6,4
2026-04-03,828202811,8,5,1
2026-04-03,323186153,8,3,1
2026-04-03,828202811,8,5,2
2026-04-03,828202811,8,6,6
2026-04-03,251150724,8,4,0
2026-04-02,814223885,8,3,2
2026-04-02,828202811,8,2,2
2026-04-02,836230621,8,3,2
2026-04-02,828202811,8,6,3
2026-04-02,283186153,9,4,1
2026-04-02,828202811,8,1,0
2026-04-02,834220901,8,5,2
2026-04-02,828202811,8,4,1
2026-03-31,256192448,8,3,1
2026-03-31,828202811,8,1,0
2026-03-31,846202811,8,4,2
2026-03-31,828202811,8,5,4
2026-03-31,231024630,8,6,3
2026-03-31,828202811,8,3,1
2026-03-30,206024630,8,4,1
2026-03-30,828202811,8,6,2
2026-03-30,300167948,7,6,3
2026-03-30,828202811,8,5,3
2026-03-30,251192119,8,6,3
2026-03-30,828202811,8,5,4
2026-03-30,802167495,8,5,1
2026-03-30,828202811,8,4,2
2026-03-30,300215698,8,4,2
2026-03-30,828202811,8,6,4
2026-03-30,206200389,13,5,4
2026-03-30,828202811,8,3,2
2026-03-30,253167495,8,3,1
2026-03-30,828202811,8,4,2
2026-03-30,828202811,8,1,0
2026-03-30,855167495,8,3,3
2026-03-30,214190053,9,5,4
2026-03-30,828202811,8,8,5
2026-03-30,207167495,10,2,1
2026-03-30,828202811,8,6,5
2026-03-29,834220901,8,4,3
2026-03-29,828202811,8,3,1
2026-03-29,804243585,8,3,2
2026-03-29,828202811,8,6,5
2026-03-29,214051539,8,4,3
2026-03-29,828202811,8,4,1
2026-03-29,825210257,8,4,4
2026-03-29,828202811,8,3,2
2026-03-29,828202811,8,4,3
2026-03-29,508024630,8,5,1
2026-03-29,853238570,8,5,3
2026-03-29,828202811,8,7,3
2026-04-17,206024630,13,10,4
2026-04-17,804262621,9,5,0
2026-04-17,856228789,5,4,1
2026-04-17,804262621,9,6,3
2026-04-13,284002147,10,8,6
2026-04-13,804262621,9,4,3
2026-04-17,848001179,8,10,6
2026-04-17,251051539,8,4,1
2026-04-17,848001179,8,2,1
2026-04-17,251051539,8,2,0
2026-04-17,848001179,8,1,0
2026-04-17,265192119,8,3,1
2026-04-17,848001179,8,7,4
2026-04-17,217203042,12,3,0
2026-04-17,848001179,8,6,2
2026-04-17,300192119,8,3,1
2026-04-17,848001179,8,5,2
2026-04-17,206024630,13,2,0
2026-04-17,848001179,8,9,2
2026-04-17,517204883,8,6,3
2026-04-17,848001179,8,4,0
2026-04-17,207210257,12,4,0
2026-04-17,848001179,8,2,0
2026-04-17,828192119,11,11,4
2026-04-13,848001179,8,5,1
2026-04-13,234162835,8,4,3
2026-04-12,848001179,8,4,1
2026-04-12,828192119,8,5,0
2026-04-12,848001179,8,5,2
2026-04-12,300242179,8,7,2
2026-04-12,848001179,8,4,1
2026-04-12,810235073,8,5,4
2026-04-12,848001179,8,3,1
2026-04-12,840242948,8,4,0
2026-04-12,848001179,8,3,1
2026-04-12,828167948,8,8,4
2026-04-12,848001179,8,10,6
2026-04-12,802051539,9,1,0
2026-04-12,848001179,8,4,1
2026-04-12,517209981,10,6,2
2026-04-12,848001179,8,5,0
2026-04-12,517228383,8,3,0
2026-04-12,848001179,8,7,4
2026-04-12,840223952,8,4,1
2026-04-12,848001179,8,4,0
2026-04-12,289176550,9,4,1
2026-04-12,848001179,8,5,1
2026-04-12,260243952,8,7,2
2026-04-12,848001179,8,6,3
2026-04-12,206024630,13,8,4
2026-04-12,848001179,8,3,1
2026-04-12,283167495,8,5,1
2026-04-12,848001179,8,5,2
2026-04-12,283200316,10,1,1
2026-04-12,848001179,8,8,2
2026-04-12,206200389,13,4,2
2026-04-12,848001179,8,4,2
2026-04-12,270221087,8,4,0
2026-04-12,848001179,8,7,4
2026-04-12,852192448,9,3,1
2026-04-12,848001179,8,7,5
2026-04-12,324024630,12,4,1
2026-04-12,848001179,8,7,4
2026-04-12,265234102,8,5,1
2026-04-12,848001179,8,3,2
2026-04-12,825051539,8,9,4
2026-04-12,848001179,8,4,1
2026-04-12,265233306,8,6,4
2026-04-12,848001179,8,8,1
2026-04-12,256177644,13,3,2
2026-04-11,848001179,8,5,2
2026-04-11,280215698,7,7,0
2026-04-11,848001179,8,4,3
2026-04-11,517202811,8,0,0
2026-04-11,848001179,8,2,0
2026-04-11,291211738,8,4,2
2026-04-11,848001179,8,5,1
2026-04-11,300209981,11,4,1
2026-04-11,848001179,8,6,3
2026-04-11,845233267,8,5,3
2026-04-11,848001179,8,6,1
2026-04-11,237192119,8,2,0
2026-04-11,848001179,8,4,1
2026-04-11,810192448,8,6,1
2026-04-11,848001179,8,7,2
2026-04-11,300228383,13,6,2
2026-04-11,848001179,8,8,4
2026-04-11,513226753,9,6,2
2026-04-17,207051539,8,4,1
2026-04-17,840178005,8,7,3
2026-04-17,829051539,8,9,6
2026-04-17,840178005,8,4,1
2026-04-17,256051539,9,3,1
2026-04-17,840178005,8,5,1
2026-04-17,206024630,13,4,1
2026-04-17,840178005,8,3,0
2026-04-17,237192119,9,4,2
2026-04-17,840178005,8,1,1
2026-04-17,274005479,9,3,2
2026-04-17,840178005,8,5,1
2026-04-18,517202811,8,8,2
2026-04-18,840193080,8,6,1
2026-04-18,517202811,8,5,3
2026-04-18,251048940,8,1,0
2026-04-17,517202811,8,8,7
2026-04-17,265192119,8,6,2
2026-04-17,517202811,8,6,2
2026-04-17,829005479,8,4,4
2026-04-17,517202811,8,8,3
2026-04-17,828212831,8,4,2
2026-04-14,237210257,8,5,2
2026-04-14,517202811,8,4,2
2026-04-13,231173373,8,0,0
2026-04-13,840206585,8,8,2
2026-04-13,265192119,8,9,7
2026-04-13,231173373,8,4,3
2026-04-13,517202811,8,4,2
2026-04-13,206192119,7,5,1
2026-04-13,810225116,8,6,3
2026-04-13,517202811,8,5,1
2026-04-13,517202811,8,4,1
2026-04-13,206024630,12,3,1
2026-04-12,517202811,8,6,3
2026-04-12,101238380,8,4,0
2026-04-12,517202811,8,9,5
2026-04-12,834230621,9,6,2
2026-04-12,517202811,8,4,1
2026-04-12,201167948,13,5,1
2026-04-12,517202811,8,7,6
2026-04-12,207051539,8,5,2
2026-04-12,517202811,8,4,2
2026-04-12,300242948,13,4,3
2026-04-11,517202811,8,2,0
2026-04-11,834210257,8,9,3
2026-04-11,517202811,8,7,4
2026-04-11,300228383,13,6,5
2026-04-11,825192448,8,6,4
2026-04-11,517202811,8,3,2
2026-04-11,517202811,8,4,1
2026-04-11,265186153,8,3,1
2026-04-11,517202811,8,7,2
2026-04-11,851204935,8,6,3
2026-04-11,517202811,8,3,3
2026-04-11,101190053,8,8,4
2026-04-10,517202811,8,6,3
2026-04-10,848192119,8,7,4
2026-04-10,517202811,8,5,3
2026-04-10,283186153,9,8,7
2026-04-10,517202811,8,2,0
2026-04-10,300224836,8,6,3
2026-04-05,270233267,8,6,4
2026-04-05,834190941,8,5,3
2026-04-05,270233267,8,6,2
2026-04-05,234167495,5,3,1
2026-04-05,270233267,8,6,4
2026-04-05,291262621,8,7,4
2026-04-05,270233267,8,2,1
2026-04-05,251001179,8,9,4
2026-04-05,270233267,8,4,2
2026-04-05,300239559,13,5,1
2026-03-30,270233934,8,5,1
2026-03-30,246193105,8,7,4
2026-03-30,270233934,8,6,3
2026-03-30,834167495,8,3,1
2026-03-29,270233934,8,3,2
2026-03-29,511203841,8,7,4
2026-03-29,517202811,8,9,3
2026-03-29,218199987,8,8,4
2026-04-15,300233267,13,5,1
2026-04-15,828192119,8,3,1
2026-04-15,300233267,13,2,0
2026-04-15,246193105,8,1,0
2026-04-12,855200389,8,3,2
2026-04-12,300233267,13,5,3
2026-04-12,829235073,8,3,0
2026-04-12,300233267,13,5,1
2026-04-12,300233267,13,3,2
2026-04-12,206177683,13,3,2
2026-04-12,300233267,13,5,2
2026-04-12,246193041,10,5,1
2026-04-12,256051539,8,7,4
2026-04-12,300233267,13,3,0
2026-04-12,300233267,13,3,1
2026-04-12,276231691,8,7,4
2026-04-12,300233267,13,6,1
2026-04-12,852223885,8,1,0
2026-04-12,216167495,10,2,1
2026-04-12,300233267,13,5,4
2026-04-11,300233267,13,5,2
2026-04-11,834192119,8,1,0
2026-04-11,300233267,13,4,0
2026-04-11,234167948,8,6,1
2026-04-11,300233267,13,4,1
2026-04-11,851230872,8,5,2
2026-04-11,300233267,13,2,2
2026-04-11,853238570,8,2,1
2026-04-11,264230621,8,4,1
2026-04-11,300233267,13,3,0
2026-04-11,300233267,13,2,1
2026-04-11,300259532,12,4,1
2026-04-11,300259532,12,4,3
2026-04-11,300233267,13,9,4
2026-04-10,206164835,13,4,1
2026-04-10,517209981,8,3,2
2026-04-10,206164835,13,4,3
2026-04-10,851210676,8,3,0
2026-04-10,517215698,8,5,3
2026-04-10,206164835,13,3,1
2026-04-10,206164835,13,1,0
2026-04-10,206024630,11,5,1
2026-04-09,206164835,13,6,6
2026-04-09,513235073,8,3,0
2026-04-09,206164835,13,7,3
2026-04-09,834192119,8,6,3
2026-04-09,206164835,13,2,2
2026-04-09,264190941,8,4,2
2026-04-09,802192448,9,6,3
2026-04-09,206164835,13,3,3
2026-04-09,206164835,13,3,2
2026-04-09,265192119,8,3,0
2026-04-09,206164835,13,4,1
2026-04-09,260210257,8,6,2
2026-04-09,206164835,13,5,1
2026-04-09,297233164,8,6,2
2026-04-17,256051539,8,2,1
2026-04-17,503222546,13,6,3
2026-04-17,256051539,8,4,1
2026-04-17,834192119,8,4,0
2026-04-17,256051539,8,3,1
2026-04-17,846202811,8,10,4
2026-04-17,256051539,8,4,1
2026-04-17,270233934,10,1,0
2026-04-17,256051539,8,1,0
2026-04-17,256005479,8,7,4
2026-04-11,265233306,8,3,3
2026-04-11,289051539,9,4,2
2026-04-11,101051539,8,6,2
2026-04-11,289051539,9,8,2
2026-04-10,206167948,13,0,0
2026-04-10,289051539,9,6,4
2026-04-10,247191924,8,5,2
2026-04-10,289051539,9,3,1
2026-04-10,834250753,8,6,4
2026-04-10,289051539,9,7,2
2026-04-10,256051539,8,3,1
2026-04-10,289051539,9,1,0
2026-04-10,853238570,8,8,5
2026-04-10,289051539,9,9,4
2026-04-10,845233267,8,6,2
2026-04-10,289051539,9,5,3
2026-04-10,206193080,10,4,0
2026-04-10,289051539,9,6,2
2026-04-07,216167495,9,5,2
2026-04-07,289051539,9,0,0
2026-04-07,265186153,8,1,0
2026-04-07,289051539,9,3,0
2026-04-07,283211101,9,4,2
2026-04-07,289051539,9,8,4
2026-04-07,848190941,8,3,0
2026-04-07,289051539,9,4,1
2026-04-01,265233306,8,6,2
2026-04-01,289051539,9,7,3
2026-04-01,855167495,8,7,3
2026-04-01,289051539,9,6,2
2026-04-01,804262621,9,5,2
2026-04-01,289051539,9,6,5
2026-04-01,270233934,8,1,1
2026-04-01,289051539,9,6,4
2026-04-01,323201325,13,8,2
2026-04-01,289051539,9,6,2
2026-03-31,270193105,9,4,1
2026-03-31,289051539,9,1,1
2026-03-31,840209981,8,4,3
2026-03-31,289051539,9,5,2
2026-03-31,284179783,9,3,0
2026-03-31,289051539,9,3,2
2026-03-31,234193041,8,6,3
2026-03-31,289051539,9,6,1
2026-04-17,256186569,9,8,3
2026-04-17,834235840,8,5,2
2026-04-16,300230621,8,6,0
2026-04-16,834235840,8,6,1
2026-04-16,251051539,8,3,2
2026-04-16,834235840,8,7,5
2026-04-16,828230621,8,8,2
2026-04-16,834235840,8,6,5
2026-04-16,264230621,8,3,1
2026-04-16,834235840,8,4,2
2026-04-16,234190053,10,1,1
2026-04-16,834235840,8,5,2
2026-04-16,206212831,11,5,2
2026-04-16,834235840,8,11,6
2026-04-15,814186569,10,8,3
2026-04-15,834235840,8,7,4
2026-04-11,101051539,8,8,6
2026-04-11,242001179,8,5,1
2026-04-11,845016254,8,3,1
2026-04-11,242001179,8,6,3
2026-04-11,251164835,9,4,2
2026-04-11,242001179,8,4,3
2026-04-11,517259532,5,4,1
2026-04-11,242001179,8,3,2
2026-04-10,214048940,8,5,2
2026-04-10,242001179,8,6,2
2026-04-16,840200389,8,6,4
2026-04-16,214005479,8,1,0
2026-04-16,840200389,8,1,0
2026-04-16,265192119,8,4,2
2026-04-16,840200389,8,9,8
2026-04-16,252051539,8,7,4
2026-04-16,251190053,9,4,1
2026-04-16,840200389,8,4,2
2026-04-13,840200389,8,5,1
2026-04-13,300210941,8,3,0
2026-04-13,840200389,8,2,1
2026-04-13,829212831,8,6,4
2026-04-12,840200389,8,5,1
2026-04-12,825212831,8,6,4
2026-04-12,840200389,8,6,3
2026-04-12,256186153,9,4,1
2026-04-12,840200389,8,4,1
2026-04-12,846212831,8,11,8
2026-04-12,840200389,8,4,3
2026-04-12,834230621,8,6,4
2026-04-12,840200389,8,3,1
2026-04-12,828192119,8,9,6
2026-04-12,830212432,8,6,3
2026-04-12,840200389,8,9,2
2026-04-12,840200389,8,3,1
2026-04-12,237193105,8,3,1
2026-04-11,834212831,8,7,5
2026-04-11,834215698,7,7,4
2026-04-10,834212831,8,6,2
2026-04-10,517223885,8,4,0
2026-04-10,251192119,8,5,1
2026-04-10,834212831,8,3,0
2026-04-10,834212831,8,3,1
2026-04-10,300228413,8,8,2
2026-04-10,214001179,8,3,2
2026-04-10,834212831,8,6,1
2026-04-10,834212831,8,6,5
2026-04-10,206192119,8,2,1
2026-04-10,834212831,8,6,4
2026-04-10,856240091,7,2,1
2026-04-10,814194404,8,2,1
2026-04-10,834212831,8,5,2
2026-04-08,834212831,8,4,1
2026-04-08,256001179,9,7,6
2026-04-03,834212831,8,6,2
2026-04-03,848225116,9,6,2
2026-04-03,834212831,8,5,3
2026-04-03,846212831,8,4,0
2026-04-03,834212831,8,6,1
2026-04-03,253230621,8,2,1
2026-04-03,268051539,8,3,2
2026-04-03,834212831,8,6,4
2026-04-03,834212831,8,4,2
2026-04-03,828230621,8,5,3
2026-04-03,834212831,8,7,5
2026-04-03,300192119,8,4,1
2026-03-30,834212831,8,7,3
2026-03-30,300224836,8,3,2
2026-03-30,825212831,8,8,3
2026-03-30,834212831,8,2,1
2026-03-30,834212831,8,6,4
2026-03-30,206177683,13,4,3
2026-03-29,834212831,8,6,3
2026-03-29,256186153,8,7,2
2026-03-29,834212831,8,2,0
2026-03-29,828212831,8,3,1
2026-04-12,828202811,8,5,4
2026-04-12,511224987,13,7,3
2026-04-12,828202811,8,1,0
2026-04-12,834173426,8,4,1
2026-04-12,828202811,8,9,3
2026-04-12,300172723,13,1,0
2026-04-12,828202811,8,5,3
2026-04-12,853210941,9,5,2
2026-04-12,828202811,8,5,2
2026-04-12,834230621,8,2,1
2026-04-12,828202811,8,8,4
2026-04-12,206177683,13,0,0
2026-04-12,828202811,8,8,5
2026-04-12,214192448,8,1,0
2026-04-12,828202811,8,0,0
2026-04-12,848252154,8,2,0
2026-04-11,828202811,8,6,1
2026-04-11,829235073,8,5,1
2026-04-11,828202811,8,5,2
2026-04-11,834177683,8,6,1
2026-04-11,828202811,8,9,5
2026-04-11,828192448,8,4,0
2026-04-11,856192119,5,3,0
2026-04-11,828202811,8,7,2
2026-04-11,828202811,8,4,1
2026-04-11,216162835,8,5,1
2026-04-11,828202811,8,3,1
2026-04-11,834212831,8,3,0
2026-04-11,828202811,8,7,4
2026-04-11,300167495,8,4,0
2026-04-11,828202811,8,6,2
2026-04-11,206206585,11,10,5
2026-04-11,828202811,8,4,2
2026-04-11,265234102,8,4,0
2026-04-11,828202811,8,9,4
2026-04-11,289167948,9,2,1
2026-04-11,828202811,8,2,0
2026-04-11,300202811,5,3,0
2026-04-11,851204935,8,6,3
2026-04-11,828202811,8,5,4
2026-04-11,828202811,8,2,1
2026-04-11,201051539,8,7,4
2026-04-11,828202811,8,4,4
2026-04-11,834230621,8,2,0
2026-04-11,828202811,8,4,2
2026-04-11,231024630,8,5,3
2026-04-10,206177683,13,6,2
2026-04-10,828202811,8,8,6
2026-04-10,828202811,8,3,3
2026-04-10,834220901,8,3,2
2026-04-10,828202811,8,4,2
2026-04-10,834235840,8,7,5
2026-04-10,828202811,8,2,0
2026-04-10,234162835,8,8,6
2026-04-10,828202811,8,4,1
2026-04-10,256051539,8,2,0
2026-04-10,828215698,8,2,1
2026-04-10,828202811,8,2,0
2026-04-05,828202811,8,5,3
2026-04-05,256190778,10,7,3
2026-04-05,828202811,8,2,1
2026-04-05,216230621,8,4,0
2026-04-05,828202811,8,3,2
2026-04-05,251048940,9,3,0
2026-04-17,206188943,12,5,3
2026-04-17,804262621,9,4,0
2026-04-17,234190941,8,3,2
2026-04-17,283186153,8,5,2
2026-04-17,234190941,8,6,4
2026-04-17,206024630,12,7,3
2026-04-17,234190941,8,2,0
2026-04-17,829235073,8,10,2
2026-04-16,234190941,8,0,0
2026-04-16,852189117,8,5,2
2026-04-16,234190941,8,0,0
2026-04-16,834230621,8,3,0
2026-04-16,517252154,9,6,2
2026-04-16,234190941,8,1,1
2026-04-12,234190941,8,2,1
2026-04-12,300212831,8,5,0
2026-04-12,234190941,8,5,0
2026-04-12,251024630,8,7,0
2026-04-12,828212831,8,8,2
2026-04-12,234190941,8,2,1
2026-04-12,234190941,8,6,3
2026-04-12,265234102,8,6,0
2026-04-12,234190941,8,5,3
2026-04-12,846164835,8,7,2
2026-04-12,234190941,8,4,3
2026-04-12,846193080,8,6,3
2026-04-12,216168435,8,8,3
2026-04-12,234190941,8,0,0
2026-04-12,234190941,8,0,0
2026-04-12,251051539,8,2,0
2026-04-12,234190941,8,6,5
2026-04-12,825192448,8,9,3
2026-04-12,214192119,13,5,1
2026-04-12,234190941,8,5,3
2026-04-11,234190941,8,1,0
2026-04-11,234167495,8,5,0
2026-04-17,515215698,8,5,1
2026-04-17,291211738,9,5,4
2026-04-17,515215698,8,0,0
2026-04-17,300192119,8,1,0
2026-04-17,515215698,8,6,3
2026-04-17,825210257,8,5,3
2026-04-17,101051539,8,3,0
2026-04-17,828212831,8,4,2
2026-04-17,206177683,9,7,5
2026-04-17,828212831,8,3,2
2026-04-17,260186153,8,4,2
2026-04-17,828212831,8,2,0
2026-04-17,828212831,8,5,2
2026-04-17,300225395,13,4,3
2026-04-17,300228413,8,2,0
2026-04-17,828212831,8,4,4
2026-04-17,828212831,8,4,4
2026-04-17,806266323,8,3,2
2026-04-17,828212831,8,3,1
2026-04-17,291262621,8,6,3
2026-04-17,834210257,8,6,3
2026-04-17,828212831,8,6,6
2026-04-17,237210257,8,1,0
2026-04-17,828212831,8,5,3
2026-04-17,828212831,8,3,3
2026-04-17,216230621,8,2,0
2026-04-17,264230621,8,3,0
2026-04-17,828212831,8,6,2
2026-04-16,217234642,11,2,0
2026-04-16,828212831,8,8,4
2026-04-16,260210257,8,7,4
2026-04-16,828212831,8,6,3
2026-04-16,834192119,8,4,2
2026-04-16,828212831,8,2,1
2026-04-16,300167495,8,3,2
2026-04-16,828212831,8,8,5
2026-04-16,826226753,9,1,0
2026-04-16,828212831,8,5,2
2026-04-16,848252154,8,3,1
2026-04-16,828212831,8,5,2
2026-04-16,237190053,8,3,0
2026-04-16,828212831,8,0,0
2026-04-16,242192448,8,2,2
2026-04-16,828212831,8,7,4
2026-04-16,828212831,8,1,0
2026-04-16,845233267,8,5,1
2026-04-16,216192448,8,4,1
2026-04-16,828212831,8,5,1
2026-04-16,856228789,9,3,0
2026-04-16,828212831,8,3,3
2026-04-16,260234102,13,3,2
2026-04-16,828212831,8,3,1
2026-04-16,206048940,13,3,0
2026-04-16,828212831,8,4,1
2026-04-16,221206585,8,2,1
2026-04-16,828212831,8,4,4
2026-04-16,284183567,12,3,1
2026-04-16,828212831,8,0,0
2026-04-16,517202811,8,5,0
2026-04-16,828212831,8,3,0
2026-04-16,265225116,8,6,3
2026-04-16,828212831,8,5,4
2026-04-16,291211738,8,6,4
2026-04-16,828212831,8,4,2
2026-04-16,825234642,8,4,0
2026-04-16,828212831,8,2,2
2026-04-16,828212831,8,7,2
2026-04-16,291211738,8,1,1
2026-04-16,845005479,10,5,2
2026-04-16,828212831,8,10,7
2026-04-16,300192448,8,3,0
2026-04-16,828212831,8,4,1
2026-04-11,265233306,8,3,2
2026-04-11,834230621,8,5,3
2026-04-11,265233306,8,5,3
2026-04-11,265234102,8,5,3
2026-04-11,265233306,8,2,1
2026-04-11,300073562,12,4,3
2026-04-17,825192119,8,3,1
2026-04-17,289192119,8,9,5
2026-04-17,814048940,8,6,1
2026-04-17,825192119,8,10,3
2026-04-17,214192119,11,5,1
2026-04-17,825192119,8,5,2
2026-04-13,256168435,8,4,2
2026-04-13,810228383,8,4,2
2026-04-13,517193080,8,5,2
2026-04-13,810228383,8,5,3
2026-04-13,834192119,9,4,1
2026-04-13,810228383,8,4,4
2026-04-13,214212831,12,5,5
2026-04-13,810228383,8,4,1
2026-04-13,810224987,8,5,3
2026-04-13,810228383,8,10,5
2026-04-13,825210257,8,2,2
2026-04-13,517228383,9,7,2
2026-04-10,276234577,8,2,0
2026-04-10,517228383,9,6,5
2026-04-10,834251752,9,5,2
2026-04-10,517228383,9,9,5
2026-04-16,810228413,8,5,3
2026-04-16,300210257,8,6,2
2026-04-16,810228413,8,4,1
2026-04-16,253230621,8,2,1
2026-04-16,810228413,8,5,1
2026-04-16,231173426,8,8,3
2026-04-16,810228413,8,5,1
2026-04-16,810225116,8,7,3
2026-04-16,810228413,8,7,2
2026-04-16,828226753,8,5,2
2026-04-16,810228413,8,9,2
2026-04-16,300194404,8,7,6
2026-04-14,810228413,8,5,2
2026-04-14,834192119,8,5,2
2026-04-14,810228413,8,9,5
2026-04-14,300167495,8,1,0
2026-04-13,810228413,8,4,4
2026-04-13,261044897,8,11,5
2026-04-13,810228413,8,4,1
2026-04-13,834250753,11,5,3
2026-04-13,280243952,8,1,1
2026-04-13,810228413,8,5,3
2026-04-13,810228413,8,2,1
2026-04-13,853212432,8,3,0
2026-04-13,214167495,8,3,1
2026-04-13,810228413,8,5,1
2026-04-13,810228413,8,4,1
2026-04-13,206164835,13,5,1
2026-04-13,810228413,8,6,2
2026-04-13,828212831,8,6,2
2026-04-13,810228413,8,3,1
2026-04-13,270233267,9,10,4
2026-04-09,810228413,8,4,2
2026-04-09,256186153,8,9,3
2026-04-08,810228413,8,6,2
2026-04-08,283170597,9,6,3
2026-04-08,810228413,8,2,1
2026-04-08,300192119,8,5,1
2026-04-07,810228413,8,9,5
2026-04-07,270233934,9,6,4
2026-04-07,810228413,8,6,4
2026-04-07,828212831,10,0,0
2026-04-06,810228413,8,7,4
2026-04-06,206024630,13,3,0
2026-04-06,810228413,8,4,1
2026-04-06,206024630,13,3,0
2026-04-06,810228413,8,5,2
2026-04-06,253177683,8,7,2
2026-04-06,810228413,8,5,2
2026-04-06,513215698,8,3,1
2026-04-06,810228413,8,6,2
2026-04-06,853212432,8,3,2
2026-04-05,810228413,8,2,1
2026-04-05,283211101,10,3,1
2026-04-05,810228413,8,1,0
2026-04-05,517240091,8,5,0
2026-04-04,810228413,8,3,1
2026-04-04,828192448,8,5,3
2026-04-04,810228413,8,7,3
2026-04-04,300230621,8,2,1
2026-04-04,810228413,8,5,0
2026-04-04,814194404,8,7,2
2026-04-04,810228413,8,4,0
2026-04-04,284216065,9,3,2
2026-04-04,810228413,8,7,4
2026-04-04,265234102,8,2,1
2026-04-04,810228413,8,5,2
2026-04-04,265233306,8,6,2
2026-04-04,810228413,8,2,1
2026-04-04,237165735,8,1,0
2026-04-04,810228413,8,6,3
2026-04-04,834220901,8,10,6
2026-04-04,810228413,8,7,5
2026-04-04,834230621,9,4,3
2026-04-04,810228413,8,7,4
2026-04-04,231024630,8,4,1
2026-04-04,810228413,8,7,5
2026-04-04,206024630,13,2,0
2026-04-04,300167495,8,4,1
2026-04-04,810228413,8,8,1
2026-04-03,324172203,11,4,1
2026-04-03,810228413,8,11,8
2026-04-02,810228413,8,8,2
2026-04-02,827051539,8,5,2
2026-04-02,844215316,8,3,1
2026-04-02,810228413,8,4,2
2026-03-31,810228413,8,11,6
2026-03-31,810200389,11,1,1
2026-03-31,810228413,8,4,1
2026-03-31,825210257,8,3,2
2026-04-16,206177683,13,7,3
2026-04-16,216162835,8,4,1
2026-04-16,206177683,13,3,3
2026-04-16,216200389,8,5,3
2026-04-16,206177683,13,6,2
2026-04-16,256210257,9,12,7
2026-04-14,206177683,13,7,2
2026-04-14,300194404,8,5,2
2026-04-14,206177683,13,8,4
2026-04-14,300239364,13,6,1
2026-04-14,206177683,13,4,1
2026-04-14,828212831,8,4,2
2026-04-14,206177683,13,6,2
2026-04-14,828200389,8,6,3
2026-04-09,206177683,13,5,2
2026-04-09,101051539,8,6,3
2026-04-09,206177683,13,2,2
2026-04-09,265234102,8,5,1
2026-04-09,206177683,13,4,0
2026-04-09,101051539,8,1,1
2026-04-09,206177683,13,4,2
2026-04-09,256192448,8,6,3
2026-04-09,206177683,13,3,1
2026-04-09,265225116,8,7,4
2026-04-10,251048940,8,4,3
2026-04-10,283167495,8,8,5
2026-04-09,225203237,8,3,1
2026-04-09,201005479,13,11,5
2026-04-17,270193105,8,3,0
2026-04-17,300219836,13,3,1
2026-04-17,270193105,8,4,2
2026-04-17,265234102,8,2,0
2026-04-17,270193105,8,7,4
2026-04-17,253192119,5,4,0
2026-04-17,270193105,8,3,0
2026-04-17,852263880,9,5,1
2026-04-17,270193105,8,1,1
2026-04-17,300192119,8,2,0
2026-04-17,270193105,8,4,1
2026-04-17,829220901,8,3,3
2026-04-17,270193105,8,4,2
2026-04-17,217210257,11,3,2
2026-04-17,270193105,8,4,1
2026-04-17,517235840,8,4,2
2026-04-17,846212831,8,2,2
2026-04-17,265233306,8,9,4
2026-04-17,265233306,8,4,2
2026-04-17,300235840,11,4,2
2026-04-17,265233306,8,8,7
2026-04-17,828200389,8,2,1
2026-04-16,246199987,8,2,0
2026-04-16,265233306,8,5,3
2026-04-16,237210257,8,3,2
2026-04-16,265233306,8,7,6
2026-04-16,300212831,8,2,1
2026-04-16,265233306,8,7,1
2026-04-16,265233306,8,0,0
2026-04-16,253204935,8,7,4
2026-04-16,265233306,8,3,0
2026-04-16,289192119,8,3,2
2026-04-16,206024630,11,2,0
2026-04-16,265233306,8,9,7
2026-04-16,265233306,8,11,4
2026-04-16,111051539,8,3,0
2026-04-16,265233306,8,5,3
2026-04-16,216163155,13,4,2
2026-04-16,265233306,8,4,0
2026-04-16,300162328,13,4,0
2026-04-16,284188943,8,7,4
2026-04-16,829167495,9,3,1
2026-04-15,829167495,9,7,3
2026-04-15,840192119,9,3,0
2026-04-15,829167495,9,3,1
2026-04-15,829051539,8,1,1
2026-04-15,253167495,8,0,0
2026-04-15,829167495,9,7,4
2026-04-15,829167495,9,6,4
2026-04-15,814223885,8,3,1
2026-04-15,829167495,9,6,1
2026-04-15,253163587,10,6,1
2026-04-14,829167495,9,2,2
2026-04-14,848167948,8,4,1
2026-04-14,829167495,9,5,1
2026-04-14,251051539,8,10,7
2026-04-14,825192119,8,3,2
2026-04-14,829167495,9,5,3
2026-04-14,829167495,9,8,4
2026-04-14,256210257,8,5,2
2026-04-13,828167495,9,2,0
2026-04-13,852223885,8,4,3
2026-04-13,828167495,9,4,0
2026-04-13,300167495,8,3,1
2026-04-13,828167495,9,1,1
2026-04-13,846044897,9,7,1
2026-04-13,251192119,8,3,0
2026-04-13,231024630,8,3,3
2026-04-13,231024630,8,2,0
2026-04-13,206177683,13,5,2
2026-04-13,828192119,8,2,1
2026-04-13,828167495,9,6,3
2026-04-12,231024630,8,5,1
2026-04-12,845212831,8,5,1
2026-04-12,231024630,8,9,7
2026-04-12,825212831,8,4,2
2026-04-12,231024630,8,7,2
2026-04-12,216200389,8,4,3
2026-04-12,231024630,8,10,8
2026-04-12,517177683,8,1,0
2026-04-12,231024630,8,9,6
2026-04-12,853212432,8,1,0
2026-04-12,217212831,8,4,1
2026-04-12,231024630,8,6,4
2026-04-12,231024630,8,4,0
2026-04-12,283186153,10,5,3
2026-04-12,231024630,8,4,0
2026-04-12,270233934,8,4,2
2026-04-12,845230869,8,8,5
2026-04-12,231024630,8,4,1
2026-04-12,231024630,8,4,3
2026-04-12,256168435,8,7,3
2026-04-11,231024630,8,5,3
2026-04-11,253192119,9,11,2
2026-04-11,231024630,8,9,8
2026-04-11,834192119,8,3,1
2026-04-11,231024630,8,6,3
2026-04-11,826192563,10,4,1
2026-04-11,231024630,8,7,5
2026-04-11,265186153,8,2,1
2026-04-11,231024630,8,5,2
2026-04-11,101001179,8,2,1
2026-04-11,231024630,8,7,4
2026-04-11,280177683,8,5,2
2026-04-09,231024630,8,3,0
2026-04-09,832185122,8,2,1
2026-04-09,231024630,8,4,0
2026-04-09,283186569,9,5,3
2026-04-09,231024630,8,6,5
2026-04-09,218199987,9,10,7
2026-04-09,231024630,8,5,0
2026-04-09,251186153,9,3,1
2026-04-09,231024630,8,10,2
2026-04-09,834230621,8,3,1
2026-04-09,231024630,8,7,5
2026-04-09,845242179,8,5,2
2026-04-09,231024630,8,11,10
2026-04-09,256051539,8,1,1
2026-04-09,231024630,8,5,2
2026-04-09,242186153,6,5,1
2026-04-08,231024630,8,4,2
2026-04-08,214150724,9,5,2
2026-04-08,231024630,8,7,5
2026-04-08,829192119,8,7,4
2026-04-08,231024630,8,5,4
2026-04-08,300193105,8,4,1
2026-04-08,231024630,8,3,1
2026-04-08,206177683,13,10,6
2026-04-08,231024630,8,5,1
2026-04-08,280215698,8,0,0
2026-04-08,231024630,8,3,1
2026-04-08,802182494,10,5,2
2026-04-07,231024630,8,3,1
2026-04-07,513186153,10,6,2
2026-04-07,231024630,8,2,1
2026-04-07,256193041,8,8,4
2026-04-07,517254803,5,8,2
2026-04-07,231024630,8,2,2
2026-04-07,256186153,9,7,4
2026-04-07,231024630,8,7,3
2026-04-07,231024630,8,0,0
2026-04-07,265225116,8,6,2
2026-04-07,231024630,8,4,1
2026-04-07,280167948,8,7,4
2026-04-07,828167495,9,6,2
2026-04-07,515220901,8,2,2
2026-04-07,231024630,8,3,0
2026-04-07,251192119,8,2,2
2026-04-07,828167495,9,3,2
2026-04-07,300186569,13,5,3
2026-04-07,289019580,10,6,2
2026-04-07,828167495,9,3,1
2026-04-05,231024630,8,7,2
2026-04-05,251051539,8,5,3
2026-04-05,231024630,8,7,1
2026-04-05,273180739,8,4,1
2026-04-05,231024630,8,5,2
2026-04-05,265234102,8,0,0
2026-04-05,231024630,8,5,2
2026-04-05,846212831,8,6,3
2026-04-18,234190053,10,7,4
2026-04-18,216190053,8,3,0
2026-04-18,234190053,10,9,4
2026-04-18,300211738,5,3,2
2026-04-18,234190053,10,3,1
2026-04-18,852048940,8,6,2
2026-04-18,234190053,10,6,1
2026-04-18,834167495,8,6,5
2026-04-18,234190053,10,4,2
2026-04-18,300262621,8,5,0
2026-04-18,234190053,10,2,1
2026-04-18,517259532,6,4,3
2026-04-18,234190053,10,5,1
2026-04-18,851220901,8,8,4
2026-04-18,234190053,10,7,4
2026-04-18,270233934,9,3,1
2026-04-17,234190053,10,3,1
2026-04-17,517190941,8,8,3
2026-04-17,234190053,10,3,0
2026-04-17,251167495,9,2,1
2026-04-17,234190053,10,2,2
2026-04-17,237210257,9,6,4
2026-04-17,234190053,10,3,1
2026-04-17,300254803,13,6,4
2026-04-17,234190053,10,3,1
2026-04-17,274192119,8,10,4
2026-04-17,804250753,10,4,0
2026-04-17,283211101,8,5,3
2026-04-17,804250753,10,6,2
2026-04-17,515262621,8,4,2
2026-04-16,804250753,10,4,1
2026-04-16,206005479,13,3,0
2026-04-16,804250753,10,8,4
2026-04-16,829051539,8,8,0
2026-04-16,804250753,10,6,1
2026-04-16,804243585,10,6,1
2026-04-16,804250753,10,1,0
2026-04-16,283211101,9,5,3
2026-04-14,804250753,10,5,2
2026-04-14,206230621,10,6,1
2026-04-14,804250753,10,7,3
2026-04-14,853232065,8,6,3
2026-04-14,300230621,8,8,3
2026-04-14,804250753,10,4,1
2026-04-14,804250753,10,10,5
2026-04-14,291211738,8,0,0
2026-04-14,804250753,10,2,0
2026-04-14,251051539,8,5,2
2026-04-12,804250753,10,5,1
2026-04-12,264230621,8,3,0
2026-04-12,804250753,10,3,3
2026-04-12,834230621,8,8,3
2026-04-12,804250753,10,6,4
2026-04-12,252002147,8,2,1
2026-04-13,840215316,8,4,2
2026-04-13,323174543,8,2,1
2026-04-13,834251752,8,3,1
2026-04-13,323174543,8,4,3
2026-04-13,830212432,8,5,0
2026-04-13,323174543,8,7,0
2026-04-13,848200389,7,5,0
2026-04-13,323174543,8,9,5
2026-04-13,323174543,8,8,3
2026-04-13,836230621,8,4,0
2026-04-12,323174543,8,7,6
2026-04-12,828202811,8,1,1
2026-04-15,284216065,8,12,10
2026-04-15,206212831,12,7,4
2026-04-15,834212831,8,2,0
2026-04-15,284216065,8,7,3
2026-04-15,284216065,8,7,2
2026-04-15,256186569,8,4,2
2026-04-15,284216065,8,6,3
2026-04-15,827001179,8,7,5
2026-04-15,284216065,8,3,1
2026-04-15,214192119,11,5,1
2026-04-15,284216065,8,4,1
2026-04-15,511211738,13,5,3
2026-04-15,284216065,8,4,1
2026-04-15,324024630,12,4,2
2026-04-15,284216065,8,3,1
2026-04-15,216230621,8,6,2
2026-04-15,284216065,8,8,4
2026-04-15,201167948,12,11,6
2026-04-15,284216065,8,3,2
2026-04-15,225019580,8,5,1
2026-04-15,284216065,8,5,3
2026-04-15,825192119,8,8,5
2026-04-15,284216065,8,4,1
2026-04-15,300177683,8,5,3
2026-04-15,284216065,8,5,0
2026-04-15,265225116,9,2,0
2026-04-15,284216065,8,4,2
2026-04-15,852186153,8,3,2
2026-04-14,234162835,8,8,5
2026-04-14,300210358,13,10,5
2026-04-14,234162835,8,7,4
2026-04-14,265225116,8,1,0
2026-04-14,234162835,8,12,3
2026-04-14,515193080,8,0,0
2026-04-14,234162835,8,6,4
2026-04-14,206167948,13,6,4
2026-04-14,234162835,8,6,2
2026-04-14,253167495,8,4,1
2026-04-14,234162835,8,6,3
2026-04-14,217212831,8,4,3
2026-04-14,234162835,8,7,3
2026-04-14,265234102,9,4,1
2026-04-14,234162835,8,7,1
2026-04-14,836230621,8,6,2
2026-04-14,300243675,13,4,2
2026-04-14,234162835,8,9,5
2026-04-14,234162835,8,6,1
2026-04-14,253192119,9,3,2
2026-04-14,234162835,8,7,4
2026-04-14,835016254,8,6,2
2026-04-08,234162835,8,5,0
2026-04-08,828192119,9,11,7
2026-04-08,234162835,8,10,5
2026-04-08,503233934,8,10,3
2026-04-08,234162835,8,9,6
2026-04-08,814194404,8,5,3
2026-04-08,234162835,8,3,0
2026-04-08,270193105,8,7,4
2026-04-08,300242656,13,1,0
2026-04-08,234162835,8,10,4
2026-04-08,234162835,8,9,5
2026-04-08,256186569,8,5,4
2026-04-08,206167948,10,5,2
2026-04-08,234162835,8,8,6
2026-04-07,517235073,8,6,2
2026-04-07,234162835,8,5,2
2026-04-07,234162835,8,2,1
2026-04-07,251051539,8,6,3
2026-04-07,234162835,8,7,3
2026-04-07,300186153,8,4,3
2026-04-07,234162835,8,7,4
2026-04-07,280235073,8,4,2
2026-04-07,234162835,8,1,1
2026-04-07,206188943,13,6,2
2026-04-07,234162835,8,3,3
2026-04-07,834230621,8,3,0
2026-04-07,234162835,8,7,3
2026-04-07,237212831,8,2,2
2026-04-07,234162835,8,3,1
2026-04-07,206177683,13,7,3
2026-04-07,234162835,8,6,1
2026-04-07,804262621,8,12,3
2026-04-07,234162835,8,5,2
2026-04-07,234192119,8,6,2
2026-04-07,206212831,11,5,1
2026-04-07,234162835,8,3,1
2026-04-07,234051539,8,5,3
2026-04-07,234162835,8,5,4
2026-04-07,234162835,8,6,3
2026-04-07,300277823,13,7,3
2026-04-07,234162835,8,4,2
2026-04-07,214186569,12,10,6
2026-04-07,234162835,8,4,2
2026-04-07,206212831,11,3,0
2026-04-18,270233267,8,2,0
2026-04-18,804262621,9,3,2
2026-04-18,206024630,10,2,0
2026-04-18,804262621,9,6,3
2026-04-18,260186569,8,6,4
2026-04-18,804262621,9,5,2
2026-04-18,214051539,8,10,3
2026-04-18,804262621,9,3,1
2026-04-18,234051539,8,3,2
2026-04-18,804262621,9,6,3
2026-04-18,517167495,8,6,3
2026-04-18,804262621,9,5,3
2026-04-18,828212831,8,3,1
2026-04-18,804262621,9,4,2
2026-04-18,300234642,13,2,1
2026-04-18,804262621,9,5,2
2026-04-18,291211738,9,4,2
2026-04-18,804262621,9,3,2
2026-04-18,804262621,9,3,1
2026-04-18,207193080,11,5,2
2026-04-18,825212831,8,0,0
2026-04-18,804262621,9,4,1
2026-04-18,201051539,8,0,0
2026-04-18,804262621,9,7,2
2026-04-17,217212831,8,6,1
2026-04-17,804262621,9,3,2
2026-04-17,829220901,8,4,1
2026-04-17,804262621,9,5,2
2026-04-17,217177683,13,5,0
2026-04-17,804262621,9,5,5
2026-04-17,851220901,8,6,4
2026-04-17,804262621,9,4,2
2026-04-17,300233189,13,8,3
2026-04-17,804262621,9,5,3
2026-04-17,300258534,13,4,0
2026-04-17,804262621,9,1,0
2026-04-17,280215698,8,6,2
2026-04-17,804262621,9,5,4
2026-04-17,101051539,8,6,2
2026-04-17,804262621,9,2,1
2026-04-17,810225116,8,4,1
2026-04-17,804262621,9,9,4
2026-04-17,234190941,10,5,2
2026-04-17,804262621,9,4,1
2026-04-17,828192119,8,9,2
2026-04-17,804262621,9,5,1
2026-04-17,828192448,9,10,5
2026-04-17,804262621,9,5,3
2026-04-17,214192119,12,5,4
2026-04-17,804262621,9,5,2
2026-04-15,517259532,8,2,1
2026-04-15,804262621,9,7,3
2026-04-15,300192119,8,8,5
2026-04-15,804262621,9,6,2
2026-04-15,101048940,8,2,1
2026-04-15,804262621,9,2,0
2026-04-15,825192119,8,6,2
2026-04-15,804262621,9,4,1
2026-04-15,246186569,10,5,5
2026-04-15,804262621,9,5,2
2026-04-15,214005479,9,3,2
2026-04-15,804262621,9,7,3
2026-04-13,214001179,5,8,4
2026-04-13,804262621,9,3,1
2026-04-13,251192119,8,11,5
2026-04-13,804262621,9,3,0
2026-04-13,517259532,8,6,0
2026-04-13,804262621,9,7,2
2026-04-13,284001179,9,5,3
2026-04-13,804262621,9,4,2
2026-04-13,256186153,8,3,0
2026-04-13,804262621,9,3,1
2026-04-13,289192119,8,7,5
2026-04-13,804262621,9,4,2
2026-04-13,237199987,8,4,2
2026-04-13,804262621,9,6,1
2026-04-13,270234577,10,5,4
2026-04-13,804262621,9,3,0
2026-04-13,825212831,8,6,3
2026-04-13,804262621,9,4,1
2026-04-13,256192448,8,0,0
2026-04-13,804262621,9,5,1
2026-04-13,268005479,8,4,2
2026-04-13,804262621,9,5,3
2026-04-13,251186153,11,4,3
2026-04-13,804262621,9,7,4
2026-04-13,846193080,9,3,0
2026-04-13,804262621,9,3,2
2026-04-13,283230869,8,5,3
2026-04-13,804262621,9,5,2
2026-04-12,234167495,8,7,3
2026-04-12,804262621,9,2,1
2026-04-12,300192119,9,5,4
2026-04-12,804262621,9,3,0
2026-04-12,206199482,13,6,3
2026-04-12,804262621,9,4,0
2026-04-12,804262621,9,3,1
2026-04-12,233192119,9,3,3
2026-04-12,844192984,8,6,3
2026-04-12,804262621,9,5,4
2026-04-12,291220901,8,1,0
2026-04-12,804262621,9,6,4
2026-04-12,283186153,8,3,2
2026-04-12,804262621,9,3,2
2026-04-12,300203841,8,1,1
2026-04-12,804262621,9,7,4
2026-04-12,848001179,8,6,4
2026-04-12,804262621,9,7,3
2026-04-12,517254803,8,7,4
2026-04-12,804262621,9,4,3
2026-04-12,246186569,9,4,2
2026-04-12,804262621,9,2,1
2026-04-12,270193105,9,6,3
2026-04-12,804262621,9,2,0
2026-04-12,300186153,9,4,1
2026-04-12,804262621,9,4,0
2026-04-12,834242948,8,5,3
2026-04-12,804262621,9,5,0
2026-04-12,237192119,8,7,5
2026-04-12,804262621,9,11,8
2026-04-12,804262621,9,6,3
2026-04-12,852198009,9,9,6
2026-04-12,206192448,12,2,1
2026-04-12,804262621,9,6,2
2026-04-12,214192119,11,4,2
2026-04-12,804262621,9,5,2
2026-04-11,300228789,12,7,3
2026-04-11,804262621,9,3,2
2026-04-11,206212831,10,6,3
2026-04-11,804262621,9,4,2
2026-04-11,834202811,8,6,1
2026-04-11,804262621,9,6,2
2026-04-11,246190778,10,3,1
2026-04-11,804262621,9,3,3
2026-04-17,214192119,12,2,0
2026-04-17,814048940,8,4,1
2026-04-17,214192119,12,2,2
2026-04-17,856228789,8,11,7
2026-04-17,214192119,12,1,1
2026-04-17,300192119,8,7,4
2026-04-17,214192119,12,6,4
2026-04-17,300235840,12,4,1
2026-04-17,214192119,12,9,2
2026-04-17,206193080,8,7,3
2026-04-17,214192119,12,1,0
2026-04-17,265225116,8,2,2
2026-04-17,214192119,12,7,3
2026-04-17,265234102,9,5,2
2026-04-17,214192119,12,1,1
2026-04-17,256186153,8,6,3
2026-04-17,214192119,12,4,2
2026-04-17,253177683,8,6,6
2026-04-16,214192119,12,2,1
2026-04-16,851230872,8,5,1
2026-04-16,214192119,12,3,1
2026-04-16,829051539,8,2,0
2026-04-16,214192119,12,0,0
2026-04-16,214192448,8,7,5
2026-04-16,836005479,8,5,2
2026-04-16,214192119,12,2,1
2026-04-16,214192119,12,3,0
2026-04-16,265225116,8,5,3
2026-04-16,206186153,10,4,2
2026-04-16,214192119,12,4,2
2026-04-16,214192119,12,7,3
2026-04-16,834230621,8,2,0
2026-04-16,214192119,12,5,3
2026-04-16,517202811,8,7,5
2026-04-16,214192119,12,4,1
2026-04-16,256186153,8,5,1
2026-04-16,214192119,12,4,2
2026-04-16,251168435,13,1,0
2026-04-15,214192119,12,5,4
2026-04-15,251150724,8,5,1
2026-04-15,856259532,6,4,2
2026-04-15,206192119,9,6,1
2026-04-15,291262621,9,5,1
2026-04-15,206192119,9,5,2
2026-04-15,206210257,12,4,1
2026-04-15,206192119,9,1,0
2026-04-15,206192119,9,1,1
2026-04-15,206206585,12,7,2
2026-04-15,252051539,10,9,5
2026-04-15,206192119,9,3,1
2026-04-15,206192119,9,2,1
2026-04-15,265233306,8,7,4
2026-04-15,206192119,9,5,3
2026-04-15,856240091,2,9,7
2026-04-15,265233306,8,7,3
2026-04-15,206192119,9,2,1
2026-04-15,511194404,8,6,2
2026-04-15,206192119,9,3,1
2026-04-14,206192119,9,3,2
2026-04-14,834190941,8,6,5
2026-04-14,284001179,9,3,0
2026-04-14,206192119,9,4,2
2026-04-14,206192119,9,5,1
2026-04-14,834212831,8,7,5
2026-04-14,206192119,9,3,1
2026-04-14,828167495,8,7,1
2026-04-14,828212831,8,2,2
2026-04-14,206192119,9,2,2
2026-04-14,251192119,8,2,1
2026-04-14,206192119,9,5,2
2026-04-14,206192119,9,5,0
2026-04-14,265233306,7,5,4
2026-04-14,206192119,9,6,3
2026-04-14,231024630,8,4,3
2026-04-12,834210257,8,4,0
2026-04-12,206192119,9,3,0
2026-04-12,206192119,9,6,3
2026-04-12,826192563,8,1,0
2026-04-12,206192119,9,1,0
2026-04-12,207212831,11,6,5
2026-04-12,206192119,8,2,0
2026-04-12,253192119,9,7,2
2026-04-12,206177683,13,10,7
2026-04-12,206192119,8,4,2
2026-04-16,284188943,8,4,1
2026-04-16,513186153,8,4,2
2026-04-16,840215316,10,1,0
2026-04-16,284188943,8,0,0
2026-04-16,265234102,8,4,1
2026-04-16,806212432,8,5,3
2026-04-16,284188943,8,5,1
2026-04-16,834192119,8,4,3
2026-04-16,283186569,8,8,1
2026-04-16,284188943,8,8,1
2026-04-16,251051539,8,4,2
2026-04-16,284188943,8,2,0
2026-04-16,284188943,8,9,5
2026-04-16,846193080,8,2,1
2026-04-16,251048940,8,3,0
2026-04-16,284188943,8,3,2
2026-04-16,284188943,8,7,6
2026-04-16,284188943,8,2,0
2026-04-16,284188943,8,4,1
2026-04-16,237210257,8,4,1
2026-04-16,284188943,8,2,1
2026-04-16,256167495,8,5,3
2026-04-16,274192119,9,1,0
2026-04-16,284188943,8,8,3
2026-04-16,855230872,8,4,2
2026-04-16,284188943,8,2,0
2026-04-16,251051539,9,5,0
2026-04-16,284188943,8,7,3
2026-04-14,515215698,8,2,2
2026-04-14,300259532,13,4,1
2026-04-11,515215698,8,9,7
2026-04-11,289192119,8,8,4
2026-04-05,515215698,8,6,1
2026-04-05,300212831,8,5,4
2026-04-04,515215698,8,6,2
2026-04-04,848192119,8,9,3
2026-04-04,515215698,8,3,1
2026-04-04,300212831,9,6,2
2026-04-04,515215698,8,5,1
2026-04-04,300227477,8,2,2
2026-04-02,515215698,8,7,4
2026-04-02,291227127,9,5,3
2026-04-02,300206585,8,5,3
2026-04-02,515215698,8,11,6
2026-03-30,515215698,8,9,6
2026-03-30,253167495,8,3,1
2026-03-29,515215698,8,5,2
2026-03-29,246173373,8,5,3
2026-03-28,515215698,8,4,2
2026-03-28,828212831,8,9,6
2026-03-28,515215698,8,5,2
2026-03-28,300177683,8,8,3
2026-03-28,515215698,8,7,4
2026-03-28,827005479,10,6,2
2026-03-28,515215698,8,6,3
2026-03-28,300230621,8,6,2
2026-03-22,515215698,8,4,2
2026-03-22,246199987,8,8,6
2026-03-20,515215698,8,5,1
2026-03-20,818167495,8,6,4
2026-04-17,217203042,10,2,1
2026-04-17,206192119,12,5,1
2026-04-13,206192119,12,3,3
2026-04-13,856259532,5,5,2
2026-04-13,256167495,8,5,2
2026-04-13,206192119,12,8,4
2026-04-13,283186569,8,5,0
2026-04-13,206192119,12,3,1
2026-04-13,206192119,12,1,0
2026-04-13,265233306,8,10,6
2026-04-13,206192119,12,3,2
2026-04-13,280212831,8,3,1
2026-04-13,513210257,12,2,0
2026-04-13,206192119,12,0,0
2026-04-10,253192119,8,3,1
2026-04-10,206192119,12,6,1
2026-04-10,832230869,8,3,1
2026-04-10,206192119,12,8,2
2026-04-10,265234102,8,6,3
2026-04-10,206192119,12,8,5
2026-04-09,283170597,9,3,2
2026-04-09,206192119,12,5,2
2026-04-06,237212831,8,7,3
2026-04-06,206192119,12,3,1
2026-04-06,253230621,8,5,3
2026-04-06,206192119,12,6,2
2026-04-05,206192119,12,2,1
2026-04-05,283192448,8,8,4
2026-04-05,829204883,8,7,4
2026-04-05,206192119,12,2,1
2026-04-05,300240913,13,7,3
2026-04-05,206192119,12,4,2
2026-04-05,206212831,10,4,1
2026-04-05,206192119,12,7,2
2026-04-05,300219836,13,4,1
2026-04-05,206192119,12,3,2
2026-04-04,265233306,8,10,6
2026-04-04,206192119,12,5,1
2026-04-04,206192119,12,3,2
2026-04-04,300243830,13,6,3
2026-04-04,206192119,12,5,4
2026-04-04,206024630,13,3,0
2026-04-04,852204092,8,3,0
2026-04-04,206192119,12,2,2
2026-04-04,206192119,12,1,1
2026-04-04,206024630,13,4,1
2026-04-04,206192119,12,4,3
2026-04-04,804263063,10,7,5
2026-04-04,206206585,11,7,3
2026-04-04,206192119,12,7,4
2026-04-04,829226753,8,5,1
2026-04-04,206192119,12,7,4
2026-04-04,300192119,8,3,2
2026-04-04,206192119,12,5,2
2026-04-04,206192119,12,5,2
2026-04-04,206024630,13,8,4
2026-04-04,206192119,12,8,4
2026-04-04,251051539,8,6,3
2026-04-04,834210257,8,7,3
2026-04-04,206192119,12,4,1
2026-04-04,283170597,9,5,2
2026-04-04,206192119,12,3,1
2026-04-04,264230621,9,12,7
2026-04-04,206192119,12,2,2
2026-04-04,206192119,12,2,0
2026-04-04,256210257,8,6,3
2026-04-04,206192119,12,0,0
2026-04-04,251051539,8,5,3
2026-04-04,206192119,12,6,4
2026-04-04,214192119,10,6,2
2026-04-04,237212831,8,3,2
2026-04-04,206192119,12,6,2
2026-04-03,231193080,8,11,6
2026-04-03,206192119,12,3,1
2026-04-03,825192448,8,6,3
2026-04-03,206192119,12,4,4
2026-04-03,270215223,8,7,3
2026-04-03,206192119,12,4,2
2026-04-03,234173373,8,4,2
2026-04-03,206192119,12,6,3
2026-04-03,256210257,8,8,3
2026-04-03,206192119,12,4,1
2026-04-03,216230621,8,8,4
2026-04-03,206192119,12,2,1
2026-04-03,221167495,8,2,1
2026-04-03,206192119,12,6,3
2026-04-03,517215698,8,6,4
2026-04-03,206192119,12,5,2
2026-04-03,206024630,13,5,1
2026-04-03,206192119,12,4,1
2026-04-03,206192119,12,1,0
2026-04-03,280230621,8,7,2
2026-04-03,206192119,12,3,1
2026-04-03,852198009,8,8,6
2026-04-03,233192119,8,9,4
2026-04-03,206192119,12,4,1
2026-04-02,802005479,10,4,2
2026-04-02,206192119,12,5,2
2026-03-31,834215698,8,5,0
2026-03-31,206192119,12,5,0
2026-03-30,206192119,12,3,2
2026-03-30,101001179,8,4,1
2026-03-29,264230621,9,3,0
2026-03-29,206192119,12,6,4
2026-03-29,206192119,12,5,1
2026-03-29,260186569,6,2,2
2026-03-29,834235073,11,7,6
2026-03-29,206192119,12,3,3
2026-03-29,206192119,12,3,1
2026-03-29,322230168,13,4,2
2026-03-29,828212831,8,7,6
2026-03-29,206192119,12,7,4
2026-03-29,206192119,12,4,1
2026-03-29,264230621,8,4,1
2026-03-28,834215698,8,4,2
2026-03-28,206192119,12,6,3
2026-03-28,810200389,8,8,5
2026-03-28,206192119,12,7,3
2026-03-28,206192119,12,2,1
2026-03-28,825192119,5,5,2
2026-03-27,206192119,12,4,2
2026-03-27,253177683,10,8,0
2026-03-27,256199987,9,6,4
2026-03-27,206192119,12,3,3
2026-03-27,840209981,9,4,3
2026-03-27,206192119,12,3,2
2026-03-27,810210257,8,3,0
2026-03-27,206192119,12,0,0
2026-03-27,206192119,12,3,0
2026-03-27,256199987,8,2,2
2026-03-27,206192119,12,6,5
2026-03-27,840215316,8,5,2
2026-03-27,804263063,8,6,2
2026-03-27,206192119,12,1,1
2026-03-26,206192119,11,4,1
2026-03-26,804262621,9,7,4
2026-03-26,300243311,13,6,5
2026-03-26,206192119,11,4,2
2026-03-23,206192119,11,7,4
2026-03-23,265234102,8,6,2
2026-03-23,840215316,8,10,7
2026-03-23,206192119,11,8,7
2026-03-23,206192119,11,8,5
2026-03-23,234190941,10,9,4
2026-03-23,206167948,13,9,6
2026-03-23,206192119,11,8,3
2026-03-23,246186569,8,7,3
2026-03-23,206192119,11,6,1
2026-03-23,825005479,8,6,4
2026-03-23,206192119,11,2,2
2026-03-23,216230621,11,5,3
2026-03-23,206192119,11,4,2
2026-03-22,201193080,13,10,3
2026-03-22,206192119,11,4,1
2026-03-22,517202811,8,8,4
2026-03-22,206192119,11,5,2
2026-03-22,834230621,8,3,2
2026-03-22,206192119,11,7,5
2026-03-22,828192119,8,1,0
2026-03-22,206192119,11,0,0
2026-03-22,804262621,8,5,3
2026-03-22,206192119,11,4,1
2026-03-22,206192119,11,1,1
2026-03-22,278192119,7,5,5
2026-03-22,834250753,9,10,4
2026-03-22,206192119,11,1,0
2026-03-22,206192119,11,6,4
2026-03-22,251150724,8,6,2
2026-03-22,206192119,11,7,4
2026-03-22,283230621,8,3,2
2026-03-22,206177683,13,5,4
2026-03-22,206192119,11,3,2
2026-03-22,253167495,10,10,8
2026-03-22,206192119,11,10,3
2026-03-20,206210257,13,3,0
2026-03-20,206192119,11,5,3
2026-03-20,206192119,11,7,6
2026-03-20,515235073,8,6,2
2026-03-20,206192119,11,4,3
2026-03-20,834230621,8,5,3
2026-03-20,513186153,8,10,6
2026-03-20,206192119,11,8,5
2026-03-20,284216065,8,2,0
2026-03-20,206192119,11,0,0
2026-03-19,206192119,11,7,2
2026-03-19,300192119,8,6,3
2026-03-19,300212831,8,4,1
2026-03-19,206192119,11,3,1
2026-03-19,840206585,8,7,5
2026-03-19,206192119,11,6,2
2026-03-19,265192119,8,7,5
2026-03-19,206192119,11,6,3
2026-03-19,300192119,8,7,5
2026-03-19,206192119,11,4,2
2026-03-19,206192119,11,1,1
2026-03-19,289192119,9,5,4
2026-03-19,206192119,11,0,0
2026-03-19,834230621,8,4,2
2026-04-12,300192119,8,3,2
2026-04-12,834212831,8,11,8
2026-04-12,237212831,8,7,3
2026-04-12,834212831,8,5,3
2026-04-12,517202811,8,3,1
2026-04-12,834212831,8,11,6
2026-04-11,834212831,8,6,3
2026-04-11,515210257,8,6,1
2026-04-11,265192119,8,5,2
2026-04-11,834212831,8,5,2
2026-04-11,834212831,8,5,3
2026-04-11,234162835,8,3,0
2026-04-11,834212831,8,3,1
2026-04-11,300167495,8,2,1
2026-04-11,206005479,13,4,0
2026-04-11,834212831,8,3,0
2026-04-11,206177683,13,7,3
2026-04-11,834212831,8,10,4
2026-04-11,256186153,8,8,3
2026-04-11,834212831,8,6,1
2026-04-11,834212831,8,7,2
2026-04-11,846164835,8,7,2
2026-04-11,265186153,8,2,0
2026-04-11,834212831,8,9,4
2026-04-11,233192119,8,4,1
2026-04-11,834212831,8,1,1
2026-04-09,834212831,8,6,2
2026-04-09,265192119,8,5,4
2026-04-09,265225116,10,5,2
2026-04-09,834212831,8,8,4
2026-04-09,300192119,8,7,1
2026-04-09,834212831,8,2,1
2026-04-09,834212831,8,5,2
2026-04-09,810220901,8,6,3
2026-04-09,265233306,8,3,1
2026-04-09,834212831,8,4,2
2026-04-07,834212831,8,4,3
2026-04-07,300192119,9,3,1
2026-04-07,834212831,8,9,4
2026-04-07,834212831,8,7,4
2026-04-07,265234102,9,9,1
2026-04-07,834212831,8,5,1
2026-04-06,253167495,8,4,0
2026-04-06,834212831,8,4,1
2026-04-06,828212831,8,3,2
2026-04-06,834212831,8,4,2
2026-04-04,827048940,8,6,3
2026-04-04,834212831,8,4,2
2026-04-17,207212831,11,3,0
2026-04-17,256186153,8,8,5
2026-04-17,814048940,8,5,0
2026-04-17,253177683,8,4,3
2026-04-17,253177683,8,5,3
2026-04-17,216167948,9,4,1
2026-04-17,253177683,8,4,2
2026-04-17,846212831,8,4,2
2026-04-17,253177683,8,6,3
2026-04-17,300192119,8,7,0
2026-04-17,253177683,8,1,0
2026-04-17,214192119,8,14,8
2026-04-18,828212831,8,4,0
2026-04-18,280230621,8,7,2
2026-04-18,242001179,8,11,7
2026-04-18,280230621,8,7,4
2026-04-17,265186153,9,2,1
2026-04-17,280230621,8,3,1
2026-04-17,280230621,8,9,3
2026-04-17,828167495,8,6,3
2026-04-17,280230621,8,9,3
2026-04-17,214186569,13,1,0
2026-04-17,280230621,8,6,4
2026-04-17,251167495,9,7,3
2026-04-17,268051539,8,7,0
2026-04-17,280230621,8,5,1
2026-04-17,517251752,8,0,0
2026-04-17,280230621,8,6,2
2026-04-17,280230621,8,6,3
2026-04-17,834230621,8,5,1
2026-04-17,280230621,8,3,0
2026-04-17,517254803,8,3,2
2026-04-17,846202811,8,5,1
2026-04-17,280230621,8,4,0
2026-04-17,251167948,9,6,3
2026-04-17,280230621,8,4,1
2026-04-17,260239364,8,4,1
2026-04-17,280230621,8,8,4
2026-04-17,846212831,8,4,2
2026-04-17,280230621,8,9,4
2026-04-17,323193041,13,9,4
2026-04-17,280230621,8,8,5
2026-04-17,206212831,10,8,2
2026-04-17,280230621,8,4,2
2026-04-17,280230621,8,4,3
2026-04-17,834190941,9,4,2
2026-04-17,829212831,8,7,3
2026-04-17,217212831,8,2,2
2026-04-17,825051539,8,1,0
2026-04-17,829212831,8,4,3
2026-04-17,300194404,8,6,2
2026-04-17,280230621,8,4,0
2026-04-16,323193041,13,5,1
2026-04-16,280230621,8,1,1
2026-04-16,280230621,8,2,0
2026-04-16,206210257,8,6,3
2026-04-16,828192448,8,3,1
2026-04-16,280230621,8,3,1
2026-04-16,517240091,6,3,1
2026-04-16,280230621,8,3,1
2026-04-16,300210257,8,2,0
2026-04-16,280230621,8,6,1
2026-04-16,289176550,8,7,0
2026-04-16,280230621,8,8,5
2026-04-16,237165735,8,6,3
2026-04-16,280230621,8,2,1
2026-04-16,283230621,8,5,2
2026-04-16,829212831,8,0,0
2026-04-16,231024630,8,5,4
2026-04-16,829212831,8,5,3
2026-04-16,829212831,8,6,3
2026-04-16,251192119,8,4,1
2026-04-16,828167948,8,5,3
2026-04-16,280230621,8,4,2
2026-04-16,237212831,8,6,4
2026-04-16,280230621,8,5,3
2026-04-16,252167495,8,7,6
2026-04-16,280230621,8,4,0
2026-04-16,234162835,10,3,0
2026-04-16,280230621,8,5,4
2026-04-16,251186153,5,0,0
2026-04-16,280230621,8,4,1
2026-04-16,216234642,10,5,3
2026-04-16,280230621,8,5,1
2026-04-16,280230621,8,7,4
2026-04-16,300243675,13,3,1
2026-04-16,280230621,8,4,2
2026-04-16,828230621,8,3,1
2026-04-16,206048940,10,5,2
2026-04-16,280230621,8,4,2
2026-04-15,856240091,6,2,0
2026-04-15,280230621,8,8,4
2026-04-15,206177683,13,5,0
2026-04-15,280230621,8,4,2
2026-04-15,214212831,13,6,2
2026-04-15,280230621,8,5,2
2026-04-15,251167495,8,7,4
2026-04-15,280230621,8,8,4
2026-04-15,264190941,8,3,0
2026-04-15,280230621,8,5,1
2026-04-15,265233306,9,6,2
2026-04-15,280230621,8,2,1
2026-04-15,828215698,8,4,4
2026-04-15,280230621,8,6,5
2026-04-15,834220901,8,4,1
2026-04-15,280230621,8,4,3
2026-04-15,101048940,8,1,0
2026-04-15,280230621,8,2,1
2026-04-15,856240091,6,7,1
2026-04-15,280230621,8,1,1
2026-04-15,207051539,8,5,2
2026-04-15,280230621,8,4,2
2026-04-15,216192448,2,2,0
2026-04-15,280230621,8,3,1
2026-04-15,851230872,8,1,1
2026-04-15,280230621,8,7,1
2026-04-15,214024630,8,2,0
2026-04-15,280230621,8,6,4
2026-04-15,845199005,8,6,2
2026-04-15,280230621,8,4,0
2026-04-15,829226753,9,6,3
2026-04-15,280230621,8,4,1
2026-04-15,300194404,9,2,1
2026-04-15,280230621,8,3,0
2026-04-15,264230621,9,5,2
2026-04-15,280230621,8,8,2
2026-04-15,814186569,8,4,1
2026-04-15,280230621,8,3,0
2026-04-15,280230621,8,6,3
2026-04-15,217210257,11,8,4
2026-04-15,201167495,13,5,2
2026-04-15,280230621,8,5,2
2026-04-15,828192448,8,2,0
2026-04-15,264230621,8,5,2
2026-04-15,280215698,8,8,5
2026-04-15,264230621,8,6,3
2026-04-14,234192119,8,6,2
2026-04-14,264230621,8,4,1
2026-04-14,300262621,5,4,0
2026-04-14,264230621,8,3,0
2026-04-14,252048940,8,6,4
2026-04-14,264230621,8,3,1
2026-04-14,206212831,11,5,3
2026-04-14,264230621,8,6,5
2026-04-14,826204935,8,3,0
2026-04-14,264230621,8,4,0
2026-04-14,206193080,10,7,5
2026-04-14,264230621,8,7,3
2026-04-14,253192119,8,7,2
2026-04-14,264230621,8,1,0
2026-04-14,289192119,8,4,2
2026-04-14,264230621,8,2,1
2026-04-14,836230621,8,2,0
2026-04-14,264230621,8,5,1
2026-04-14,264230621,8,6,1
2026-04-14,856235840,8,6,1
2026-04-14,256167495,9,6,3
2026-04-14,264230621,8,2,0
2026-04-14,265225116,8,5,2
2026-04-14,264230621,8,7,4
2026-04-14,810200389,9,1,1
2026-04-14,264230621,8,4,4
2026-04-14,264230621,8,7,3
2026-04-14,300263063,12,6,4
2026-04-13,845234642,8,6,2
2026-04-13,264230621,8,9,5
2026-04-13,265234102,9,5,3
2026-04-13,264230621,8,7,2
2026-04-13,101005479,8,9,5
2026-04-13,264230621,8,3,1
2026-04-13,802167948,9,8,5
2026-04-13,264230621,8,4,0
2026-04-13,237212831,8,4,2
2026-04-13,264230621,8,4,0
2026-04-13,251051539,8,2,1
2026-04-13,264230621,8,5,3
2026-04-13,834230621,8,5,1
2026-04-13,264230621,8,6,3
2026-04-13,264230621,8,7,2
2026-04-13,206024630,13,4,3
2026-04-13,252162835,9,10,6
2026-04-13,264230621,8,7,4
2026-04-13,828212831,8,5,0
2026-04-13,264230621,8,6,2
2026-04-13,218215316,10,2,0
2026-04-13,264230621,8,4,3
2026-04-13,289192119,8,8,7
2026-04-13,264230621,8,3,2
2026-04-13,265233306,8,7,2
2026-04-13,264230621,8,5,2
2026-04-13,264230621,8,5,3
2026-04-13,300230621,8,6,3
2026-04-13,264230621,8,2,0
2026-04-13,256193105,8,6,2
2026-04-13,264230621,8,7,2
2026-04-13,291262621,8,5,3
2026-04-13,324024630,13,6,3
2026-04-13,264230621,8,7,4
2026-04-13,323186153,8,1,0
2026-04-13,264230621,8,6,2
2026-04-13,264230621,8,3,0
2026-04-13,300194404,8,7,6
2026-04-13,256167495,8,2,1
2026-04-13,264230621,8,4,1
2026-04-12,206177683,13,7,2
2026-04-12,264230621,8,7,3
2026-04-12,251048940,8,8,5
2026-04-12,264230621,8,5,3
2026-04-12,264230621,8,4,1
2026-04-12,828212831,8,6,1
2026-04-12,840001179,8,3,2
2026-04-12,264230621,8,8,5
2026-04-12,264230621,8,3,1
2026-04-12,300215698,8,3,2
2026-04-12,834215698,8,5,3
2026-04-12,829212831,8,4,3
2026-04-12,251167495,8,3,1
2026-04-12,829212831,8,7,3
2026-04-12,268051539,8,3,0
2026-04-12,264230621,8,3,3
2026-04-12,828215698,8,2,2
2026-04-12,264230621,8,4,1
2026-04-12,265225116,8,5,1
2026-04-12,264230621,8,5,3
2026-04-12,840193080,8,4,3
2026-04-12,264230621,8,5,3
2026-04-12,264230621,8,4,1
2026-04-12,844259532,7,3,1
2026-04-12,825212831,8,3,2
2026-04-12,264230621,8,9,8
2026-04-12,517230621,8,4,1
2026-04-12,264230621,8,6,2
2026-04-12,264230621,8,2,1
2026-04-12,840206585,8,1,1
2026-04-12,206203775,13,5,4
2026-04-12,264230621,8,3,2
2026-04-12,270233934,8,5,3
2026-04-12,264230621,8,7,2
2026-04-12,256167495,8,4,2
2026-04-12,264230621,8,4,0
2026-04-11,834220901,8,4,1
2026-04-11,264230621,8,9,7
2026-04-11,284188943,10,5,3
2026-04-11,264230621,8,6,1
2026-04-11,201167948,13,5,2
2026-04-11,264230621,8,5,3
2026-04-11,284216065,8,5,2
2026-04-11,264230621,8,4,2
2026-04-11,206215316,13,5,2
2026-04-11,264230621,8,3,1
2026-04-11,270233934,8,8,5
2026-04-11,264230621,8,5,2
2026-04-11,834210257,8,4,0
2026-04-11,264230621,8,9,5
2026-04-11,300192448,8,0,0
2026-04-11,264230621,8,3,0
2026-04-11,264230621,8,8,6
2026-04-11,834220901,8,5,3
2026-04-11,846193080,8,5,3
2026-04-11,264230621,8,3,1
2026-04-11,251164835,8,6,2
2026-04-11,264230621,8,3,2
2026-04-11,832215698,8,6,2
2026-04-11,264230621,8,7,3
2026-04-11,300259532,12,3,0
2026-04-11,264230621,8,4,2
2026-04-10,256210257,8,9,3
2026-04-10,264230621,8,6,2
2026-04-10,264230621,8,8,2
2026-04-10,237199987,10,6,3
2026-04-10,265225116,8,5,1
2026-04-10,264230621,8,4,1
2026-04-10,264230621,8,5,1
2026-04-10,834220901,8,6,2
2026-04-10,826200389,8,4,0
2026-04-10,264230621,8,7,2
2026-04-10,851204935,8,1,1
2026-04-10,264230621,8,4,0
2026-04-10,810225116,8,1,1
2026-04-10,264230621,8,3,0
2026-04-10,283192448,9,5,3
2026-04-10,264230621,8,3,1
2026-04-10,264230621,8,1,0
2026-04-10,264230621,8,0,0
2026-04-17,214048940,8,4,1
2026-04-17,300242818,12,4,2
2026-04-17,251001179,9,6,1
2026-04-17,300242818,12,7,2
2026-04-17,300242818,12,5,2
2026-04-17,218221087,8,3,3
2026-04-18,834215698,8,8,3
2026-04-18,207048940,13,6,1
2026-04-18,834215698,8,1,0
2026-04-18,834230621,8,6,4
2026-04-18,834192119,8,5,4
2026-04-18,834215698,8,6,4
2026-04-17,834215698,8,4,0
2026-04-17,853232065,8,6,4
2026-04-17,517211738,8,8,3
2026-04-17,834215698,8,7,5
2026-04-17,300192119,8,6,1
2026-04-17,834215698,8,0,0
2026-04-17,834215698,8,8,5
2026-04-17,206024630,13,5,4
2026-04-16,834215698,8,4,3
2026-04-16,280206585,8,4,1
2026-04-16,836230621,8,3,1
2026-04-16,834215698,8,3,0
2026-04-16,834215698,8,4,3
2026-04-16,828215698,8,2,1
2026-04-16,834215698,8,2,1
2026-04-16,300192119,9,4,1
2026-04-12,300224836,6,11,1
2026-04-12,834215698,8,6,1
2026-04-12,834215698,8,3,1
2026-04-12,268051539,8,7,3
2026-04-12,834215698,8,5,2
2026-04-12,206206585,11,3,2
2026-04-12,834215698,8,0,0
2026-04-12,846202811,8,5,1
2026-04-11,834215698,8,3,2
2026-04-11,216230621,8,10,7
2026-04-17,210230621,9,3,1
2026-04-17,216230621,8,3,0
2026-04-17,216230621,8,3,0
2026-04-17,840215316,8,6,3
2026-04-17,216230621,8,3,1
2026-04-17,829235073,8,5,1
2026-04-17,216230621,8,0,0
2026-04-17,234051539,8,2,2
2026-04-17,844233306,5,5,1
2026-04-17,216230621,8,3,0
2026-04-17,216230621,8,3,1
2026-04-17,265233306,9,5,4
2026-04-17,300225116,11,4,0
2026-04-17,216230621,8,7,1
2026-04-17,216230621,8,3,1
2026-04-17,825192448,8,3,1
2026-04-15,242186153,8,3,0
2026-04-15,216230621,8,1,1
2026-04-12,217177683,13,8,7
2026-04-12,251192119,8,6,4
2026-04-12,217177683,13,8,4
2026-04-12,829167495,8,6,3
2026-04-12,217177683,13,8,4
2026-04-12,237199987,8,9,2
2026-04-11,217177683,13,9,4
2026-04-11,856240091,8,7,4
2026-04-11,217177683,13,1,0
2026-04-11,270234577,8,15,6
2026-04-11,217177683,13,8,4
2026-04-11,283211101,10,1,0
2026-04-11,217177683,13,4,1
2026-04-11,836167948,8,6,0
2026-04-11,829235073,9,4,2
2026-04-11,217177683,13,1,1
2026-04-11,207051539,9,5,2
2026-04-11,217177683,13,4,3
2026-04-11,206177683,10,6,3
2026-04-11,217177683,13,8,1
2026-04-11,217177683,13,6,4
2026-04-11,251192119,8,9,5
2026-04-11,217177683,13,5,2
2026-04-11,284001179,8,3,0
2026-04-11,217177683,13,6,3
2026-04-11,234167495,8,6,1
2026-04-11,217177683,13,3,0
2026-04-11,207212831,11,5,1
2026-04-11,217177683,13,3,1
2026-04-11,828192119,8,3,2
2026-04-11,217177683,13,6,2
2026-04-11,242192119,8,10,4
2026-04-11,217177683,13,2,0
2026-04-11,829235073,8,3,1
2026-04-11,234001179,8,7,3
2026-04-11,217177683,13,6,1
2026-04-11,828200389,8,5,2
2026-04-11,217177683,13,5,2
2026-04-11,253192119,8,3,1
2026-04-11,300235840,1,3,2
2026-04-11,217177683,13,9,6
2026-04-11,242186153,6,6,3
2026-04-11,814223885,8,5,4
2026-04-11,217177683,13,2,1
2026-04-08,814048940,8,5,2
2026-04-08,217177683,13,3,1
2026-04-04,217177683,13,7,2
2026-04-04,231193080,8,6,3
2026-04-04,210230621,5,4,0
2026-04-04,217177683,13,6,3
2026-04-04,217177683,13,0,0
2026-04-04,508163155,13,4,1
2026-04-03,217177683,13,6,3
2026-04-03,284216065,10,4,3
2026-04-03,217177683,13,6,4
2026-04-03,201051539,8,5,1
2026-04-02,217177683,13,5,1
2026-04-02,828212831,8,3,1
2026-03-29,217177683,13,4,2
2026-03-29,834210257,8,5,4
2026-03-29,217177683,13,5,2
2026-03-29,237210257,8,5,4
2026-03-29,217177683,13,2,1
2026-03-29,828192119,8,10,4
2026-03-29,291227127,10,7,4
2026-03-29,217177683,13,3,1
2026-03-29,217177683,13,2,1
2026-03-29,828167948,8,9,4
2026-03-29,217177683,13,5,4
2026-03-29,814194404,8,10,6
2026-03-29,217177683,13,4,2
2026-03-29,853232065,9,5,3
2026-03-29,217177683,13,2,2
2026-03-29,818167495,8,7,2
2026-03-29,217177683,13,4,2
2026-03-29,828192448,8,5,1
2026-03-29,217177683,13,3,0
2026-03-29,264230621,8,5,3
2026-03-29,300199987,9,2,0
2026-03-29,217177683,13,3,0
2026-03-29,217177683,13,3,1
2026-03-29,237192119,8,8,3
2026-03-29,207051539,9,2,0
2026-03-29,217177683,13,7,7
2026-03-29,217177683,13,4,3
2026-03-29,219228413,13,9,6
2026-03-27,515252154,8,7,2
2026-03-27,502192119,8,5,1
2026-03-26,231024630,8,2,1
2026-03-26,515252154,8,5,2
2026-03-26,515252154,8,4,3
2026-03-26,214212831,12,3,3
2026-03-26,515252154,8,3,1
2026-03-26,840200389,8,3,2
2026-03-26,515252154,8,8,3
2026-03-26,825051539,11,2,2
2026-03-26,515252154,8,3,0
2026-03-26,300233189,13,6,1
2026-03-26,515252154,8,3,0
2026-03-26,828167948,8,3,3
2026-03-26,515252154,8,7,1
2026-03-26,300230621,8,5,3
2026-03-21,515252154,8,4,2
2026-03-21,828212831,9,6,5
2026-03-21,515252154,8,7,4
2026-03-21,827048940,8,2,0
2026-03-21,515252154,8,5,2
2026-03-21,253241671,10,7,4
2026-03-21,810228413,9,7,5
2026-03-21,515252154,8,5,2
2026-03-21,515252154,8,2,2
2026-03-21,214192119,11,5,1
2026-03-21,825210257,8,5,3
2026-03-21,515252154,8,4,1
2026-03-21,515252154,8,5,2
2026-03-21,834210257,8,9,5
2026-03-21,515252154,8,4,2
2026-03-21,265192119,8,7,5
2026-03-21,515252154,8,5,3
2026-03-21,834210257,8,5,4
2026-03-21,300243830,13,3,3
2026-03-21,515252154,8,2,2
2026-03-21,515252154,8,3,2
2026-03-21,856240091,7,7,5
2026-03-20,515252154,8,7,4
2026-03-20,834235073,8,6,4
2026-04-10,828202811,8,6,3
2026-04-10,324073239,13,4,2
2026-04-10,828226753,8,3,0
2026-04-10,324073239,13,5,2
2026-04-10,828167495,8,1,0
2026-04-10,324073239,13,7,3
2026-04-09,324073239,13,4,2
2026-04-09,804262621,8,6,2
2026-04-09,852263880,8,5,3
2026-04-09,324073239,13,3,2
2026-04-09,234162835,8,3,2
2026-04-09,324073239,13,8,3
2026-04-09,848192119,8,2,0
2026-04-09,324073239,13,2,1
2026-04-09,206177683,13,3,1
2026-04-09,324073239,13,4,3
2026-04-09,283211101,8,4,2
2026-04-09,324073239,13,2,1
2026-04-09,237192119,8,2,1
2026-04-09,324073239,13,7,4
2026-04-09,513262621,8,3,1
2026-04-09,324073239,13,5,2
2026-04-09,802192448,8,4,1
2026-04-09,324073239,13,4,3
2026-04-09,265225116,8,5,2
2026-04-09,324073239,13,2,0
2026-04-09,289192119,8,5,2
2026-04-09,324073239,13,1,0
2026-04-09,207212831,10,5,0
2026-04-09,324073239,13,8,7
2026-04-09,291211738,8,1,1
2026-04-09,324073239,13,3,0
2026-04-09,264230621,8,3,1
2026-04-09,324073239,13,5,2
2026-04-09,300226753,8,3,1
2026-04-09,324073239,13,4,0
2026-04-09,283192448,10,6,3
2026-04-09,324073239,13,3,1
2026-04-08,828212831,9,9,5
2026-04-08,324073239,13,5,2
2026-04-08,324073239,13,5,3
2026-04-08,280210257,5,3,1
2026-04-08,256167495,8,2,1
2026-04-08,324073239,13,5,0
2026-04-08,253163587,9,2,1
2026-04-08,324073239,13,9,4
2026-04-08,324073239,13,6,3
2026-04-08,237210257,8,6,3
2026-04-08,260226753,8,3,1
2026-04-08,324073239,13,8,4
2026-04-08,834212831,8,3,0
2026-04-08,324073239,13,4,2
2026-04-08,834220901,8,3,0
2026-04-08,324073239,13,5,5
2026-04-08,300259532,11,5,4
2026-04-08,324073239,13,5,3
2026-04-08,324073239,13,5,1
2026-04-08,829220901,8,8,6
2026-04-08,324073239,13,6,3
2026-04-08,853238570,8,4,0
2026-04-08,300259065,11,3,1
2026-04-08,324073239,13,8,4
2026-04-08,802163587,8,4,2
2026-04-08,324073239,13,3,0
2026-04-17,246211990,8,7,1
2026-04-17,828212831,8,5,1
2026-04-17,256186153,8,9,5
2026-04-17,828212831,8,4,1
2026-04-17,265192119,8,6,2
2026-04-17,828212831,8,1,0
2026-04-17,300233189,13,4,0
2026-04-17,828212831,8,4,1
2026-04-17,300215316,13,1,1
2026-04-17,828212831,8,3,1
2026-04-17,206024630,13,5,0
2026-04-17,828212831,8,5,3
2026-04-17,251192119,8,7,1
2026-04-17,828212831,8,4,1
2026-04-17,829192448,9,6,3
2026-04-17,828212831,8,8,4
2026-04-17,234001179,8,6,2
2026-04-17,828212831,8,7,4
2026-04-18,216163587,10,5,1
2026-04-18,320192613,9,7,4
2026-04-18,300257635,13,9,5
2026-04-18,320192613,9,4,2
2026-04-18,253177683,10,4,0
2026-04-18,320192613,9,11,8
2026-04-18,270233934,9,2,2
2026-04-18,300266517,6,5,1
2026-04-18,826204935,8,2,0
2026-04-18,825051539,8,9,3
2026-04-17,825051539,8,2,1
2026-04-17,853232065,8,1,0
2026-04-17,214167495,8,6,4
2026-04-17,825051539,8,3,0
2026-04-17,825051539,8,6,3
2026-04-17,265233306,8,3,1
2026-04-17,256051539,8,1,1
2026-04-17,825051539,8,8,3
2026-04-17,846193080,8,2,1
2026-04-17,825051539,8,5,1
2026-04-17,253177683,8,5,1
2026-04-17,825051539,8,4,3
2026-04-17,234162835,8,1,0
2026-04-17,825051539,8,6,3
2026-04-17,814048940,8,5,2
2026-04-17,825051539,8,6,4
2026-04-16,802200389,8,2,1
2026-04-16,825051539,8,6,2
2026-04-16,517230869,8,2,1
2026-04-16,825051539,8,6,2
2026-04-17,517204935,8,7,3
2026-04-17,853238570,8,7,5
2026-04-17,517204935,8,4,1
2026-04-17,802167495,8,4,0
2026-04-17,517204935,8,7,3
2026-04-17,840001179,8,6,2
2026-04-17,517204935,8,6,2
2026-04-17,834242948,8,3,0
2026-04-17,853238570,8,5,3
2026-04-17,517204935,8,2,0
2026-04-17,517204935,8,0,0
2026-04-17,283230621,8,28,10
2026-04-17,517204935,8,1,0
2026-04-17,265233306,8,2,2
2026-04-10,517204935,8,4,0
2026-04-10,517193698,9,3,3
2026-04-10,251051539,8,7,4
2026-04-10,517204935,8,2,0
2026-04-10,517204935,8,2,1
2026-04-10,289167948,9,10,6
2026-04-10,517204935,8,1,0
2026-04-10,274192119,8,6,4
2026-04-10,517204935,8,6,3
2026-04-10,826226753,9,3,1
2026-04-10,517204935,8,6,2
2026-04-10,836167948,8,9,4
2026-04-16,848167948,8,5,3
2026-04-16,206024630,8,8,8
2026-04-16,848167948,8,7,4
2026-04-16,300243675,13,2,1
2026-04-16,848167948,8,3,1
2026-04-16,300212831,8,8,1
2026-04-16,848167948,8,5,1
2026-04-16,265233306,8,3,1
2026-04-16,804263063,9,1,0
2026-04-16,848167948,8,8,3
2026-04-16,848167948,8,8,2
2026-04-16,300192448,8,5,4
2026-04-16,848167948,8,1,0
2026-04-16,828215698,8,4,3
2026-04-13,848167948,8,1,1
2026-04-13,283211101,8,4,2
2026-04-11,231024630,8,5,2
2026-04-11,848167948,8,2,0
2026-04-11,300192448,8,2,1
2026-04-11,848167948,8,4,2
2026-04-09,848167948,8,7,3
2026-04-09,825200159,8,1,1
2026-04-09,848167948,8,3,0
2026-04-09,827190053,9,8,3
2026-04-09,846164835,8,6,0
2026-04-09,848167948,8,4,2
2026-04-09,848167948,8,5,2
2026-04-09,517202811,8,3,2
2026-04-09,265192119,9,5,2
2026-04-09,848167948,8,3,1
2026-04-09,848167948,8,6,4
2026-04-09,256199987,8,6,2
2026-04-09,848167948,8,5,4
2026-04-09,256186153,9,4,3
2026-04-06,852186153,8,2,2
2026-04-06,253230621,8,7,4
2026-04-06,517190941,8,3,0
2026-04-06,852186153,8,3,2
2026-04-06,852186153,8,4,0
2026-04-06,217177683,13,4,1
2026-04-05,852186153,8,3,2
2026-04-05,834200389,8,3,1
2026-04-05,852186153,8,2,0
2026-04-05,826205186,8,4,3
2026-04-05,253167495,8,7,6
2026-04-05,852186153,8,10,4
2026-04-05,852186153,8,6,3
2026-04-05,251051539,8,4,2
2026-04-05,852186153,8,4,1
2026-04-05,251001179,8,4,1
2026-04-05,206200389,13,2,0
2026-04-05,852186153,8,5,1
2026-04-05,852186153,8,3,0
2026-04-05,825051539,8,5,2
2026-04-04,247191924,8,4,2
2026-04-04,852186153,8,4,3
2026-04-04,852186153,8,4,0
2026-04-04,828200389,8,3,1
2026-04-04,852186153,8,5,3
2026-04-04,855230872,8,2,0
2026-04-04,852186153,8,5,3
2026-04-04,515228413,10,8,5
2026-04-04,852186153,8,2,0
2026-04-04,216230621,8,5,1
2026-04-04,852186153,8,3,0
2026-04-04,256193105,10,5,3
2026-04-04,234167495,8,3,3
2026-04-04,852186153,8,2,1
2026-04-03,834220901,8,2,2
2026-04-03,834251752,8,7,2
2026-04-02,265186153,8,7,3
2026-04-02,834220901,8,3,1
2026-04-02,834220901,8,4,3
2026-04-02,846193080,8,8,7
2026-04-02,834220901,8,6,2
2026-04-02,206200389,10,1,1
2026-04-02,834220901,8,1,0
2026-04-02,828215698,8,1,0
2026-04-02,300219836,13,1,0
2026-04-02,834220901,8,4,3
2026-04-02,804262621,9,2,1
2026-04-02,834220901,8,2,1
2026-03-29,834220901,8,2,1
2026-03-29,828212831,8,9,3
2026-03-27,834220901,8,4,0
2026-03-27,501215698,8,4,1
2026-03-26,237212831,8,5,1
2026-03-26,834220901,8,7,3
2026-03-25,834220901,8,3,1
2026-03-25,840242948,8,2,2
2026-03-25,834220901,8,5,3
2026-03-25,251051539,8,4,0
2026-03-25,834220901,8,1,1
2026-03-25,846193080,8,2,0
2026-04-15,517202811,8,7,4
2026-04-15,517185122,8,4,0
2026-04-15,517202811,8,1,0
2026-04-15,237210257,8,3,2
2026-04-15,517202811,8,5,2
2026-04-15,206024630,12,5,1
2026-04-15,517202811,8,4,2
2026-04-15,517211738,8,4,1
2026-04-09,517202811,8,4,3
2026-04-09,846193080,8,5,2
2026-04-07,517202811,8,2,1
2026-04-07,848212831,8,7,2
2026-04-07,517202811,8,2,1
2026-04-07,214005479,8,4,2
2026-04-07,517202811,8,3,2
2026-04-07,853212432,8,4,2
2026-04-07,517202811,8,6,3
2026-04-07,845233267,8,3,1
2026-04-07,517202811,8,6,1
2026-04-07,291262621,9,4,1
2026-04-07,517202811,8,5,2
2026-04-07,234162835,8,6,2
2026-04-07,517202811,8,1,1
2026-04-07,845233267,8,5,5
2026-04-07,517202811,8,4,2
2026-04-07,242192119,11,3,1
2026-04-01,517202811,8,0,0
2026-04-01,836167948,8,5,0
2026-04-01,517202811,8,5,2
2026-04-01,206177683,12,4,1
2026-04-01,517202811,8,5,1
2026-04-01,825212831,9,5,2
2026-04-01,517202811,8,1,0
2026-04-01,283170597,9,4,0
2026-04-01,517202811,8,6,2
2026-04-01,846212831,8,2,0
2026-04-01,517202811,8,3,0
2026-04-01,300235840,12,0,0
2026-04-01,517202811,8,5,2
2026-04-01,283230621,8,8,5
2026-04-01,517202811,8,2,0
2026-04-01,206024630,11,4,1
2026-04-01,517202811,8,3,0
2026-04-01,300210257,8,1,1
2026-04-01,517202811,8,6,0
2026-04-01,268051539,8,5,3
2026-03-31,517202811,8,6,4
2026-03-31,289192119,8,5,1
2026-03-30,828202811,8,3,1
2026-03-30,517235073,8,3,0
2026-03-30,828202811,8,5,1
2026-03-30,834215698,8,2,1
2026-03-30,828202811,8,5,2
2026-03-30,101001179,8,5,2
2026-03-30,828202811,8,9,5
2026-03-30,517193080,8,3,2
2026-03-30,828202811,8,4,2
2026-03-30,818167495,8,7,0
2026-03-30,828202811,8,9,4
2026-03-30,834215698,8,6,1
2026-03-30,828202811,8,5,2
2026-03-30,810220901,8,3,1
2026-03-30,828202811,8,4,0
2026-03-30,826226753,8,0,0
2026-03-30,828202811,8,7,2
2026-03-30,300270141,13,4,1
2026-03-26,828202811,8,3,2
2026-03-26,217177683,13,6,3
2026-03-26,828202811,8,3,0
2026-03-26,324024630,13,6,2
2026-03-24,517202811,8,1,1
2026-03-24,273234642,8,8,4
2026-03-24,517202811,8,7,6
2026-03-24,251192119,8,9,7
2026-03-22,517202811,8,4,2
2026-03-22,828192448,8,6,0
2026-03-22,517202811,8,5,3
2026-03-22,828192119,8,2,0
2026-03-22,517202811,8,9,5
2026-03-22,517225116,8,2,0
2026-03-22,241190941,12,2,1
2026-03-22,517202811,8,6,2
2026-03-22,517202811,8,5,2
2026-03-22,216167495,8,2,0
2026-03-22,517202811,8,5,4
2026-03-22,260204246,8,7,2
2026-03-22,517202811,8,6,2
2026-03-22,260186569,8,3,2
2026-03-22,517202811,8,4,3
2026-03-22,280215698,8,6,3
2026-03-22,517202811,8,7,3
2026-03-22,513220901,8,5,3
2026-03-22,517202811,8,3,0
2026-03-22,300269271,13,0,0
2026-03-22,517202811,8,5,1
2026-03-22,513240091,8,4,3
2026-03-20,517202811,8,1,0
2026-03-20,101051539,8,7,5
2026-03-20,517202811,8,3,2
2026-03-20,511220901,8,4,2
2026-03-19,517202811,8,4,0
2026-03-19,515212831,8,5,2
2026-04-17,207212831,8,7,4
2026-04-17,214005479,8,1,1
2026-04-17,511203841,5,5,2
2026-04-17,214005479,8,5,3
2026-04-17,834230621,8,8,3
2026-04-17,214005479,8,7,3
2026-04-17,852223885,8,5,1
2026-04-17,214005479,8,9,3
2026-04-17,253167495,8,8,0
2026-04-17,214005479,8,1,1
2026-04-17,300243675,13,6,2
2026-04-17,214005479,8,5,1
2026-04-17,834202811,8,3,2
2026-04-17,214005479,8,5,1
2026-04-17,856240091,5,6,1
2026-04-17,214005479,8,2,0
2026-04-17,270193105,8,4,0
2026-04-17,214005479,8,5,2
2026-04-17,300225395,13,6,6
2026-04-17,214005479,8,3,1
2026-04-17,206177683,8,2,0
2026-04-17,214005479,8,8,3
2026-04-17,852204092,8,5,1
2026-04-17,214005479,8,7,4
2026-04-17,517259532,8,5,1
2026-04-17,214005479,8,2,0
2026-04-17,111051539,8,2,2
2026-04-17,214005479,8,6,2
2026-04-17,834230621,8,3,1
2026-04-17,214005479,8,1,0
2026-04-17,201048940,11,6,4
2026-04-17,214005479,8,4,1
2026-04-16,300235840,12,4,1
2026-04-16,214005479,8,4,0
2026-04-16,237165735,10,7,5
2026-04-16,214005479,8,6,4
2026-04-16,834212831,8,6,3
2026-04-16,214005479,8,6,2
2026-04-15,242192448,8,8,0
2026-04-15,206206585,12,4,2
2026-04-15,251167948,8,6,4
2026-04-15,206206585,12,4,1
2026-04-15,218199987,8,4,1
2026-04-15,206206585,12,3,1
2026-04-15,237210257,9,11,1
2026-04-15,206206585,12,3,1
2026-04-15,836230621,8,5,2
2026-04-15,206206585,12,11,5
2026-04-15,802167495,9,9,7
2026-04-15,206206585,12,5,2
2026-04-15,825210257,10,6,2
2026-04-15,206206585,12,3,1
2026-04-15,834235073,8,3,2
2026-04-15,206206585,12,3,0
2026-04-15,300212432,13,4,2
2026-04-15,206206585,12,8,5
2026-04-15,206192119,2,3,2
2026-04-15,206206585,12,4,1
2026-04-15,300202811,8,3,2
2026-04-15,206206585,12,7,4
2026-04-15,834242948,9,2,1
2026-04-15,206206585,12,5,0
2026-04-15,820240091,7,6,3
2026-04-15,206206585,12,2,2
2026-04-15,300186153,8,3,0
2026-04-15,206206585,12,4,2
2026-04-15,206206585,11,5,0
2026-04-15,206206585,12,5,4
2026-04-15,300234102,13,1,1
2026-04-15,206206585,12,4,0
2026-04-15,265234102,9,4,2
2026-04-15,206206585,12,5,5
2026-04-14,834190941,8,8,4
2026-04-14,206206585,12,6,4
2026-04-14,856228789,9,3,2
2026-04-14,206206585,12,3,0
2026-04-14,300235840,13,2,2
2026-04-14,206206585,12,6,3
2026-04-14,513206585,8,0,0
2026-04-14,206206585,12,6,0
2026-04-14,265225116,10,5,5
2026-04-14,206206585,12,8,3
2026-04-14,280210257,8,4,2
2026-04-14,206206585,12,1,0
2026-04-14,300203042,13,1,1
2026-04-14,206206585,12,5,2
2026-04-14,829192119,8,4,2
2026-04-14,206206585,12,2,1
2026-04-14,517220901,8,7,2
2026-04-14,206206585,12,7,3
2026-04-14,300258485,13,9,5
2026-04-14,206206585,12,4,2
2026-04-14,834212831,8,7,3
2026-04-14,206206585,12,5,3
2026-04-14,805252662,8,2,1
2026-04-14,206206585,12,3,3
2026-04-13,251192119,8,9,3
2026-04-13,206206585,12,4,2
2026-04-13,802051539,8,7,3
2026-04-13,206206585,12,8,2
2026-04-13,300212831,8,3,1
2026-04-13,206206585,12,4,3
2026-04-13,856203841,8,2,0
2026-04-13,206206585,12,3,2
2026-04-13,855192119,8,6,3
2026-04-13,206206585,12,7,3
2026-04-13,836230621,8,3,2
2026-04-13,206206585,12,1,0
2026-04-13,300206585,8,3,1
2026-04-13,206206585,12,5,0
2026-04-13,270234577,10,8,4
2026-04-13,206206585,12,4,2
2026-04-13,300167495,8,3,2
2026-04-13,206206585,12,8,1
2026-04-13,260213951,8,12,5
2026-04-13,206206585,12,0,0
2026-04-13,517225116,8,1,0
2026-04-13,206206585,12,4,0
2026-04-13,251186153,9,6,3
2026-04-13,206206585,12,4,3
2026-04-13,237190053,8,5,3
2026-04-13,206206585,12,3,1
2026-04-13,517235073,8,5,2
2026-04-13,206206585,12,5,1
2026-04-13,237212831,8,5,1
2026-04-13,206206585,12,9,4
2026-04-13,830212432,8,2,0
2026-04-13,206206585,12,4,1
2026-04-13,283167495,8,5,4
2026-04-13,206206585,12,6,5
2026-04-13,289051539,8,5,5
2026-04-13,206206585,12,5,3
2026-04-12,280240913,9,5,3
2026-04-12,206206585,12,5,4
2026-04-12,828167495,9,9,5
2026-04-12,206206585,12,8,2
2026-04-12,246211990,8,5,2
2026-04-12,206206585,12,7,0
2026-04-12,237199987,8,6,1
2026-04-12,206206585,12,2,1
2026-04-12,826210676,9,3,0
2026-04-12,206206585,12,9,4
2026-04-10,852001179,8,9,1
2026-04-10,206206585,12,1,0
2026-04-10,216192448,8,4,1
2026-04-10,206206585,12,3,1
2026-04-10,300233164,13,0,0
2026-04-10,206206585,12,6,3
2026-04-10,265192119,8,8,1
2026-04-10,206206585,12,6,3
2026-04-10,834230621,8,3,1
2026-04-10,206206585,12,7,5
2026-04-10,826226753,8,4,2
2026-04-10,206206585,12,6,3
2026-04-10,206024630,13,3,1
2026-04-10,206206585,12,5,1
2026-04-10,234051539,8,4,0
2026-04-10,216234642,8,1,0
2026-04-10,251192119,8,0,0
2026-04-10,206206585,12,8,5
2026-04-10,517240091,8,4,2
2026-04-10,216234642,8,5,0
2026-04-10,834192119,8,8,0
2026-04-10,206206585,12,2,1
2026-04-10,256193105,9,6,5
2026-04-10,206206585,12,4,2
2026-04-10,206206585,12,1,0
2026-04-10,206206585,12,9,6
2026-04-10,206167948,13,6,3
2026-04-10,206206585,12,3,2
2026-04-10,300228789,13,3,1
2026-04-10,206206585,12,6,4
2026-04-10,246186569,8,3,1
2026-04-10,206206585,12,5,2
2026-04-10,291220901,8,8,3
2026-04-10,206206585,12,6,3
2026-04-10,834220901,8,4,2
2026-04-10,206206585,12,6,5
2026-04-10,214192119,11,3,0
2026-04-10,206206585,12,8,3
2026-04-09,216167495,8,2,0
2026-04-09,206206585,12,3,2
2026-04-09,206048940,12,7,1
2026-04-09,206206585,12,8,5
2026-04-09,242192119,8,4,0
2026-04-09,206206585,12,7,2
2026-04-09,216162835,8,1,1
2026-04-09,206206585,12,4,0
2026-04-09,242210257,8,3,1
2026-04-09,206206585,12,1,0
2026-04-09,300262621,8,9,5
2026-04-09,206206585,12,11,5
2026-04-09,216192448,8,2,1
2026-04-09,206206585,12,4,4
2026-04-09,256186569,8,2,1
2026-04-09,206206585,12,4,2
2026-04-09,253204935,8,7,4
2026-04-09,206206585,12,2,0
2026-04-09,284146748,8,4,0
2026-04-09,206206585,12,7,4
2026-04-09,214192119,11,4,0
2026-04-09,206206585,12,6,3
2026-04-09,828215698,8,7,4
2026-04-09,206206585,12,4,1
2026-04-09,826210676,8,10,6
2026-04-09,206206585,12,4,1
2026-04-09,829204883,9,4,3
2026-04-09,206206585,12,5,2
2026-04-09,856203841,8,4,1
2026-04-09,206206585,12,8,5
2026-04-09,834235840,8,4,2
2026-04-09,206206585,12,6,2
2026-04-09,206212831,8,6,3
2026-04-09,206206585,12,5,4
2026-04-09,828192448,8,5,2
2026-04-09,206206585,12,5,3
2026-04-09,517240091,8,6,2
2026-04-09,206206585,12,5,2
2026-04-09,237210257,8,7,5
2026-04-09,206206585,12,6,1
2026-04-08,828230621,8,6,3
2026-04-08,206206585,12,7,5
2026-04-08,206192448,8,8,2
2026-04-08,206206585,12,4,1
2026-04-08,270233934,8,13,1
2026-04-08,206206585,12,0,0
2026-04-08,324024630,13,9,4
2026-04-08,206206585,12,6,2
2026-04-08,848252154,8,3,2
2026-04-08,206206585,12,5,2
2026-04-08,206193080,9,10,3
2026-04-08,206206585,12,3,1
2026-04-08,825206585,8,7,2
2026-04-08,206206585,12,4,1
2026-04-08,834212831,8,2,0
2026-04-08,206206585,12,6,3
2026-04-08,265225116,8,3,1
2026-04-08,206206585,12,5,0
2026-04-08,283186153,8,3,1
2026-04-08,206206585,12,5,2
2026-04-08,253167495,8,4,3
2026-04-08,206206585,12,9,5
2026-04-08,251192119,8,3,0
2026-04-08,206206585,12,8,2
2026-04-08,501192119,13,3,1
2026-04-08,206206585,12,4,1
2026-04-08,300212831,8,6,3
2026-04-08,206206585,12,5,4
2026-04-08,260186569,8,3,1
2026-04-08,206206585,12,5,0
2026-04-17,284216065,8,4,3
2026-04-17,804262621,8,3,0
2026-04-17,300219836,13,4,2
2026-04-17,804262621,8,6,3
2026-04-17,283230621,8,8,4
2026-04-17,804262621,8,3,1
2026-04-17,101000488,8,7,2
2026-04-17,804262621,8,3,2
2026-04-17,291220901,8,4,0
2026-04-17,804262621,8,4,1
2026-04-17,829226753,8,1,0
2026-04-17,804262621,8,0,0
2026-04-17,804262621,8,3,1
2026-04-17,825005479,8,3,1
2026-04-17,804262621,8,3,0
2026-04-17,234174543,8,1,0
2026-04-17,513186153,8,4,2
2026-04-17,804262621,8,9,5
2026-04-17,804262621,8,5,2
2026-04-17,802167495,8,2,1
2026-04-17,289001179,8,4,3
2026-04-17,804262621,8,4,1
2026-04-17,804262621,8,6,2
2026-04-17,300167495,8,4,0
2026-04-16,300185122,10,4,0
2026-04-16,804262621,8,1,0
2026-04-16,802167495,8,7,5
2026-04-16,804262621,8,5,2
2026-04-16,237210257,8,3,1
2026-04-16,804262621,8,3,3
2026-04-16,853212432,8,1,1
2026-04-16,804262621,8,5,4
2026-04-16,300162328,13,1,0
2026-04-16,804262621,8,1,0
2026-04-16,233150724,10,3,2
2026-04-16,804262621,8,7,4
2026-04-16,845233267,8,2,1
2026-04-16,804262621,8,6,4
2026-04-16,848190941,8,2,1
2026-04-16,804262621,8,6,4
2026-04-16,804262621,8,5,0
2026-04-16,513230621,8,2,1
2026-04-16,231146748,8,5,0
2026-04-16,804262621,8,0,0
2026-04-16,225238570,12,2,0
2026-04-16,804262621,8,4,1
2026-04-16,300194404,8,6,2
2026-04-16,804262621,8,1,0
2026-04-16,251048940,8,1,1
2026-04-16,804262621,8,4,2
2026-04-16,206177683,13,5,2
2026-04-16,804262621,8,2,1
2026-04-16,300177683,5,3,0
2026-04-16,804262621,8,3,2
2026-04-16,810192448,8,4,2
2026-04-16,804262621,8,5,1
2026-04-16,247191924,5,2,1
2026-04-16,804262621,8,6,1
2026-04-15,300270141,12,6,0
2026-04-15,804262621,8,7,6
2026-04-15,804262621,8,6,4
2026-04-15,300259532,8,4,1
2026-04-15,270233934,8,5,3
2026-04-15,804262621,8,4,2
2026-04-15,846192119,8,7,4
2026-04-15,804262621,8,6,1
2026-04-15,846212831,8,3,1
2026-04-15,804262621,8,7,3
2026-04-15,256051539,8,3,0
2026-04-15,804262621,8,5,4
2026-04-15,251186153,8,5,1
2026-04-15,804262621,8,2,0
2026-04-14,300200110,13,1,0
2026-04-14,804262621,8,2,2
2026-04-14,851204935,9,4,2
2026-04-14,804262621,8,2,2
2026-04-14,300228789,13,3,0
2026-04-14,804262621,8,7,6
2026-04-14,300203841,8,2,0
2026-04-14,804262621,8,7,4
2026-04-14,825192448,10,7,3
2026-04-14,804262621,8,5,3
2026-04-13,246199987,8,5,3
2026-04-13,804262621,8,3,0
2026-04-13,201192119,5,4,2
2026-04-13,804262621,8,7,2
2026-04-13,834210257,8,2,2
2026-04-13,804262621,8,3,0
2026-04-13,804262621,8,8,6
2026-04-13,300211738,7,6,4
2026-04-13,804262621,8,2,0
2026-04-13,253192119,8,5,2
2026-04-13,840192119,8,5,2
2026-04-13,804262621,8,5,4
2026-04-13,283167495,8,4,4
2026-04-13,804262621,8,2,0
2026-04-13,256210257,8,3,3
2026-04-13,804262621,8,8,0
2026-04-13,804262621,8,5,4
2026-04-13,265192119,8,3,0
2026-04-13,848252154,8,6,3
2026-04-13,804262621,8,3,2
2026-04-13,828212831,8,1,0
2026-04-13,804262621,8,6,6
2026-04-13,804262621,8,0,0
2026-04-13,300215316,11,4,1
2026-04-12,834251752,8,3,1
2026-04-12,804262621,8,7,3
2026-04-12,836230621,8,2,1
2026-04-12,804262621,8,6,2
2026-04-12,264230621,8,4,3
2026-04-12,804262621,8,4,2
2026-04-12,251051539,9,3,1
2026-04-12,804262621,8,7,3
2026-04-12,802051539,8,1,0
2026-04-12,804262621,8,3,2
2026-04-12,836230621,8,3,0
2026-04-12,804262621,8,5,3
2026-04-12,804262621,8,5,0
2026-04-12,237210257,8,4,0
2026-04-12,834220901,8,3,0
2026-04-12,804262621,8,8,1
2026-04-12,265233306,8,3,1
2026-04-12,804262621,8,5,1
2026-04-11,283170597,9,3,0
2026-04-11,804262621,8,9,6
2026-04-11,206212831,8,2,1
2026-04-11,804262621,8,8,3
2026-04-11,216192448,8,3,1
2026-04-11,804262621,8,2,2
2026-04-11,804262621,8,3,1
2026-04-11,300193105,8,6,2
2026-04-10,856259532,6,5,2
2026-04-10,804262621,8,2,2
2026-04-10,825051539,8,7,4
2026-04-10,804262621,8,6,2
2026-04-10,804262621,8,6,2
2026-04-10,264190941,8,1,0
2026-04-10,246186569,8,3,0
2026-04-10,804262621,8,4,1
2026-04-10,804262621,8,2,1
2026-04-10,834190941,8,3,1
2026-04-10,513206585,8,4,1
2026-04-10,804262621,8,3,3
2026-04-10,802163587,10,5,0
2026-04-10,804262621,8,3,1
2026-04-15,828192448,8,6,3
2026-04-15,201001179,13,2,0
2026-04-15,828192448,8,1,0
2026-04-15,324024630,12,6,2
2026-04-15,828192448,8,7,4
2026-04-15,206210257,12,5,1
2026-04-15,828192448,8,9,9
2026-04-15,237051539,9,7,4
2026-04-15,246186569,10,6,2
2026-04-15,828192448,8,3,1
2026-04-15,270233934,8,4,2
2026-04-15,828192448,8,4,3
2026-04-14,283224251,8,3,3
2026-04-14,231024630,8,5,2
2026-04-14,283224251,8,0,0
2026-04-14,814048940,9,2,0
2026-04-14,265186153,8,2,0
2026-04-14,283224251,8,3,2
2026-04-14,283192448,9,0,0
2026-04-14,283224251,8,5,1
2026-04-14,283224251,8,2,2
2026-04-14,237212831,8,5,1
2026-04-14,283224251,8,5,3
2026-04-14,802048940,8,3,1
2026-04-14,283224251,8,1,0
2026-04-14,237212831,8,6,1
2026-04-14,206192448,11,4,2
2026-04-14,283224251,8,5,3
2026-04-14,517223885,8,4,1
2026-04-14,283224251,8,4,1
2026-04-14,283224251,8,1,1
2026-04-14,851220901,8,7,4
2026-04-14,268005479,9,3,0
2026-04-14,283224251,8,2,2
2026-04-14,283224251,8,3,1
2026-04-14,324208104,13,3,0
2026-04-14,834230621,9,0,0
2026-04-14,283224251,8,3,0
2026-04-14,283224251,8,6,2
2026-04-14,517259532,8,1,0
2026-04-14,283224251,8,4,0
2026-04-14,256199987,8,4,1
2026-04-14,840193080,9,2,1
2026-04-14,283224251,8,2,1
2026-04-14,300192119,8,5,0
2026-04-14,283224251,8,4,1
2026-04-14,501230621,8,7,2
2026-04-14,283224251,8,4,0
2026-04-14,233192119,9,4,1
2026-04-14,283224251,8,5,2
2026-04-14,283224251,8,3,2
2026-04-14,101000488,8,1,0
2026-04-12,283224251,8,2,2
2026-04-12,517230621,8,5,1
2026-04-12,324024630,13,7,4
2026-04-12,283224251,8,6,2
2026-04-12,825210257,8,7,2
2026-04-12,283224251,8,3,1
2026-04-12,216192448,8,4,2
2026-04-12,283224251,8,4,2
2026-04-12,834220901,9,1,0
2026-04-12,283224251,8,2,0
2026-04-12,283224251,8,5,2
2026-04-12,253177683,9,6,3
2026-04-12,829235073,9,5,1
2026-04-12,283224251,8,1,1
2026-04-12,283224251,8,3,2
2026-04-12,517235840,8,3,1
2026-04-12,825210257,8,4,0
2026-04-12,283224251,8,5,0
2026-04-12,283224251,8,0,0
2026-04-12,810233934,8,2,0
2026-04-12,283224251,8,6,3
2026-04-12,300233164,13,4,3
2026-04-12,283224251,8,5,2
2026-04-12,840193080,8,7,3
2026-04-04,206024630,12,6,3
2026-04-04,206024630,12,6,4
2026-04-04,218179783,10,2,0
2026-04-04,206024630,12,2,1
2026-04-18,834212831,8,1,0
2026-04-18,265233306,8,3,3
2026-04-18,265233306,8,7,5
2026-04-18,845230869,8,7,5
2026-04-18,284001179,10,1,0
2026-04-18,265233306,8,6,2
2026-04-17,826204935,8,4,1
2026-04-17,265233306,8,3,2
