날짜,GK_ID,강화단계,피슈팅,선방
2026-04-26,856235840,9,6,2
2026-04-26,256186153,8,1,0
2026-04-25,856235840,9,5,1
2026-04-25,515269626,8,2,1
2026-04-25,206167495,10,3,2
2026-04-25,856235840,9,4,1
2026-04-25,856235840,9,6,4
2026-04-25,265233306,9,4,3
2026-04-25,856235840,9,12,6
2026-04-25,324024630,12,6,3
2026-04-25,856235840,9,1,1
2026-04-25,834230621,8,3,0
2026-04-25,856235840,9,4,1
2026-04-25,300235840,13,2,2
2026-04-25,856235840,9,10,5
2026-04-25,825210257,8,4,0
2026-04-25,856235840,9,4,1
2026-04-25,233192119,8,5,2
2026-04-25,856235840,9,2,2
2026-04-25,300235840,12,3,2
2026-04-25,856235840,9,6,1
2026-04-25,265233306,8,5,2
2026-04-25,856235840,9,4,1
2026-04-25,517224987,8,8,2
2026-04-25,856235840,9,2,0
2026-04-25,251192119,8,2,1
2026-04-24,856235840,9,2,1
2026-04-24,206192448,8,6,2
2026-04-24,856235840,9,5,4
2026-04-24,251167495,8,2,0
2026-04-24,856235840,9,7,2
2026-04-24,291262621,9,8,4
2026-04-24,856235840,9,7,6
2026-04-24,802167495,8,6,1
2026-04-24,856235840,9,3,1
2026-04-24,828215698,8,9,3
2026-04-24,856235840,9,3,2
2026-04-24,517204935,8,2,1
2026-04-22,856235840,9,8,4
2026-04-22,265186153,8,5,3
2026-04-22,856235840,9,7,2
2026-04-22,206024630,13,3,0
2026-04-22,856235840,9,2,1
2026-04-22,853212432,8,3,1
2026-04-22,845233267,8,3,1
2026-04-22,856235840,9,5,3
2026-04-22,511233306,5,4,2
2026-04-22,856235840,9,6,2
2026-04-22,856235840,9,4,4
2026-04-22,233192119,8,3,0
2026-04-22,251192119,8,3,0
2026-04-22,856235840,9,4,2
2026-04-22,511224987,13,3,0
2026-04-22,856235840,9,4,1
2026-04-22,237165735,9,3,1
2026-04-22,856235840,9,4,0
2026-04-22,856235840,9,5,3
2026-04-22,214167495,6,2,0
2026-04-22,856235840,9,2,0
2026-04-22,242192119,8,4,1
2026-04-21,856235840,9,6,2
2026-04-21,517202811,8,4,2
2026-04-21,856235840,9,3,0
2026-04-21,300234642,8,2,1
2026-04-21,856235840,9,6,3
2026-04-21,846193080,8,4,0
2026-04-21,856235840,9,4,2
2026-04-21,264230621,8,6,3
2026-04-21,856235840,9,5,3
2026-04-21,214167495,8,3,0
2026-04-21,856235840,9,5,2
2026-04-21,300192448,8,1,0
2026-04-21,856235840,9,5,1
2026-04-21,852204092,8,7,4
2026-04-21,856235840,9,3,2
2026-04-21,825192119,8,2,0
2026-04-21,237212831,7,2,2
2026-04-21,856235840,9,7,4
2026-04-21,856235840,9,4,1
2026-04-21,300188943,13,6,2
2026-04-21,856235840,9,6,3
2026-04-21,300233267,13,4,2
2026-04-21,856235840,9,2,1
2026-04-21,829051539,8,6,2
2026-04-21,856235840,9,9,4
2026-04-21,264230621,8,3,1
2026-04-21,856235840,9,2,1
2026-04-21,265233306,9,3,0
2026-04-21,856235840,9,3,2
2026-04-21,234162835,8,2,0
2026-04-20,265233306,9,3,1
2026-04-20,856235840,9,4,1
2026-04-20,256210257,8,5,1
2026-04-20,856235840,9,2,0
2026-04-19,856235840,9,6,3
2026-04-19,264190941,8,3,1
2026-04-19,856235840,9,6,3
2026-04-19,225136594,8,5,0
2026-04-19,856235840,9,6,3
2026-04-19,206005479,13,4,1
2026-04-18,856235840,9,8,4
2026-04-18,300243311,13,2,1
2026-04-18,242240913,8,6,1
2026-04-18,856235840,9,3,3
2026-04-18,856235840,9,4,4
2026-04-18,279235073,6,6,3
2026-04-18,856235840,9,7,5
2026-04-18,270233934,8,5,1
2026-04-18,856235840,9,6,3
2026-04-18,834252154,8,5,1
2026-04-18,856235840,9,8,5
2026-04-18,834230621,8,2,0
2026-04-18,289051539,8,2,2
2026-04-18,856235840,9,8,5
2026-04-18,856235840,9,3,0
2026-04-18,300210257,8,5,3
2026-04-18,856235840,9,4,3
2026-04-18,231024630,8,2,1
2026-04-18,856235840,9,2,2
2026-04-18,825210257,8,8,6
2026-04-18,856235840,9,9,4
2026-04-18,216200389,8,5,2
2026-04-18,856235840,9,7,5
2026-04-18,218199987,8,2,1
2026-04-18,856235840,9,5,3
2026-04-18,256051539,8,3,2
2026-04-18,856235840,9,5,2
2026-04-18,300238186,8,1,0
2026-04-18,828212831,8,3,1
2026-04-18,856235840,9,4,2
2026-04-18,856235840,9,8,3
2026-04-18,324024630,12,6,2
2026-04-18,856235840,9,7,4
2026-04-18,265192119,8,5,3
2026-04-18,856235840,9,4,2
2026-04-18,216200389,8,3,2
2026-04-17,814186569,9,3,1
2026-04-17,856235840,9,2,1
2026-04-17,856235840,9,1,0
2026-04-17,300192119,8,4,1
2026-04-17,253192119,9,2,1
2026-04-17,856235840,9,5,1
2026-04-17,856235840,9,7,3
2026-04-17,856235840,9,2,1
2026-04-17,234167495,8,3,0
2026-04-17,856235840,9,1,1
2026-04-17,233192119,6,2,1
2026-04-17,856235840,9,9,6
2026-04-17,804263063,8,2,1
2026-04-17,856235840,9,5,1
2026-04-17,825051539,8,5,1
2026-04-17,856235840,9,5,3
2026-04-17,825212831,11,1,0
2026-04-16,856235840,9,6,4
2026-04-16,251167948,8,3,3
2026-04-16,265234102,8,6,2
2026-04-16,856235840,9,5,2
2026-04-16,856235840,9,9,7
2026-04-16,814234642,8,4,0
2026-04-16,856235840,9,6,2
2026-04-16,834230621,8,4,1
2026-04-16,856235840,9,5,2
2026-04-16,856235840,9,1,1
2026-04-16,300192119,8,6,2
2026-04-16,265192119,8,3,0
2026-04-16,856235840,9,3,2
2026-04-16,856235840,9,3,1
2026-04-16,820240091,6,3,0
2026-04-16,856235840,9,5,3
2026-04-16,856228789,9,5,2
2026-04-16,856235840,9,7,4
2026-04-16,300173426,13,2,0
2026-04-16,856235840,9,5,3
2026-04-16,828212831,8,2,0
2026-04-15,828167948,8,4,1
2026-04-15,856235840,8,4,2
2026-04-15,844251752,8,4,3
2026-04-15,856235840,8,6,1
2026-04-15,251051539,8,4,2
2026-04-15,856235840,8,4,1
2026-04-15,828230621,8,8,4
2026-04-15,233163587,8,3,0
2026-04-15,856235840,8,4,0
2026-04-14,856235840,8,6,3
2026-04-14,834220901,8,3,1
2026-04-14,856235840,8,4,3
2026-04-14,834230621,8,1,1
2026-04-14,856235840,8,6,4
2026-04-14,251192119,8,6,2
2026-04-14,856235840,8,9,6
2026-04-14,283192448,10,3,2
2026-04-14,300212831,8,6,3
2026-04-14,856235840,8,2,2
2026-04-14,856235840,8,5,3
2026-04-14,206193105,13,4,2
2026-04-14,856235840,8,6,2
2026-04-14,844259532,8,4,0
2026-04-14,856235840,8,6,4
2026-04-14,214001179,8,4,1
2026-04-14,856235840,8,2,0
2026-04-14,804262621,8,5,1
2026-04-14,515215698,8,3,1
2026-04-14,856235840,8,8,6
2026-04-14,856235840,8,4,2
2026-04-14,265192119,8,3,1
2026-04-14,206177683,11,3,1
2026-04-14,834235840,9,9,6
2026-04-14,834235840,9,8,2
2026-04-14,234162835,8,7,4
2026-04-14,834235840,9,4,0
2026-04-14,246199987,8,6,3
2026-04-14,834235840,9,2,1
2026-04-14,237192119,8,4,2
2026-04-14,834235840,9,2,1
2026-04-14,234051539,8,3,0
2026-04-14,834235840,9,8,2
2026-04-14,834235840,9,7,0
2026-04-14,852048940,8,4,1
2026-04-14,834235840,9,1,0
2026-04-14,834220901,8,2,1
2026-04-14,834235840,9,3,0
2026-04-14,300211515,13,3,2
2026-04-14,834235840,9,6,3
2026-04-14,291262621,8,4,2
2026-04-14,834235840,9,1,0
2026-04-14,268051539,8,3,0
2026-04-13,300260978,11,6,3
2026-04-13,856235840,8,9,6
2026-04-13,856235840,8,4,1
2026-04-13,300243675,13,2,0
2026-04-13,856235840,8,6,2
2026-04-13,265233306,8,3,1
2026-04-13,246211990,8,1,0
2026-04-13,856235840,8,6,4
2026-04-26,251051539,8,3,0
2026-04-26,300235840,13,3,3
2026-04-26,251051539,8,22,7
2026-04-26,256192448,10,4,3
2026-04-26,251051539,8,7,6
2026-04-26,214150724,8,6,3
2026-04-26,251051539,8,4,2
2026-04-26,265234102,8,3,0
2026-04-26,256186153,8,5,2
2026-04-26,270193105,9,3,3
2026-04-26,256186153,8,2,0
2026-04-26,828167495,8,3,0
2026-04-26,256186153,8,2,1
2026-04-26,253177683,8,6,0
2026-04-26,256186153,8,3,0
2026-04-26,261044897,9,3,2
2026-04-26,256186153,8,4,2
2026-04-26,804262621,8,6,4
2026-04-26,256186153,8,3,0
2026-04-26,852048940,8,5,2
2026-04-26,256186153,8,5,2
2026-04-26,231150724,8,3,1
2026-04-24,256186153,8,4,0
2026-04-24,237051539,8,2,1
2026-04-24,256186153,8,5,1
2026-04-24,517220901,8,4,1
2026-04-24,829220901,8,3,1
2026-04-24,256186153,8,5,2
2026-04-24,256186153,8,5,0
2026-04-24,834177683,8,2,1
2026-04-24,848192119,9,3,0
2026-04-24,256186153,8,5,0
2026-04-24,256186153,8,3,2
2026-04-24,300215698,8,6,3
2026-04-24,256186153,8,10,6
2026-04-24,256186153,8,5,0
2026-04-24,862212432,8,3,2
2026-04-24,237192119,8,3,2
2026-04-24,256186153,8,3,0
2026-04-24,256186153,8,5,3
2026-04-24,242192119,8,5,2
2026-04-24,256186153,8,8,5
2026-04-24,242194404,8,3,0
2026-04-24,256186153,8,5,1
2026-04-24,291211738,8,2,2
2026-04-24,256186153,8,7,2
2026-04-24,300219836,13,7,1
2026-04-24,256186153,8,2,0
2026-04-24,237165735,8,4,1
2026-04-24,300206585,8,2,1
2026-04-24,256186153,8,6,4
2026-04-23,242192119,8,4,1
2026-04-23,268051539,8,7,1
2026-04-18,268051539,8,4,1
2026-04-18,206186153,11,2,0
2026-04-18,268051539,8,7,2
2026-04-18,265192119,11,3,1
2026-04-18,268051539,8,3,2
2026-04-18,206177683,8,3,0
2026-04-18,268051539,8,6,4
2026-04-18,201192119,9,4,3
2026-04-27,265192119,8,4,2
2026-04-27,515269626,8,5,2
2026-04-27,835016254,8,7,4
2026-04-27,515269626,8,2,1
2026-04-27,828212831,8,4,2
2026-04-27,515269626,8,4,3
2026-04-27,834230621,8,2,1
2026-04-27,515269626,8,4,4
2026-04-27,300242948,13,4,1
2026-04-27,515269626,8,5,2
2026-04-27,252048940,8,2,0
2026-04-27,515269626,8,7,1
2026-04-27,291262621,9,8,2
2026-04-27,515269626,8,6,1
2026-04-26,515269626,8,7,3
2026-04-26,206177683,12,9,2
2026-04-26,853212432,8,2,1
2026-04-26,515269626,8,8,4
2026-04-26,852189117,9,4,2
2026-04-26,515269626,8,7,2
2026-04-26,289192119,8,4,1
2026-04-26,515269626,8,6,2
2026-04-25,207051539,9,2,1
2026-04-25,515269626,8,6,1
2026-04-25,515269626,8,3,1
2026-04-25,291262621,8,7,3
2026-04-25,206024630,13,2,1
2026-04-25,515269626,8,6,3
2026-04-25,256167495,9,4,4
2026-04-25,515269626,8,4,1
2026-04-25,828212831,8,3,0
2026-04-25,515269626,8,5,3
2026-04-24,251001179,8,5,0
2026-04-24,515269626,8,5,2
2026-04-24,802167948,8,5,0
2026-04-24,515269626,8,7,3
2026-04-24,265233306,8,6,4
2026-04-24,515269626,8,8,5
2026-04-24,515269626,8,6,2
2026-04-24,270193105,8,6,3
2026-04-24,231173373,8,6,4
2026-04-24,515269626,8,3,0
2026-04-24,515269626,8,11,4
2026-04-24,845233267,9,11,5
2026-04-24,289192119,8,6,3
2026-04-24,515269626,8,1,0
2026-04-19,206208104,13,7,2
2026-04-19,515269626,8,4,1
2026-04-19,830212432,8,9,3
2026-04-19,515269626,8,3,1
2026-04-19,515269626,8,8,3
2026-04-19,214005479,8,2,0
2026-04-19,300259532,5,4,2
2026-04-19,515269626,8,10,4
2026-04-19,265234102,8,7,4
2026-04-19,515269626,8,3,2
2026-04-27,242192119,8,1,0
2026-04-27,828212831,9,9,3
2026-04-27,828167948,9,6,4
2026-04-27,242192119,8,6,1
2026-04-27,242192119,8,4,1
2026-04-27,256186153,9,3,2
2026-04-27,242192119,8,3,1
2026-04-27,221199987,13,9,6
2026-04-26,242192119,8,7,3
2026-04-26,206206585,11,7,3
2026-04-26,206200389,13,7,1
2026-04-26,242192119,8,5,3
2026-04-26,300210257,8,6,2
2026-04-26,242192119,8,2,1
2026-04-26,242192119,8,2,0
2026-04-26,206024630,13,4,1
2026-04-26,242192119,8,6,4
2026-04-26,515230621,8,6,4
2026-04-26,242192119,8,5,3
2026-04-26,846212831,9,7,3
2026-04-26,206167495,10,6,2
2026-04-26,853238570,8,3,2
2026-04-26,830212432,8,5,0
2026-04-26,206167495,10,10,3
2026-04-26,206167495,10,5,3
2026-04-26,270234577,8,1,0
2026-04-25,848252154,9,8,5
2026-04-25,206167495,10,2,2
2026-04-25,845233267,8,3,2
2026-04-25,206167495,10,8,5
2026-04-25,265192119,8,7,4
2026-04-25,206167495,10,3,1
2026-04-25,846202811,6,4,1
2026-04-25,206167495,10,2,2
2026-04-25,253192119,8,5,1
2026-04-25,206167495,10,9,3
2026-04-25,270193105,8,6,2
2026-04-25,206167495,10,6,2
2026-04-25,237190053,8,6,3
2026-04-25,206167495,10,8,3
2026-04-25,836230621,8,7,2
2026-04-25,206167495,10,2,1
2026-04-25,265186153,8,6,3
2026-04-23,206167495,10,6,2
2026-04-23,251002147,13,7,4
2026-04-23,206167495,10,9,3
2026-04-23,206177683,13,7,2
2026-04-21,806191655,8,4,2
2026-04-21,206167495,10,4,1
2026-04-20,206167495,10,7,3
2026-04-20,828215698,8,4,2
2026-04-18,206167495,10,6,2
2026-04-18,251186153,11,8,5
2026-04-18,206167495,10,2,1
2026-04-18,234192119,8,2,0
2026-04-18,300220407,13,6,3
2026-04-18,206167495,10,5,3
2026-04-18,206167495,10,6,2
2026-04-18,206206585,11,4,1
2026-04-18,246199987,8,6,3
2026-04-18,206167495,10,5,1
2026-04-18,206167495,10,5,0
2026-04-18,251167495,8,4,1
2026-04-18,206167495,10,4,3
2026-04-18,246199987,8,7,2
2026-04-18,206167495,10,5,2
2026-04-18,216230621,8,7,4
2026-04-18,206167495,10,5,1
2026-04-18,834210257,8,8,4
2026-04-18,206167495,10,4,2
2026-04-18,517185122,8,8,2
2026-04-18,206167495,10,3,0
2026-04-18,829235073,8,5,0
2026-04-18,300214979,5,6,2
2026-04-18,206167495,10,4,1
2026-04-18,300192448,8,6,2
2026-04-18,206167495,10,4,3
2026-04-18,206167495,10,1,0
2026-04-18,834173426,8,6,3
2026-04-17,206167495,10,8,2
2026-04-17,818167495,8,8,4
2026-04-17,256210257,9,4,1
2026-04-17,206167495,10,3,1
2026-04-17,206167495,10,1,0
2026-04-17,256192448,8,9,5
2026-04-17,206167495,10,4,3
2026-04-17,300251752,8,4,0
2026-04-17,206167495,10,1,0
2026-04-17,206048940,9,6,2
2026-04-13,206167495,10,2,1
2026-04-13,264190941,9,4,1
2026-04-13,206167495,10,1,0
2026-04-13,300186153,8,8,4
2026-04-13,206167495,10,6,3
2026-04-13,237199987,8,8,2
2026-04-27,265233306,9,5,2
2026-04-27,219228413,13,3,3
2026-04-27,265233306,9,6,4
2026-04-27,270233267,9,5,1
2026-04-27,265233306,9,8,4
2026-04-27,300211101,8,5,3
2026-04-27,268051539,8,4,2
2026-04-27,265233306,9,5,2
2026-04-27,856203841,8,8,4
2026-04-27,265233306,9,3,1
2026-04-26,300192448,8,5,2
2026-04-26,265233306,9,8,5
2026-04-26,265233306,9,6,4
2026-04-26,206193080,9,2,1
2026-04-26,251164835,9,6,4
2026-04-26,265233306,9,6,4
2026-04-26,802182494,8,8,4
2026-04-26,265233306,9,4,1
2026-04-26,265233306,9,3,2
2026-04-26,289005479,10,3,1
2026-04-25,265233306,9,4,2
2026-04-25,862212432,8,4,2
2026-04-25,206005479,8,4,0
2026-04-25,265233306,9,1,0
2026-04-25,265233306,9,5,1
2026-04-25,233192119,8,4,2
2026-04-25,265233306,9,3,1
2026-04-25,280230621,8,6,3
2026-04-24,265233306,9,4,1
2026-04-24,216167948,9,4,2
2026-04-24,251192119,8,4,2
2026-04-24,265233306,9,1,0
2026-04-24,265233306,9,7,5
2026-04-24,214192119,12,3,2
2026-04-24,804262621,8,4,2
2026-04-24,265233306,9,3,2
2026-04-24,214192119,11,4,2
2026-04-24,265233306,9,2,1
2026-04-24,852223885,8,5,3
2026-04-24,265233306,9,3,1
2026-04-23,265233306,9,2,1
2026-04-23,828167948,8,4,1
2026-04-23,265233306,9,4,3
2026-04-23,291211738,8,4,1
2026-04-23,265233306,9,6,0
2026-04-23,283230869,8,4,1
2026-04-22,289051539,8,6,3
2026-04-22,851210676,8,7,3
2026-04-22,851210676,8,2,0
2026-04-22,246199987,8,5,2
2026-04-22,851210676,8,5,0
2026-04-22,234190053,9,6,3
2026-04-22,214192119,13,6,5
2026-04-22,851210676,8,3,2
2026-04-22,851210676,8,2,1
2026-04-22,265233306,8,3,1
2026-04-21,265233306,9,3,1
2026-04-21,517254803,8,3,2
2026-04-21,265233306,9,3,2
2026-04-21,300256407,9,3,1
2026-04-21,265233306,9,7,3
2026-04-21,283186153,8,5,3
2026-04-21,265233306,9,5,2
2026-04-21,300262621,8,3,1
2026-04-21,253192119,8,2,1
2026-04-21,265233306,9,5,2
2026-04-20,265233306,9,5,2
2026-04-20,216162835,8,4,2
2026-04-20,265233306,9,5,3
2026-04-20,836167948,8,6,2
2026-04-20,265233306,9,3,1
2026-04-20,508186153,8,7,5
2026-04-20,265233306,9,5,2
2026-04-20,252167948,8,4,2
2026-04-20,265233306,9,5,1
2026-04-20,844224836,9,5,1
2026-04-19,265233306,9,8,4
2026-04-19,237210257,8,3,3
2026-04-19,265233306,9,8,5
2026-04-19,834252154,8,5,2
2026-04-19,300192448,8,8,4
2026-04-19,265233306,9,5,3
2026-04-19,265233306,9,4,1
2026-04-19,517202811,8,7,2
2026-04-19,265233306,9,4,2
2026-04-19,300210257,8,6,3
2026-04-18,265233306,9,1,1
2026-04-18,237190053,10,4,2
2026-04-18,853212432,8,5,3
2026-04-18,246186569,8,5,3
2026-04-18,853212432,8,6,4
2026-04-18,828212831,8,3,2
2026-04-18,853212432,8,4,3
2026-04-18,234162835,8,3,2
2026-04-17,265233306,9,6,1
2026-04-17,834212831,8,3,2
2026-04-17,265233306,9,6,4
2026-04-17,251192119,8,7,5
2026-04-17,265233306,9,4,2
2026-04-17,845233267,8,5,2
2026-04-17,265233306,9,6,2
2026-04-17,237210257,8,5,4
2026-04-17,265233306,9,4,2
2026-04-17,207192563,11,5,0
2026-04-16,851204935,8,3,0
2026-04-16,265233306,9,5,4
2026-04-16,802051539,10,8,4
2026-04-16,265233306,9,5,4
2026-04-16,283002147,9,3,1
2026-04-16,265233306,9,3,3
2026-04-16,825210257,8,5,4
2026-04-16,283005479,9,7,4
2026-04-16,265233306,9,2,0
2026-04-15,834215698,8,6,3
2026-04-15,802192448,8,2,0
2026-04-15,802192448,8,2,2
2026-04-15,300230621,8,5,1
2026-04-15,506215698,8,6,3
2026-04-15,802192448,8,6,1
2026-04-15,802192448,8,4,1
2026-04-15,300223909,8,7,5
2026-04-15,802192448,8,3,2
2026-04-15,825210257,8,6,3
2026-04-14,802192448,8,7,5
2026-04-14,836001179,8,2,1
2026-04-14,802192448,8,5,3
2026-04-14,834192119,8,6,5
2026-04-14,802192448,8,4,2
2026-04-14,254048940,8,8,4
2026-04-14,802192448,8,4,2
2026-04-14,828215698,8,4,4
2026-04-14,802192448,8,5,3
2026-04-14,256186153,9,3,1
2026-04-13,802192448,8,4,1
2026-04-13,242192119,5,6,2
2026-04-13,802192448,8,4,2
2026-04-13,825051539,8,5,3
2026-04-13,289192119,9,7,3
2026-04-13,802192448,8,3,0
2026-04-13,265192119,9,8,6
2026-04-13,802192448,8,3,1
2026-04-13,300192119,8,1,0
2026-04-13,802192448,8,9,3
2026-04-25,270233934,8,6,4
2026-04-25,324024630,12,8,2
2026-04-25,217212831,8,5,3
2026-04-25,324024630,12,4,1
2026-04-25,251051539,8,3,1
2026-04-25,324024630,12,6,2
2026-04-25,324024630,12,5,2
2026-04-25,207204935,8,8,4
2026-04-25,862212432,8,8,3
2026-04-25,324024630,12,2,2
2026-04-25,206177683,13,3,0
2026-04-25,300192119,8,5,4
2026-04-25,324024630,12,5,4
2026-04-25,324024630,12,5,2
2026-04-25,270233934,8,7,3
2026-04-25,324024630,12,2,0
2026-04-25,515215698,8,8,4
2026-04-25,206177683,13,8,2
2026-04-25,324024630,12,5,3
2026-04-25,324024630,12,6,3
2026-04-25,829204883,8,7,5
2026-04-25,834251752,9,7,5
2026-04-25,324024630,12,6,3
2026-04-25,324024630,12,10,3
2026-04-25,300233267,13,8,2
2026-04-25,324024630,12,5,2
2026-04-25,300167495,8,3,0
2026-04-25,324024630,12,5,2
2026-04-25,251051539,8,7,4
2026-04-25,324024630,12,8,3
2026-04-25,802200389,9,7,2
2026-04-25,324024630,12,8,5
2026-04-25,265186153,9,10,5
2026-04-25,324024630,12,5,3
2026-04-25,214212831,10,7,5
2026-04-25,291262621,9,16,9
2026-04-25,324024630,12,1,1
2026-04-25,324024630,12,8,3
2026-04-25,251167495,8,6,4
2026-04-25,324024630,12,6,4
2026-04-25,851230872,9,11,7
2026-04-25,256051539,10,10,5
2026-04-25,324024630,12,5,2
2026-04-25,284216065,8,5,3
2026-04-25,324024630,12,5,4
2026-04-25,324024630,12,4,2
2026-04-25,826205186,9,9,6
2026-04-25,217200110,13,6,3
2026-04-25,324024630,12,3,1
2026-04-25,251192119,8,6,4
2026-04-25,324024630,12,4,1
2026-04-24,324024630,12,5,0
2026-04-24,206212831,11,7,3
2026-04-24,324024630,12,1,1
2026-04-24,826205186,8,9,5
2026-04-24,207051539,9,5,1
2026-04-24,324024630,12,5,1
2026-04-24,324024630,12,1,0
2026-04-24,216162835,8,10,7
2026-04-24,324024630,12,5,0
2026-04-24,300238186,6,4,0
2026-04-24,324024630,12,8,4
2026-04-24,218231691,3,10,2
2026-04-24,852223885,8,5,4
2026-04-24,324024630,12,5,3
2026-04-24,324024630,12,6,1
2026-04-24,853212432,8,7,4
2026-04-24,265234102,8,9,5
2026-04-24,324024630,12,8,4
2026-04-24,324024630,12,7,4
2026-04-24,300192448,8,8,5
2026-04-23,845234642,8,3,1
2026-04-23,324024630,12,4,1
2026-04-23,324024630,12,8,4
2026-04-23,234140233,9,6,3
2026-04-23,324024630,12,7,3
2026-04-23,802167948,9,7,1
2026-04-23,324024630,12,5,1
2026-04-23,852223885,9,13,9
2026-04-23,324024630,12,7,1
2026-04-23,515262621,8,6,1
2026-04-23,216190053,10,7,2
2026-04-23,324024630,12,7,6
2026-04-23,324024630,12,1,1
2026-04-23,206199987,13,4,2
2026-04-21,289192119,8,6,3
2026-04-21,324024630,12,11,6
2026-04-20,291220901,8,5,1
2026-04-20,324024630,12,9,4
2026-04-20,324024630,12,6,3
2026-04-20,834192119,8,8,5
2026-04-20,828215698,8,9,6
2026-04-20,324024630,12,2,1
2026-04-20,324024630,12,5,0
2026-04-20,834210257,8,8,5
2026-04-18,300224836,8,9,4
2026-04-18,324024630,12,5,2
2026-04-18,324024630,12,6,2
2026-04-18,234192119,8,7,3
2026-04-17,206192448,12,6,2
2026-04-17,517230621,5,9,7
2026-04-17,834212831,8,7,3
2026-04-17,206192448,12,4,2
2026-04-16,206192448,12,7,3
2026-04-16,291211738,9,6,2
2026-04-16,206192448,12,9,5
2026-04-16,284001179,10,10,7
2026-04-15,206192448,12,8,3
2026-04-15,846212831,8,6,3
2026-04-15,206192448,12,6,1
2026-04-15,834192119,8,10,2
2026-04-15,256186153,8,13,6
2026-04-15,206192448,12,3,3
2026-04-15,206192448,12,13,9
2026-04-15,810177683,8,5,2
2026-04-15,206192448,12,4,1
2026-04-15,256186153,9,3,2
2026-04-15,503199987,13,3,1
2026-04-15,206192448,12,6,4
2026-04-15,206192448,12,4,0
2026-04-15,828212831,8,13,13
2026-04-15,206192448,12,10,2
2026-04-15,300194404,5,6,3
2026-04-15,206192448,12,9,1
2026-04-15,834251752,8,5,4
2026-04-15,206192448,12,10,3
2026-04-15,856259532,5,4,4
2026-04-14,206192448,12,4,1
2026-04-14,840215316,8,6,3
2026-04-14,206192448,12,7,3
2026-04-14,280215698,8,3,2
2026-04-14,206192448,12,6,1
2026-04-14,810206585,8,7,2
2026-04-14,300215316,13,4,1
2026-04-14,206192448,12,10,6
2026-04-14,217212831,8,10,5
2026-04-14,844233306,8,8,1
2026-04-14,206192448,12,6,5
2026-04-14,206192448,12,8,5
2026-04-14,237212831,8,6,6
2026-04-14,829167495,8,6,2
2026-04-14,206192448,12,1,0
2026-04-14,206192448,12,3,0
2026-04-14,242192119,8,4,1
2026-04-14,206192448,12,5,1
2026-04-14,300235840,13,5,0
2026-04-13,324024630,12,7,3
2026-04-13,826204935,8,3,0
2026-04-13,848225116,8,7,2
2026-04-13,324024630,12,3,0
2026-04-27,829199987,8,7,2
2026-04-27,834230621,8,7,4
2026-04-27,834230621,8,6,2
2026-04-27,242001179,8,7,4
2026-04-27,834230621,8,4,4
2026-04-27,283005479,8,6,4
2026-04-25,834212831,8,6,3
2026-04-25,834230621,8,4,3
2026-04-25,237192119,8,5,1
2026-04-25,834230621,8,8,3
2026-04-25,206192448,8,6,1
2026-04-25,834230621,8,3,1
2026-04-25,834230621,8,5,2
2026-04-25,848190941,8,2,0
2026-04-25,217177683,8,4,1
2026-04-25,834230621,8,4,3
2026-04-24,834230621,8,6,3
2026-04-24,291262621,8,8,3
2026-04-24,834230621,8,2,1
2026-04-24,207000488,11,5,3
2026-04-23,834230621,8,3,1
2026-04-23,300235840,13,7,4
2026-04-23,834230621,8,2,0
2026-04-23,826210676,8,10,4
2026-04-23,834230621,8,5,1
2026-04-23,802192448,8,5,3
2026-04-23,834230621,8,3,1
2026-04-23,840214979,8,5,2
2026-04-23,517202811,8,5,1
2026-04-22,834230621,8,1,0
2026-04-22,207051539,9,4,2
2026-04-22,834230621,8,4,1
2026-04-22,231167495,11,10,4
2026-04-21,834230621,8,7,4
2026-04-21,206230621,8,6,4
2026-04-21,284177644,9,4,1
2026-04-21,834230621,8,5,1
2026-04-21,834230621,8,11,4
2026-04-21,283224251,8,5,4
2026-04-21,834230621,8,6,3
2026-04-21,283170597,8,6,4
2026-04-19,234190053,8,9,3
2026-04-19,834230621,8,5,1
2026-04-19,834230621,8,1,1
2026-04-19,274192119,9,4,0
2026-04-19,834230621,8,5,1
2026-04-19,300230621,8,8,3
2026-04-19,834230621,8,8,4
2026-04-19,802200389,8,2,2
2026-04-18,834230621,8,6,3
2026-04-18,300192448,8,4,2
2026-04-18,834230621,8,4,1
2026-04-18,834235840,8,3,1
2026-04-18,265233306,9,4,2
2026-04-18,834230621,8,14,7
2026-04-18,834230621,8,3,1
2026-04-18,237199987,8,8,4
2026-04-18,834230621,8,7,4
2026-04-18,251051539,8,5,4
2026-04-18,834230621,8,6,1
2026-04-18,206024630,13,6,1
2026-04-18,834230621,8,6,1
2026-04-18,840206585,8,4,3
2026-04-18,834230621,8,1,1
2026-04-18,291262621,8,5,3
2026-04-18,834230621,8,9,6
2026-04-18,101001179,9,7,4
2026-04-17,845242179,9,3,1
2026-04-17,834230621,8,4,2
2026-04-17,834230621,8,5,2
2026-04-17,289005479,9,10,6
2026-04-17,834230621,8,5,3
2026-04-17,829199987,9,11,6
2026-04-17,834230621,8,6,3
2026-04-17,836001179,9,6,2
2026-04-17,834230621,8,9,4
2026-04-17,206024630,11,2,2
2026-04-17,840206585,9,2,0
2026-04-17,270233267,8,1,1
2026-04-17,256167495,8,10,6
2026-04-17,840206585,9,3,0
2026-04-17,840206585,9,11,8
2026-04-17,291262621,8,7,4
2026-04-17,840206585,9,6,4
2026-04-17,214001179,10,3,2
2026-04-26,810200389,8,6,1
2026-04-26,300235840,13,5,2
2026-04-26,513203841,8,4,1
2026-04-26,300235840,13,4,0
2026-04-26,862212432,8,2,1
2026-04-26,300235840,13,2,1
2026-04-26,251192119,8,2,0
2026-04-26,300235840,13,5,3
2026-04-26,862212432,8,6,1
2026-04-26,300235840,13,1,0
2026-04-26,300263887,13,2,0
2026-04-26,300235840,13,2,0
2026-04-26,300167948,11,1,0
2026-04-26,300235840,13,7,4
2026-04-26,283192448,8,1,1
2026-04-26,300235840,13,6,2
2026-04-26,324024630,13,4,0
2026-04-26,300235840,13,7,2
2026-04-26,322177644,13,5,0
2026-04-26,300235840,13,7,5
2026-04-26,300223550,13,2,0
2026-04-26,300235840,13,4,1
2026-04-26,234051539,8,3,0
2026-04-26,300235840,13,3,1
2026-04-26,300194404,8,4,2
2026-04-26,300235840,13,8,3
2026-04-26,300263887,13,1,1
2026-04-26,300235840,13,5,4
2026-04-26,834173426,11,13,3
2026-04-26,300235840,13,3,3
2026-04-26,231193080,8,8,3
2026-04-26,300235840,13,7,1
2026-04-26,237212831,8,2,1
2026-04-26,300235840,13,1,0
2026-04-26,253192119,8,3,0
2026-04-26,300235840,13,8,3
2026-04-26,300212831,8,2,0
2026-04-26,300235840,13,3,0
2026-04-26,508215698,8,9,2
2026-04-26,300235840,13,3,1
2026-04-26,515215698,8,2,0
2026-04-26,300235840,13,6,3
2026-04-26,280210257,8,6,2
2026-04-26,300235840,13,6,3
2026-04-26,280210257,6,5,1
2026-04-26,300235840,13,1,0
2026-04-26,300207935,9,2,1
2026-04-26,300235840,13,3,1
2026-04-26,834242948,8,6,1
2026-04-26,300235840,13,10,4
2026-04-26,851230872,9,8,2
2026-04-26,300235840,13,6,2
2026-04-26,836230621,8,4,1
2026-04-26,300235840,13,9,4
2026-04-26,834235073,8,4,2
2026-04-26,300235840,13,5,1
2026-04-26,264230621,8,5,1
2026-04-26,300235840,13,3,1
2026-04-26,251167495,8,7,1
2026-04-26,265225116,9,4,4
2026-04-26,300235840,13,4,1
2026-04-26,256186569,8,10,4
2026-04-26,300235840,13,8,2
2026-04-26,246190778,10,5,2
2026-04-26,300235840,13,6,2
2026-04-26,253192119,8,2,0
2026-04-26,300235840,13,7,6
2026-04-26,216230621,8,2,1
2026-04-26,300235840,13,3,1
2026-04-26,300224836,8,4,2
2026-04-26,300235840,13,6,0
2026-04-26,300235840,13,4,2
2026-04-26,300235840,13,3,0
2026-04-26,324024630,13,5,2
2026-04-26,300235840,13,4,0
2026-04-26,289192119,8,7,4
2026-04-26,300235840,13,7,5
2026-04-26,246173373,8,8,4
2026-04-26,300235840,13,4,3
2026-04-26,508215698,8,7,2
2026-04-26,300235840,13,6,1
2026-04-26,265186153,8,4,1
2026-04-26,300235840,13,4,1
2026-04-26,851210676,8,7,3
2026-04-26,300235840,13,4,1
2026-04-26,834210257,8,5,2
2026-04-26,300235840,13,3,1
2026-04-26,300192119,8,1,0
2026-04-26,300235840,13,8,4
2026-04-26,214051539,8,15,2
2026-04-26,300235840,13,1,1
2026-04-26,834230621,8,2,0
2026-04-26,300235840,13,3,1
2026-04-26,207210257,12,4,3
2026-04-26,300235840,13,3,1
2026-04-26,253167495,9,6,3
2026-04-26,300235840,13,4,1
2026-04-26,207051539,8,5,2
2026-04-26,300235840,13,5,3
2026-04-26,246193105,10,7,3
2026-04-26,300235840,13,4,1
2026-04-26,206210257,13,8,3
2026-04-26,300235840,13,6,3
2026-04-26,216192448,8,5,1
2026-04-26,300235840,13,7,2
2026-04-26,828192448,9,1,1
2026-04-26,300235840,13,9,4
2026-04-25,251051539,8,11,5
2026-04-25,300235840,13,8,4
2026-04-25,848252154,8,4,2
2026-04-25,300235840,13,7,1
2026-04-25,300230621,8,5,2
2026-04-25,300235840,13,6,3
2026-04-25,300243311,13,6,0
2026-04-25,300235840,13,6,2
2026-04-25,300207935,9,5,0
2026-04-25,300235840,13,2,0
2026-04-25,237210257,8,3,1
2026-04-25,300235840,13,8,5
2026-04-25,300230621,8,2,0
2026-04-25,300235840,13,3,0
2026-04-25,806191655,10,3,0
2026-04-25,300235840,13,7,3
2026-04-25,280210257,8,4,1
2026-04-25,300235840,13,3,1
2026-04-25,252051539,10,3,1
2026-04-25,300235840,13,4,3
2026-04-25,207051539,9,4,4
2026-04-25,300235840,13,3,2
2026-04-25,300262621,8,6,2
2026-04-25,300235840,13,7,2
2026-04-25,216192448,8,4,1
2026-04-25,300235840,13,5,3
2026-04-25,283211101,9,7,3
2026-04-25,300235840,13,8,2
2026-04-25,251150724,8,5,1
2026-04-25,300235840,13,4,3
2026-04-25,256186153,8,8,2
2026-04-25,300235840,13,4,0
2026-04-25,802167495,8,2,0
2026-04-25,300235840,13,4,0
2026-04-25,207051539,9,4,2
2026-04-25,300235840,13,7,3
2026-04-25,251167948,9,9,1
2026-04-25,300235840,13,2,2
2026-04-25,216192448,8,3,0
2026-04-25,300235840,13,1,1
2026-04-25,265233306,9,2,0
2026-04-25,300235840,13,7,3
2026-04-25,300225395,13,6,0
2026-04-25,300235840,13,9,6
2026-04-25,814194404,8,8,1
2026-04-25,300235840,13,4,0
2026-04-25,829235073,8,5,0
2026-04-25,300235840,13,3,2
2026-04-25,256192448,9,16,5
2026-04-25,300235840,13,1,0
2026-04-25,300212831,8,4,1
2026-04-25,300235840,13,6,2
2026-04-25,501172723,12,4,2
2026-04-25,300235840,13,9,3
2026-04-25,252162835,8,5,3
2026-04-25,300235840,13,7,2
2026-04-25,252019580,10,6,1
2026-04-25,300235840,13,7,1
2026-04-25,300212831,8,4,0
2026-04-25,300235840,13,4,2
2026-04-25,206177683,12,4,1
2026-04-25,300235840,13,3,1
2026-04-25,234192119,8,2,1
2026-04-25,300235840,13,6,4
2026-04-25,829235073,8,3,0
2026-04-25,300235840,13,5,1
2026-04-25,206210257,13,5,2
2026-04-25,300235840,13,1,0
2026-04-25,253177683,8,4,1
2026-04-25,300235840,13,4,0
2026-04-25,300186153,5,18,1
2026-04-25,300235840,13,2,1
2026-04-25,804262621,9,5,2
2026-04-25,300235840,13,1,0
2026-04-25,300235840,13,8,3
2026-04-25,264190941,9,5,2
2026-04-25,825210257,8,3,1
2026-04-25,300235840,13,7,3
2026-04-24,848225116,8,2,0
2026-04-24,300235840,13,3,1
2026-04-24,253167495,8,5,3
2026-04-24,300235840,13,7,4
2026-04-24,265192119,8,5,1
2026-04-24,300235840,13,4,1
2026-04-24,513220901,8,7,1
2026-04-24,300235840,13,4,2
2026-04-24,253167495,8,5,3
2026-04-24,300235840,13,4,0
2026-04-24,828212831,8,3,1
2026-04-24,300235840,13,4,1
2026-04-23,300235840,13,1,0
2026-04-23,300192448,8,7,3
2026-04-23,815241671,7,3,0
2026-04-23,300235840,13,9,4
2026-04-23,251051539,8,16,5
2026-04-23,300235840,13,1,0
2026-04-23,508167495,13,4,1
2026-04-23,300235840,13,1,1
2026-04-23,289192119,8,7,5
2026-04-23,300235840,13,4,3
2026-04-23,264190941,9,4,2
2026-04-23,300235840,13,6,4
2026-04-23,300235840,13,7,4
2026-04-23,237210257,8,4,3
2026-04-22,216190053,8,5,3
2026-04-22,300235840,13,5,1
2026-04-22,840242948,8,4,3
2026-04-22,300235840,13,5,3
2026-04-22,818167495,11,4,2
2026-04-22,300235840,13,2,1
2026-04-22,814194404,8,4,2
2026-04-22,300235840,13,7,2
2026-04-22,845016254,8,3,1
2026-04-22,300235840,13,6,3
2026-04-22,300235840,13,5,1
2026-04-22,300270141,8,8,1
2026-04-22,206024630,13,5,2
2026-04-22,300235840,13,5,1
2026-04-22,251024630,8,3,1
2026-04-22,300235840,13,5,2
2026-04-22,265234102,9,5,2
2026-04-22,300235840,13,6,2
2026-04-21,237199987,8,15,1
2026-04-21,246173373,9,2,1
2026-04-21,300235840,13,5,2
2026-04-21,851230872,9,4,1
2026-04-21,300235840,13,3,1
2026-04-21,206024630,12,5,2
2026-04-21,300235840,13,6,4
2026-04-21,265233306,8,3,1
2026-04-21,300235840,13,4,1
2026-04-21,300210257,8,4,0
2026-04-21,300235840,13,5,3
2026-04-21,284163705,9,6,3
2026-04-21,300235840,13,6,2
2026-04-21,280210257,8,7,2
2026-04-21,300235840,13,5,4
2026-04-21,834246139,8,4,2
2026-04-21,300235840,13,5,2
2026-04-20,825048940,8,4,2
2026-04-20,300235840,13,4,2
2026-04-20,300234642,12,6,1
2026-04-20,300235840,13,4,2
2026-04-20,256210257,8,12,5
2026-04-20,300235840,13,6,3
2026-04-20,840242948,8,5,3
2026-04-20,300235840,13,2,0
2026-04-20,206186153,8,13,3
2026-04-20,802192448,8,22,4
2026-04-20,265234102,9,3,1
2026-04-20,300235840,13,8,5
2026-04-20,283211101,8,4,3
2026-04-20,300235840,13,5,3
2026-04-19,804262621,9,17,1
2026-04-19,834210257,8,4,1
2026-04-19,300235840,13,5,0
2026-04-19,826200389,9,6,1
2026-04-19,300235840,13,7,1
2026-04-19,206024630,11,2,1
2026-04-19,300235840,13,4,0
2026-04-19,300235840,13,7,3
2026-04-19,825192119,8,3,1
2026-04-19,300235840,13,7,2
2026-04-19,206206585,11,8,2
2026-04-19,234051539,8,7,0
2026-04-19,300235840,13,6,2
2026-04-19,256190053,10,16,4
2026-04-19,300235840,13,1,1
2026-04-18,829235073,8,20,5
2026-04-18,234001179,9,3,0
2026-04-18,300235840,13,4,0
2026-04-18,828212831,8,7,3
2026-04-18,300235840,13,5,1
2026-04-18,265233306,8,5,2
2026-04-18,300235840,13,2,2
2026-04-18,265234102,8,3,2
2026-04-18,300235840,13,3,3
2026-04-18,834192119,8,5,1
2026-04-18,300235840,13,6,4
2026-04-18,265233306,8,2,1
2026-04-18,300235840,13,4,2
2026-04-18,253167495,8,4,2
2026-04-18,300235840,13,5,2
2026-04-18,265192119,8,5,3
2026-04-18,300235840,13,6,4
2026-04-18,214005479,8,1,1
2026-04-18,300235840,13,7,2
2026-04-18,834251752,9,2,0
2026-04-18,300235840,13,7,4
2026-04-17,280186569,8,7,3
2026-04-17,300235840,13,1,0
2026-04-17,834220901,8,6,2
2026-04-17,300235840,13,4,3
2026-04-17,215212831,11,9,4
2026-04-17,300235840,13,4,2
2026-04-17,300192119,5,5,0
2026-04-17,300235840,13,5,0
2026-04-17,810220901,8,5,5
2026-04-17,300235840,13,3,1
2026-04-16,851204935,8,4,2
2026-04-16,300235840,13,1,1
2026-04-16,237210257,8,7,2
2026-04-16,300235840,13,5,3
2026-04-16,217234642,11,3,3
2026-04-16,300235840,13,7,2
2026-04-16,237190053,8,3,0
2026-04-16,300235840,13,2,0
2026-04-16,251167495,8,11,3
2026-04-16,300235840,13,5,2
2026-04-16,216162835,8,6,2
2026-04-16,300235840,13,1,0
2026-04-16,825192448,8,5,2
2026-04-16,300235840,13,3,0
2026-04-16,517235840,8,11,6
2026-04-16,300235840,13,5,0
2026-04-16,300238186,13,6,4
2026-04-16,300235840,13,5,2
2026-04-16,231150724,8,8,0
2026-04-16,300235840,13,2,2
2026-04-16,234173373,8,7,2
2026-04-16,300235840,13,3,1
2026-04-16,834215698,10,6,3
2026-04-16,300235840,13,4,3
2026-04-16,216230621,8,3,0
2026-04-16,300235840,13,4,1
2026-04-16,517233306,8,6,5
2026-04-16,300235840,13,4,0
2026-04-16,517254803,8,7,0
2026-04-16,300235840,13,7,5
2026-04-16,260186153,8,5,3
2026-04-16,300235840,13,5,2
2026-04-16,284177644,10,4,0
2026-04-16,300235840,13,2,1
2026-04-16,265234102,10,8,3
2026-04-16,300235840,13,2,2
2026-04-16,851220901,8,4,1
2026-04-16,300235840,13,5,1
2026-04-16,265192119,9,4,1
2026-04-16,300235840,13,2,1
2026-04-16,207167495,11,4,2
2026-04-16,300235840,13,3,1
2026-04-16,260210257,8,3,2
2026-04-16,300235840,13,5,2
2026-04-16,207000488,8,4,0
2026-04-16,300235840,13,6,1
2026-04-15,517209981,8,7,2
2026-04-15,300235840,13,4,3
2026-04-15,289051539,8,5,2
2026-04-15,300235840,13,7,3
2026-04-15,256005479,10,15,2
2026-04-15,300235840,13,3,3
2026-04-15,825051539,8,4,2
2026-04-15,300235840,13,5,2
2026-04-15,829001179,9,4,1
2026-04-15,300235840,13,5,1
2026-04-15,836167948,9,2,1
2026-04-15,300235840,13,5,1
2026-04-15,300192119,8,4,1
2026-04-15,300235840,13,4,1
2026-04-14,517220901,8,7,0
2026-04-14,300235840,13,2,1
2026-04-14,252167948,8,7,2
2026-04-14,300235840,13,7,3
2026-04-14,300243311,13,4,1
2026-04-14,300235840,13,7,4
2026-04-14,284183567,12,4,1
2026-04-14,300235840,13,9,4
2026-04-14,251192119,8,1,0
2026-04-14,300235840,13,7,1
2026-04-14,210193080,8,3,1
2026-04-14,300235840,13,6,1
2026-04-14,300230621,8,6,2
2026-04-14,300235840,13,4,1
2026-04-14,265233306,8,8,3
2026-04-14,300235840,13,5,3
2026-04-14,234173373,8,3,0
2026-04-14,300235840,13,4,2
2026-04-14,300235840,13,5,0
2026-04-14,826210676,9,6,2
2026-04-14,264190941,8,2,1
2026-04-14,300235840,13,7,2
2026-04-13,828202811,8,5,2
2026-04-13,300235840,13,6,1
2026-04-13,256210257,8,13,1
2026-04-13,214200389,8,8,2
2026-04-13,300235840,13,4,1
2026-04-13,834212831,8,3,1
2026-04-13,300235840,13,10,6
2026-04-13,280185122,12,1,0
2026-04-13,300235840,13,7,3
2026-04-13,265234102,8,3,1
2026-04-13,300235840,13,8,4
2026-04-13,825210257,8,7,4
2026-04-13,300235840,13,7,4
2026-04-13,856259532,6,4,1
2026-04-13,300235840,13,3,1
2026-04-13,265192119,8,7,2
2026-04-13,300235840,13,8,4
2026-04-27,825210257,8,5,2
2026-04-27,253192119,8,6,6
2026-04-27,825210257,8,5,3
2026-04-27,214167495,8,5,2
2026-04-27,825210257,8,4,3
2026-04-27,825210257,8,3,1
2026-04-27,233192119,8,1,0
2026-04-27,825210257,8,5,3
2026-04-27,206210257,11,5,4
2026-04-27,825210257,8,8,6
2026-04-27,323186153,8,9,4
2026-04-27,825210257,8,8,4
2026-04-27,834215698,8,2,1
2026-04-27,825210257,8,9,6
2026-04-27,825210257,8,8,1
2026-04-27,217212831,8,4,3
2026-04-27,834167495,8,5,1
2026-04-27,825210257,8,8,5
2026-04-27,826193698,8,6,3
2026-04-27,825210257,8,5,1
2026-04-27,825210257,8,3,2
2026-04-27,216167495,8,2,0
2026-04-27,828230621,8,1,0
2026-04-27,825210257,8,7,4
2026-04-27,825210257,8,5,1
2026-04-27,237210257,8,2,0
2026-04-27,253230869,9,1,0
2026-04-27,825210257,8,6,3
2026-04-27,851210676,8,3,2
2026-04-27,825210257,8,7,4
2026-04-27,280215698,6,4,2
2026-04-27,825210257,8,7,3
2026-04-24,825210257,8,5,1
2026-04-24,272170597,13,7,4
2026-04-24,825210257,8,2,1
2026-04-24,300192119,8,6,3
2026-04-24,280235073,8,3,3
2026-04-24,825210257,8,4,1
2026-04-24,825210257,8,2,2
2026-04-24,284216065,9,4,1
2026-04-24,804262621,8,1,1
2026-04-24,825210257,8,4,1
2026-04-24,300192119,8,6,4
2026-04-24,825210257,8,8,6
2026-04-20,274005479,8,3,2
2026-04-20,825210257,8,5,4
2026-04-20,217212831,8,3,1
2026-04-20,825210257,8,4,2
2026-04-20,825210257,8,8,6
2026-04-20,848167948,9,6,4
2026-04-18,825210257,8,4,2
2026-04-18,234167495,8,2,1
2026-04-18,825210257,8,9,7
2026-04-18,846212831,8,6,2
2026-04-18,270221087,8,3,1
2026-04-18,825210257,8,3,2
2026-04-18,840215316,8,2,1
2026-04-18,256210257,8,7,4
2026-04-17,221157804,8,3,1
2026-04-17,825210257,8,1,1
2026-04-17,515215698,8,6,3
2026-04-17,825210257,8,5,3
2026-04-13,810177683,8,4,0
2026-04-13,840215316,8,5,0
2026-04-13,840215316,8,5,2
2026-04-13,840215316,8,5,3
2026-04-13,216234642,11,4,1
2026-04-13,840215316,8,5,3
2026-04-13,216234642,10,6,3
2026-04-13,846212831,8,7,3
2026-04-13,840215316,8,7,4
2026-04-13,300193336,13,2,1
2026-04-13,840215316,8,5,2
2026-04-13,840215316,8,3,0
2026-04-13,101001179,8,5,2
2026-04-13,840215316,8,4,2
2026-04-13,233192119,8,3,0
2026-04-13,300192119,8,4,2
2026-04-13,840215316,8,8,3
2026-04-13,513203841,8,3,0
2026-04-13,840215316,8,6,1
2026-04-13,840215316,8,6,3
2026-04-13,251192119,8,5,3
2026-04-13,840215316,8,7,5
2026-04-13,810225116,8,4,1
2026-04-13,848048940,8,5,2
2026-04-13,840215316,8,5,2
2026-04-13,840215316,8,3,1
2026-04-13,206177683,13,6,1
2026-04-13,840215316,8,2,1
2026-04-13,517200389,8,6,4
2026-04-13,207212831,8,8,4
2026-04-13,840215316,8,4,3
2026-04-13,246186569,8,6,4
2026-04-13,840215316,8,7,4
2026-04-13,201193080,13,3,0
2026-04-13,840215316,8,3,0
2026-04-25,846193080,8,4,0
2026-04-25,233192119,8,8,6
2026-04-25,834230621,8,4,0
2026-04-25,233192119,8,3,1
2026-04-25,804263063,8,7,2
2026-04-25,233192119,8,5,1
2026-04-25,233192119,8,2,0
2026-04-25,851210676,8,4,2
2026-04-25,300234577,11,6,2
2026-04-25,233192119,8,3,0
2026-04-25,284205377,8,8,2
2026-04-25,233192119,8,9,4
2026-04-25,264230621,8,11,7
2026-04-25,300235840,12,3,0
2026-04-25,828192448,8,8,4
2026-04-25,300235840,12,2,1
2026-04-25,828212831,8,3,2
2026-04-25,300235840,12,4,0
2026-04-25,300192119,8,9,4
2026-04-25,300235840,12,4,2
2026-04-25,206024630,10,4,2
2026-04-25,300235840,12,3,2
2026-04-25,237192119,8,7,1
2026-04-25,300235840,12,6,3
2026-04-25,828192119,8,3,1
2026-04-25,300235840,12,5,1
2026-04-25,251051539,8,8,5
2026-04-25,300235840,12,4,2
2026-04-25,283230869,9,5,4
2026-04-25,300235840,12,8,5
2026-04-24,829199987,9,6,3
2026-04-24,206203042,13,1,0
2026-04-24,217212831,8,5,3
2026-04-24,862212432,8,2,1
2026-04-24,845233267,9,8,5
2026-04-24,862212432,8,3,1
2026-04-24,300258534,8,6,3
2026-04-24,862212432,8,4,4
2026-04-24,237212831,8,6,4
2026-04-24,862212432,8,3,2
2026-04-19,206048940,13,3,3
2026-04-19,323186153,8,6,1
2026-04-19,828192119,8,3,1
2026-04-19,323186153,8,4,0
2026-04-19,280215698,7,5,2
2026-04-19,323186153,8,2,0
2026-04-19,231199987,8,8,3
2026-04-19,323186153,8,7,4
2026-04-19,826226753,8,7,5
2026-04-19,323186153,8,6,2
2026-04-19,256167495,9,7,2
2026-04-19,323186153,8,5,1
2026-04-18,265192119,8,4,0
2026-04-18,323186153,8,4,1
2026-04-18,828226753,8,13,8
2026-04-18,323186153,8,2,1
2026-04-18,280215698,8,6,1
2026-04-18,323186153,8,7,4
2026-04-18,828215698,8,6,4
2026-04-18,323186153,8,6,4
2026-04-18,284216065,9,3,0
2026-04-18,323186153,8,1,1
2026-04-18,270193105,8,6,4
2026-04-18,323186153,8,5,0
2026-04-18,834192119,8,5,3
2026-04-18,323186153,8,1,0
2026-04-18,216167495,8,11,7
2026-04-18,323186153,8,2,0
2026-04-18,853212432,8,6,4
2026-04-18,323186153,8,3,0
2026-04-18,265234102,8,9,2
2026-04-18,323186153,8,1,1
2026-04-26,845233267,8,5,3
2026-04-26,270233934,9,4,1
2026-04-26,845233267,8,2,1
2026-04-26,829228279,9,6,2
2026-04-25,845233267,8,1,0
2026-04-25,206024630,13,8,4
2026-04-25,270193105,8,6,4
2026-04-25,845233267,8,5,4
2026-04-25,855167495,8,2,1
2026-04-25,845233267,8,4,0
2026-04-25,265233306,8,6,3
2026-04-25,517225116,8,1,0
2026-04-25,265233306,8,2,1
2026-04-25,234190053,8,6,3
2026-04-25,289190053,8,4,3
2026-04-25,265233306,8,3,3
2026-04-24,826226753,11,7,3
2026-04-24,265233306,8,3,1
2026-04-24,256001179,8,2,1
2026-04-24,265233306,8,5,0
2026-04-24,825190053,10,3,2
2026-04-24,265233306,8,7,2
2026-04-24,517215698,8,2,2
2026-04-24,265233306,8,4,2
2026-04-24,201193080,13,4,3
2026-04-24,265233306,8,8,5
2026-04-24,206188943,13,6,2
2026-04-24,265233306,8,3,2
2026-04-24,280215698,8,3,2
2026-04-24,265233306,8,7,2
2026-04-24,289192119,8,5,2
2026-04-24,265233306,8,5,3
2026-04-24,300230621,5,6,4
2026-04-24,265233306,8,5,2
2026-04-23,256186153,9,9,1
2026-04-23,265233306,8,11,3
2026-04-23,265233306,8,3,1
2026-04-23,517199641,9,6,3
2026-04-23,265233306,8,7,4
2026-04-23,206024630,13,8,4
2026-04-23,265233306,8,10,4
2026-04-23,827048940,9,5,2
2026-04-23,265233306,8,3,0
2026-04-23,300235840,13,3,2
2026-04-22,265233306,8,7,4
2026-04-22,856228789,6,6,1
2026-04-22,836167948,8,4,3
2026-04-22,265233306,8,3,1
2026-04-22,265233306,8,11,5
2026-04-22,300224836,8,7,3
2026-04-22,265233306,8,3,2
2026-04-22,804263063,8,4,0
2026-04-22,214212831,8,4,2
2026-04-22,265233306,8,6,3
2026-04-22,265233306,8,3,0
2026-04-22,834192119,8,1,1
2026-04-21,834210257,8,5,3
2026-04-21,265233306,8,4,0
2026-04-18,246186569,8,2,1
2026-04-18,265233306,8,9,6
2026-04-18,265233306,8,6,3
2026-04-18,300233164,13,6,2
2026-04-17,265233306,8,6,4
2026-04-17,222192448,13,5,1
2026-04-17,802048940,8,5,3
2026-04-17,265233306,8,4,3
2026-04-17,265233306,8,3,1
2026-04-17,517227127,8,8,4
2026-04-17,265233306,8,4,0
2026-04-17,825048940,10,1,1
2026-04-17,217177683,13,1,1
2026-04-17,265233306,8,4,1
2026-04-17,206177683,13,4,1
2026-04-17,265233306,8,3,1
2026-04-17,300215069,13,3,0
2026-04-17,265233306,8,6,2
2026-04-17,265233306,8,7,2
2026-04-17,300263063,13,1,1
2026-04-17,206024630,13,3,2
2026-04-17,265233306,8,4,0
2026-04-17,217212831,8,3,1
2026-04-17,265233306,8,2,1
2026-04-17,206024630,11,3,0
2026-04-17,265233306,8,6,3
2026-04-17,517167948,8,8,3
2026-04-17,265233306,8,5,2
2026-04-17,206186153,8,4,1
2026-04-17,265233306,8,4,2
2026-04-17,834220901,8,5,2
2026-04-17,265233306,8,3,0
2026-04-17,265233306,8,9,5
2026-04-17,265233306,8,5,3
2026-04-17,852223885,8,8,5
2026-04-17,207210257,13,3,2
2026-04-17,265233306,8,4,2
2026-04-15,300232229,13,5,1
2026-04-15,265233306,8,5,2
2026-04-15,852186153,8,6,0
2026-04-15,265233306,8,4,2
2026-04-15,265233306,8,4,3
2026-04-15,216200389,8,4,2
2026-04-15,101000488,8,4,2
2026-04-15,265233306,8,4,2
2026-04-15,265233306,8,8,5
2026-04-15,300243675,13,3,1
2026-04-15,265233306,8,2,1
2026-04-15,300228789,13,4,1
2026-04-15,237210257,8,9,4
2026-04-15,265233306,8,6,4
2026-04-14,265233306,8,3,1
2026-04-14,853212432,8,8,2
2026-04-14,300215698,8,3,1
2026-04-14,265233306,8,9,6
2026-04-14,503199987,13,7,4
2026-04-14,265233306,8,2,0
2026-04-14,256186153,9,7,2
2026-04-14,265233306,8,2,0
2026-04-14,234051539,8,7,1
2026-04-14,265233306,8,3,1
2026-04-14,834177683,8,9,3
2026-04-14,265233306,8,9,7
2026-04-14,265233306,8,5,1
2026-04-14,828212831,8,5,4
2026-04-27,862212432,8,4,0
2026-04-27,300199987,8,6,2
2026-04-27,300203841,5,4,1
2026-04-27,804262621,8,3,0
2026-04-27,862212432,8,2,2
2026-04-27,862212432,8,3,0
2026-04-27,101238380,8,4,2
2026-04-27,265228413,9,8,3
2026-04-27,862212432,8,8,4
2026-04-27,802167495,8,1,0
2026-04-26,324024630,8,4,1
2026-04-26,862212432,8,5,2
2026-04-26,237210257,8,6,4
2026-04-26,862212432,8,2,0
2026-04-26,862212432,8,8,5
2026-04-26,231024630,8,7,2
2026-04-26,810185122,8,7,0
2026-04-26,862212432,8,6,2
2026-04-26,862212432,8,10,8
2026-04-26,270234577,8,8,3
2026-04-26,517224987,8,4,1
2026-04-26,237001179,8,3,0
2026-04-26,517224987,8,9,4
2026-04-26,268051539,8,4,2
2026-04-26,517224987,8,7,2
2026-04-26,289192119,8,4,2
2026-04-26,283167495,8,3,1
2026-04-26,517224987,8,4,0
2026-04-26,517224987,8,7,1
2026-04-26,237212831,8,4,1
2026-04-26,517224987,8,4,2
2026-04-26,802167495,8,4,0
2026-04-26,828192119,8,3,0
2026-04-26,517224987,8,4,2
2026-04-26,517224987,8,8,5
2026-04-26,206024630,9,6,3
2026-04-26,265234102,8,3,1
2026-04-26,517224987,8,5,1
2026-04-25,517224987,8,5,3
2026-04-25,265192119,8,4,3
2026-04-25,517224987,8,4,2
2026-04-25,201167495,13,5,3
2026-04-25,517224987,8,9,2
2026-04-25,291262621,8,3,2
2026-04-25,845233267,8,4,1
2026-04-25,517224987,8,8,6
2026-04-24,834230621,8,7,2
2026-04-24,517224987,8,8,2
2026-04-24,517224987,8,10,7
2026-04-24,237212831,8,6,1
2026-04-24,517224987,8,3,2
2026-04-24,834215698,8,4,2
2026-04-24,517233306,8,7,5
2026-04-24,517224987,8,5,2
2026-04-23,517224987,8,6,2
2026-04-23,264230621,8,4,1
2026-04-23,517224987,8,8,2
2026-04-23,300192119,8,10,3
2026-04-23,517224987,8,6,3
2026-04-23,827051539,8,6,2
2026-04-23,206167948,13,7,1
2026-04-23,517224987,8,7,4
2026-04-23,840215316,8,6,3
2026-04-23,517224987,8,7,5
2026-04-23,517224987,8,7,5
2026-04-23,251186153,8,7,3
2026-04-23,264230621,8,6,2
2026-04-23,517224987,8,5,2
2026-04-23,517224987,8,6,2
2026-04-23,300243675,13,5,1
2026-04-23,300192448,8,3,2
2026-04-23,517224987,8,7,0
2026-04-23,517224987,8,6,1
2026-04-23,852204092,9,6,2
2026-04-20,846193080,8,5,3
2026-04-20,517224987,8,3,1
2026-04-20,517224987,8,8,2
2026-04-20,828178005,8,3,1
2026-04-20,840242948,8,5,2
2026-04-20,517224987,8,4,0
2026-04-20,237212831,8,4,1
2026-04-20,517224987,8,1,0
2026-04-20,265192119,8,4,0
2026-04-20,517224987,8,8,3
2026-04-20,517224987,8,3,2
2026-04-20,320140293,9,5,2
2026-04-20,216192448,8,3,1
2026-04-20,517224987,8,6,2
2026-04-18,517224987,8,3,0
2026-04-18,300210257,8,2,1
2026-04-17,517224987,8,7,3
2026-04-17,251167948,8,5,1
2026-04-17,834220901,8,3,1
2026-04-17,101051539,8,3,0
2026-04-17,206177683,13,3,2
2026-04-17,101051539,8,9,3
2026-04-17,283167495,8,5,2
2026-04-17,101051539,8,8,3
2026-04-16,101051539,8,6,3
2026-04-16,246199987,8,4,1
2026-04-16,101051539,8,5,3
2026-04-16,268051539,8,4,0
2026-04-16,101051539,8,3,3
2026-04-16,828215698,9,4,2
2026-04-16,101051539,8,6,1
2026-04-16,253167948,8,4,2
2026-04-16,101051539,8,6,2
2026-04-16,283186153,8,2,1
2026-04-16,517233306,8,4,2
2026-04-16,101051539,8,12,4
2026-04-16,101051539,8,8,4
2026-04-16,246186569,8,6,3
2026-04-15,265192119,8,5,3
2026-04-15,101051539,8,9,5
2026-04-15,216192448,8,4,4
2026-04-15,101051539,8,4,1
2026-04-15,101051539,8,6,1
2026-04-15,300207998,7,6,2
2026-04-14,515240091,11,8,3
2026-04-14,101051539,8,9,2
2026-04-14,804262621,8,5,1
2026-04-14,101051539,8,1,1
2026-04-14,101051539,8,10,5
2026-04-14,265233306,8,3,1
2026-04-14,216200389,8,4,0
2026-04-14,101051539,8,6,3
2026-04-14,101051539,8,9,5
2026-04-14,206200389,12,6,2
2026-04-14,834230621,8,4,1
2026-04-14,101051539,8,3,1
2026-04-14,810230621,8,2,0
2026-04-14,101051539,8,9,1
2026-04-14,101051539,8,2,1
2026-04-14,246199987,8,8,3
2026-04-26,853238570,8,5,3
2026-04-26,251192119,8,5,1
2026-04-26,234192119,8,6,0
2026-04-26,251192119,8,1,1
2026-04-26,300206585,8,5,0
2026-04-26,251192119,8,4,3
2026-04-26,855167495,8,5,0
2026-04-26,251192119,8,4,1
2026-04-26,300219836,13,6,2
2026-04-26,251192119,8,10,4
2026-04-26,300224241,13,2,1
2026-04-26,251192119,8,4,0
2026-04-26,251192119,8,4,2
2026-04-26,810192448,8,1,0
2026-04-26,251192119,8,7,4
2026-04-26,251186153,8,3,0
2026-04-26,251192119,8,6,2
2026-04-26,300225116,12,4,1
2026-04-26,251192119,8,6,1
2026-04-26,207210257,10,7,1
2026-04-26,251192119,8,2,1
2026-04-25,804262621,9,5,2
2026-04-25,251192119,8,10,7
2026-04-25,846193080,8,3,3
2026-04-25,251192119,8,3,0
2026-04-25,251192119,8,3,1
2026-04-25,300186153,8,7,1
2026-04-25,251192119,8,6,0
2026-04-25,251192119,8,2,2
2026-04-25,234051539,8,4,1
2026-04-25,300192119,9,1,1
2026-04-25,251192119,8,3,1
2026-04-25,853232065,8,3,1
2026-04-25,251192119,8,6,4
2026-04-19,237192119,8,8,1
2026-04-19,265225116,8,5,3
2026-04-19,237192119,8,2,0
2026-04-19,237192119,8,4,1
2026-04-19,834246139,9,5,2
2026-04-19,237192119,8,3,2
2026-04-19,300192119,8,6,0
2026-04-19,237192119,8,4,1
2026-04-18,828212831,8,3,1
2026-04-18,237192119,8,3,2
2026-04-18,300225395,13,5,2
2026-04-18,237192119,8,4,4
2026-04-15,264190941,8,6,2
2026-04-15,237192119,8,6,2
2026-04-15,237192119,8,4,2
2026-04-15,237192119,8,2,0
2026-04-15,206193080,10,6,0
2026-04-15,237192119,8,4,2
2026-04-15,274192119,8,8,4
2026-04-15,237192119,8,4,1
2026-04-15,836167948,8,4,0
2026-04-15,237192119,8,5,0
2026-04-15,508224003,13,3,1
2026-04-15,237192119,8,4,0
2026-04-15,237192119,8,3,1
2026-04-15,829235073,8,4,0
2026-04-15,237192119,8,2,0
2026-04-15,825206585,8,3,1
2026-04-15,237192119,8,1,1
2026-04-15,237192119,8,29,1
2026-04-27,300192448,5,6,1
2026-04-27,214150724,8,5,1
2026-04-27,300192448,5,2,0
2026-04-27,206005479,13,1,0
2026-04-27,300192448,5,4,1
2026-04-26,300192448,5,4,1
2026-04-26,207210257,12,5,3
2026-04-26,300192448,5,10,6
2026-04-26,201167495,11,4,2
2026-04-26,300192448,5,4,1
2026-04-26,324024630,13,7,5
2026-04-26,300192448,5,7,2
2026-04-26,300211101,12,7,1
2026-04-26,291211738,10,4,1
2026-04-26,300192448,5,4,2
2026-04-26,501215698,8,5,1
2026-04-26,300192448,5,5,2
2026-04-26,300192448,5,9,7
2026-04-26,848167948,8,5,1
2026-04-24,206192448,8,7,3
2026-04-24,828212831,8,7,3
2026-04-24,829192448,8,1,0
2026-04-24,206192448,8,8,4
2026-04-24,206024630,13,3,0
2026-04-24,206192448,8,5,2
2026-04-24,206192448,8,5,1
2026-04-24,251192119,8,6,1
2026-04-23,862212432,8,6,2
2026-04-23,300192119,8,4,3
2026-04-23,862212432,8,2,0
2026-04-23,845242179,8,6,1
2026-04-23,256186569,9,3,0
2026-04-23,300250753,8,7,3
2026-04-23,836167948,8,8,2
2026-04-23,836167948,8,4,2
2026-04-23,300224251,13,2,0
2026-04-22,206188943,13,4,1
2026-04-22,836167948,8,4,2
2026-04-22,836167948,8,3,2
2026-04-22,828215698,9,5,1
2026-04-22,836167948,8,4,4
2026-04-22,802192448,8,10,9
2026-04-22,836167948,8,5,3
2026-04-22,237199987,8,8,2
2026-04-22,836167948,8,5,2
2026-04-22,834192119,8,3,0
2026-04-22,836167948,8,3,0
2026-04-22,802200389,9,1,1
2026-04-22,836167948,8,9,3
2026-04-22,825192448,8,3,0
2026-04-22,828212831,8,1,0
2026-04-22,836167948,8,6,4
2026-04-22,836167948,8,3,1
2026-04-22,834192119,8,8,2
2026-04-22,836167948,8,5,1
2026-04-22,322001179,8,2,1
2026-04-22,836167948,8,4,0
2026-04-22,828215698,8,3,2
2026-04-22,836167948,8,4,2
2026-04-22,283192448,8,5,1
2026-04-22,836167948,8,5,3
2026-04-22,834192119,8,12,5
2026-04-22,828209981,8,4,1
2026-04-22,836167948,8,3,0
2026-04-22,836167948,8,7,3
2026-04-22,201167495,13,1,1
2026-04-22,836167948,8,8,4
2026-04-22,206210257,8,8,3
2026-04-22,836167948,8,1,0
2026-04-22,206203775,13,3,0
2026-04-22,836167948,8,6,4
2026-04-22,834220901,8,6,3
2026-04-22,836167948,8,4,2
2026-04-22,256186153,8,3,1
2026-04-22,206024630,13,4,2
2026-04-22,836167948,8,2,1
2026-04-22,836167948,8,3,0
2026-04-22,836167948,8,7,5
2026-04-22,825192448,8,4,2
2026-04-22,836167948,8,5,3
2026-04-22,829235073,8,5,3
2026-04-22,836167948,8,4,3
2026-04-22,252162835,9,7,4
2026-04-22,206177683,8,2,0
2026-04-22,836167948,8,3,2
2026-04-22,251192119,8,5,2
2026-04-22,836167948,8,6,4
2026-04-22,274192119,8,9,7
2026-04-21,848167948,8,7,5
2026-04-21,513186153,8,6,3
2026-04-21,300200389,8,4,1
2026-04-21,848167948,8,7,5
2026-04-21,834230621,8,3,3
2026-04-21,848167948,8,2,1
2026-04-21,291211738,8,4,3
2026-04-21,848167948,8,5,1
2026-04-19,300225116,8,5,1
2026-04-19,848167948,8,10,7
2026-04-19,300230621,8,13,6
2026-04-19,848167948,8,4,1
2026-04-19,836001179,8,4,3
2026-04-19,848167948,8,5,3
2026-04-19,848167948,8,3,1
2026-04-19,840215316,8,2,1
2026-04-19,848167948,8,6,3
2026-04-19,825210257,8,3,1
2026-04-19,848167948,8,5,2
2026-04-19,300071515,13,6,3
2026-04-19,848167948,8,8,2
2026-04-19,300230621,8,7,3
2026-04-19,508172203,8,2,1
2026-04-19,848167948,8,6,5
2026-04-19,265225116,8,4,2
2026-04-19,848167948,8,3,3
2026-04-19,851204935,9,5,1
2026-04-19,848167948,8,7,4
2026-04-19,853238570,8,6,3
2026-04-19,848167948,8,5,2
2026-04-19,848167948,8,8,6
2026-04-19,826192563,8,3,1
2026-04-19,300192119,8,8,4
2026-04-19,848167948,8,5,2
2026-04-19,834252154,8,8,1
2026-04-19,848167948,8,9,7
2026-04-19,848167948,8,6,2
2026-04-19,834230621,8,7,5
2026-04-19,804262621,9,5,2
2026-04-19,848167948,8,4,2
2026-04-19,848167948,8,2,0
2026-04-19,828230621,8,7,2
2026-04-19,848167948,8,5,1
2026-04-19,251048940,10,7,4
2026-04-19,848167948,8,8,5
2026-04-19,818167495,8,9,3
2026-04-18,848167948,8,2,1
2026-04-18,828167495,8,1,1
2026-04-18,848167948,8,4,4
2026-04-18,216162835,10,7,2
2026-04-18,848167948,8,10,8
2026-04-18,253204935,9,2,1
2026-04-18,848167948,8,5,1
2026-04-18,217212831,8,5,1
2026-04-18,848167948,8,6,3
2026-04-18,855220901,6,7,2
2026-04-18,251170084,7,3,3
2026-04-18,848167948,8,3,1
2026-04-18,289192119,8,5,1
2026-04-18,848167948,8,8,4
2026-04-18,848167948,8,7,2
2026-04-18,828212831,9,5,1
2026-04-18,827048940,8,3,2
2026-04-18,848167948,8,8,7
2026-04-18,517235840,8,1,1
2026-04-18,848167948,8,3,3
2026-04-18,855200389,8,2,0
2026-04-18,848167948,8,7,2
2026-04-18,253177683,8,3,1
2026-04-18,848167948,8,1,1
2026-04-18,852192448,7,9,4
2026-04-18,848167948,8,7,5
2026-04-18,826205186,8,9,5
2026-04-18,280215698,8,4,2
2026-04-18,848167948,8,6,4
2026-04-18,853238570,8,4,4
2026-04-18,848167948,8,10,2
2026-04-18,848167948,8,3,1
2026-04-18,283167495,8,3,2
2026-04-18,848167948,8,8,2
2026-04-18,265233306,8,6,1
2026-04-18,848167948,8,6,2
2026-04-18,210193080,8,6,3
2026-04-18,848167948,8,6,3
2026-04-18,827051539,8,8,4
2026-04-18,848167948,8,5,3
2026-04-18,291262621,8,8,4
2026-04-18,848167948,8,7,4
2026-04-18,280230621,8,9,4
2026-04-18,848167948,8,12,9
2026-04-18,802167948,8,5,1
2026-04-18,848167948,8,6,2
2026-04-18,300225395,13,6,2
2026-04-18,848167948,8,4,0
2026-04-18,251051539,8,5,2
2026-04-18,291262621,8,4,2
2026-04-18,848167948,8,9,3
2026-04-18,848167948,8,2,1
2026-04-18,214048940,8,8,3
2026-04-18,848167948,8,7,2
2026-04-17,848167948,8,5,2
2026-04-17,503233306,8,4,2
2026-04-17,848167948,8,5,4
2026-04-17,265186153,8,6,4
2026-04-17,848167948,8,4,0
2026-04-17,848167948,8,3,1
2026-04-17,828215698,8,4,3
2026-04-17,265234102,8,3,1
2026-04-17,848167948,8,5,1
2026-04-17,234001179,8,3,0
2026-04-17,848167948,8,7,2
2026-04-17,848167948,8,12,9
2026-04-17,233192119,8,3,2
2026-04-17,848167948,8,4,3
2026-04-17,253167495,8,10,6
2026-04-17,848167948,8,6,2
2026-04-17,270193105,8,6,3
2026-04-17,216192448,8,6,2
2026-04-17,848167948,8,5,1
2026-04-17,814223885,8,3,3
2026-04-17,848167948,8,4,2
2026-04-17,848167948,8,6,3
2026-04-17,265233306,8,4,4
2026-04-17,848167948,8,7,4
2026-04-17,300186153,8,5,2
2026-04-17,848167948,8,4,2
2026-04-17,207051539,9,4,2
2026-04-17,848167948,8,3,3
2026-04-17,294238570,6,4,1
2026-04-17,848167948,8,6,1
2026-04-17,231024630,8,6,2
2026-04-17,848167948,8,6,3
2026-04-17,848167948,8,5,2
2026-04-17,270233267,9,1,1
2026-04-17,848167948,8,3,0
2026-04-17,300243830,13,3,2
2026-04-17,848167948,8,9,6
2026-04-17,517235840,8,5,0
2026-04-17,848167948,8,7,6
2026-04-17,300215698,9,6,4
2026-04-17,848167948,8,3,1
2026-04-17,247191924,8,3,0
2026-04-17,848167948,8,3,1
2026-04-17,840214979,8,6,2
2026-04-17,848167948,8,5,0
2026-04-17,825192448,8,8,1
2026-04-17,848167948,8,4,1
2026-04-17,216192448,8,3,0
2026-04-16,802167948,8,4,1
2026-04-16,834173426,9,3,3
2026-04-16,802167948,8,4,1
2026-04-16,216192563,8,4,1
2026-04-16,253167495,8,2,1
2026-04-16,802167948,8,8,4
2026-04-16,264230621,8,3,2
2026-04-16,802167948,8,2,1
2026-04-16,802167948,8,7,5
2026-04-16,852000488,8,3,0
2026-04-14,206192448,8,7,5
2026-04-14,300230869,6,4,3
2026-04-13,206192448,8,4,2
2026-04-13,845005479,8,6,2
2026-04-13,207193080,2,6,4
2026-04-13,206192448,8,7,4
2026-04-13,206192448,8,5,2
2026-04-13,814234642,8,8,4
2026-04-13,206215316,12,5,2
2026-04-13,206192448,8,7,4
2026-04-13,206192448,8,5,1
2026-04-13,246193041,8,4,2
2026-04-13,206192448,8,3,1
2026-04-13,253177683,8,7,6
2026-04-13,845233267,8,4,3
2026-04-13,206192448,8,2,0
2026-04-13,268051539,8,8,1
2026-04-13,206192448,8,9,4
2026-04-24,300194404,4,2,1
2026-04-24,251167495,8,6,4
2026-04-24,324024630,13,6,4
2026-04-24,251167495,8,8,3
2026-04-24,825192448,8,8,4
2026-04-24,251167495,8,6,2
2026-04-24,251167495,8,3,2
2026-04-24,848190941,8,5,2
2026-04-24,251167495,8,3,1
2026-04-24,251167495,8,1,0
2026-04-24,270233934,8,8,2
2026-04-24,251167495,8,1,1
2026-04-24,214167495,7,3,1
2026-04-24,265192119,8,1,0
2026-04-24,251167495,8,3,1
2026-04-24,234051539,8,8,4
2026-04-24,251167495,8,6,3
2026-04-21,214005479,8,1,1
2026-04-21,251167495,8,8,5
2026-04-27,291262621,9,2,1
2026-04-27,802167948,11,12,9
2026-04-27,289192119,8,5,3
2026-04-27,291262621,9,10,7
2026-04-27,234051539,8,4,1
2026-04-27,291262621,9,8,5
2026-04-27,862212432,8,4,2
2026-04-27,291262621,9,5,1
2026-04-26,291262621,9,6,0
2026-04-26,834210257,8,4,1
2026-04-26,802167948,8,10,5
2026-04-26,291262621,9,5,1
2026-04-26,291262621,9,7,6
2026-04-26,252162835,8,7,5
2026-04-26,291262621,9,5,2
2026-04-26,206177683,13,2,2
2026-04-24,291262621,9,3,1
2026-04-24,207212831,11,9,8
2026-04-23,291262621,9,6,3
2026-04-23,270233934,8,4,1
2026-04-23,834230621,8,10,7
2026-04-23,291262621,9,7,1
2026-04-23,291262621,9,4,1
2026-04-23,300192448,8,4,3
2026-04-23,829235073,8,4,3
2026-04-23,291262621,9,6,2
2026-04-22,291262621,9,7,5
2026-04-22,260210257,8,5,3
2026-04-22,214192119,12,7,3
2026-04-22,291262621,9,8,4
2026-04-22,517251752,8,8,4
2026-04-22,291262621,9,7,4
2026-04-22,834220901,8,10,4
2026-04-22,291262621,9,1,0
2026-04-22,501215698,8,4,1
2026-04-22,291262621,9,10,6
2026-04-21,206024630,13,5,3
2026-04-21,291262621,9,2,2
2026-04-21,291262621,9,7,5
2026-04-21,513177683,8,5,2
2026-04-21,291262621,9,4,1
2026-04-21,852189117,8,5,4
2026-04-21,291262621,9,2,1
2026-04-21,845199005,8,5,2
2026-04-21,324193041,9,12,8
2026-04-21,291262621,9,5,2
2026-04-21,291262621,9,4,2
2026-04-21,265192119,8,5,4
2026-04-20,291262621,9,2,1
2026-04-20,101005479,8,6,3
2026-04-20,251051539,8,2,0
2026-04-20,291262621,9,3,2
2026-04-20,291262621,9,15,6
2026-04-20,517211738,8,6,4
2026-04-20,283211101,9,6,4
2026-04-20,291262621,9,5,3
2026-04-20,291262621,9,7,2
2026-04-20,251001179,8,7,4
2026-04-20,291262621,9,3,1
2026-04-20,256186153,9,6,2
2026-04-20,291262621,9,5,4
2026-04-20,283230869,10,4,1
2026-04-19,265234102,8,5,2
2026-04-19,291262621,9,2,0
2026-04-19,845212831,8,1,0
2026-04-19,517224987,8,2,0
2026-04-19,291262621,9,6,5
2026-04-19,291262621,9,8,4
2026-04-19,825051539,8,3,0
2026-04-19,291262621,9,7,2
2026-04-19,252167948,9,6,5
2026-04-18,291262621,9,5,4
2026-04-18,829212831,8,5,3
2026-04-18,804262621,8,9,5
2026-04-18,291262621,9,4,1
2026-04-18,291262621,9,3,3
2026-04-18,206024630,11,2,1
2026-04-17,291262621,9,5,2
2026-04-17,300224251,8,4,2
2026-04-17,852186153,8,4,2
2026-04-17,291262621,9,5,4
2026-04-17,216192448,8,6,2
2026-04-17,291262621,9,5,1
2026-04-17,280210257,8,5,5
2026-04-17,291262621,9,3,1
2026-04-17,291262621,9,3,2
2026-04-17,251167495,8,5,2
2026-04-17,101000488,8,4,2
2026-04-17,237212831,8,8,5
2026-04-17,830212432,8,5,3
2026-04-17,237212831,8,3,0
2026-04-17,270193105,8,6,1
2026-04-17,237212831,8,9,5
2026-04-16,289190053,8,3,3
2026-04-16,237212831,8,2,0
2026-04-15,237212831,8,2,1
2026-04-15,283167495,10,7,6
2026-04-15,300194404,9,3,3
2026-04-15,237212831,8,5,2
2026-04-15,237212831,8,4,2
2026-04-15,802167948,9,5,1
2026-04-14,237212831,8,3,0
2026-04-14,206024630,13,5,2
2026-04-14,283192448,8,8,5
2026-04-14,237212831,8,5,3
2026-04-14,237212831,8,4,0
2026-04-14,237212831,8,2,0
2026-04-27,829220901,8,6,4
2026-04-27,829220901,9,4,1
2026-04-23,862212432,8,8,4
2026-04-23,828209981,8,3,2
2026-04-17,274192119,8,6,2
2026-04-17,825210257,8,3,0
2026-04-17,265233306,8,6,2
2026-04-17,825210257,8,9,3
2026-04-17,511262621,8,7,3
2026-04-17,825210257,8,5,2
2026-04-16,834240913,10,4,1
2026-04-16,825210257,8,5,2
2026-04-16,234192119,2,2,0
2026-04-16,829192119,8,7,2
2026-04-16,829192119,8,6,2
2026-04-16,807212831,6,7,2
2026-04-16,206193080,9,2,2
2026-04-16,829192119,8,4,2
2026-04-15,827048940,9,5,0
2026-04-15,829192119,8,7,5
2026-04-13,829192119,8,10,5
2026-04-13,253167495,10,4,2
2026-04-13,828212831,8,13,10
2026-04-13,829192119,8,3,0
2026-04-13,818167495,8,8,5
2026-04-13,829192119,8,6,3
2026-04-25,251186153,8,5,1
2026-04-25,828215698,8,7,1
2026-04-25,834215698,8,4,4
2026-04-25,828215698,8,3,0
2026-04-25,828215698,8,3,1
2026-04-25,862212432,8,7,5
2026-04-25,251051539,8,3,0
2026-04-25,828215698,8,2,2
2026-04-25,828215698,8,3,2
2026-04-25,300212831,8,3,3
2026-04-25,300192119,8,5,3
2026-04-25,828215698,8,7,5
2026-04-25,828215698,8,7,3
2026-04-25,214005479,8,9,4
2026-04-25,260243952,8,4,2
2026-04-25,828215698,8,7,4
2026-04-25,300220901,8,7,4
2026-04-25,828215698,8,4,0
2026-04-25,810227127,8,7,2
2026-04-25,828215698,8,4,2
2026-04-25,265234102,8,10,5
2026-04-25,828215698,8,4,1
2026-04-25,206177683,13,5,1
2026-04-25,828215698,8,9,3
2026-04-25,828167948,8,4,3
2026-04-25,828215698,8,3,0
2026-04-25,853212432,8,8,4
2026-04-25,828215698,8,5,3
2026-04-25,834212831,8,8,5
2026-04-25,828215698,8,3,1
2026-04-25,852186153,8,7,4
2026-04-25,828215698,8,3,1
2026-04-25,846193080,8,2,2
2026-04-25,828215698,8,8,4
2026-04-25,834212831,8,12,8
2026-04-25,828215698,8,2,1
2026-04-25,283211101,8,3,1
2026-04-25,828215698,8,7,2
2026-04-24,251164835,8,7,6
2026-04-24,828215698,8,5,3
2026-04-24,840193080,8,7,4
2026-04-24,828215698,8,10,3
2026-04-24,862212432,8,5,1
2026-04-24,828215698,8,5,4
2026-04-24,828215698,8,4,1
2026-04-24,300193105,8,6,3
2026-04-24,828215698,8,5,2
2026-04-24,517220901,8,7,1
2026-04-24,517262956,8,10,6
2026-04-24,828215698,8,9,3
2026-04-24,300225116,11,3,3
2026-04-24,828215698,8,2,1
2026-04-24,218215316,10,3,1
2026-04-24,828215698,8,2,1
2026-04-24,804262621,9,3,0
2026-04-24,828215698,8,5,1
2026-04-24,206005479,10,5,3
2026-04-24,828215698,8,5,4
2026-04-24,852186153,8,4,2
2026-04-18,246199987,8,4,0
2026-04-18,252002147,7,9,5
2026-04-18,828215698,8,7,4
2026-04-18,300192448,8,3,3
2026-04-18,828215698,8,5,2
2026-04-18,826192563,8,9,4
2026-04-18,828215698,8,4,1
2026-04-18,265234102,9,7,2
2026-04-18,828215698,8,4,2
2026-04-18,825051539,8,6,5
2026-04-18,828215698,8,3,1
2026-04-18,300263887,13,7,6
2026-04-18,828200389,8,7,4
2026-04-18,828215698,8,3,1
2026-04-18,253167495,9,6,5
2026-04-18,828215698,8,6,1
2026-04-18,828215698,8,6,2
2026-04-18,214024630,8,5,3
2026-04-18,828215698,8,4,1
2026-04-18,322146748,8,6,2
2026-04-18,270193105,8,4,2
2026-04-18,828215698,8,5,2
2026-04-18,829220901,8,6,2
2026-04-18,828215698,8,5,3
2026-04-17,828212831,8,7,5
2026-04-17,828215698,8,5,0
2026-04-17,284205377,8,6,4
2026-04-17,828215698,8,5,1
2026-04-17,513200389,7,5,1
2026-04-17,828215698,8,7,6
2026-04-17,300204092,12,7,2
2026-04-17,828215698,8,6,2
2026-04-27,517204935,8,5,1
2026-04-27,856240091,8,5,0
2026-04-27,517204935,8,5,2
2026-04-27,291262621,8,4,2
2026-04-27,517204935,8,5,1
2026-04-27,253192119,8,4,1
2026-04-24,251186153,11,1,0
2026-04-24,517204935,8,9,4
2026-04-24,517204935,8,6,2
2026-04-24,206024630,11,5,3
2026-04-24,201051539,5,7,2
2026-04-24,517204935,8,1,0
2026-04-24,517204935,8,5,2
2026-04-24,237210257,8,4,2
2026-04-24,517204935,8,5,3
2026-04-24,862212432,8,6,4
2026-04-24,256210257,8,7,4
2026-04-24,246199987,8,6,4
2026-04-22,256210257,8,7,4
2026-04-22,826226753,9,6,1
2026-04-22,256210257,8,3,1
2026-04-22,256005479,8,4,2
2026-04-22,293234748,8,4,1
2026-04-22,256210257,8,4,2
2026-04-22,256210257,8,6,2
2026-04-22,260193080,12,6,0
2026-04-22,256210257,8,8,3
2026-04-22,834235840,8,5,2
2026-04-22,251051539,8,5,2
2026-04-22,256210257,8,3,0
2026-04-22,256210257,8,4,2
2026-04-22,300186153,8,1,0
2026-04-22,270233267,9,7,4
2026-04-22,256210257,8,2,1
2026-04-22,256210257,8,7,4
2026-04-22,517240091,8,5,2
2026-04-22,256210257,8,5,2
2026-04-22,828192448,8,4,0
2026-04-22,517209981,8,3,1
2026-04-22,256210257,8,3,0
2026-04-22,256210257,8,2,2
2026-04-22,856228789,6,9,7
2026-04-22,256210257,8,5,3
2026-04-22,300192119,8,3,2
2026-04-22,256210257,8,4,1
2026-04-22,853238570,8,5,0
2026-04-22,252167948,9,5,4
2026-04-22,256210257,8,4,1
2026-04-22,251167495,8,4,2
2026-04-22,256210257,8,2,1
2026-04-21,206177683,13,6,3
2026-04-21,280206585,8,5,1
2026-04-21,300192119,9,3,1
2026-04-21,206177683,13,5,4
2026-04-21,206177683,13,5,4
2026-04-21,300224836,8,4,1
2026-04-21,206177683,13,6,4
2026-04-21,216230621,8,4,1
2026-04-21,206177683,13,3,0
2026-04-21,289192119,8,4,0
2026-04-21,251238380,8,4,2
2026-04-21,206177683,13,3,1
2026-04-21,206177683,13,7,3
2026-04-21,251051539,8,8,5
2026-04-21,252048940,10,4,0
2026-04-21,206177683,13,1,1
2026-04-21,101005479,8,4,1
2026-04-21,206177683,13,2,2
2026-04-20,300192563,13,5,4
2026-04-20,206177683,13,7,5
2026-04-17,206177683,13,3,2
2026-04-17,289192119,8,2,1
2026-04-17,206177683,13,1,1
2026-04-17,201005479,8,5,1
2026-04-17,206177683,13,4,2
2026-04-17,825206585,8,5,1
2026-04-17,206177683,13,3,1
2026-04-17,251192119,8,5,3
2026-04-17,206177683,13,6,5
2026-04-17,840215316,8,4,3
2026-04-17,206177683,13,7,5
2026-04-17,814048940,8,5,4
2026-04-17,300243952,8,3,0
2026-04-17,206177683,13,4,3
2026-04-16,206177683,13,4,1
2026-04-16,828230621,8,5,2
2026-04-16,206177683,13,5,2
2026-04-16,246188943,10,5,1
2026-04-15,206177683,13,4,0
2026-04-15,214192448,11,6,3
2026-04-15,291220901,8,6,3
2026-04-15,206177683,13,4,3
2026-04-15,206177683,13,4,1
2026-04-15,280167495,8,3,1
2026-04-15,252002147,8,2,0
2026-04-15,206177683,13,4,2
2026-04-15,246211990,8,6,3
2026-04-15,206177683,13,6,2
2026-04-15,206177683,13,5,2
2026-04-15,826205186,8,7,3
2026-04-15,206177683,13,10,6
2026-04-15,848167948,8,4,2
2026-04-15,265186153,8,6,3
2026-04-15,206177683,13,4,2
2026-04-15,825192448,9,4,2
2026-04-15,206177683,13,5,2
2026-04-15,825243952,9,1,0
2026-04-15,206177683,13,2,1
2026-04-15,206177683,13,4,3
2026-04-15,840209981,8,5,4
2026-04-14,206192448,8,2,0
2026-04-14,513240091,8,6,2
2026-04-14,513240091,8,8,7
2026-04-14,802051539,8,3,2
2026-04-14,513240091,8,7,3
2026-04-14,237212831,6,4,1
2026-04-14,513240091,8,4,1
2026-04-14,264230621,8,4,2
2026-04-14,513240091,8,4,3
2026-04-14,289192119,8,6,5
2026-04-13,265192119,8,7,3
2026-04-13,513240091,8,2,1
2026-04-13,210230621,6,3,1
2026-04-13,513240091,8,6,1
2026-04-13,265192119,8,2,0
2026-04-13,513240091,8,3,0
2026-04-13,834220901,8,4,3
2026-04-13,513240091,8,7,5
2026-04-13,834212831,8,4,4
2026-04-13,513240091,8,3,2
2026-04-13,513240091,8,6,3
2026-04-13,274192119,10,5,0
2026-04-13,513240091,8,5,2
2026-04-13,242192119,5,4,2
2026-04-13,513240091,8,7,5
2026-04-13,848225116,7,4,2
2026-04-13,513240091,8,5,2
2026-04-13,856240091,7,8,4
2026-04-13,300235073,5,4,0
2026-04-13,834235840,8,3,1
2026-04-13,231168435,8,5,3
2026-04-13,300235073,5,7,4
2026-04-13,300235073,5,7,1
2026-04-13,265234102,8,7,3
2026-04-27,265192119,8,3,1
2026-04-27,265186153,8,4,0
2026-04-27,265186153,8,2,1
2026-04-27,216192448,8,3,0
2026-04-25,251048940,8,17,3
2026-04-25,515226753,8,6,6
2026-04-25,265186153,8,5,2
2026-04-25,265186153,8,6,3
2026-04-25,300258498,13,4,1
2026-04-25,265186153,8,8,5
2026-04-25,300167495,8,4,0
2026-04-25,300199987,8,6,5
2026-04-25,265186153,8,7,4
2026-04-24,845242179,9,2,1
2026-04-24,265186153,8,4,1
2026-04-24,845242179,9,3,1
2026-04-24,265186153,8,3,0
2026-04-23,826200389,8,7,5
2026-04-23,265186153,8,11,9
2026-04-23,201051539,8,2,1
2026-04-23,265186153,8,6,2
2026-04-22,851230872,8,5,1
2026-04-22,265186153,8,4,3
2026-04-22,283211101,10,5,3
2026-04-22,265186153,8,3,3
2026-04-22,237212831,8,4,2
2026-04-22,265186153,8,6,5
2026-04-22,300215698,8,3,2
2026-04-22,265186153,8,3,2
2026-04-21,265186153,8,3,0
2026-04-21,517200389,8,7,6
2026-04-21,265186153,8,4,0
2026-04-21,237190053,8,8,3
2026-04-21,283230621,9,6,1
2026-04-21,265186153,8,5,4
2026-04-20,265186153,8,5,0
2026-04-20,820240091,5,3,1
2026-04-20,828212831,8,4,2
2026-04-20,265186153,8,6,2
2026-04-20,265186153,8,9,4
2026-04-20,846193080,8,7,1
2026-04-19,265186153,8,7,5
2026-04-19,840242948,9,9,4
2026-04-19,265186153,8,12,7
2026-04-19,852186153,9,6,5
2026-04-19,517240091,8,12,3
2026-04-19,265186153,8,4,3
2026-04-19,834190941,8,3,0
2026-04-19,265186153,8,9,3
2026-04-18,840215316,8,5,4
2026-04-18,265186153,8,5,5
2026-04-18,217234642,12,1,0
2026-04-18,265186153,8,5,2
2026-04-18,265186153,8,4,2
2026-04-18,829192448,8,5,2
2026-04-18,300263063,13,16,1
2026-04-18,265186153,8,3,3
2026-04-18,265186153,8,5,2
2026-04-18,834230621,8,5,4
2026-04-18,210193080,9,4,1
2026-04-18,265186153,8,5,4
2026-04-17,265186153,8,9,6
2026-04-17,834192119,8,5,4
2026-04-17,300228789,11,3,1
2026-04-17,265186153,8,7,4
2026-04-17,265186153,8,2,2
2026-04-17,300192119,8,13,2
2026-04-17,828192119,8,5,2
2026-04-17,265186153,8,5,2
2026-04-17,265186153,8,6,5
2026-04-17,828192119,9,3,1
2026-04-17,265186153,8,4,0
2026-04-17,206203042,10,6,2
2026-04-16,836230621,8,2,0
2026-04-16,265186153,8,7,3
2026-04-16,265186153,8,4,2
2026-04-16,834223686,8,6,5
2026-04-16,265186153,8,6,3
2026-04-16,834190941,8,7,3
2026-04-16,851210676,8,3,2
2026-04-16,265186153,8,7,4
2026-04-16,517204883,8,5,2
2026-04-16,265186153,8,2,0
2026-04-15,265186153,8,8,4
2026-04-15,825210257,8,6,3
2026-04-15,517189117,8,6,3
2026-04-15,265186153,8,4,2
2026-04-15,265186153,8,9,7
2026-04-15,834251752,9,5,2
2026-04-14,217212831,8,7,4
2026-04-14,265186153,8,2,1
2026-04-14,265186153,8,4,1
2026-04-14,300192119,8,5,3
2026-04-14,242192119,8,9,5
2026-04-14,265186153,8,6,2
2026-04-14,265186153,8,9,3
2026-04-14,207051539,8,5,4
2026-04-26,324024630,13,5,2
2026-04-26,265233306,8,3,0
2026-04-25,862212432,8,2,1
2026-04-25,324024630,13,2,0
2026-04-25,265225116,8,3,0
2026-04-25,324024630,13,7,3
2026-04-25,834230621,8,4,1
2026-04-25,324024630,13,8,4
2026-04-25,300225116,12,4,1
2026-04-25,324024630,13,4,2
2026-04-24,324024630,13,4,1
2026-04-24,201001179,12,2,0
2026-04-24,511242656,1,3,0
2026-04-24,324024630,13,7,2
2026-04-24,324024630,13,4,3
2026-04-24,862212432,8,4,1
2026-04-24,324024630,13,9,5
2026-04-24,234150724,8,5,0
2026-04-24,828212831,9,5,2
2026-04-24,324024630,13,3,1
2026-04-24,324024630,13,6,1
2026-04-24,246199987,8,4,3
2026-04-24,324024630,13,2,1
2026-04-24,251192119,8,5,3
2026-04-24,283230621,8,3,0
2026-04-24,324024630,13,8,3
2026-04-24,324024630,13,6,2
2026-04-24,265233306,8,4,2
2026-04-24,300192119,8,6,3
2026-04-24,324024630,13,4,0
2026-04-23,237192119,8,6,0
2026-04-23,324024630,13,3,1
2026-04-23,324024630,13,6,4
2026-04-23,251164835,9,7,4
2026-04-23,300243675,13,3,1
2026-04-23,324024630,13,5,2
2026-04-23,324024630,13,6,2
2026-04-23,280235073,8,1,0
2026-04-23,324024630,13,6,2
2026-04-23,834210257,8,5,0
2026-04-23,511200110,5,6,3
2026-04-23,324024630,13,8,3
2026-04-23,324024630,13,4,1
2026-04-23,300192119,8,7,2
2026-04-22,324024630,13,7,3
2026-04-22,845233267,8,3,0
2026-04-22,322177644,13,5,2
2026-04-22,324024630,13,4,2
2026-04-22,256193105,10,5,2
2026-04-22,324024630,13,5,1
2026-04-22,206212831,12,9,5
2026-04-22,324024630,13,7,6
2026-04-22,206024630,10,7,4
2026-04-22,324024630,13,7,5
2026-04-22,517220901,8,5,4
2026-04-22,324024630,13,5,2
2026-04-22,853210941,8,6,4
2026-04-22,206024630,13,4,1
2026-04-22,251164835,9,4,1
2026-04-22,206024630,13,4,3
2026-04-22,234051539,8,6,3
2026-04-22,206024630,13,3,0
2026-04-22,206024630,13,8,1
2026-04-22,300230670,13,4,0
2026-04-22,206024630,13,7,3
2026-04-22,300233306,10,5,1
2026-04-22,206024630,13,5,1
2026-04-22,320192613,9,5,0
2026-04-22,300192119,8,4,1
2026-04-22,206024630,13,5,3
2026-04-21,237165735,8,3,1
2026-04-21,206024630,13,8,3
2026-04-21,206024630,13,4,1
2026-04-21,246190778,8,1,0
2026-04-21,206024630,13,4,1
2026-04-21,289048940,10,5,0
2026-04-21,284188943,10,7,4
2026-04-21,206024630,13,3,0
2026-04-21,508192563,13,1,0
2026-04-21,206024630,13,3,0
2026-04-21,206024630,13,4,2
2026-04-21,826200389,8,8,3
2026-04-21,300211990,13,4,0
2026-04-21,206024630,13,1,0
2026-04-21,206024630,13,2,2
2026-04-21,810200389,9,4,1
2026-04-21,206024630,13,11,6
2026-04-20,214212831,13,2,1
2026-04-20,206024630,13,7,3
2026-04-20,508235073,5,5,1
2026-04-20,206024630,13,5,2
2026-04-20,851230872,8,2,0
2026-04-20,206024630,13,4,2
2026-04-20,206024630,13,5,2
2026-04-20,804262621,8,3,1
2026-04-20,300226753,8,4,0
2026-04-20,206024630,13,3,1
2026-04-18,300243675,13,7,6
2026-04-18,206024630,13,5,2
2026-04-18,251186153,11,6,1
2026-04-18,206024630,13,7,1
2026-04-18,246199987,8,3,0
2026-04-18,206024630,13,9,3
2026-04-17,256199987,8,6,4
2026-04-17,206024630,13,7,4
2026-04-16,280206585,8,1,0
2026-04-16,206024630,13,6,1
2026-04-16,206024630,13,2,1
2026-04-16,517193080,7,3,0
2026-04-16,300220407,13,5,2
2026-04-16,206024630,13,8,2
2026-04-16,206024630,13,3,1
2026-04-16,300225395,13,3,0
2026-04-15,289193041,8,3,3
2026-04-15,206024630,13,3,1
2026-04-15,206024630,13,4,2
2026-04-15,818167495,8,9,3
2026-04-14,206193080,9,3,3
2026-04-14,206024630,13,4,2
2026-04-14,300177683,5,6,0
2026-04-14,206024630,13,5,4
2026-04-14,206024630,13,3,1
2026-04-14,300192119,8,3,2
2026-04-14,206024630,13,5,3
2026-04-14,517259532,6,6,2
2026-04-14,324208104,11,3,2
2026-04-14,206024630,13,5,3
2026-04-14,256190778,10,7,4
2026-04-14,206024630,13,4,2
2026-04-13,214051539,8,5,2
2026-04-13,206024630,13,2,1
2026-04-13,206024630,13,1,1
2026-04-13,289167948,9,6,4
2026-04-13,237210257,7,3,0
2026-04-13,206024630,13,5,1
2026-04-13,265225116,8,6,3
2026-04-13,253230869,8,3,3
2026-04-13,206024630,13,2,0
2026-04-13,206024630,13,10,2
2026-04-13,828230621,8,4,0
2026-04-26,853212432,8,3,1
2026-04-26,206164835,13,8,3
2026-04-26,853212432,8,3,3
2026-04-26,508162835,13,3,1
2026-04-26,216192448,8,3,1
2026-04-26,853212432,8,7,3
2026-04-25,256210257,8,8,5
2026-04-25,853212432,8,7,3
2026-04-25,862212432,8,11,7
2026-04-25,853212432,8,4,3
2026-04-25,853212432,8,2,1
2026-04-25,300192448,6,5,3
2026-04-25,853212432,8,5,3
2026-04-25,828192448,8,5,3
2026-04-25,853212432,8,3,2
2026-04-25,300215316,11,5,2
2026-04-25,300177683,8,4,2
2026-04-25,853212432,8,3,0
2026-04-25,804262621,8,4,0
2026-04-25,853212432,8,4,3
2026-04-24,853212432,8,4,0
2026-04-24,234192119,8,2,1
2026-04-24,853212432,8,7,4
2026-04-24,300186153,5,1,0
2026-04-24,853212432,8,3,1
2026-04-24,256167495,8,4,0
2026-04-24,853212432,8,3,2
2026-04-24,206024630,11,5,2
2026-04-24,853212432,8,5,3
2026-04-24,300230621,8,4,1
2026-04-24,101051539,8,3,2
2026-04-24,853212432,8,5,1
2026-04-24,274192119,9,3,2
2026-04-24,853212432,8,3,1
2026-04-24,853212432,8,3,0
2026-04-24,201167948,13,6,3
2026-04-24,853212432,8,4,3
2026-04-24,201051539,5,4,2
2026-04-24,862212432,8,5,2
2026-04-24,853212432,8,7,3
2026-04-24,853212432,8,6,5
2026-04-24,264230621,8,5,1
2026-04-24,300215698,8,7,3
2026-04-24,853212432,8,8,3
2026-04-24,324193041,7,9,3
2026-04-24,853212432,8,2,1
2026-04-24,246199987,8,6,3
2026-04-24,853212432,8,7,4
2026-04-24,804262621,8,5,1
2026-04-24,853212432,8,10,4
2026-04-24,853212432,8,3,3
2026-04-24,237212831,8,7,2
2026-04-23,300263063,13,2,1
2026-04-23,853212432,8,1,1
2026-04-23,853212432,8,6,4
2026-04-23,280235073,8,5,5
2026-04-22,853212432,8,3,0
2026-04-22,827048940,8,2,1
2026-04-22,853212432,8,3,0
2026-04-22,291211738,8,5,2
2026-04-22,845233267,8,4,3
2026-04-22,853212432,8,3,2
2026-04-22,853212432,8,4,1
2026-04-22,265234102,8,7,2
2026-04-22,206024630,10,2,2
2026-04-22,853212432,8,3,1
2026-04-22,218199987,8,3,1
2026-04-22,853212432,8,4,3
2026-04-22,840215316,9,7,5
2026-04-22,853212432,8,8,5
2026-04-22,217210257,8,6,3
2026-04-22,853212432,8,2,1
2026-04-22,853212432,8,7,2
2026-04-22,214005479,8,7,3
2026-04-22,853212432,8,1,0
2026-04-22,300193336,13,3,0
2026-04-22,853212432,8,4,1
2026-04-22,251051539,8,2,0
2026-04-22,853212432,8,2,2
2026-04-22,834220901,8,4,0
2026-04-22,853212432,8,3,2
2026-04-22,207212831,11,3,0
2026-04-22,853212432,8,7,3
2026-04-22,828212831,8,7,2
2026-04-22,252002147,8,3,0
2026-04-22,853212432,8,7,3
2026-04-22,300189117,8,4,2
2026-04-22,853212432,8,4,1
2026-04-21,853212432,8,6,3
2026-04-21,206167495,10,4,2
2026-04-21,834235073,8,2,1
2026-04-21,853212432,8,7,3
2026-04-21,825210257,8,6,5
2026-04-21,853212432,8,3,1
2026-04-20,834192119,8,4,0
2026-04-20,853212432,8,2,1
2026-04-19,828200389,8,8,3
2026-04-19,853212432,8,9,5
2026-04-18,853212432,8,4,1
2026-04-18,300269271,13,5,2
2026-04-18,853212432,8,5,2
2026-04-18,848225116,9,5,3
2026-04-18,853212432,8,4,1
2026-04-18,206024630,9,5,2
2026-04-18,853212432,8,3,0
2026-04-18,804262621,8,5,3
2026-04-18,265192119,8,6,2
2026-04-18,853212432,8,8,2
2026-04-18,853212432,8,2,1
2026-04-18,265234102,8,7,2
2026-04-18,508192563,13,8,1
2026-04-18,853212432,8,4,2
2026-04-18,853212432,8,3,1
2026-04-18,834230621,7,4,1
2026-04-18,300190941,8,2,1
2026-04-18,853212432,8,4,3
2026-04-18,853212432,8,8,7
2026-04-18,300212831,5,5,3
2026-04-18,853212432,8,5,2
2026-04-18,828230621,8,7,4
2026-04-18,802167495,9,3,2
2026-04-18,853212432,8,5,4
2026-04-18,300215698,8,5,4
2026-04-18,853212432,8,4,1
2026-04-18,289192119,8,3,2
2026-04-18,853212432,8,5,0
2026-04-18,853212432,8,6,2
2026-04-18,251186153,8,8,2
2026-04-18,815241671,9,5,3
2026-04-18,853212432,8,5,3
2026-04-16,265225116,8,5,2
2026-04-16,216192448,8,5,2
2026-04-16,216192448,8,5,1
2026-04-16,825192119,8,5,4
2026-04-16,300238186,13,3,1
2026-04-16,216192448,8,4,3
2026-04-16,101051539,8,3,2
2026-04-16,216192448,8,1,1
2026-04-15,300192448,9,5,1
2026-04-15,216192448,8,5,2
2026-04-15,216192448,8,6,2
2026-04-15,247191924,8,5,3
2026-04-14,216192448,8,1,0
2026-04-24,845233267,8,6,3
2026-04-24,300243675,13,7,5
2026-04-22,845233267,8,8,3
2026-04-22,300215698,8,2,1
2026-04-22,845233267,8,7,3
2026-04-22,848190941,8,9,3
2026-04-22,845233267,8,3,2
2026-04-22,206024630,10,2,1
2026-04-22,845233267,8,5,4
2026-04-22,810167495,8,9,6
2026-04-22,845233267,8,2,0
2026-04-22,300167948,12,5,3
2026-04-22,845233267,8,9,3
2026-04-22,804262621,8,4,1
2026-04-21,845233267,8,3,1
2026-04-21,513235073,8,2,1
2026-04-21,845233267,8,5,4
2026-04-21,291199339,8,6,3
2026-04-21,845233267,8,8,4
2026-04-21,206167495,5,3,0
2026-04-21,231024630,8,5,2
2026-04-21,845233267,8,5,3
2026-04-16,834210257,8,3,1
2026-04-16,825210257,8,7,2
2026-04-16,834210257,8,6,1
2026-04-16,277212432,9,1,0
2026-04-16,834210257,8,6,2
2026-04-16,206193080,10,2,1
2026-04-16,834210257,8,5,1
2026-04-16,265234102,9,7,3
2026-04-16,834210257,8,4,3
2026-04-16,206206585,11,8,6
2026-04-16,834210257,8,4,2
2026-04-16,845212831,8,4,1
2026-04-16,834210257,8,3,1
2026-04-16,265186153,8,5,4
2026-04-16,256210257,8,3,1
2026-04-16,265234102,8,3,1
2026-04-16,256210257,8,6,4
2026-04-16,840242948,8,8,4
2026-04-16,256210257,8,9,2
2026-04-16,206024630,12,9,3
2026-04-16,256210257,8,3,1
2026-04-16,804263063,8,3,1
2026-04-16,256210257,8,5,1
2026-04-16,206203042,13,2,2
2026-04-14,256210257,8,8,5
2026-04-14,283230621,10,4,2
2026-04-14,256210257,8,6,1
2026-04-14,256210257,8,9,3
2026-04-14,206230621,8,7,4
2026-04-14,256210257,8,8,3
2026-04-14,827048940,8,10,4
2026-04-14,251192119,8,7,3
2026-04-14,853212432,8,5,2
2026-04-14,256210257,8,3,1
2026-04-14,855230872,8,3,0
2026-04-14,256210257,8,1,1
2026-04-14,256210257,8,7,5
2026-04-14,834210257,8,4,3
2026-04-14,291262621,8,2,0
2026-04-14,256210257,8,8,6
2026-04-14,804262621,8,6,3
2026-04-14,256210257,8,5,4
2026-04-14,300262621,8,3,0
2026-04-14,256210257,8,4,2
2026-04-14,802200389,8,8,5
2026-04-14,265233306,8,4,2
2026-04-14,256210257,8,4,0
2026-04-14,256210257,8,4,1
2026-04-14,848192119,8,11,4
2026-04-14,256210257,8,6,6
2026-04-14,300167495,8,10,5
2026-04-13,256210257,8,5,4
2026-04-13,241212831,13,5,4
2026-04-13,265233306,8,8,5
2026-04-13,256210257,8,2,0
2026-04-13,256210257,8,4,1
2026-04-13,246199987,8,4,1
2026-04-13,256210257,8,5,2
2026-04-13,216234642,13,8,4
2026-04-13,256210257,8,7,2
2026-04-13,234162835,8,11,4
2026-04-13,256210257,8,2,1
2026-04-13,834215698,8,5,3
2026-04-13,256210257,8,4,2
2026-04-13,834240913,9,2,0
2026-04-13,256210257,8,5,2
2026-04-13,206177683,13,6,4
2026-04-13,256210257,8,8,2
2026-04-13,252167948,9,7,4
2026-04-13,256210257,8,1,0
2026-04-13,848225116,8,5,3
2026-04-13,256210257,8,6,3
2026-04-13,828215698,8,5,2
2026-04-27,828200389,6,5,2
2026-04-27,511233306,5,8,3
2026-04-27,511233306,5,5,3
2026-04-27,300228383,13,2,1
2026-04-27,300258885,13,3,1
2026-04-27,511233306,5,4,1
2026-04-27,231024630,8,3,0
2026-04-27,511233306,5,1,1
2026-04-26,511233306,5,6,1
2026-04-26,300192119,8,3,1
2026-04-26,511233306,5,5,3
2026-04-26,834230621,8,5,2
2026-04-26,511233306,5,3,1
2026-04-26,300194404,4,5,0
2026-04-26,511233306,5,5,3
2026-04-26,834220901,8,2,0
2026-04-26,511233306,5,2,0
2026-04-26,834230621,8,5,2
2026-04-26,511233306,5,4,1
2026-04-26,848192119,8,8,5
2026-04-26,503222546,13,3,0
2026-04-26,511233306,5,1,0
2026-04-26,216230621,7,7,2
2026-04-26,206177683,11,7,6
2026-04-26,511233306,5,1,0
2026-04-26,511233306,5,5,2
2026-04-26,268051539,9,4,1
2026-04-25,828212831,8,3,1
2026-04-25,511233306,5,4,1
2026-04-25,511233306,5,7,4
2026-04-25,265233306,8,4,3
2026-04-25,511233306,5,6,5
2026-04-25,234192119,8,4,0
2026-04-25,511233306,5,5,2
2026-04-25,251192119,8,7,4
2026-04-25,511233306,5,10,5
2026-04-25,829226753,9,3,1
2026-04-25,511233306,5,4,3
2026-04-25,828215698,8,4,3
2026-04-25,511233306,5,2,2
2026-04-25,265186153,8,1,0
2026-04-25,511233306,5,1,0
2026-04-25,853238570,8,7,5
2026-04-25,511233306,5,4,0
2026-04-25,206024630,13,3,1
2026-04-25,511233306,5,4,2
2026-04-25,264190941,10,3,2
2026-04-25,511233306,5,5,3
2026-04-25,251167495,8,6,1
2026-04-25,511233306,5,8,3
2026-04-25,270193105,8,8,6
2026-04-24,300172203,1,7,5
2026-04-24,829192448,9,4,2
2026-04-24,511233306,5,2,0
2026-04-24,206024630,13,8,5
2026-04-24,511233306,5,8,4
2026-04-24,300192119,8,2,0
2026-04-24,511233306,5,9,3
2026-04-24,840193080,8,2,1
2026-04-24,300263063,1,2,0
2026-04-24,206048940,11,5,2
2026-04-24,206203042,13,2,1
2026-04-24,511233306,5,10,4
2026-04-24,511233306,5,4,1
2026-04-24,256199987,8,4,0
2026-04-24,511233306,5,5,0
2026-04-24,256167495,8,5,3
2026-04-24,511233306,5,1,0
2026-04-24,237212831,8,6,3
2026-04-23,300263063,1,8,3
2026-04-23,834192119,10,3,1
2026-04-23,300263063,1,5,1
2026-04-23,291211738,9,9,7
2026-04-22,511233306,5,4,3
2026-04-22,207193080,11,6,2
2026-04-22,511233306,5,2,1
2026-04-22,216200389,8,4,4
2026-04-22,217203042,3,4,2
2026-04-22,268051539,8,3,1
2026-04-22,511233306,5,9,4
2026-04-22,300228279,13,5,2
2026-04-22,217203042,3,4,2
2026-04-22,234167948,8,1,0
2026-04-22,511233306,5,4,0
2026-04-22,517235073,8,7,4
2026-04-22,511233306,5,6,4
2026-04-22,848225116,8,8,5
2026-04-22,511233306,5,2,0
2026-04-22,201167948,13,4,2
2026-04-22,511233306,5,6,3
2026-04-22,834192119,8,3,1
2026-04-22,511233306,5,2,1
2026-04-22,206024630,13,4,2
2026-04-22,511233306,5,3,0
2026-04-22,300204092,13,4,3
2026-04-22,511233306,5,6,1
2026-04-22,214005479,8,7,3
2026-04-22,511233306,5,8,3
2026-04-22,265192119,8,4,1
2026-04-22,511233306,5,6,4
2026-04-22,264230621,8,3,0
2026-04-22,511233306,5,1,0
2026-04-22,234173373,8,3,1
2026-04-22,511233306,5,5,1
2026-04-22,852223885,8,3,1
2026-04-22,217203042,3,3,1
2026-04-22,217212831,8,8,5
2026-04-21,256051539,9,6,4
2026-04-21,511233306,5,3,1
2026-04-21,206177683,13,7,3
2026-04-20,511233306,5,5,1
2026-04-20,511233306,5,3,1
2026-04-20,265192119,8,8,2
2026-04-20,511233306,5,4,1
2026-04-20,283186153,10,6,4
2026-04-20,511233306,5,7,5
2026-04-20,214192119,10,4,1
2026-04-20,511233306,5,12,4
2026-04-20,322177644,13,2,1
2026-04-20,511233306,5,2,1
2026-04-20,237190053,8,3,1
2026-04-20,511233306,5,3,3
2026-04-20,233192119,8,3,1
2026-04-20,517204935,8,5,2
2026-04-20,234162835,8,2,1
2026-04-20,517204935,8,1,0
2026-04-20,826205186,9,3,3
2026-04-19,517204935,8,3,1
2026-04-19,270233934,8,6,1
2026-04-18,517204935,8,2,2
2026-04-18,242192119,8,2,1
2026-04-18,517204935,8,2,0
2026-04-18,827048940,9,8,3
2026-04-18,517204935,8,3,1
2026-04-18,517259532,5,6,1
2026-04-18,517204935,8,3,1
2026-04-18,289001179,8,5,5
2026-04-18,517204935,8,2,2
2026-04-18,300238186,12,3,0
2026-04-18,517204935,8,5,3
2026-04-18,511233306,5,9,4
2026-04-18,853238570,8,2,0
2026-04-18,511233306,5,4,3
2026-04-18,283230621,10,5,2
2026-04-18,511233306,5,6,4
2026-04-18,834192119,8,5,3
2026-04-18,511233306,5,3,1
2026-04-18,280235073,8,2,0
2026-04-18,511233306,5,3,1
2026-04-18,851204935,8,3,3
2026-04-18,511233306,5,5,1
2026-04-18,851230872,8,3,3
2026-04-16,511233306,5,8,6
2026-04-16,324024630,13,2,0
2026-04-16,511233306,5,2,1
2026-04-16,206212831,11,2,1
2026-04-15,300263063,1,4,0
2026-04-15,323186153,8,2,1
2026-04-15,511233306,5,4,0
2026-04-15,265234102,9,3,0
2026-04-15,300263063,1,2,2
2026-04-15,829212831,8,4,3
2026-04-15,511233306,5,4,3
2026-04-15,845230869,8,2,1
2026-04-15,300172203,1,6,1
2026-04-15,207193080,11,4,1
2026-04-15,511233306,5,2,1
2026-04-15,834220901,8,5,0
2026-04-15,270193105,8,5,1
2026-04-15,511233306,5,6,1
2026-04-15,300263063,1,2,0
2026-04-15,231024630,8,2,1
2026-04-14,511233306,5,2,1
2026-04-14,265233306,8,7,2
2026-04-14,300172203,1,8,3
2026-04-14,217203042,13,6,2
2026-04-14,511233306,5,10,6
2026-04-14,836230621,8,7,0
2026-04-14,511233306,5,9,4
2026-04-14,802167495,8,5,3
2026-04-14,511233306,5,2,1
2026-04-14,251178005,8,3,1
2026-04-14,511233306,5,1,1
2026-04-14,206210257,13,5,4
2026-04-14,300172203,1,2,0
2026-04-14,856235840,8,2,1
2026-04-14,511233306,5,5,4
2026-04-14,260186153,8,3,1
2026-04-14,511233306,5,6,5
2026-04-14,855200389,10,4,0
2026-04-13,300172203,1,4,3
2026-04-13,820240091,5,3,0
2026-04-13,300263063,1,3,0
2026-04-13,825051539,8,6,1
2026-04-13,300172203,1,1,0
2026-04-13,840226753,8,6,1
2026-04-13,511233306,5,3,0
2026-04-13,834173426,8,5,0
2026-04-13,511233306,5,5,2
2026-04-13,256190778,10,4,3
2026-04-13,511233306,5,4,3
2026-04-13,253192119,8,1,0
2026-04-13,511233306,5,4,2
2026-04-13,848051539,8,4,3
2026-04-13,511233306,5,4,2
2026-04-13,265192119,8,4,1
2026-04-27,291262621,8,3,1
2026-04-27,513203841,8,5,1
2026-04-27,840215316,10,4,3
2026-04-27,513203841,8,6,5
2026-04-27,252002147,9,5,4
2026-04-27,513203841,8,8,3
2026-04-27,252162835,8,4,1
2026-04-27,513203841,8,6,2
2026-04-27,804263063,9,4,0
2026-04-27,513203841,8,5,2
2026-04-27,206024630,12,3,3
2026-04-27,513203841,8,15,11
2026-04-25,804262621,8,6,3
2026-04-25,233192119,8,4,1
2026-04-24,517185122,8,3,1
2026-04-24,233192119,8,6,4
2026-04-24,834215698,8,5,2
2026-04-24,233192119,8,7,5
2026-04-24,280215698,8,3,3
2026-04-24,233192119,8,7,2
2026-04-24,206177683,13,9,2
2026-04-24,233192119,8,12,8
2026-04-24,216230621,8,6,4
2026-04-24,233192119,8,6,3
2026-04-24,283230869,9,2,0
2026-04-24,233192119,8,2,1
2026-04-24,836001179,8,6,3
2026-04-24,233192119,8,1,0
2026-04-24,233192119,8,5,4
2026-04-24,216167948,8,5,0
2026-04-24,233192119,8,3,1
2026-04-24,294238570,4,6,3
2026-04-24,829235073,9,5,1
2026-04-24,233192119,8,2,2
2026-04-23,804262621,5,5,1
2026-04-23,233192119,8,6,3
2026-04-23,265192119,8,3,2
2026-04-23,233192119,8,5,2
2026-04-23,848200389,5,4,2
2026-04-23,233192119,8,6,2
2026-04-23,848192119,8,6,3
2026-04-23,233192119,8,6,2
2026-04-23,231024630,8,4,2
2026-04-23,233192119,8,3,1
2026-04-23,246186569,9,4,1
2026-04-23,233192119,8,7,4
2026-04-23,233192119,8,5,0
2026-04-23,834251752,8,4,3
2026-04-23,802163587,8,6,0
2026-04-23,233192119,8,4,0
2026-04-23,511234102,8,4,3
2026-04-23,233192119,8,5,3
2026-04-23,834202811,8,4,0
2026-04-23,233192119,8,1,0
2026-04-22,206024630,11,7,3
2026-04-22,233192119,8,4,2
2026-04-22,300235840,7,3,2
2026-04-22,233192119,8,2,1
2026-04-22,256167495,8,2,0
2026-04-22,233192119,8,4,2
2026-04-22,513190941,9,4,0
2026-04-22,233192119,8,6,5
2026-04-22,233192119,8,9,5
2026-04-22,810177683,8,5,1
2026-04-22,206024630,12,3,0
2026-04-22,233192119,8,3,1
2026-04-22,265234102,8,4,1
2026-04-22,233192119,8,1,1
2026-04-21,233192119,8,8,4
2026-04-21,300228413,8,2,0
2026-04-21,252048940,8,5,1
2026-04-21,233192119,8,4,2
2026-04-21,251170084,7,2,0
2026-04-21,233192119,8,2,0
2026-04-20,253177683,8,11,8
2026-04-20,233192119,8,8,5
2026-04-20,251167495,11,4,2
2026-04-20,233192119,8,4,1
2026-04-20,233192119,8,3,2
2026-04-20,225203237,9,3,0
2026-04-20,217178005,8,6,1
2026-04-20,233192119,8,2,0
2026-04-20,216167495,8,12,6
2026-04-20,233192119,8,1,1
2026-04-20,848167948,8,8,2
2026-04-20,233192119,8,4,2
2026-04-20,513228789,5,1,0
2026-04-20,233192119,8,8,3
2026-04-20,826200389,8,4,2
2026-04-20,233192119,8,7,4
2026-04-19,246173373,8,4,1
2026-04-19,233192119,8,8,3
2026-04-19,101190053,8,2,1
2026-04-19,233192119,8,5,2
2026-04-19,840206585,8,9,3
2026-04-19,233192119,8,5,1
2026-04-19,216234642,11,5,2
2026-04-19,233192119,8,4,1
2026-04-19,251167495,9,5,1
2026-04-19,233192119,8,5,2
2026-04-19,265225116,8,7,2
2026-04-19,233192119,8,2,0
2026-04-19,216230621,8,7,2
2026-04-19,233192119,8,3,2
2026-04-19,844224836,8,7,4
2026-04-19,233192119,8,6,4
2026-04-19,231024630,8,6,3
2026-04-19,233192119,8,4,3
2026-04-19,834192119,8,11,7
2026-04-19,233192119,8,6,2
2026-04-19,300210257,8,4,2
2026-04-19,233192119,8,4,1
2026-04-19,251167495,8,3,0
2026-04-19,233192119,8,4,3
2026-04-19,324024630,12,5,0
2026-04-19,233192119,8,5,2
2026-04-19,291220901,10,5,3
2026-04-19,233192119,8,4,0
2026-04-19,207212831,8,2,1
2026-04-19,233192119,8,7,2
2026-04-19,256210257,8,5,3
2026-04-19,233192119,8,7,3
2026-04-19,233192119,8,8,5
2026-04-19,260213951,8,5,1
2026-04-19,826192563,10,5,1
2026-04-19,233192119,8,10,7
2026-04-17,233192119,8,9,7
2026-04-17,825051539,8,8,5
2026-04-16,283170597,8,3,1
2026-04-16,233192119,8,3,1
2026-04-16,300186153,10,5,2
2026-04-16,233192119,8,9,3
2026-04-15,256186153,8,7,4
2026-04-15,233192119,8,4,1
2026-04-15,300228279,13,4,3
2026-04-15,233192119,8,7,4
2026-04-15,233192119,8,7,5
2026-04-15,517192119,6,5,1
2026-04-15,283192448,6,5,3
2026-04-15,233192119,8,8,5
2026-04-15,251167948,9,5,4
2026-04-15,233192119,8,6,4
2026-04-15,846212831,8,7,4
2026-04-15,233192119,8,6,3
2026-04-15,289192119,9,4,1
2026-04-15,233192119,8,3,1
2026-04-15,852186153,9,3,0
2026-04-15,233192119,8,3,1
2026-04-15,273186153,8,6,3
2026-04-15,233192119,8,7,3
2026-04-15,829204883,8,4,1
2026-04-15,233192119,8,1,1
2026-04-15,265192119,8,1,0
2026-04-15,233192119,8,13,4
2026-04-14,828230621,9,5,1
2026-04-14,233192119,8,6,2
2026-04-14,233192119,8,2,2
2026-04-14,251192119,8,7,2
2026-04-14,233192119,8,2,2
2026-04-14,810192448,8,6,1
2026-04-14,517211738,8,6,1
2026-04-14,233192119,8,6,0
2026-04-13,828215698,9,4,3
2026-04-13,233192119,8,4,2
2026-04-13,513215698,8,6,1
2026-04-13,233192119,8,3,3
2026-04-13,206177683,13,4,1
2026-04-13,233192119,8,7,4
2026-04-13,251192119,8,10,5
2026-04-13,233192119,8,9,5
2026-04-26,234192119,8,7,2
2026-04-26,289192119,8,4,1
2026-04-26,234192119,8,6,3
2026-04-26,256051539,8,5,3
2026-04-26,234192119,8,4,2
2026-04-26,828230621,8,3,1
2026-04-26,234192119,8,5,3
2026-04-26,300207935,9,6,3
2026-04-26,234192119,8,7,3
2026-04-26,834190941,8,4,2
2026-04-26,802167495,8,11,6
2026-04-26,234192119,8,5,1
2026-04-26,234192119,8,5,3
2026-04-26,237192119,8,4,0
2026-04-25,234192119,8,2,1
2026-04-25,216162835,8,4,1
2026-04-25,234192119,8,4,1
2026-04-25,853232065,8,2,0
2026-04-25,862212432,8,5,2
2026-04-25,234192119,8,5,3
2026-04-25,234192119,8,6,4
2026-04-25,206177683,13,5,1
2026-04-25,234192119,8,4,0
2026-04-25,256199987,9,5,2
2026-04-25,234192119,8,6,3
2026-04-25,508192563,13,3,1
2026-04-24,234192119,8,3,2
2026-04-24,862212432,8,4,1
2026-04-24,234192119,8,4,2
2026-04-24,862212432,8,4,2
2026-04-24,234192119,8,4,2
2026-04-24,802051539,9,8,4
2026-04-24,234192119,8,1,0
2026-04-24,834167495,8,7,3
2026-04-24,234192119,8,6,3
2026-04-24,322001179,9,4,1
2026-04-24,300243675,8,5,2
2026-04-24,251192119,8,3,1
2026-04-23,300192119,8,4,2
2026-04-23,251192119,8,6,2
2026-04-23,802048940,8,7,3
2026-04-23,251192119,8,3,1
2026-04-22,251192119,8,5,3
2026-04-22,300243675,13,3,3
2026-04-22,264190941,8,5,0
2026-04-22,251192119,8,1,0
2026-04-22,251192119,8,1,0
2026-04-22,251048940,8,5,3
2026-04-21,251192119,8,6,4
2026-04-21,207051539,9,1,0
2026-04-21,251192119,8,4,2
2026-04-21,300212831,8,5,2
2026-04-21,251192119,8,4,1
2026-04-21,828202811,8,4,2
2026-04-21,251192119,8,5,2
2026-04-21,323186153,8,6,2
2026-04-21,251192119,8,4,3
2026-04-21,260226753,8,6,4
2026-04-21,251192119,8,3,1
2026-04-21,324024630,13,3,2
2026-04-21,251192119,8,4,1
2026-04-21,318048940,9,8,1
2026-04-21,251192119,8,8,2
2026-04-21,216230621,8,6,4
2026-04-20,251192119,8,5,4
2026-04-20,293212432,8,3,2
2026-04-20,251192119,8,4,1
2026-04-20,237212831,8,7,3
2026-04-20,251192119,8,8,7
2026-04-20,251051539,8,8,1
2026-04-20,848190941,8,5,3
2026-04-20,251192119,8,8,3
2026-04-20,251192119,8,2,1
2026-04-20,515215698,8,5,2
2026-04-20,251192119,8,4,3
2026-04-20,802200389,8,6,3
2026-04-20,251192119,8,4,2
2026-04-20,840214979,8,6,2
2026-04-20,265225116,8,4,1
2026-04-20,251192119,8,7,3
2026-04-20,834192119,8,3,1
2026-04-20,251192119,8,6,3
2026-04-20,834192119,8,6,1
2026-04-20,251192119,8,4,2
2026-04-20,256167495,8,4,2
2026-04-20,246199987,8,5,2
2026-04-20,251192119,8,4,1
2026-04-16,804262621,9,7,3
2026-04-16,851230872,8,4,2
2026-04-16,804262621,9,4,0
2026-04-16,845233267,8,4,1
2026-04-16,804262621,9,3,1
2026-04-16,828215698,8,1,1
2026-04-27,511224987,13,5,2
2026-04-27,300227127,13,5,3
2026-04-27,511224987,13,5,3
2026-04-27,322001179,8,5,2
2026-04-27,511224987,13,3,2
2026-04-27,280167495,8,5,1
2026-04-27,511224987,13,11,7
2026-04-27,237193105,8,6,2
2026-04-23,511224987,13,7,4
2026-04-23,829235073,8,3,1
2026-04-22,511224987,13,2,1
2026-04-22,845199005,9,5,2
2026-04-22,511224987,13,2,1
2026-04-22,256193105,8,5,4
2026-04-22,511224987,13,4,0
2026-04-22,237210257,8,2,0
2026-04-21,511224987,13,2,1
2026-04-21,852048940,8,3,2
2026-04-21,511224987,13,3,3
2026-04-21,265225116,8,3,1
2026-04-21,511224987,13,8,4
2026-04-21,234190053,8,5,0
2026-04-21,511224987,13,5,1
2026-04-21,830212432,8,7,3
2026-04-20,511224987,13,2,1
2026-04-20,517230869,8,4,1
2026-04-20,511224987,13,6,2
2026-04-20,283211101,8,3,1
2026-04-20,511224987,13,1,1
2026-04-20,825210257,8,5,1
2026-04-20,829226753,8,3,1
2026-04-20,511224987,13,9,5
2026-04-19,511224987,13,3,0
2026-04-19,234051539,8,4,2
2026-04-19,511224987,13,4,2
2026-04-19,251150724,8,1,0
2026-04-19,511224987,13,2,1
2026-04-19,300192448,8,4,2
2026-04-17,511224987,13,4,2
2026-04-17,851204935,9,3,0
2026-04-17,828226753,8,6,2
2026-04-17,511224987,13,4,1
2026-04-17,511224987,13,4,2
2026-04-17,834251752,8,6,1
2026-04-17,511224987,13,5,3
2026-04-17,206024630,13,2,2
2026-04-16,511224987,13,8,5
2026-04-16,280230621,8,7,1
2026-04-16,511224987,13,5,3
2026-04-16,206024630,12,4,3
2026-04-16,511224987,13,3,2
2026-04-16,280230621,8,3,0
2026-04-15,511224987,13,6,3
2026-04-15,826193698,9,5,3
2026-04-15,251167948,10,5,2
2026-04-15,511224987,13,6,4
2026-04-15,511224987,13,4,2
2026-04-15,848190941,8,8,3
2026-04-15,511224987,13,5,2
2026-04-15,206199987,13,8,4
2026-04-23,237165735,9,6,0
2026-04-23,845233267,7,5,2
2026-04-23,237165735,9,7,3
2026-04-23,253167495,8,6,1
2026-04-23,237165735,9,6,3
2026-04-23,300199987,8,4,0
2026-04-23,237165735,9,3,2
2026-04-23,237165735,9,6,3
2026-04-23,283186153,8,6,0
2026-04-23,237165735,9,4,1
2026-04-23,216192448,8,6,2
2026-04-23,237165735,9,1,1
2026-04-23,300212831,8,5,1
2026-04-22,237165735,9,5,4
2026-04-22,300243311,13,4,1
2026-04-22,237165735,9,4,1
2026-04-22,804262621,9,1,0
2026-04-22,237165735,9,5,3
2026-04-22,289167948,9,4,1
2026-04-22,237165735,9,7,1
2026-04-22,283167495,8,10,3
2026-04-22,237165735,9,5,0
2026-04-22,834212831,8,9,4
2026-04-22,237165735,9,6,0
2026-04-22,508215698,8,6,2
2026-04-21,237165735,9,5,2
2026-04-21,283186153,8,4,4
2026-04-21,237165735,9,3,1
2026-04-21,283186153,8,8,2
2026-04-21,237165735,9,7,5
2026-04-21,237210257,8,4,1
2026-04-21,237165735,9,2,0
2026-04-21,218199987,8,5,2
2026-04-21,237165735,9,5,1
2026-04-21,101190053,8,6,3
2026-04-20,237165735,9,7,1
2026-04-20,513186153,8,5,2
2026-04-20,237165735,9,4,2
2026-04-20,300277823,13,5,2
2026-04-20,237165735,9,2,2
2026-04-20,300215698,8,4,3
2026-04-20,237165735,9,6,3
2026-04-20,206192448,12,7,2
2026-04-20,237165735,9,4,1
2026-04-20,264230621,8,3,1
2026-04-20,237165735,9,7,3
2026-04-20,820240091,6,2,0
2026-04-20,834251752,8,10,6
2026-04-20,206048940,10,4,2
2026-04-20,237165735,9,4,1
2026-04-20,515192119,8,2,1
2026-04-20,237165735,9,4,1
2026-04-20,264190941,8,9,3
2026-04-18,237165735,9,4,1
2026-04-18,300243830,13,2,0
2026-04-18,237165735,9,2,2
2026-04-18,237212831,8,8,4
2026-04-18,237165735,9,3,2
2026-04-18,300203841,8,6,2
2026-04-18,237165735,9,4,3
2026-04-18,826210676,8,3,1
2026-04-18,237165735,9,4,3
2026-04-18,834173426,9,7,1
2026-04-18,237165735,9,2,1
2026-04-18,300230621,8,9,4
2026-04-17,237165735,9,6,3
2026-04-17,802051539,9,8,6
2026-04-17,237165735,9,1,1
2026-04-17,291211738,9,3,1
2026-04-17,237165735,9,4,1
2026-04-17,284216065,10,5,0
2026-04-17,237165735,9,5,3
2026-04-17,829001179,8,2,0
2026-04-17,237165735,9,11,5
2026-04-17,517215316,8,7,2
2026-04-17,237165735,9,4,0
2026-04-17,283230621,8,9,7
2026-04-17,283167495,8,2,1
2026-04-17,252190053,10,5,4
2026-04-17,237165735,9,4,1
2026-04-17,802163587,10,4,1
2026-04-17,237165735,9,10,5
2026-04-17,300073562,13,3,1
2026-04-17,237165735,9,5,2
2026-04-17,270233267,9,2,0
2026-04-17,237165735,9,5,0
2026-04-17,834212831,8,5,1
2026-04-17,237165735,9,7,1
2026-04-17,300243311,13,5,2
2026-04-17,237165735,9,8,3
2026-04-17,283211101,10,3,0
2026-04-17,237165735,9,3,1
2026-04-17,300192119,8,8,3
2026-04-17,237165735,9,4,1
2026-04-17,828230621,8,6,2
2026-04-16,237165735,9,1,1
2026-04-16,517211738,8,3,0
2026-04-16,237165735,9,2,0
2026-04-16,300192119,8,6,1
2026-04-16,237165735,9,6,2
2026-04-16,265225116,8,3,0
2026-04-15,237165735,9,7,4
2026-04-15,283186153,8,2,2
2026-04-15,237165735,9,5,2
2026-04-15,829235073,9,5,3
2026-04-15,237165735,9,9,3
2026-04-15,231024630,8,6,4
2026-04-15,237165735,9,1,0
2026-04-15,825192119,8,5,0
2026-04-15,237165735,9,6,1
2026-04-15,834212831,8,9,2
2026-04-15,829235073,8,8,3
2026-04-14,237165735,9,4,0
2026-04-14,829051539,8,9,7
2026-04-14,237165735,9,3,2
2026-04-14,206163587,11,4,3
2026-04-14,237165735,9,6,2
2026-04-14,828226753,8,6,1
2026-04-14,237165735,9,8,6
2026-04-14,828212831,8,4,1
2026-04-13,237165735,9,7,3
2026-04-13,251186153,13,8,4
2026-04-13,237165735,9,5,4
2026-04-13,280206585,8,1,0
2026-04-13,237165735,9,9,2
2026-04-13,251150724,8,4,3
2026-04-13,237165735,9,4,2
2026-04-13,853212432,8,5,3
2026-04-13,237165735,9,3,1
2026-04-13,206212831,12,6,1
2026-04-13,237165735,9,4,1
2026-04-13,256199987,10,6,0
2026-04-13,237165735,9,2,0
2026-04-13,256186153,8,7,4
2026-04-13,237165735,9,4,1
2026-04-13,283167495,8,6,2
2026-04-13,237165735,9,5,2
2026-04-13,818167495,8,4,0
2026-04-27,214167495,6,9,3
2026-04-27,324024630,13,2,1
2026-04-27,214167495,6,5,3
2026-04-27,246193105,8,5,5
2026-04-27,214167495,6,6,2
2026-04-27,251051539,8,7,2
2026-04-27,256168435,8,7,4
2026-04-27,214167495,6,3,2
2026-04-27,214167495,6,2,1
2026-04-27,234162835,8,4,3
2026-04-26,214167495,6,7,3
2026-04-26,284001179,8,6,3
2026-04-26,214167495,6,3,2
2026-04-26,283230869,8,6,4
2026-04-26,214167495,6,3,1
2026-04-26,818167495,8,2,1
2026-04-26,214167495,6,3,0
2026-04-26,802192448,8,5,1
2026-04-25,214167495,6,4,2
2026-04-25,300259532,13,6,3
2026-04-25,214167495,6,2,1
2026-04-25,834212831,8,8,3
2026-04-25,214167495,6,4,2
2026-04-25,300212831,8,8,5
2026-04-25,214167495,6,5,3
2026-04-25,214192119,8,4,0
2026-04-25,214167495,6,5,3
2026-04-25,206200389,12,3,2
2026-04-25,214167495,6,6,1
2026-04-25,253192119,8,8,3
2026-04-25,214167495,6,3,0
2026-04-25,855167495,8,5,3
2026-04-25,214167495,6,1,0
2026-04-25,270234577,8,4,3
2026-04-25,214167495,6,6,3
2026-04-25,293212432,5,8,4
2026-04-25,214167495,6,5,2
2026-04-25,214167495,6,3,2
2026-04-25,806212432,8,5,2
2026-04-24,214167495,6,2,1
2026-04-24,862212432,8,7,4
2026-04-24,300200110,13,6,3
2026-04-24,214167495,6,4,0
2026-04-24,214167495,6,3,0
2026-04-24,256168435,8,2,1
2026-04-23,214167495,6,4,1
2026-04-23,300262621,8,4,3
2026-04-23,214167495,6,2,0
2026-04-23,323193041,13,6,1
2026-04-23,846212831,8,7,4
2026-04-23,214167495,6,7,3
2026-04-23,214167495,6,3,0
2026-04-23,825192119,8,1,1
2026-04-23,300192119,8,4,3
2026-04-23,214167495,6,5,2
2026-04-23,214167495,6,1,0
2026-04-23,251051539,8,6,4
2026-04-23,214167495,6,7,4
2026-04-23,264230621,8,6,2
2026-04-23,214167495,6,1,0
2026-04-23,300233164,13,5,1
2026-04-23,214167495,6,4,1
2026-04-23,834252154,8,8,3
2026-04-23,214167495,6,7,2
2026-04-23,300192448,8,3,1
2026-04-23,214167495,6,5,0
2026-04-23,300234371,13,7,3
2026-04-23,270234577,9,6,4
2026-04-23,214167495,6,11,4
2026-04-23,214167495,6,4,2
2026-04-23,265192119,8,7,6
2026-04-23,214167495,6,4,1
2026-04-23,300233189,13,2,0
2026-04-23,214167495,6,3,2
2026-04-23,270234577,9,4,2
2026-04-23,214167495,6,8,5
2026-04-23,851204935,8,6,5
2026-04-23,214167495,6,2,1
2026-04-23,206024630,13,7,2
2026-04-22,830210941,9,4,3
2026-04-22,214167495,6,4,1
2026-04-22,300263887,13,7,3
2026-04-22,214167495,6,4,4
2026-04-22,214167495,6,2,0
2026-04-22,270234577,8,5,1
2026-04-22,214167495,6,5,2
2026-04-22,829235073,8,7,3
2026-04-22,214167495,6,5,2
2026-04-22,270233267,9,8,1
2026-04-21,214167495,6,3,0
2026-04-21,856228789,5,6,3
2026-04-21,214167495,6,3,0
2026-04-21,251167495,8,6,4
2026-04-21,214167495,6,1,1
2026-04-21,300215698,8,6,2
2026-04-21,214167495,6,2,0
2026-04-21,851204935,9,3,1
2026-04-21,214167495,6,4,1
2026-04-21,234192119,8,4,2
2026-04-21,214167495,6,10,1
2026-04-21,283211101,10,2,1
2026-04-21,214167495,6,4,1
2026-04-21,834220901,8,5,2
2026-04-21,214167495,6,5,0
2026-04-21,818167495,8,1,0
2026-04-21,280215698,8,2,1
2026-04-21,214167495,6,6,3
2026-04-21,214167495,6,3,2
2026-04-21,265234102,8,2,0
2026-04-21,214167495,6,7,1
2026-04-21,300255303,9,10,6
2026-04-21,300210257,8,4,1
2026-04-21,214167495,6,6,3
2026-04-21,214167495,6,3,1
2026-04-21,206024630,12,7,3
2026-04-21,218200726,8,6,1
2026-04-21,214167495,6,2,0
2026-04-21,231193080,11,4,2
2026-04-21,214167495,6,5,4
2026-04-21,214167495,6,6,2
2026-04-21,501230621,8,5,3
2026-04-21,214167495,6,3,1
2026-04-21,207051539,9,3,2
2026-04-21,214167495,6,2,0
2026-04-21,300243675,13,4,2
2026-04-21,829204883,8,3,1
2026-04-21,214167495,6,7,3
2026-04-21,214167495,6,6,2
2026-04-21,300210257,8,5,1
2026-04-21,300192119,8,4,0
2026-04-21,214167495,6,3,1
2026-04-21,284216065,8,8,4
2026-04-21,300186153,8,3,2
2026-04-21,214167495,6,4,1
2026-04-21,214167495,6,1,0
2026-04-21,300230621,8,5,2
2026-04-21,246173373,8,4,2
2026-04-21,214167495,6,3,0
2026-04-21,253167495,8,4,3
2026-04-21,214167495,6,7,2
2026-04-21,214167495,6,4,0
2026-04-21,252051539,9,3,1
2026-04-20,511262621,8,2,1
2026-04-20,214167495,6,4,2
2026-04-20,214167495,6,4,2
2026-04-20,300192119,8,7,2
2026-04-20,283170597,8,4,0
2026-04-20,214167495,6,5,2
2026-04-20,214167495,6,2,2
2026-04-20,234002147,11,7,2
2026-04-20,237192119,6,3,1
2026-04-20,214167495,6,1,0
2026-04-20,517230621,8,3,1
2026-04-20,214167495,6,2,1
2026-04-20,214167495,6,8,3
2026-04-20,233192119,8,3,2
2026-04-20,214167495,6,5,2
2026-04-20,265192119,8,3,1
2026-04-20,214167495,6,8,4
2026-04-20,265186153,8,12,8
2026-04-20,214167495,6,7,1
2026-04-20,814048940,8,6,2
2026-04-20,214167495,6,1,1
2026-04-20,237051539,8,6,2
2026-04-20,214167495,6,1,0
2026-04-20,253002147,8,5,1
2026-04-20,214167495,6,4,1
2026-04-20,828192119,6,4,0
2026-04-20,214167495,6,6,3
2026-04-20,214048940,8,1,1
2026-04-20,214167495,6,5,1
2026-04-20,231024630,8,3,1
2026-04-20,214167495,6,4,1
2026-04-20,201167495,13,4,2
2026-04-20,214167495,6,3,0
2026-04-20,289192119,8,7,3
2026-04-20,214167495,6,4,2
2026-04-20,300215698,8,6,3
2026-04-20,214167495,6,3,0
2026-04-20,829235073,9,5,3
2026-04-20,214167495,6,5,0
2026-04-20,814186569,9,5,1
2026-04-20,251167948,8,7,3
2026-04-20,214167495,6,6,1
2026-04-20,214167495,6,1,0
2026-04-20,283211101,8,6,1
2026-04-20,214167495,6,3,2
2026-04-20,826226753,8,2,1
2026-04-18,517215316,8,4,2
2026-04-18,265192119,8,3,2
2026-04-18,517215316,8,7,3
2026-04-18,834230621,8,9,4
2026-04-18,517215316,8,3,1
2026-04-18,251051539,8,6,2
2026-04-18,517215316,8,6,2
2026-04-18,234051539,5,4,1
2026-04-18,517215316,8,3,0
2026-04-18,834192119,8,7,3
2026-04-18,517215316,8,6,1
2026-04-18,829235073,8,6,2
2026-04-18,517215316,8,3,1
2026-04-18,233192119,8,2,0
2026-04-18,265186153,8,6,4
2026-04-18,517215316,8,3,2
2026-04-18,253167495,8,5,3
2026-04-18,517215316,8,8,3
2026-04-18,517215316,8,4,2
2026-04-18,300226753,8,7,1
2026-04-18,834230621,8,4,2
2026-04-18,517215316,8,10,3
2026-04-18,517215316,8,4,0
2026-04-18,322001179,8,4,3
2026-04-18,206203775,13,2,1
2026-04-18,517215316,8,1,0
2026-04-18,251167948,8,2,1
2026-04-18,517215316,8,1,0
2026-04-18,265233306,9,7,5
2026-04-18,517215316,8,4,2
2026-04-18,517215316,8,5,2
2026-04-18,324024630,13,6,2
2026-04-18,517215316,8,4,2
2026-04-18,280215698,8,4,0
2026-04-18,517215316,8,4,0
2026-04-17,251167495,8,4,0
2026-04-17,517215316,8,1,1
2026-04-17,517215316,8,7,5
2026-04-17,206203042,13,5,2
2026-04-17,517215316,8,3,1
2026-04-17,300228789,11,4,3
2026-04-17,517215316,8,5,3
2026-04-17,513220901,8,3,1
2026-04-17,517215316,8,5,2
2026-04-17,206193080,10,2,0
2026-04-16,517215316,8,2,0
2026-04-16,256192448,8,4,1
2026-04-16,274192119,8,7,5
2026-04-16,517215316,8,7,5
2026-04-16,517215316,8,5,3
2026-04-16,251186153,12,5,2
2026-04-16,517215316,8,6,3
2026-04-16,251051539,8,3,1
2026-04-16,517215316,8,3,2
2026-04-16,517230869,9,1,0
2026-04-14,517215316,8,10,5
2026-04-14,253192119,8,3,1
2026-04-14,856262621,8,3,1
2026-04-14,517215316,8,4,1
2026-04-14,517215316,8,4,3
2026-04-14,840215316,8,1,1
2026-04-14,517215316,8,1,0
2026-04-14,300269271,13,5,3
2026-04-14,517215316,8,4,2
2026-04-14,265192119,8,4,1
2026-04-27,517252154,8,6,3
2026-04-27,300203042,10,8,4
2026-04-27,517252154,8,6,2
2026-04-27,300226753,8,5,2
2026-04-26,517252154,8,1,0
2026-04-26,517225116,8,4,1
2026-04-26,517252154,8,3,0
2026-04-26,253230869,8,3,3
2026-04-26,829051539,8,1,0
2026-04-26,855192119,10,5,2
2026-04-26,517252154,8,1,1
2026-04-26,517252154,8,5,4
2026-04-26,825212831,8,4,3
2026-04-26,804262621,8,6,3
2026-04-26,517252154,8,3,1
2026-04-26,517252154,8,2,2
2026-04-26,246186569,9,9,5
2026-04-26,517252154,8,9,3
2026-04-26,256210257,9,3,0
2026-04-26,517252154,8,1,1
2026-04-26,284188943,10,6,3
2026-04-26,517252154,8,6,3
2026-04-25,517252154,8,4,1
2026-04-25,515235073,9,4,2
2026-04-25,517252154,8,4,1
2026-04-25,252162835,9,4,1
2026-04-25,517252154,8,4,2
2026-04-25,256186153,8,8,6
2026-04-25,206188943,13,3,0
2026-04-25,517252154,8,6,3
2026-04-25,517252154,8,2,0
2026-04-25,517259532,8,4,1
2026-04-25,517252154,8,6,1
2026-04-25,251167495,8,4,1
2026-04-25,265234102,8,7,4
2026-04-25,517252154,8,2,0
2026-04-24,517252154,8,6,2
2026-04-24,206177683,13,6,0
2026-04-24,246199987,8,8,4
2026-04-24,517252154,8,3,2
2026-04-24,517252154,8,3,1
2026-04-24,251192119,8,5,4
2026-04-24,804262621,9,7,3
2026-04-24,517252154,8,5,3
2026-04-24,517252154,8,2,0
2026-04-24,318172723,5,10,4
2026-04-23,829235073,8,8,6
2026-04-23,242192119,8,3,1
2026-04-23,242192119,8,3,0
2026-04-23,231024630,8,10,6
2026-04-23,300262621,8,8,5
2026-04-23,242192119,8,2,0
2026-04-23,242192119,8,5,1
2026-04-23,256199987,8,3,2
2026-04-23,206177683,13,5,2
2026-04-23,242192119,8,6,4
2026-04-22,242192119,8,3,1
2026-04-22,829235073,8,4,2
2026-04-22,291211738,9,5,3
2026-04-22,242192119,8,10,6
2026-04-21,834220901,8,8,3
2026-04-21,207193080,13,5,4
2026-04-21,242192119,8,3,1
2026-04-21,242192119,8,3,2
2026-04-21,806191655,9,9,5
2026-04-20,826226753,8,9,4
2026-04-20,242192119,8,2,0
2026-04-20,242192119,8,2,1
2026-04-20,246186569,8,6,4
2026-04-20,242192119,8,5,2
2026-04-20,216162835,8,3,0
2026-04-19,242192119,8,5,5
2026-04-19,828212831,8,7,3
2026-04-19,242192119,8,4,2
2026-04-19,214048940,8,5,3
2026-04-19,242192119,8,3,1
2026-04-19,217212831,8,3,0
2026-04-19,826204935,8,8,7
2026-04-19,242192119,8,2,1
2026-04-19,517246657,8,1,1
2026-04-19,242192119,8,6,4
2026-04-19,242192119,8,5,2
2026-04-19,242192119,8,3,0
2026-04-19,828192448,8,3,1
2026-04-19,264210385,8,4,2
2026-04-19,242192119,8,3,0
2026-04-18,242192119,8,7,5
2026-04-18,825212831,8,5,2
2026-04-18,242192119,8,6,1
2026-04-18,216234642,12,8,2
2026-04-18,242192119,8,11,7
2026-04-18,840226753,8,4,2
2026-04-18,251048940,8,2,0
2026-04-18,242192119,8,2,0
2026-04-18,845212831,8,11,6
2026-04-17,242192119,8,4,1
2026-04-17,216167948,8,4,3
2026-04-17,827051539,8,3,0
2026-04-17,242192119,8,2,2
2026-04-17,242192119,8,2,0
2026-04-17,265225116,8,4,2
2026-04-17,242192119,8,6,2
2026-04-17,242192119,8,2,1
2026-04-17,517230869,8,9,3
2026-04-17,242192119,8,1,0
2026-04-17,300215698,8,10,4
2026-04-17,242192119,8,6,2
2026-04-17,268051539,8,6,2
2026-04-16,283230869,9,10,3
2026-04-16,242192119,8,4,2
2026-04-16,242192119,8,1,0
2026-04-16,265234102,8,7,5
2026-04-16,242192119,8,5,2
2026-04-16,300186153,8,8,5
2026-04-16,242192119,8,6,0
2026-04-15,826192563,8,4,2
2026-04-15,242192119,8,2,2
2026-04-15,234201325,13,2,0
2026-04-15,242192119,8,7,4
2026-04-15,259215698,13,1,1
2026-04-15,242192119,8,5,1
2026-04-15,513226753,8,11,3
2026-04-15,242192119,8,3,0
2026-04-15,242192119,8,1,1
2026-04-15,101000488,8,7,3
2026-04-15,242192119,8,2,1
2026-04-15,810235073,8,8,6
2026-04-14,206024630,13,4,1
2026-04-14,242192119,8,6,3
2026-04-14,256186153,8,6,3
2026-04-14,242192119,8,4,3
2026-04-14,251167948,9,7,4
2026-04-14,242192119,8,4,0
2026-04-14,517212831,8,2,1
2026-04-14,846212831,8,5,3
2026-04-14,242192119,8,6,3
2026-04-23,517202811,8,3,0
2026-04-23,322177644,13,6,3
2026-04-23,517202811,8,4,1
2026-04-23,251048940,8,5,3
2026-04-23,517202811,8,9,6
2026-04-23,206192119,9,2,0
2026-04-23,291220901,8,4,1
2026-04-23,517202811,8,5,2
2026-04-23,517202811,8,8,5
2026-04-23,851230872,9,8,3
2026-04-23,517202811,8,7,4
2026-04-23,300199987,8,4,4
2026-04-23,517202811,8,5,3
2026-04-23,101048940,8,7,4
2026-04-23,517202811,8,8,7
2026-04-23,270234577,9,5,1
2026-04-23,517202811,8,5,1
2026-04-23,265192119,8,4,3
2026-04-23,856203841,6,8,6
2026-04-23,517202811,8,4,2
2026-04-23,517202811,8,3,1
2026-04-23,829235073,8,4,2
2026-04-23,517202811,8,4,2
2026-04-23,300205186,13,8,2
2026-04-21,517202811,8,2,0
2026-04-21,300167495,8,3,1
2026-04-21,300192119,8,4,1
2026-04-21,517202811,8,6,3
2026-04-21,517202811,8,4,0
2026-04-21,827051539,8,2,1
2026-04-21,517202811,8,7,3
2026-04-21,834240913,10,7,5
2026-04-21,517202811,8,1,1
2026-04-21,300226753,8,3,0
2026-04-21,517202811,8,3,1
2026-04-21,251048940,9,5,4
2026-04-21,517202811,8,1,0
2026-04-21,234192119,8,6,3
2026-04-21,829235073,8,3,0
2026-04-21,517202811,8,1,1
2026-04-21,517202811,8,10,4
2026-04-21,221192119,8,5,1
2026-04-21,517202811,8,4,1
2026-04-21,828192119,8,6,4
2026-04-21,515235840,9,7,4
2026-04-21,517202811,8,5,1
2026-04-21,256210257,8,5,3
2026-04-21,517202811,8,5,2
2026-04-21,234180739,13,4,1
2026-04-21,517202811,8,2,0
2026-04-21,300226753,8,7,5
2026-04-21,517202811,8,2,1
2026-04-21,270221087,8,7,4
2026-04-21,517202811,8,5,0
2026-04-21,256210257,8,2,0
2026-04-21,517202811,8,5,1
2026-04-21,289192119,8,5,2
2026-04-21,517202811,8,8,4
2026-04-21,851220901,8,6,3
2026-04-21,517202811,8,7,1
2026-04-21,517202811,8,2,0
2026-04-21,810200389,8,5,4
2026-04-21,517202811,8,4,2
2026-04-21,284216065,8,5,2
2026-04-21,517202811,8,5,2
2026-04-21,828212831,8,6,4
2026-04-16,517202811,8,3,2
2026-04-16,251186153,8,3,1
2026-04-16,517202811,8,9,6
2026-04-16,256177644,8,3,0
2026-04-16,818167495,8,3,2
2026-04-16,517202811,8,4,1
2026-04-26,300235840,13,3,1
2026-04-26,300234642,8,5,2
2026-04-26,300234642,8,7,4
2026-04-26,246186569,8,2,1
2026-04-25,280210257,8,2,0
2026-04-25,300234642,8,6,2
2026-04-25,300234642,8,4,3
2026-04-25,283211101,8,3,0
2026-04-25,300234642,8,3,2
2026-04-25,251192119,8,4,2
2026-04-25,300234642,8,5,4
2026-04-25,234150724,9,4,0
2026-04-25,246173373,8,4,0
2026-04-25,300234642,8,4,1
2026-04-25,517192563,8,5,2
2026-04-25,300234642,8,2,1
2026-04-24,300234642,8,5,1
2026-04-24,270193105,8,3,0
2026-04-22,853232065,8,6,3
2026-04-22,300234642,8,3,2
2026-04-21,300234642,8,3,2
2026-04-21,829051539,8,5,3
2026-04-21,300234642,8,2,0
2026-04-21,848212831,8,6,3
2026-04-21,289051539,8,8,1
2026-04-21,300234642,8,3,0
2026-04-19,289005479,10,1,1
2026-04-19,270233934,8,1,1
2026-04-18,270233934,8,3,1
2026-04-18,270233934,8,4,2
2026-04-18,270233934,8,7,4
2026-04-18,828212831,8,3,2
2026-04-16,273186153,8,6,1
2026-04-16,270233934,8,6,2
2026-04-16,289176550,8,3,2
2026-04-16,270233934,8,5,1
2026-04-14,851230872,8,4,1
2026-04-14,270233934,8,3,2
2026-04-14,270233934,8,2,1
2026-04-14,322162835,8,5,1
2026-04-14,270233934,8,2,1
2026-04-14,300251752,13,2,0
2026-04-13,291211738,8,3,0
2026-04-13,270233934,8,4,1
2026-04-13,206199987,13,5,2
2026-04-13,270233934,8,4,3
2026-04-13,283186569,8,4,1
2026-04-13,270233934,8,4,2
2026-04-21,256210257,9,2,2
2026-04-21,846193080,8,4,3
2026-04-21,251186153,8,5,1
2026-04-21,846193080,8,9,4
2026-04-21,848167948,8,6,2
2026-04-21,846193080,8,4,1
2026-04-21,216167948,8,5,2
2026-04-21,846193080,8,6,3
2026-04-21,300233164,13,4,2
2026-04-21,846193080,8,8,6
2026-04-21,216167495,9,5,1
2026-04-21,846193080,8,8,5
2026-04-21,283192448,8,3,1
2026-04-21,846193080,8,2,2
2026-04-27,242192119,8,5,3
2026-04-27,251167948,8,5,2
2026-04-27,291262621,8,5,4
2026-04-27,242192119,8,7,1
2026-04-27,242192119,8,3,0
2026-04-27,324024630,12,4,1
2026-04-27,829235073,8,4,2
2026-04-27,242192119,8,3,1
2026-04-27,242192119,8,6,3
2026-04-27,840242948,8,7,5
2026-04-21,264230621,8,4,1
2026-04-21,234167495,8,6,3
2026-04-21,214051539,8,10,7
2026-04-21,264230621,8,3,1
2026-04-21,264230621,8,8,6
2026-04-21,206173373,13,5,1
2026-04-21,264230621,8,5,2
2026-04-21,814186569,8,8,5
2026-04-21,264230621,8,2,0
2026-04-21,284001179,8,5,3
2026-04-21,829235073,8,2,0
2026-04-21,264230621,8,7,4
2026-04-21,848051539,8,6,2
2026-04-21,264230621,8,9,4
2026-04-21,264230621,8,4,3
2026-04-21,300192119,8,6,3
2026-04-20,217177683,13,6,3
2026-04-20,251051539,8,6,2
2026-04-20,251051539,8,3,2
2026-04-20,291192984,8,9,7
2026-04-20,283230869,8,4,2
2026-04-20,251051539,8,4,0
2026-04-20,828230621,8,6,3
2026-04-20,251051539,8,4,1
2026-04-20,251051539,8,4,1
2026-04-20,300193080,8,6,6
2026-04-20,856240091,8,6,2
2026-04-20,251051539,8,3,1
2026-04-20,251051539,8,2,1
2026-04-20,256186153,8,5,3
2026-04-20,251051539,8,1,0
2026-04-20,517204935,4,13,8
2026-04-20,251051539,8,5,1
2026-04-20,231173373,8,8,4
2026-04-20,251051539,8,4,3
2026-04-20,848225116,8,6,4
2026-04-19,251051539,8,4,2
2026-04-19,268051539,8,8,4
2026-04-19,251051539,8,3,1
2026-04-19,804262621,9,6,5
2026-04-18,855220901,8,5,2
2026-04-18,251051539,8,4,3
2026-04-18,251051539,8,5,2
2026-04-18,246199987,8,12,6
2026-04-18,284216065,8,8,6
2026-04-18,251051539,8,4,2
2026-04-18,207051539,9,5,2
2026-04-18,251051539,8,7,3
2026-04-18,300185122,10,4,1
2026-04-18,251051539,8,6,3
2026-04-18,291262621,8,9,6
2026-04-18,300200389,8,5,1
2026-04-18,251051539,8,6,2
2026-04-18,251051539,8,5,2
2026-04-18,502001179,13,4,2
2026-04-18,251051539,8,5,0
2026-04-18,284216065,8,6,4
2026-04-18,251051539,8,8,4
2026-04-18,834190941,8,5,1
2026-04-18,852186153,8,7,4
2026-04-18,251051539,8,5,3
2026-04-18,251051539,8,3,2
2026-04-18,834215698,8,3,2
2026-04-26,256186153,8,6,3
2026-04-26,214167495,8,4,1
2026-04-26,214167495,8,7,2
2026-04-26,207051539,8,8,6
2026-04-26,265192119,8,9,4
2026-04-26,214167495,8,6,3
2026-04-26,217210257,11,8,1
2026-04-26,214167495,8,2,2
2026-04-26,829192119,8,6,3
2026-04-26,214167495,8,8,4
2026-04-26,214167495,8,4,2
2026-04-26,265234102,9,5,3
2026-04-24,231173373,8,9,5
2026-04-24,214167495,8,5,3
2026-04-24,242192119,8,8,3
2026-04-24,214167495,8,7,1
2026-04-24,845016254,8,6,3
2026-04-24,214167495,8,4,1
2026-04-24,300228789,9,7,0
2026-04-24,214167495,8,5,5
2026-04-24,214167495,8,4,1
2026-04-24,828212831,8,4,3
2026-04-24,291220901,8,8,5
2026-04-24,214167495,8,10,3
2026-04-24,300192119,8,6,3
2026-04-24,214167495,8,4,1
2026-04-24,300192119,8,7,5
2026-04-24,214167495,8,7,2
2026-04-24,300233164,13,4,1
2026-04-24,214167495,8,3,2
2026-04-23,256193105,8,10,3
2026-04-23,214167495,8,6,5
2026-04-23,834210257,8,7,3
2026-04-23,214167495,8,4,3
2026-04-23,256199987,8,4,2
2026-04-23,214167495,8,5,2
2026-04-23,247191924,8,7,4
2026-04-23,214167495,8,4,1
2026-04-23,517192563,8,7,1
2026-04-23,214167495,8,4,2
2026-04-22,280240913,13,6,1
2026-04-22,214167495,8,5,2
2026-04-22,826200389,9,3,2
2026-04-22,214167495,8,7,3
2026-04-22,214051539,5,14,5
2026-04-22,214167495,8,1,1
2026-04-21,851204935,8,14,7
2026-04-21,214167495,8,2,1
2026-04-21,253192119,8,3,2
2026-04-21,214167495,8,4,1
2026-04-21,829204883,10,9,6
2026-04-21,214167495,8,8,4
2026-04-21,283186153,8,4,3
2026-04-21,214167495,8,9,3
2026-04-21,214192119,11,5,3
2026-04-21,214167495,8,5,3
2026-04-21,828230621,8,6,3
2026-04-21,214167495,8,7,3
2026-04-21,207193080,10,10,2
2026-04-21,214167495,8,2,0
2026-04-21,214167495,8,7,1
2026-04-21,840214979,8,7,4
2026-04-21,214167495,8,7,2
2026-04-21,233192119,8,6,2
2026-04-21,846193080,8,5,1
2026-04-21,214167495,8,3,1
2026-04-21,300226753,8,7,6
2026-04-21,214167495,8,6,3
2026-04-21,270193105,8,5,3
2026-04-21,214167495,8,7,3
2026-04-21,214167495,8,7,1
2026-04-21,828230621,8,4,2
2026-04-21,214167495,8,5,3
2026-04-21,502192119,8,4,2
2026-04-20,214167495,8,11,9
2026-04-20,324024630,13,5,1
2026-04-20,834192119,10,9,2
2026-04-20,214167495,8,7,4
2026-04-20,242210257,8,4,2
2026-04-20,214167495,8,7,1
2026-04-20,251192119,8,4,1
2026-04-20,214167495,8,8,5
2026-04-20,291211738,8,6,3
2026-04-20,214167495,8,7,5
2026-04-20,234162835,8,2,2
2026-04-20,214167495,8,10,3
2026-04-20,828212831,8,8,5
2026-04-20,214167495,8,6,4
2026-04-20,214167495,8,4,1
2026-04-20,845212831,8,10,1
2026-04-20,265233306,8,1,0
2026-04-20,214167495,8,2,1
2026-04-20,826204935,8,7,4
2026-04-20,214167495,8,4,3
2026-04-20,280210257,8,9,4
2026-04-20,214167495,8,8,6
2026-04-20,237199987,8,9,3
2026-04-20,214167495,8,5,1
2026-04-20,804250753,8,5,2
2026-04-20,214167495,8,9,4
2026-04-19,214167495,8,4,1
2026-04-19,829235073,8,9,4
2026-04-19,251164835,8,7,4
2026-04-19,214167495,8,5,2
2026-04-19,268005479,9,8,3
2026-04-19,214167495,8,4,3
2026-04-19,253177683,8,14,8
2026-04-19,214167495,8,2,0
2026-04-19,840178005,8,5,1
2026-04-19,214167495,8,6,3
2026-04-19,214167495,8,4,1
2026-04-19,814194404,8,10,7
2026-04-19,834230621,8,11,9
2026-04-19,214167495,8,6,3
2026-04-19,206230621,11,25,10
2026-04-19,814194404,8,2,1
2026-04-19,214167495,8,6,0
2026-04-19,840242948,8,12,8
2026-04-19,214167495,8,3,0
2026-04-19,324024630,13,10,5
2026-04-19,214167495,8,5,2
2026-04-19,283002147,8,5,2
2026-04-19,214167495,8,5,3
2026-04-19,214167495,8,4,1
2026-04-19,300235840,5,3,1
2026-04-19,517202811,8,6,1
2026-04-19,214167495,8,1,1
2026-04-17,834230621,8,4,1
2026-04-17,214167495,8,3,2
2026-04-17,845233267,8,4,3
2026-04-17,214167495,8,12,9
2026-04-16,256210257,9,5,2
2026-04-16,214167495,8,6,2
2026-04-16,828167495,8,9,4
2026-04-16,214167495,8,6,4
2026-04-16,214167495,8,5,0
2026-04-16,300242948,13,8,2
2026-04-25,834173426,8,7,5
2026-04-25,264230621,9,3,2
2026-04-25,517224003,8,4,2
2026-04-25,264230621,9,3,2
2026-04-25,277222229,12,4,3
2026-04-25,264230621,9,3,2
2026-04-25,253167948,8,2,0
2026-04-25,264230621,9,3,1
2026-04-25,846193080,8,4,1
2026-04-25,264230621,9,2,2
2026-04-25,207167495,8,4,2
2026-04-25,264230621,9,4,2
2026-04-25,264230621,9,8,3
2026-04-25,216230621,8,4,1
2026-04-25,300219836,13,3,1
2026-04-25,264230621,9,2,1
2026-04-25,237190053,8,3,1
2026-04-25,264230621,9,7,4
2026-04-25,264230621,9,1,0
2026-04-25,259234642,13,5,2
2026-04-24,264230621,9,4,1
2026-04-24,834215698,8,3,2
2026-04-24,264230621,9,2,1
2026-04-24,300192119,8,3,2
2026-04-24,264230621,9,4,1
2026-04-24,804250753,10,5,2
2026-04-24,241190941,12,2,0
2026-04-24,264230621,9,5,3
2026-04-24,810185122,8,4,3
2026-04-24,264230621,9,7,6
2026-04-24,214212831,10,1,0
2026-04-24,264230621,9,2,1
2026-04-24,274005479,8,7,3
2026-04-24,264230621,9,3,3
2026-04-24,264230621,9,6,5
2026-04-24,289192119,8,2,1
2026-04-24,264230621,9,4,2
2026-04-24,100005479,5,3,1
2026-04-24,300186153,6,3,1
2026-04-24,264230621,9,1,0
2026-04-24,264230621,9,7,4
2026-04-24,828167495,8,7,4
2026-04-24,237212831,8,1,0
2026-04-24,264230621,9,6,3
2026-04-24,300238186,9,3,1
2026-04-24,264230621,9,3,2
2026-04-24,300199987,12,4,0
2026-04-24,264230621,9,3,1
2026-04-24,251048940,9,7,5
2026-04-24,264230621,9,6,3
2026-04-24,513200389,8,2,1
2026-04-24,264230621,9,1,1
2026-04-24,264230621,9,1,0
2026-04-24,247191924,8,5,1
2026-04-24,300202811,8,5,0
2026-04-24,264230621,9,6,3
2026-04-24,834230621,8,4,3
2026-04-24,264230621,9,3,2
2026-04-24,264230621,9,6,1
2026-04-24,829235073,8,4,1
2026-04-24,264230621,9,2,1
2026-04-24,214048940,8,6,4
2026-04-24,264230621,9,6,2
2026-04-24,264230621,9,6,3
2026-04-24,252167948,9,4,2
2026-04-24,264230621,9,1,1
2026-04-24,804262621,8,3,2
2026-04-24,264230621,9,6,3
2026-04-24,253192119,8,5,3
2026-04-24,852048940,8,5,2
2026-04-24,264230621,9,2,0
2026-04-24,234192119,8,6,2
2026-04-24,264230621,9,8,3
2026-04-24,264230621,9,6,2
2026-04-24,517254803,6,6,1
2026-04-24,264230621,9,5,0
2026-04-24,264230621,9,6,4
2026-04-24,237212831,8,4,3
2026-04-24,829001179,8,2,1
2026-04-24,264230621,9,4,3
2026-04-24,502192119,8,3,0
2026-04-24,264230621,9,2,0
2026-04-24,216162835,8,1,0
2026-04-24,264230621,9,5,1
2026-04-24,300167495,8,1,1
2026-04-24,264230621,9,4,3
2026-04-24,300230621,8,5,2
2026-04-24,265186153,9,9,4
2026-04-24,264230621,9,2,1
2026-04-24,253230869,9,4,2
2026-04-24,264230621,9,5,2
2026-04-24,300192119,8,4,1
2026-04-24,264230621,9,8,5
2026-04-24,264230621,9,1,1
2026-04-24,265192119,8,4,1
2026-04-24,264230621,9,5,1
2026-04-24,270233934,8,1,1
2026-04-24,237210257,8,4,1
2026-04-24,264230621,9,5,1
2026-04-24,256199987,9,4,1
2026-04-24,264230621,9,2,2
2026-04-24,264230621,9,8,2
2026-04-24,216200389,9,3,2
2026-04-24,256210257,8,5,2
2026-04-24,264230621,9,4,2
2026-04-24,264230621,9,7,2
2026-04-24,829235073,8,9,1
2026-04-23,264230621,9,3,0
2026-04-23,840200389,8,6,3
2026-04-23,251167495,8,9,3
2026-04-23,264230621,9,7,4
2026-04-23,862212432,8,6,4
2026-04-23,264230621,9,5,2
2026-04-23,251170084,7,3,0
2026-04-23,264230621,9,2,0
2026-04-23,264230621,9,4,2
2026-04-23,848190941,9,3,2
2026-04-23,216167495,8,4,2
2026-04-23,264230621,9,4,1
2026-04-23,264230621,9,11,5
2026-04-23,802005479,9,2,0
2026-04-23,283170597,8,2,0
2026-04-23,264230621,9,1,1
2026-04-23,810206585,8,2,1
2026-04-23,264230621,9,8,4
2026-04-23,216230621,8,5,2
2026-04-23,264230621,9,4,1
2026-04-23,511234102,8,7,4
2026-04-23,264230621,9,5,3
2026-04-23,300193105,8,4,2
2026-04-23,264230621,9,5,1
2026-04-23,264230621,9,2,1
2026-04-23,848167948,8,5,2
2026-04-23,247191924,8,5,2
2026-04-23,264230621,9,5,3
2026-04-23,264230621,9,4,3
2026-04-23,265233306,9,5,2
2026-04-23,862212432,8,5,0
2026-04-23,264230621,9,1,1
2026-04-23,829005479,8,5,2
2026-04-23,264230621,9,4,4
2026-04-23,300228789,7,3,1
2026-04-23,264230621,9,3,2
2026-04-23,264230621,8,3,1
2026-04-23,264230621,9,2,1
2026-04-23,834235840,9,7,4
2026-04-23,264230621,9,2,0
2026-04-23,264230621,9,3,1
2026-04-23,210193080,8,3,2
2026-04-23,280210257,6,7,2
2026-04-23,264230621,9,7,1
2026-04-23,264230621,9,3,1
2026-04-23,233192119,8,9,7
2026-04-23,251192119,8,4,2
2026-04-23,264230621,9,5,2
2026-04-23,300210385,13,1,1
2026-04-23,264230621,9,5,3
2026-04-23,829235073,8,4,2
2026-04-23,264230621,9,5,2
2026-04-23,300200110,12,5,1
2026-04-23,264230621,9,3,2
2026-04-23,834230621,8,3,3
2026-04-23,264230621,9,3,3
2026-04-22,836167948,2,3,0
2026-04-22,206024630,13,2,2
2026-04-22,815189296,8,3,2
2026-04-22,300192448,8,6,3
2026-04-22,101001179,9,5,2
2026-04-22,300192448,8,6,0
2026-04-22,231024630,8,6,3
2026-04-22,300192448,8,6,2
2026-04-22,246199987,8,7,4
2026-04-22,300192448,8,3,1
2026-04-22,300192448,8,4,4
2026-04-22,827051539,9,3,1
2026-04-22,300192448,8,1,0
2026-04-22,300192448,8,6,4
2026-04-22,265192119,8,3,1
2026-04-22,300192448,8,9,8
2026-04-22,251001179,9,4,2
2026-04-22,300192448,8,5,5
2026-04-22,270233934,8,3,2
2026-04-22,300192448,8,2,1
2026-04-21,283192448,8,2,0
2026-04-21,300192448,8,6,2
2026-04-21,848167948,8,4,2
2026-04-21,300192448,8,5,2
2026-04-21,300210257,6,4,0
2026-04-21,300192448,8,4,1
2026-04-21,300192448,8,4,1
2026-04-21,840209981,8,2,1
2026-04-21,834220901,8,3,2
2026-04-21,300192448,8,6,2
2026-04-21,300192448,8,4,1
2026-04-21,818167495,8,4,1
2026-04-21,251167495,8,3,2
2026-04-21,300192448,8,4,3
2026-04-21,300192448,8,6,2
2026-04-21,234051539,8,7,1
2026-04-21,300192448,8,5,3
2026-04-21,300192448,8,8,4
2026-04-21,834192119,8,2,1
2026-04-21,300192448,8,6,3
2026-04-21,840209981,8,3,0
2026-04-21,300234642,8,5,0
2026-04-21,300192448,8,6,4
2026-04-21,825234642,9,4,0
2026-04-21,300192448,8,5,1
2026-04-21,216230621,8,5,5
2026-04-21,300192448,8,3,1
2026-04-20,300192448,8,7,2
2026-04-20,206024630,13,4,2
2026-04-20,256168435,8,5,2
2026-04-20,300192448,8,2,2
2026-04-20,300192448,8,5,2
2026-04-20,206177683,13,4,2
2026-04-20,231164835,8,8,4
2026-04-20,300192448,8,6,2
2026-04-20,836167948,8,7,4
2026-04-20,300192448,8,3,1
2026-04-20,300192448,8,4,2
2026-04-20,852189117,11,1,0
2026-04-20,300192448,8,1,1
2026-04-19,206167495,10,4,2
2026-04-19,300192448,8,8,4
2026-04-19,300192448,8,5,1
2026-04-19,834212831,8,4,0
2026-04-19,111051539,8,3,2
2026-04-19,300192448,8,4,4
2026-04-19,206206585,12,3,0
2026-04-19,300192448,8,6,1
2026-04-19,234192119,8,5,1
2026-04-19,300192448,8,4,0
2026-04-19,802167948,8,9,7
2026-04-19,300192448,8,7,5
2026-04-19,280230621,8,4,1
2026-04-19,300192448,8,5,3
2026-04-19,214203775,13,6,1
2026-04-19,300192448,8,8,3
2026-04-19,856259532,5,5,2
2026-04-19,207212831,11,2,0
2026-04-19,300192448,8,4,3
2026-04-19,216190053,8,5,3
2026-04-19,300192448,8,4,2
2026-04-19,231024630,8,1,0
2026-04-19,300192448,8,4,2
2026-04-19,300192448,8,4,1
2026-04-19,256192448,10,8,5
2026-04-19,825192448,8,13,6
2026-04-19,300192448,8,2,0
2026-04-19,848225116,8,5,3
2026-04-19,300192448,8,2,1
2026-04-19,206192448,11,4,1
2026-04-19,300192448,8,3,2
2026-04-19,845242179,8,3,1
2026-04-19,300192448,8,2,0
2026-04-19,265233306,8,4,2
2026-04-19,300192448,8,5,3
2026-04-18,251048940,8,4,2
2026-04-18,300192448,8,5,2
2026-04-18,246193041,8,8,4
2026-04-18,300192448,8,2,0
2026-04-18,206167495,11,4,1
2026-04-18,300192448,8,4,2
2026-04-18,300230621,8,4,3
2026-04-18,300192448,8,1,0
2026-04-18,246199987,8,5,1
2026-04-18,300192448,8,4,1
2026-04-18,855192119,8,7,4
2026-04-18,300192448,8,1,0
2026-04-18,300206585,8,3,0
2026-04-18,300192448,8,3,0
2026-04-18,802167948,8,5,2
2026-04-18,300192448,8,7,3
2026-04-18,845016254,8,5,3
2026-04-18,300192448,8,2,1
2026-04-18,237212442,10,3,0
2026-04-18,300192448,8,3,1
2026-04-18,284216065,8,3,2
2026-04-18,300192448,8,2,0
2026-04-18,846193080,9,5,3
2026-04-18,300192448,8,3,1
2026-04-18,264230621,8,3,1
2026-04-18,802200389,8,6,2
2026-04-18,300192448,8,2,1
2026-04-18,810225116,8,4,2
2026-04-18,300192448,8,3,1
2026-04-18,828212831,8,1,0
2026-04-18,300192448,8,6,1
2026-04-17,283186153,8,4,1
2026-04-17,300192448,8,6,3
2026-04-17,300200389,8,6,4
2026-04-17,300192448,8,1,0
2026-04-17,828230621,8,2,1
2026-04-17,300192448,8,2,1
2026-04-17,828212831,8,3,2
2026-04-17,517227127,10,7,4
2026-04-17,300192448,8,6,2
2026-04-17,265186153,8,5,0
2026-04-17,300192448,8,5,4
2026-04-17,206177683,13,3,1
2026-04-17,300192448,8,6,2
2026-04-17,845230869,8,1,0
2026-04-17,300192448,8,5,2
2026-04-17,828212831,8,4,1
2026-04-17,300192448,8,11,6
2026-04-17,234174543,11,1,1
2026-04-17,270221087,9,7,4
2026-04-17,270221087,9,9,5
2026-04-17,828212831,8,3,0
2026-04-17,270221087,9,8,5
2026-04-17,283170597,8,5,3
2026-04-17,828215698,8,5,2
2026-04-17,270221087,9,5,3
2026-04-16,231024630,8,2,2
2026-04-16,270221087,9,10,4
2026-04-16,270221087,9,4,0
2026-04-16,834192119,8,5,2
2026-04-16,270221087,9,6,4
2026-04-16,810200389,8,5,2
2026-04-16,270221087,9,4,1
2026-04-16,270221087,9,1,0
2026-04-16,804262621,8,4,1
2026-04-16,251048940,8,4,2
2026-04-16,270221087,9,7,3
2026-04-16,802005479,9,1,1
2026-04-16,270221087,9,5,1
2026-04-16,834210257,9,10,8
2026-04-16,270221087,9,4,1
2026-04-16,834235840,8,6,1
2026-04-16,270221087,9,5,1
2026-04-15,242192119,8,2,0
2026-04-15,270221087,9,3,1
2026-04-15,252167948,8,7,4
2026-04-15,270221087,9,1,0
2026-04-15,270221087,9,11,3
2026-04-15,280210257,7,4,2
2026-04-15,270221087,9,3,0
2026-04-15,246173373,8,6,2
2026-04-15,270221087,9,6,4
2026-04-15,804263063,8,4,1
2026-04-15,253002147,9,2,0
2026-04-15,270221087,9,3,1
2026-04-15,231167495,9,2,0
2026-04-15,270221087,9,3,1
2026-04-15,300204092,6,7,4
2026-04-15,270221087,9,4,2
2026-04-15,216230621,8,3,1
2026-04-15,270221087,9,2,0
2026-04-15,265233306,9,3,2
2026-04-15,270221087,9,2,1
2026-04-15,513190941,11,5,3
2026-04-15,834210257,8,6,2
2026-04-15,270221087,9,2,1
2026-04-15,851204935,8,5,3
2026-04-15,270221087,9,7,2
2026-04-15,810225116,8,8,4
2026-04-15,253002147,9,4,1
2026-04-15,265234102,8,2,0
2026-04-15,270221087,9,9,5
2026-04-15,270221087,9,3,0
2026-04-15,206177683,13,4,3
2026-04-15,252167948,9,6,5
2026-04-15,270221087,9,3,2
2026-04-15,834230621,8,4,3
2026-04-15,270221087,9,2,1
2026-04-15,827051539,8,2,2
2026-04-15,253002147,9,4,0
2026-04-15,253002147,9,7,2
2026-04-15,300192448,8,7,1
2026-04-15,804250753,10,5,3
2026-04-15,270221087,9,3,2
2026-04-15,253002147,8,3,0
2026-04-15,234190053,8,5,2
2026-04-15,253209532,10,3,0
2026-04-15,253002147,8,4,0
2026-04-15,820240091,5,6,4
2026-04-15,253002147,8,2,1
2026-04-15,517192119,8,3,2
2026-04-15,253002147,8,4,0
2026-04-15,300230869,8,1,1
2026-04-15,253002147,8,2,1
2026-04-15,206193080,5,4,2
2026-04-15,253002147,8,5,0
2026-04-15,300193080,8,5,1
2026-04-15,253002147,8,3,0
2026-04-15,234140233,11,5,2
2026-04-15,253002147,8,6,4
2026-04-15,216230621,8,4,0
2026-04-15,253002147,8,5,2
2026-04-15,253002147,8,10,5
2026-04-15,300192119,8,3,1
2026-04-15,515212831,8,6,4
2026-04-15,270221087,9,2,1
2026-04-15,300193080,5,5,4
2026-04-15,270221087,9,4,1
2026-04-15,851230872,8,5,2
2026-04-15,270221087,9,3,2
2026-04-15,834220901,8,5,1
2026-04-15,270221087,9,1,1
2026-04-15,270221087,9,5,0
2026-04-15,251051539,8,8,5
2026-04-15,270221087,9,9,4
2026-04-15,324024630,12,6,4
2026-04-15,270221087,9,2,1
2026-04-15,856212831,9,1,1
2026-04-15,270221087,9,4,2
2026-04-15,283186153,10,5,1
2026-04-15,216163587,9,6,5
2026-04-15,270221087,9,6,2
2026-04-15,270221087,9,1,0
2026-04-15,206024630,13,3,0
2026-04-15,840192119,8,7,5
2026-04-15,270221087,9,2,1
2026-04-15,829204883,8,7,6
2026-04-15,270221087,9,4,0
2026-04-15,206024630,10,7,4
2026-04-15,270221087,9,7,5
2026-04-15,834177683,8,8,5
2026-04-15,270221087,9,4,3
2026-04-15,270221087,9,3,1
2026-04-15,804262621,8,3,1
2026-04-15,206024630,13,3,0
2026-04-15,270221087,9,4,2
2026-04-15,834230621,8,4,3
2026-04-15,270221087,9,1,0
2026-04-15,851204935,8,6,4
2026-04-15,270221087,9,3,2
2026-04-13,513235073,8,4,3
2026-04-13,270221087,9,3,2
2026-04-13,265225116,8,5,2
2026-04-13,270221087,9,10,4
2026-04-13,270221087,9,8,4
2026-04-13,828212831,8,3,3
2026-04-13,280230621,8,5,1
2026-04-13,270221087,9,1,0
2026-04-13,270221087,9,4,0
2026-04-13,270221087,9,9,4
2026-04-13,300186153,5,4,1
2026-04-13,253192119,9,2,0
2026-04-13,270221087,9,1,0
2026-04-13,300192119,8,4,0
2026-04-13,270221087,9,3,1
2026-04-13,253192119,8,5,2
2026-04-13,270221087,9,4,3
2026-04-13,216200389,11,4,1
2026-04-13,270221087,9,7,4
2026-04-13,270221087,9,2,0
2026-04-13,828215698,8,7,1
2026-04-13,270221087,9,2,1
2026-04-13,814186569,8,3,3
2026-04-13,270221087,9,3,1
2026-04-13,517235073,8,4,1
2026-04-13,206167948,13,3,0
2026-04-13,270221087,9,5,2
2026-04-13,270221087,9,6,2
2026-04-13,804263063,9,1,1
2026-04-13,270221087,9,2,0
2026-04-13,855192119,8,8,5
2026-04-13,251164835,9,4,1
2026-04-13,270221087,9,2,0
2026-04-13,826204935,8,5,4
2026-04-13,270221087,9,2,0
2026-04-13,846202811,9,6,3
2026-04-13,270221087,9,5,2
2026-04-13,270221087,9,3,2
2026-04-13,264230621,8,4,3
2026-04-13,251167495,8,2,0
2026-04-13,270221087,9,5,3
2026-04-13,300192448,8,8,6
2026-04-13,270221087,9,5,3
2026-04-13,237212831,8,4,1
2026-04-13,237001179,10,6,4
2026-04-13,237212831,8,3,3
2026-04-13,503193080,13,5,4
2026-04-13,237212831,8,5,1
2026-04-13,252048940,9,6,4
2026-04-13,237212831,8,7,4
2026-04-13,237212831,8,4,2
2026-04-13,237210257,8,6,1
2026-04-13,237212831,8,1,1
2026-04-13,848210257,8,3,0
2026-04-13,291262621,8,3,3
2026-04-13,237212831,8,6,4
2026-04-13,300225116,11,3,2
2026-04-13,237212831,8,3,1
2026-04-13,517205186,8,3,1
2026-04-13,237212831,8,4,1
2026-04-13,291220901,8,3,0
2026-04-13,237212831,8,2,1
2026-04-13,256192448,8,1,1
2026-04-13,237212831,8,7,3
2026-04-13,291262621,8,4,1
2026-04-13,237212831,8,5,1
2026-04-13,237212831,8,7,3
2026-04-13,503167948,8,1,0
2026-04-13,237212831,8,11,5
2026-04-13,825192448,8,4,1
2026-04-13,300192119,8,4,1
2026-04-13,237212831,8,4,2
2026-04-13,216234642,8,6,2
2026-04-13,237212831,8,7,2
2026-04-13,237212831,8,4,2
2026-04-13,830212432,8,3,1
2026-04-13,283186569,8,1,1
2026-04-13,237212831,8,3,2
2026-04-26,206203775,13,2,1
2026-04-26,852204092,8,6,2
2026-04-26,814048940,8,2,1
2026-04-26,852204092,8,4,4
2026-04-26,830210941,9,5,1
2026-04-26,852204092,8,5,2
2026-04-26,210230872,13,5,2
2026-04-26,852204092,8,6,2
2026-04-23,862212432,8,5,3
2026-04-23,852204092,8,4,1
2026-04-23,217234642,9,5,2
2026-04-23,852204092,8,1,0
2026-04-23,862212432,8,5,3
2026-04-23,852204092,8,5,1
2026-04-23,802167948,8,6,2
2026-04-23,852204092,8,8,4
2026-04-22,856228789,8,7,4
2026-04-22,852204092,8,5,2
2026-04-22,830210941,8,2,1
2026-04-22,852204092,8,10,4
2026-04-22,206048940,13,6,2
2026-04-22,852204092,8,4,2
2026-04-22,265192119,8,8,3
2026-04-22,852204092,8,7,3
2026-04-22,513228789,10,5,1
2026-04-22,852204092,8,4,3
2026-04-22,283230621,9,5,3
2026-04-22,852204092,8,6,3
2026-04-21,291262621,8,4,1
2026-04-21,852204092,8,5,1
2026-04-21,324024630,11,6,4
2026-04-21,852204092,8,5,2
2026-04-21,835016254,8,8,4
2026-04-21,852204092,8,3,1
2026-04-21,836167948,8,9,3
2026-04-21,253002147,9,4,1
2026-04-21,852204092,8,6,1
2026-04-21,517193080,8,8,3
2026-04-21,852204092,8,7,4
2026-04-21,848051539,8,5,3
2026-04-21,852204092,8,4,0
2026-04-21,834210257,8,2,0
2026-04-21,852204092,8,4,2
2026-04-21,265233306,8,7,2
2026-04-21,852204092,8,7,1
2026-04-21,206210257,13,3,1
2026-04-21,852204092,8,3,1
2026-04-21,300210257,8,3,1
2026-04-21,852204092,8,1,0
2026-04-21,289051539,8,4,2
2026-04-21,852204092,8,4,3
2026-04-21,300192448,8,4,1
2026-04-21,852204092,8,7,4
2026-04-21,829192448,8,3,0
2026-04-21,852204092,8,6,3
2026-04-21,101001179,8,3,1
2026-04-21,852204092,8,9,6
2026-04-21,206188943,8,3,1
2026-04-21,852204092,8,4,2
2026-04-19,265192119,9,6,3
2026-04-19,852204092,8,5,2
2026-04-19,300192119,8,4,1
2026-04-19,852204092,8,8,4
2026-04-19,324024630,12,3,1
2026-04-19,852204092,8,7,2
2026-04-19,829005479,8,5,1
2026-04-19,852204092,8,3,2
2026-04-19,845199005,8,5,2
2026-04-19,852204092,8,12,7
2026-04-19,283167495,8,5,2
2026-04-19,852204092,8,6,1
2026-04-19,251167948,9,5,1
2026-04-19,852204092,8,1,1
2026-04-19,836005479,8,6,3
2026-04-19,852204092,8,2,1
2026-04-19,260186153,8,2,1
2026-04-19,852204092,8,7,3
2026-04-19,834212831,8,4,3
2026-04-19,852204092,8,4,3
2026-04-19,300167495,9,10,5
2026-04-19,852204092,8,5,1
2026-04-19,234167495,8,7,3
2026-04-19,852204092,8,6,3
2026-04-19,256186569,10,2,0
2026-04-19,852204092,8,6,1
2026-04-19,256199987,8,6,2
2026-04-19,852204092,8,3,2
2026-04-17,234190053,9,1,0
2026-04-17,852204092,8,4,1
2026-04-17,851204935,8,5,2
2026-04-17,852204092,8,9,6
2026-04-17,806266323,8,4,0
2026-04-17,852204092,8,5,4
2026-04-17,217212831,8,6,4
2026-04-17,852204092,8,2,0
2026-04-17,513200389,12,8,3
2026-04-17,852204092,8,5,4
2026-04-17,216192563,8,2,1
2026-04-17,852204092,8,4,2
2026-04-17,251048940,8,7,3
2026-04-17,852204092,8,2,1
2026-04-17,234192119,8,5,4
2026-04-17,852204092,8,6,0
2026-04-17,216230621,8,9,6
2026-04-17,852204092,8,5,0
2026-04-14,508172203,8,2,0
2026-04-14,852204092,8,5,2
2026-04-14,253192119,8,5,1
2026-04-14,852204092,8,3,2
2026-04-14,828215698,8,2,1
2026-04-14,852204092,8,5,3
2026-04-14,206212831,11,4,2
2026-04-14,852204092,8,9,1
2026-04-14,265225116,8,3,2
2026-04-14,852204092,8,4,1
2026-04-14,253002147,11,10,3
2026-04-14,852204092,8,2,1
2026-04-13,251048940,8,9,4
2026-04-13,852204092,8,8,4
2026-04-13,825212831,8,4,1
2026-04-13,852204092,8,3,1
2026-04-25,825192119,8,6,2
2026-04-25,300203841,8,6,3
2026-04-25,214192448,8,3,3
2026-04-25,825192119,8,6,3
2026-04-25,825192119,8,3,3
2026-04-25,251048940,8,3,0
2026-04-25,206210257,13,6,2
2026-04-25,825192119,8,1,1
2026-04-24,862212432,8,6,1
2026-04-24,207190053,13,4,3
2026-04-24,862212432,8,4,3
2026-04-24,280235073,8,6,5
2026-04-24,802051539,9,6,3
2026-04-24,862212432,8,4,1
2026-04-24,862212432,8,4,4
2026-04-24,517193080,8,8,6
2026-04-24,829220901,8,3,1
2026-04-24,825192119,8,6,4
2026-04-21,834190941,8,2,0
2026-04-21,825192119,8,4,2
2026-04-21,828212831,8,6,1
2026-04-21,251051539,9,4,0
2026-04-21,825192119,8,4,1
2026-04-21,825192119,8,4,2
2026-04-21,206024630,10,8,5
2026-04-21,260243952,8,5,2
2026-04-21,825192119,8,8,4
2026-04-21,825192119,8,6,4
2026-04-21,214024630,8,3,0
2026-04-19,300192119,8,3,0
2026-04-19,825192119,8,3,1
2026-04-19,265186153,8,6,3
2026-04-19,825192119,8,6,2
2026-04-19,289192119,8,8,4
2026-04-19,825192119,8,6,2
2026-04-19,829192119,8,5,4
2026-04-19,825192119,8,2,1
2026-04-19,284216065,8,7,3
2026-04-18,825051539,8,4,0
2026-04-18,101238380,8,3,0
2026-04-18,834212831,8,7,3
2026-04-18,825051539,8,6,1
2026-04-18,319005479,7,1,1
2026-04-18,825051539,8,8,4
2026-04-18,825051539,8,6,2
2026-04-18,270233267,8,5,4
2026-04-18,283167495,8,2,1
2026-04-18,825051539,8,6,4
2026-04-18,825051539,8,7,3
2026-04-18,206188943,13,6,1
2026-04-22,237212831,7,4,3
2026-04-22,851210676,8,3,1
2026-04-22,264210385,8,1,0
2026-04-22,237212831,7,2,1
2026-04-21,237212831,7,4,2
2026-04-21,834202811,9,6,3
2026-04-26,300215316,13,5,2
2026-04-26,300270821,13,4,0
2026-04-26,273234577,13,10,3
2026-04-26,300270821,13,7,1
2026-04-26,300270821,13,4,2
2026-04-26,206199987,13,9,2
2026-04-26,300270821,13,2,2
2026-04-26,827048940,8,6,2
2026-04-26,300270821,13,3,2
2026-04-26,256199987,8,4,0
2026-04-26,300270821,13,8,6
2026-04-26,848167948,8,7,4
2026-04-26,251167948,9,6,5
2026-04-26,218200726,10,5,0
2026-04-26,300270821,13,1,0
2026-04-26,242192119,8,4,3
2026-04-26,300270821,13,6,3
2026-04-26,848167948,8,10,5
2026-04-26,300270821,13,4,3
2026-04-26,256193105,9,13,5
2026-04-26,300270821,13,1,0
2026-04-23,246173373,8,4,0
2026-04-23,300188943,13,2,2
2026-04-23,300188943,13,5,2
2026-04-23,225203237,9,4,1
2026-04-23,300228279,13,4,3
2026-04-23,300188943,13,6,2
2026-04-21,265225116,8,5,1
2026-04-21,300188943,13,7,1
2026-04-21,237210257,8,5,0
2026-04-21,300188943,13,2,2
2026-04-21,234173373,8,4,1
2026-04-21,300188943,13,4,0
2026-04-21,265234102,10,4,0
2026-04-21,300188943,13,7,4
2026-04-21,300188943,13,4,3
2026-04-21,251167495,8,5,1
2026-04-21,214005479,5,6,2
2026-04-21,300188943,13,4,1
2026-04-21,300188943,13,5,2
2026-04-21,251051539,8,5,3
2026-04-21,517202811,8,3,0
2026-04-21,300188943,13,6,2
2026-04-20,502192119,8,7,2
2026-04-20,300188943,13,8,4
2026-04-20,300188943,13,7,1
2026-04-20,828215698,8,3,1
2026-04-19,511262621,8,7,2
2026-04-19,300234371,13,5,2
2026-04-18,218221087,8,5,2
2026-04-18,300234371,13,5,2
2026-04-18,829212831,8,7,1
2026-04-18,300234371,13,4,1
2026-04-18,834212831,8,10,3
2026-04-18,300234371,13,3,1
2026-04-16,214186569,13,2,0
2026-04-16,300234371,13,4,4
2026-04-16,206177683,13,4,3
2026-04-16,300234371,13,6,1
2026-04-16,852186153,8,8,5
2026-04-16,300234371,13,8,2
2026-04-15,242186153,8,5,1
2026-04-15,300234371,13,8,3
2026-04-15,508211738,8,4,0
2026-04-15,300234371,13,2,1
2026-04-15,300234371,13,4,1
2026-04-15,246186569,9,4,1
2026-04-15,300234371,13,4,0
2026-04-15,216200389,5,6,2
2026-04-15,300234371,13,3,0
2026-04-15,234162835,8,3,1
2026-04-15,300234371,13,1,1
2026-04-15,206177683,13,3,1
2026-04-15,300234371,13,3,0
2026-04-15,270193105,9,5,1
2026-04-15,300234371,13,4,1
2026-04-15,508186153,8,6,2
2026-04-15,300234371,13,2,1
2026-04-15,853212432,9,9,6
2026-04-15,300234371,13,4,3
2026-04-15,834202811,8,3,3
2026-04-15,300234371,13,3,0
2026-04-15,300186153,13,5,0
2026-04-15,300234371,13,9,7
2026-04-13,851204935,9,4,2
2026-04-13,300234371,13,3,1
2026-04-13,251001179,9,6,3
2026-04-13,300234371,13,5,1
2026-04-13,300234371,13,1,0
2026-04-13,256167495,8,8,6
2026-04-13,300234371,13,4,0
2026-04-13,300234371,13,3,2
2026-04-13,207051539,9,2,0
2026-04-26,300230621,8,5,3
2026-04-26,300233267,13,4,1
2026-04-26,834230621,8,2,0
2026-04-26,300233267,13,5,2
2026-04-26,300233267,13,3,1
2026-04-26,291262621,8,7,5
2026-04-25,300233267,13,6,4
2026-04-25,251051539,8,2,2
2026-04-25,300233267,13,5,1
2026-04-25,856240091,9,6,0
2026-04-25,834173426,8,9,6
2026-04-25,300233267,13,4,2
2026-04-25,300233267,13,7,3
2026-04-25,251167495,9,8,4
2026-04-25,300238186,13,2,2
2026-04-25,300233267,13,6,0
2026-04-25,101001179,8,3,0
2026-04-25,300233267,13,1,1
2026-04-25,300233267,13,7,1
2026-04-25,206188943,13,2,2
2026-04-25,300233267,13,1,0
2026-04-25,270233267,9,6,1
2026-04-24,300233267,13,10,3
2026-04-24,834210257,8,6,2
2026-04-22,300233267,13,3,0
2026-04-22,300215698,8,12,10
2026-04-22,300233267,13,2,0
2026-04-22,829235073,8,12,7
2026-04-22,300233267,13,1,0
2026-04-22,828192119,8,7,3
2026-04-22,289051539,9,7,4
2026-04-22,300233267,13,8,3
2026-04-22,300233267,13,7,1
2026-04-22,251186153,8,15,10
2026-04-22,207051539,9,5,2
2026-04-22,216192448,8,6,2
2026-04-22,300233267,13,8,4
2026-04-21,300233267,13,2,2
2026-04-21,810225116,8,6,2
2026-04-21,825051539,8,6,0
2026-04-21,300233267,13,5,2
2026-04-21,265192119,8,11,7
2026-04-21,300233267,13,6,2
2026-04-20,300233267,13,4,2
2026-04-20,206212831,11,5,4
2026-04-20,828215698,8,7,7
2026-04-20,300233267,13,15,5
2026-04-20,300233267,13,7,3
2026-04-20,216230621,8,8,5
2026-04-18,300233267,13,7,4
2026-04-18,840048940,10,8,3
2026-04-18,300233267,13,5,1
2026-04-18,246199987,8,6,3
2026-04-18,256051539,8,2,1
2026-04-18,300233267,13,7,2
2026-04-18,300233267,13,1,0
2026-04-18,834230621,8,8,6
2026-04-17,300233267,13,10,4
2026-04-17,206188943,13,4,1
2026-04-16,300233267,13,4,1
2026-04-16,825192448,8,3,0
2026-04-16,300233267,13,2,0
2026-04-16,270233934,8,7,6
2026-04-14,324024630,12,6,4
2026-04-14,251001179,8,6,3
2026-04-26,834230621,8,3,0
2026-04-26,829051539,8,3,3
2026-04-26,829051539,8,4,0
2026-04-26,237210257,6,5,3
2026-04-26,829051539,8,10,4
2026-04-26,234167495,8,6,3
2026-04-26,829051539,8,2,2
2026-04-26,829051539,8,3,3
2026-04-26,862212432,8,3,2
2026-04-24,829051539,8,6,1
2026-04-24,300263063,13,5,4
2026-04-24,206177683,13,7,2
2026-04-24,829051539,8,3,2
2026-04-24,829051539,8,4,2
2026-04-24,206210257,10,6,4
2026-04-24,265234102,9,4,2
2026-04-24,829051539,8,4,2
2026-04-24,829051539,8,4,0
2026-04-24,252162835,9,7,1
2026-04-22,829051539,8,4,2
2026-04-22,848051539,8,4,2
2026-04-22,829051539,8,6,3
2026-04-22,834167495,8,3,1
2026-04-22,252162835,9,7,4
2026-04-22,829051539,8,4,0
2026-04-22,828167948,8,4,1
2026-04-22,829051539,8,7,4
2026-04-22,840214979,8,4,2
2026-04-22,829051539,8,2,1
2026-04-22,845199005,8,6,4
2026-04-22,829051539,8,2,0
2026-04-22,826204935,8,5,1
2026-04-22,829051539,8,8,4
2026-04-22,829051539,8,8,4
2026-04-22,828200389,8,7,4
2026-04-22,270233934,9,4,2
2026-04-22,829051539,8,4,1
2026-04-22,829051539,8,1,1
2026-04-22,256186153,8,6,3
2026-04-21,829051539,8,8,5
2026-04-21,265225116,8,5,3
2026-04-21,829051539,8,7,3
2026-04-21,256210257,8,3,2
2026-04-21,274192119,8,4,2
2026-04-21,829051539,8,6,4
2026-04-21,300240091,8,2,1
2026-04-21,829051539,8,4,0
2026-04-21,256186153,8,5,2
2026-04-21,829051539,8,4,1
2026-04-21,829051539,8,5,2
2026-04-21,517193698,8,5,1
2026-04-21,829051539,8,3,2
2026-04-21,517190941,8,4,2
2026-04-21,829051539,8,6,2
2026-04-21,829051539,8,3,0
2026-04-21,829051539,8,5,5
2026-04-21,231199987,8,1,1
2026-04-21,848000488,8,9,6
2026-04-21,829051539,8,3,3
2026-04-21,234162835,8,4,1
2026-04-21,829051539,8,6,5
2026-04-21,829051539,8,5,4
2026-04-21,251167495,8,1,1
2026-04-21,829051539,8,2,1
2026-04-21,828212831,8,7,5
2026-04-21,828192448,8,8,3
2026-04-21,829051539,8,4,3
2026-04-21,234178005,8,6,2
2026-04-21,829051539,8,8,4
2026-04-21,829051539,8,4,0
2026-04-21,218191655,13,3,1
2026-04-21,829051539,8,4,0
2026-04-21,234190941,8,2,1
2026-04-21,829051539,8,7,3
2026-04-21,265233306,8,10,6
2026-04-21,207051539,9,4,1
2026-04-21,829051539,8,4,1
2026-04-21,829051539,8,5,0
2026-04-21,834202811,8,9,3
2026-04-20,300233267,13,6,2
2026-04-20,829051539,8,15,9
2026-04-20,206177683,13,7,3
2026-04-20,265186153,8,5,1
2026-04-20,291262621,8,2,0
2026-04-20,283167495,8,9,0
2026-04-20,234162835,8,1,1
2026-04-20,283167495,8,3,0
2026-04-27,265234102,8,2,0
2026-04-27,862212432,8,7,2
2026-04-27,253177683,8,1,0
2026-04-27,862212432,8,8,2
2026-04-27,300186569,5,8,4
2026-04-27,862212432,8,6,1
2026-04-27,829220901,8,6,2
2026-04-27,862212432,8,12,5
2026-04-24,264230621,8,7,1
2026-04-24,829226753,8,5,3
2026-04-24,862212432,8,5,1
2026-04-24,264230621,8,8,5
2026-04-24,264230621,8,3,0
2026-04-24,251051539,8,6,1
2026-04-24,834212831,8,3,2
2026-04-24,264230621,8,8,4
2026-04-24,300215698,8,4,0
2026-04-24,264230621,8,8,6
2026-04-23,264230621,8,9,3
2026-04-23,825212831,8,2,2
2026-04-23,264230621,8,6,4
2026-04-23,284216065,8,6,3
2026-04-23,234192119,8,6,2
2026-04-23,264230621,8,5,2
2026-04-23,300212831,8,3,2
2026-04-23,264230621,8,5,2
2026-04-23,300212831,8,3,1
2026-04-23,825210257,8,5,2
2026-04-23,264230621,8,4,1
2026-04-23,834215698,8,7,3
2026-04-23,264230621,8,9,4
2026-04-23,265233306,9,6,2
2026-04-23,264230621,8,6,2
2026-04-21,825051539,8,1,0
2026-04-21,264230621,8,5,4
2026-04-21,264230621,8,3,0
2026-04-21,851230872,8,2,1
2026-04-21,206177683,13,9,6
2026-04-21,264230621,8,3,1
2026-04-20,265234102,9,4,1
2026-04-20,264230621,8,5,3
2026-04-20,264230621,8,12,7
2026-04-20,251192119,8,9,3
2026-04-20,206024630,13,3,0
2026-04-20,264230621,8,9,6
2026-04-20,264230621,8,6,3
2026-04-20,840214979,8,6,1
2026-04-20,264230621,8,5,3
2026-04-20,300259532,13,3,2
2026-04-19,264230621,8,5,1
2026-04-19,265233306,8,1,0
2026-04-19,264230621,8,2,2
2026-04-19,829051539,8,5,1
2026-04-19,264230621,8,4,3
2026-04-19,270221087,8,5,3
2026-04-27,265233306,9,4,1
2026-04-27,237210257,8,4,2
2026-04-26,265233306,9,3,2
2026-04-26,206192448,11,4,2
2026-04-25,265233306,9,3,2
2026-04-25,300243675,13,2,1
2026-04-24,862212432,8,2,2
2026-04-24,265233306,9,6,4
2026-04-23,265233306,9,6,2
2026-04-23,300192119,8,5,1
2026-04-23,300236033,8,5,2
2026-04-23,265233306,9,4,2
2026-04-21,265233306,9,5,3
2026-04-21,825192448,8,3,2
2026-04-20,265233306,9,3,1
2026-04-20,848190941,8,9,3
2026-04-18,207051539,9,4,1
2026-04-18,265233306,9,4,3
2026-04-18,237193105,8,6,1
2026-04-18,265233306,9,2,2
2026-04-18,300192119,8,8,5
2026-04-18,265233306,9,5,2
2026-04-18,251167495,8,6,0
2026-04-18,265233306,9,4,1
2026-04-17,283170597,8,4,2
2026-04-17,265233306,9,6,5
2026-04-16,264190941,9,3,1
2026-04-16,265233306,9,3,0
2026-04-16,283186153,8,5,4
2026-04-16,265233306,9,6,5
2026-04-14,300193331,8,3,0
2026-04-14,265233306,9,5,4
2026-04-14,265234102,8,6,2
2026-04-14,265233306,9,4,1
2026-04-13,216230621,8,2,1
2026-04-13,265233306,9,4,1
2026-04-26,284216065,8,3,1
2026-04-26,300228413,8,4,1
2026-04-26,284216065,9,8,4
2026-04-26,300228413,8,5,1
2026-04-24,300228413,8,2,0
2026-04-24,253177683,8,3,2
2026-04-23,300228413,8,5,2
2026-04-23,206177683,11,2,1
2026-04-23,300228413,8,4,2
2026-04-23,862212432,8,6,4
2026-04-23,814227127,8,5,2
2026-04-23,300228413,8,6,3
2026-04-22,252048940,9,8,4
2026-04-22,234162835,8,4,2
2026-04-21,517211738,8,8,5
2026-04-21,234162835,8,5,0
2026-04-21,846193080,8,5,1
2026-04-21,234162835,8,6,1
2026-04-21,234162835,8,2,0
2026-04-21,234167948,9,4,1
2026-04-21,234162835,8,5,0
2026-04-21,836005479,9,7,2
2026-04-20,845233267,8,3,0
2026-04-20,234162835,8,6,3
2026-04-19,234162835,8,6,2
2026-04-19,300192119,8,3,0
2026-04-17,242192119,8,3,2
2026-04-17,237190053,8,7,3
2026-04-16,216230621,8,5,2
2026-04-15,804262621,8,11,4
2026-04-15,237190053,8,1,1
2026-04-15,827051539,8,4,1
2026-04-15,826200389,9,4,2
2026-04-15,291262621,8,6,2
2026-04-15,827051539,8,8,2
2026-04-14,834215698,9,4,3
2026-04-14,827051539,8,2,1
2026-04-26,265233306,9,7,4
2026-04-26,804263063,10,7,6
2026-04-26,265233306,9,4,2
2026-04-26,845233267,8,5,3
2026-04-26,265233306,9,3,1
2026-04-26,836167948,8,7,5
2026-04-26,265233306,9,3,0
2026-04-26,300224987,13,8,7
2026-04-26,265233306,9,4,2
2026-04-26,828230621,9,5,2
2026-04-26,265233306,9,8,1
2026-04-26,206177683,5,5,2
2026-04-26,265233306,9,6,2
2026-04-26,242192119,8,10,4
2026-04-26,300259532,10,5,3
2026-04-26,265233306,9,11,9
2026-04-26,265233306,9,10,8
2026-04-26,237210257,8,6,3
2026-04-26,300192448,8,6,3
2026-04-26,265233306,9,4,3
2026-04-26,256210257,9,6,4
2026-04-26,265233306,9,4,0
2026-04-26,265233306,9,6,4
2026-04-26,826204935,8,3,2
2026-04-26,265233306,9,6,2
2026-04-26,206177683,13,9,5
2026-04-26,265233306,9,8,3
2026-04-26,802051539,8,4,2
2026-04-26,265233306,9,7,4
2026-04-26,828192119,8,12,5
2026-04-26,265233306,9,2,1
2026-04-26,862212432,8,4,1
2026-04-25,265233306,9,4,2
2026-04-25,206177683,12,2,1
2026-04-25,265233306,9,5,2
2026-04-25,300193080,8,6,3
2026-04-25,265233306,9,4,2
2026-04-25,111051539,8,6,4
2026-04-25,265233306,9,3,1
2026-04-25,517233306,8,7,4
2026-04-25,265233306,9,8,4
2026-04-25,828202811,8,8,4
2026-04-25,265233306,9,6,3
2026-04-25,852048940,8,5,2
2026-04-25,265233306,9,3,3
2026-04-25,825051539,8,11,4
2026-04-25,265233306,9,5,3
2026-04-25,300206585,8,6,2
2026-04-25,265233306,9,7,2
2026-04-25,234173373,8,5,3
2026-04-25,265233306,9,7,2
2026-04-25,862212432,8,5,4
2026-04-23,265233306,9,6,3
2026-04-23,216192448,8,7,5
2026-04-23,265233306,9,2,1
2026-04-23,852200159,8,9,3
2026-04-23,265233306,9,8,5
2026-04-23,247191924,8,6,2
2026-04-23,265233306,9,6,4
2026-04-23,300073562,12,6,5
2026-04-23,265233306,9,9,3
2026-04-23,300262621,8,10,5
2026-04-23,265233306,9,3,1
2026-04-23,851204935,8,3,0
2026-04-23,265233306,9,4,3
2026-04-23,828212831,8,9,8
2026-04-23,265233306,9,5,2
2026-04-23,284001179,10,5,3
2026-04-23,265233306,9,4,1
2026-04-23,508215698,7,6,2
2026-04-20,265233306,9,3,1
2026-04-20,289192119,8,3,2
2026-04-20,265233306,9,3,2
2026-04-20,825051539,8,9,5
2026-04-20,265233306,9,5,2
2026-04-20,216167948,8,8,6
2026-04-20,265233306,9,4,1
2026-04-20,825210257,8,11,4
2026-04-20,265233306,9,8,5
2026-04-20,814186569,8,3,2
2026-04-20,265233306,9,3,0
2026-04-20,829051539,8,12,7
2026-04-20,265233306,9,1,0
2026-04-20,517189117,8,5,2
2026-04-20,265233306,9,5,2
2026-04-20,283170597,9,2,2
2026-04-20,265233306,9,4,1
2026-04-20,221192119,8,6,4
2026-04-19,265233306,9,4,3
2026-04-19,300186148,12,7,3
2026-04-19,265233306,9,6,2
2026-04-19,825051539,8,6,4
2026-04-19,265233306,9,5,0
2026-04-19,234192119,7,6,3
2026-04-19,289005479,9,4,1
2026-04-19,265233306,9,4,1
2026-04-19,845233267,8,6,3
2026-04-19,265233306,9,4,1
2026-04-19,253167495,8,10,6
2026-04-18,265233306,9,4,2
2026-04-18,280210257,8,4,1
2026-04-18,265233306,9,5,2
2026-04-18,840215316,8,3,1
2026-04-18,265233306,9,2,0
2026-04-18,206177683,13,13,9
2026-04-17,265233306,9,3,1
2026-04-17,231024630,8,5,4
2026-04-17,265233306,9,4,1
2026-04-17,517190941,8,8,4
2026-04-17,265233306,9,5,2
2026-04-17,265233306,8,4,1
2026-04-15,265233306,9,2,2
2026-04-15,300186153,6,4,1
2026-04-15,265233306,9,8,4
2026-04-15,826204935,8,6,3
2026-04-15,265233306,9,7,3
2026-04-15,265192119,8,6,3
2026-04-15,265233306,9,2,0
2026-04-15,265234102,8,4,1
2026-04-15,265233306,9,2,0
2026-04-15,270233934,8,4,3
2026-04-15,265233306,9,4,4
2026-04-15,300192119,8,8,1
2026-04-13,265233306,9,2,2
2026-04-13,300167495,8,11,3
2026-04-13,265233306,9,5,2
2026-04-13,825192448,8,8,7
2026-04-13,265233306,9,4,1
2026-04-13,846192119,8,5,3
2026-04-13,265233306,9,3,1
2026-04-13,300203841,8,5,2
2026-04-13,265233306,9,5,0
2026-04-13,300225149,12,7,4
2026-04-13,846193080,8,2,2
2026-04-13,265233306,9,1,0
2026-04-13,265233306,9,7,3
2026-04-13,846164835,9,4,2
2026-04-13,265233306,9,5,2
2026-04-13,300192119,8,7,4
2026-04-13,265233306,9,5,2
2026-04-13,274192119,8,7,3
2026-04-26,256210257,8,4,1
2026-04-26,234167948,8,4,2
2026-04-26,256210257,8,10,4
2026-04-26,848167948,8,4,1
2026-04-26,216167495,8,7,1
2026-04-26,256210257,8,8,4
2026-04-26,814048940,8,3,0
2026-04-26,852186153,8,8,6
2026-04-26,256210257,8,7,3
2026-04-26,825243952,8,3,0
2026-04-26,256210257,8,7,5
2026-04-26,256210257,8,8,7
2026-04-26,862212432,8,4,3
2026-04-26,283230621,8,6,3
2026-04-26,256210257,8,7,4
2026-04-26,256210257,8,2,0
2026-04-26,300192448,8,4,0
2026-04-26,256210257,8,6,3
2026-04-26,825210257,8,4,2
2026-04-26,253177683,8,6,2
2026-04-26,256210257,8,6,1
2026-04-26,256210257,8,8,5
2026-04-26,840048940,8,2,1
2026-04-26,256210257,8,5,4
2026-04-26,264210385,9,4,1
2026-04-26,828212831,7,7,4
2026-04-26,256210257,8,3,0
2026-04-26,270233934,8,3,2
2026-04-26,256210257,8,5,3
2026-04-26,300192119,8,6,0
2026-04-26,256210257,8,2,1
2026-04-23,206024630,13,3,0
2026-04-23,256210257,8,2,2
2026-04-23,206024630,8,7,2
2026-04-23,256210257,8,6,4
2026-04-23,256210257,8,8,6
2026-04-23,517192119,8,8,5
2026-04-23,256210257,8,9,6
2026-04-23,206177683,13,5,3
2026-04-23,256210257,8,10,3
2026-04-23,246199987,8,4,0
2026-04-23,256210257,8,2,0
2026-04-23,101051539,8,4,1
2026-04-23,834230621,8,5,2
2026-04-23,256210257,8,11,5
2026-04-22,256210257,8,9,5
2026-04-22,513230621,8,4,1
2026-04-22,829199987,8,5,2
2026-04-22,256210257,8,5,1
2026-04-22,845199005,8,5,1
2026-04-22,256210257,8,7,4
2026-04-22,256210257,8,4,2
2026-04-22,324024630,13,4,1
2026-04-21,829235073,8,5,2
2026-04-21,256210257,8,4,0
2026-04-21,265186153,8,6,1
2026-04-21,256210257,8,3,2
2026-04-21,217212831,8,2,0
2026-04-21,216230621,8,1,0
2026-04-21,256210257,8,8,4
2026-04-21,256210257,8,6,3
2026-04-21,252178005,8,2,1
2026-04-21,256210257,8,4,3
2026-04-21,517211738,8,2,1
2026-04-21,256210257,8,9,3
2026-04-21,828215698,8,4,1
2026-04-21,256210257,8,6,4
2026-04-21,246173373,8,6,3
2026-04-21,256210257,8,7,1
2026-04-21,206167948,13,4,2
2026-04-21,265192119,8,5,1
2026-04-21,256210257,8,4,2
2026-04-21,256210257,8,5,1
2026-04-21,251167948,8,7,3
2026-04-21,256210257,8,2,0
2026-04-21,231173426,6,8,5
2026-04-21,804243585,8,4,2
2026-04-21,256210257,8,10,5
2026-04-21,256210257,8,9,7
2026-04-21,829212831,8,3,1
2026-04-21,256210257,8,8,5
2026-04-21,256210257,8,6,1
2026-04-21,256210257,8,5,1
2026-04-21,804262621,9,7,1
2026-04-21,256210257,8,6,3
2026-04-21,289170084,8,8,5
2026-04-20,265233306,8,7,2
2026-04-20,256210257,8,6,3
2026-04-20,834230621,8,5,4
2026-04-20,256210257,8,8,3
2026-04-20,840242948,8,5,0
2026-04-20,256210257,8,3,3
2026-04-20,256210257,8,8,4
2026-04-20,252167495,9,4,3
2026-04-20,233192119,7,2,0
2026-04-20,256210257,8,9,4
2026-04-20,256210257,8,8,4
2026-04-20,283186569,8,6,3
2026-04-20,256210257,8,13,8
2026-04-20,300192119,9,4,3
2026-04-20,256210257,8,6,2
2026-04-20,201174543,13,1,1
2026-04-20,300278394,13,8,1
2026-04-20,256210257,8,9,4
2026-04-20,256210257,8,2,1
2026-04-20,280230621,8,4,2
2026-04-20,256210257,8,7,5
2026-04-20,265234102,8,8,4
2026-04-20,256210257,8,8,3
2026-04-20,206186153,8,3,1
2026-04-20,826202873,9,3,1
2026-04-20,256210257,8,5,1
2026-04-20,256210257,8,9,6
2026-04-20,251186153,10,5,1
2026-04-20,256210257,8,4,3
2026-04-20,834215698,8,7,0
2026-04-20,256210257,8,5,2
2026-04-20,270221087,8,6,2
2026-04-20,256210257,8,7,5
2026-04-20,826200389,10,5,3
2026-04-20,256210257,8,7,3
2026-04-20,289192119,8,6,0
2026-04-20,283211101,10,3,0
2026-04-20,256210257,8,7,3
2026-04-20,256210257,8,8,4
2026-04-20,821140233,9,5,1
2026-04-20,300206585,8,2,0
2026-04-20,256210257,8,7,1
2026-04-20,256210257,8,14,12
2026-04-20,284001179,8,4,0
2026-04-20,256210257,8,8,6
2026-04-20,214192448,8,4,1
2026-04-20,256210257,8,4,2
2026-04-20,829001179,8,5,2
2026-04-20,256210257,8,5,0
2026-04-20,825051539,8,5,1
2026-04-20,256210257,8,7,2
2026-04-20,237212831,8,2,0
2026-04-20,256210257,8,5,2
2026-04-20,300259532,12,4,0
2026-04-20,256210257,8,12,7
2026-04-20,265186153,9,5,2
2026-04-20,256210257,8,2,1
2026-04-20,101051539,8,4,1
2026-04-20,855192119,8,4,3
2026-04-20,256210257,8,6,2
2026-04-20,256210257,8,4,1
2026-04-20,825212831,8,4,2
2026-04-20,300167495,8,5,1
2026-04-20,256210257,8,1,0
2026-04-19,218200726,8,7,2
2026-04-19,256210257,8,9,5
2026-04-19,270233934,9,4,1
2026-04-19,256210257,8,6,4
2026-04-19,251167495,9,9,2
2026-04-19,256210257,8,8,2
2026-04-19,256210257,8,6,1
2026-04-19,234051539,8,5,1
2026-04-19,256210257,8,6,4
2026-04-19,834212831,8,4,2
2026-04-19,828167495,8,2,2
2026-04-19,256210257,8,6,3
2026-04-19,256210257,8,6,2
2026-04-19,828212831,8,5,2
2026-04-19,256210257,8,4,2
2026-04-19,206177683,13,5,2
2026-04-19,256210257,8,13,7
2026-04-19,501212831,8,1,1
2026-04-19,256210257,8,3,2
2026-04-19,206024630,11,4,1
2026-04-19,828192119,8,4,0
2026-04-19,256210257,8,4,2
2026-04-19,256210257,8,3,1
2026-04-19,828215698,9,5,1
2026-04-19,256210257,8,7,3
2026-04-19,214192119,12,5,3
2026-04-19,300212831,8,2,0
2026-04-19,256210257,8,12,8
2026-04-19,825234642,9,5,1
2026-04-19,256210257,8,6,1
2026-04-19,834215698,8,9,3
2026-04-19,256210257,8,7,3
2026-04-19,256210257,8,5,2
2026-04-19,237210257,8,7,2
2026-04-19,256210257,8,3,1
2026-04-19,848252154,9,2,1
2026-04-19,247191924,6,7,1
2026-04-19,256210257,8,6,5
2026-04-19,828230621,8,1,1
2026-04-19,256210257,8,8,3
2026-04-19,256210257,8,6,3
2026-04-19,300227186,13,6,2
2026-04-19,814186569,9,4,2
2026-04-19,256210257,8,9,6
2026-04-19,256210257,8,4,2
2026-04-19,234192119,7,2,1
2026-04-19,825200159,8,2,1
2026-04-19,256210257,8,5,3
2026-04-19,253177683,9,3,1
2026-04-19,256210257,8,5,1
2026-04-19,830212432,8,1,0
2026-04-19,256210257,8,12,8
2026-04-19,256210257,8,5,2
2026-04-19,853232065,8,2,0
2026-04-19,256210257,8,6,3
2026-04-19,829199987,8,6,2
2026-04-18,256210257,8,6,4
2026-04-18,806191655,9,6,1
2026-04-18,256210257,8,8,4
2026-04-18,270233934,8,2,0
2026-04-18,300172723,8,4,2
2026-04-18,256210257,8,5,3
2026-04-18,828192119,10,1,0
2026-04-18,256210257,8,7,5
2026-04-18,834192119,8,5,1
2026-04-18,256210257,8,6,3
2026-04-18,836167948,8,4,0
2026-04-18,256210257,8,4,0
2026-04-18,825210257,8,7,1
2026-04-18,256210257,8,6,2
2026-04-18,251167948,9,3,0
2026-04-18,291227127,8,3,2
2026-04-18,256210257,8,6,1
2026-04-18,256210257,8,8,2
2026-04-18,826204935,8,1,0
2026-04-18,256210257,8,5,1
2026-04-18,852200159,8,3,2
2026-04-18,825051539,8,3,1
2026-04-18,256210257,8,3,3
2026-04-18,256210257,8,4,2
2026-04-18,848167948,8,4,2
2026-04-18,256210257,8,5,3
2026-04-18,300262621,8,5,1
2026-04-18,280210257,8,3,1
2026-04-18,256210257,8,6,3
2026-04-18,256210257,8,4,1
2026-04-18,251051539,8,3,0
2026-04-18,101051539,8,7,3
2026-04-18,256210257,8,2,2
2026-04-18,265192119,8,3,0
2026-04-18,256210257,8,4,1
2026-04-18,828212831,8,9,3
2026-04-18,256210257,8,5,2
2026-04-18,256210257,8,4,0
2026-04-18,251178005,8,4,1
2026-04-18,324170597,13,5,2
2026-04-18,256210257,8,10,5
2026-04-18,256210257,8,5,1
2026-04-18,231173373,10,5,1
2026-04-18,829051539,9,2,0
2026-04-18,256210257,8,6,3
2026-04-18,256210257,8,6,3
2026-04-18,848167948,8,2,1
2026-04-18,256210257,8,8,2
2026-04-18,207051539,9,4,0
2026-04-18,256210257,8,5,2
2026-04-18,828192119,8,4,2
2026-04-18,256210257,8,5,2
2026-04-18,256210257,8,7,5
2026-04-18,231163155,11,3,0
2026-04-18,265234102,8,4,0
2026-04-18,256210257,8,14,7
2026-04-17,206212831,12,10,4
2026-04-17,256210257,8,3,2
2026-04-17,845242179,8,7,1
2026-04-17,256210257,8,8,5
2026-04-17,231024630,8,2,0
2026-04-17,256210257,8,2,1
2026-04-17,300254803,13,3,1
2026-04-17,256210257,8,6,3
2026-04-17,256210257,8,8,6
2026-04-17,517227127,8,3,0
2026-04-17,256210257,8,4,1
2026-04-17,517259532,8,4,0
2026-04-17,825192119,8,5,2
2026-04-17,256210257,8,7,4
2026-04-17,256210257,8,5,2
2026-04-17,300192448,8,6,2
2026-04-17,256210257,8,9,6
2026-04-17,300202811,5,3,2
2026-04-17,256210257,8,11,7
2026-04-17,845242179,8,5,0
2026-04-17,256210257,8,3,1
2026-04-17,828192119,8,7,1
2026-04-17,256210257,8,7,4
2026-04-17,804262621,8,5,3
2026-04-17,256210257,8,4,1
2026-04-17,216230621,8,3,1
2026-04-17,256210257,8,7,4
2026-04-17,201051539,8,8,1
2026-04-17,256192448,9,4,2
2026-04-17,256210257,8,9,4
2026-04-17,848167948,8,10,4
2026-04-17,256210257,8,10,5
2026-04-17,256210257,8,2,2
2026-04-17,265234102,8,7,3
2026-04-27,300255303,12,4,2
2026-04-27,100005479,5,5,1
2026-04-27,100005479,5,2,0
2026-04-27,280215698,8,1,1
2026-04-27,300210257,6,1,0
2026-04-27,852223885,8,3,2
2026-04-27,100005479,5,3,1
2026-04-25,324024630,13,6,3
2026-04-25,100005479,5,4,2
2026-04-25,256193105,8,7,4
2026-04-25,100005479,5,2,1
2026-04-25,289192119,8,5,4
2026-04-25,100005479,5,3,1
2026-04-25,100005479,5,4,1
2026-04-25,206193080,8,2,0
2026-04-25,216192448,8,1,0
2026-04-25,100005479,5,3,1
2026-04-25,234190941,11,3,2
2026-04-25,100005479,5,3,2
2026-04-25,206024630,11,2,1
2026-04-25,100005479,5,4,1
2026-04-25,100005479,5,4,3
2026-04-25,206167948,13,2,1
2026-04-25,100005479,5,5,2
2026-04-25,283230869,10,7,2
2026-04-25,828212831,8,5,3
2026-04-25,100005479,5,2,1
2026-04-25,216167948,8,4,1
2026-04-25,834230621,8,3,3
2026-04-25,100005479,5,2,1
2026-04-25,264190941,9,6,3
2026-04-25,100005479,5,6,4
2026-04-25,862212432,8,2,0
2026-04-25,100005479,5,1,1
2026-04-24,217203042,13,1,0
2026-04-24,100005479,5,3,0
2026-04-24,300193105,8,7,3
2026-04-24,100005479,5,1,0
2026-04-24,828230621,8,3,1
2026-04-24,100005479,5,4,3
2026-04-24,300192119,6,2,1
2026-04-24,100005479,5,3,0
2026-04-24,207190053,13,3,1
2026-04-24,100005479,5,1,0
2026-04-24,283211101,10,5,2
2026-04-24,100005479,5,5,3
2026-04-24,100005479,5,2,0
2026-04-24,300228789,13,1,1
2026-04-24,100005479,5,2,0
2026-04-24,291262621,8,2,0
2026-04-24,100005479,5,7,3
2026-04-24,100005479,5,4,1
2026-04-24,324024630,13,2,1
2026-04-24,253167495,5,3,1
2026-04-24,100005479,5,8,7
2026-04-24,252167948,9,6,2
2026-04-24,100005479,5,3,2
2026-04-24,270233934,8,6,1
2026-04-24,100005479,5,8,4
2026-04-24,828212831,8,4,1
2026-04-24,100005479,5,3,3
2026-04-20,100005479,5,2,0
2026-04-20,256193105,8,1,1
2026-04-20,100005479,5,10,2
2026-04-20,101238380,8,1,1
2026-04-20,100005479,5,10,4
2026-04-20,265186153,8,5,2
2026-04-20,100005479,5,7,3
2026-04-20,834215698,9,1,1
2026-04-20,101005479,8,2,0
2026-04-20,300215316,13,6,5
2026-04-20,101005479,8,4,1
2026-04-20,283192448,8,5,0
2026-04-20,101005479,8,7,4
2026-04-18,853232065,8,4,1
2026-04-18,101005479,8,2,0
2026-04-18,101005479,8,8,4
2026-04-18,300167495,8,9,3
2026-04-18,300230621,8,1,1
2026-04-18,101005479,8,3,2
2026-04-18,289051539,8,4,1
2026-04-18,101005479,8,6,0
2026-04-18,300193336,13,5,1
2026-04-18,101005479,8,6,3
2026-04-18,214001179,8,3,0
2026-04-18,101005479,8,3,0
2026-04-18,825192119,8,2,0
2026-04-18,101005479,8,3,2
2026-04-18,251186153,10,3,0
2026-04-18,101005479,8,6,1
2026-04-18,231176550,9,3,1
2026-04-18,101005479,8,8,3
2026-04-18,101005479,8,3,1
2026-04-18,324024630,12,7,2
2026-04-18,101005479,8,2,1
2026-04-18,829005479,8,3,0
2026-04-18,834220901,8,9,3
2026-04-18,101005479,8,3,3
2026-04-18,834230621,8,2,1
2026-04-18,101005479,8,5,3
2026-04-18,101005479,8,1,0
2026-04-18,829192119,9,5,3
2026-04-18,101005479,8,3,3
2026-04-18,260215316,13,5,2
2026-04-18,101005479,8,5,5
2026-04-18,206212831,11,2,0
2026-04-18,101005479,8,5,3
2026-04-18,206188943,13,4,0
2026-04-18,101005479,8,7,3
2026-04-18,101005479,8,4,2
2026-04-18,829220901,8,5,2
2026-04-18,101005479,8,2,0
2026-04-18,851204935,8,7,3
2026-04-18,101005479,8,4,1
2026-04-18,101005479,8,2,0
2026-04-14,270233934,8,2,0
2026-04-14,101005479,8,6,2
2026-04-27,289005479,9,4,3
2026-04-27,300219836,11,2,0
2026-04-24,289005479,9,4,2
2026-04-24,256051539,9,8,1
2026-04-24,862212432,8,5,4
2026-04-24,289005479,9,3,3
2026-04-23,289005479,9,4,1
2026-04-23,828202811,8,2,1
2026-04-23,237210257,8,8,3
2026-04-23,289005479,9,1,1
2026-04-22,289005479,9,6,4
2026-04-22,206210257,8,5,3
2026-04-22,289005479,9,5,0
2026-04-22,206177683,13,3,1
2026-04-21,289005479,9,3,0
2026-04-21,291262621,8,11,2
2026-04-21,214192119,13,6,1
2026-04-21,264190941,8,5,2
2026-04-21,289005479,9,1,0
2026-04-21,802051539,8,4,0
2026-04-21,289005479,9,7,3
2026-04-21,289005479,9,3,1
2026-04-21,233192119,6,3,1
2026-04-21,289005479,9,1,1
2026-04-21,256186153,8,5,3
2026-04-21,234192119,8,6,3
2026-04-21,289005479,9,9,4
2026-04-21,289005479,9,5,2
2026-04-21,234190941,8,5,4
2026-04-21,289005479,9,4,2
2026-04-21,237212831,8,6,2
2026-04-21,283167495,8,4,1
2026-04-21,289005479,9,2,0
2026-04-21,289005479,9,6,2
2026-04-21,260186569,8,3,0
2026-04-21,256193105,8,4,1
2026-04-21,289005479,9,6,4
2026-04-21,289005479,9,7,4
2026-04-21,853212432,8,3,0
2026-04-20,289005479,9,4,2
2026-04-20,806212432,9,1,0
2026-04-20,324024630,13,3,1
2026-04-20,289005479,9,5,1
2026-04-20,289005479,9,2,2
2026-04-20,825212831,8,6,1
2026-04-20,289005479,9,5,2
2026-04-20,256199987,8,6,3
2026-04-20,289005479,9,6,3
2026-04-20,256186153,9,4,2
2026-04-20,289005479,9,2,0
2026-04-20,214051539,9,4,1
2026-04-20,289005479,9,5,3
2026-04-20,256168435,9,4,1
2026-04-20,300225116,13,5,1
2026-04-20,289005479,9,5,3
2026-04-20,289005479,9,2,0
2026-04-20,834250753,8,5,1
2026-04-19,825212831,8,6,4
2026-04-19,289005479,9,5,3
2026-04-19,289005479,9,6,3
2026-04-19,206167495,8,2,1
2026-04-19,289005479,9,4,1
2026-04-19,289005479,9,4,1
2026-04-19,251051539,8,4,1
2026-04-19,828212831,9,2,1
2026-04-19,289005479,9,9,5
2026-04-19,289005479,9,7,3
2026-04-19,300243952,8,3,0
2026-04-19,289005479,9,4,1
2026-04-19,300192119,8,1,0
2026-04-19,265225116,8,4,1
2026-04-19,289005479,9,4,2
2026-04-19,289005479,9,6,2
2026-04-19,256210257,8,7,4
2026-04-19,206206585,13,4,1
2026-04-19,289005479,9,3,1
2026-04-19,829051539,8,3,1
2026-04-19,289005479,9,3,2
2026-04-19,289005479,9,6,3
2026-04-19,829051539,8,3,2
2026-04-19,289005479,9,9,5
2026-04-19,834212831,8,6,1
2026-04-19,206212831,11,3,1
2026-04-19,289005479,9,6,3
2026-04-19,289005479,9,7,3
2026-04-19,291262621,8,5,0
2026-04-21,834212831,8,4,2
2026-04-21,251178005,8,6,1
2026-04-21,264190941,8,6,1
2026-04-21,291262621,9,3,3
2026-04-21,264190941,8,8,6
2026-04-19,832230869,8,8,4
2026-04-19,270193105,8,5,1
2026-04-19,264190941,8,2,0
2026-04-19,237212831,8,2,2
2026-04-19,264190941,8,8,7
2026-04-16,264190941,8,9,6
2026-04-16,231173426,9,3,1
2026-04-16,300226753,8,5,1
2026-04-16,264190941,8,4,2
2026-04-16,217212831,8,2,1
2026-04-16,264190941,8,4,1
2026-04-16,264190941,8,6,4
2026-04-16,214001179,8,6,4
2026-04-15,802048940,8,6,2
2026-04-15,264190941,8,7,3
2026-04-14,201001179,9,3,0
2026-04-14,264190941,8,4,2
2026-04-14,247191924,9,3,1
2026-04-14,264190941,8,7,5
2026-04-14,270193105,9,3,0
2026-04-14,826193698,8,3,2
2026-04-14,264190941,8,2,2
2026-04-14,206188943,13,3,2
2026-04-14,264190941,8,2,0
2026-04-26,277203004,8,4,0
2026-04-26,300238186,13,5,1
2026-04-26,207051539,9,2,0
2026-04-26,277203004,8,4,1
2026-04-25,318172723,6,9,4
2026-04-25,277203004,8,6,3
2026-04-25,256005479,8,3,1
2026-04-25,277203004,8,9,6
2026-04-25,834230621,8,6,2
2026-04-25,277203004,8,6,3
2026-04-25,206177683,13,2,0
2026-04-24,277203004,8,3,1
2026-04-24,253002147,5,6,3
2026-04-24,277203004,8,8,1
2026-04-24,517230872,6,3,2
2026-04-24,277203004,8,6,3
2026-04-24,848225116,8,5,3
2026-04-24,277203004,8,2,1
2026-04-23,277203004,8,6,0
2026-04-23,852223885,9,3,1
2026-04-23,277203004,8,5,3
2026-04-23,845233267,8,3,2
2026-04-23,206177683,13,8,5
2026-04-23,277203004,8,5,1
2026-04-23,277203004,8,4,0
2026-04-23,206024630,12,2,1
2026-04-23,277203004,8,4,4
2026-04-23,300204935,8,6,1
2026-04-23,217212831,8,5,3
2026-04-23,277203004,8,4,2
2026-04-23,264230621,8,6,1
2026-04-23,277203004,8,7,4
2026-04-23,277203004,8,4,2
2026-04-23,814234642,8,5,2
2026-04-23,829226753,10,7,2
2026-04-23,277203004,8,2,1
2026-04-23,225136594,8,3,2
2026-04-23,251186153,8,3,0
2026-04-23,225136594,8,3,1
2026-04-23,280240913,12,5,1
2026-04-23,225136594,8,5,2
2026-04-23,265234102,8,8,5
2026-04-22,291220901,8,5,4
2026-04-22,225136594,8,2,0
2026-04-22,214005479,8,4,2
2026-04-22,225136594,8,2,1
2026-04-22,225136594,8,6,3
2026-04-22,829235073,8,3,3
2026-04-22,291192984,8,5,2
2026-04-22,225136594,8,4,1
2026-04-22,225136594,8,4,1
2026-04-22,300258534,10,6,4
2026-04-22,225136594,8,2,1
2026-04-22,251167495,9,9,4
2026-04-22,515167495,8,9,0
2026-04-22,225136594,8,3,2
2026-04-22,834192119,8,4,0
2026-04-22,225136594,8,8,2
2026-04-22,216209960,11,4,2
2026-04-22,225136594,8,5,3
2026-04-22,851220901,8,10,4
2026-04-22,265192119,8,3,1
2026-04-22,225136594,8,4,1
2026-04-22,225136594,8,1,1
2026-04-22,300206585,8,4,0
2026-04-22,251051539,11,2,0
2026-04-22,225136594,8,5,2
2026-04-22,265186153,8,1,1
2026-04-22,225136594,8,4,2
2026-04-22,300167495,8,4,3
2026-04-22,225136594,8,2,1
2026-04-22,225136594,8,3,2
2026-04-22,265225116,8,3,1
2026-04-20,256167495,9,5,2
2026-04-20,225136594,8,6,2
2026-04-20,225136594,8,2,1
2026-04-20,206024630,8,4,2
2026-04-19,828202811,8,3,2
2026-04-19,225136594,8,6,2
2026-04-19,265225116,8,5,2
2026-04-19,225136594,8,2,0
2026-04-19,225136594,8,4,1
2026-04-19,291220901,8,7,1
2026-04-19,237192119,8,5,3
2026-04-19,225136594,8,4,1
2026-04-19,828167495,8,5,1
2026-04-19,225136594,8,2,2
2026-04-19,225136594,8,3,2
2026-04-19,517215316,8,8,4
2026-04-19,828192448,8,8,4
2026-04-19,225136594,8,1,1
2026-04-19,225136594,8,3,0
2026-04-19,256051539,8,5,1
2026-04-19,300203841,8,3,0
2026-04-19,225136594,8,7,5
2026-04-19,251150724,8,7,4
2026-04-19,225136594,8,5,2
2026-04-19,206192448,12,2,0
2026-04-19,256167495,8,7,3
2026-04-19,225136594,8,4,3
2026-04-19,225136594,8,6,1
2026-04-19,234167948,8,1,1
2026-04-19,225136594,8,5,2
2026-04-19,300192119,8,5,2
2026-04-19,225136594,8,3,2
2026-04-19,851204935,8,5,0
2026-04-19,225136594,8,9,2
2026-04-19,818167495,8,8,4
2026-04-19,818167495,8,5,3
2026-04-19,225136594,8,3,2
2026-04-19,225136594,8,3,0
2026-04-19,206188943,13,3,1
2026-04-19,828230621,8,4,2
2026-04-19,225136594,8,4,1
2026-04-19,804262621,8,5,1
2026-04-19,225136594,8,4,2
2026-04-26,834192119,8,2,0
2026-04-26,206005479,13,6,4
2026-04-26,828167495,8,7,3
2026-04-26,206005479,13,5,3
2026-04-26,206005479,13,5,2
2026-04-26,828226753,8,6,2
2026-04-26,834230621,8,6,3
2026-04-26,856228789,5,5,2
2026-04-26,206005479,13,8,4
2026-04-26,862212432,8,3,2
2026-04-26,206005479,13,5,1
2026-04-26,206005479,13,6,4
2026-04-26,862212432,8,5,2
2026-04-26,206024630,5,2,0
2026-04-26,206005479,13,9,5
2026-04-26,300263063,13,4,3
2026-04-26,206005479,13,5,3
2026-04-26,828200389,8,5,2
2026-04-26,206005479,13,3,1
2026-04-26,206005479,13,5,0
2026-04-26,284001179,8,5,0
2026-04-26,834190941,8,7,3
2026-04-26,206005479,13,3,1
2026-04-26,846193080,8,5,4
2026-04-26,217203042,10,4,0
2026-04-26,206005479,13,6,1
2026-04-26,206005479,13,10,4
2026-04-26,289051539,8,7,0
2026-04-26,206005479,13,10,6
2026-04-26,834212831,8,5,3
2026-04-26,206005479,13,2,0
2026-04-26,216192448,8,9,4
2026-04-26,852186153,8,3,1
2026-04-26,206005479,13,4,1
2026-04-26,517205186,8,9,4
2026-04-26,206005479,13,6,3
2026-04-26,206199482,13,4,0
2026-04-26,206005479,13,4,2
2026-04-26,300167495,5,3,0
2026-04-26,206177683,13,3,1
2026-04-26,206005479,13,7,4
2026-04-26,206005479,13,9,4
2026-04-26,264230621,8,4,2
2026-04-26,300225395,13,5,1
2026-04-26,206005479,13,5,2
2026-04-26,206005479,13,9,3
2026-04-26,851230872,8,4,0
2026-04-26,206005479,13,6,1
2026-04-26,810243952,8,10,6
2026-04-26,804262621,5,8,5
2026-04-26,206005479,13,3,0
2026-04-26,206024630,8,7,2
2026-04-26,206005479,13,5,2
2026-04-26,237192119,8,6,2
2026-04-26,206005479,13,3,2
2026-04-26,852001179,5,6,2
2026-04-26,206005479,13,7,3
2026-04-26,206005479,13,7,3
2026-04-26,237212831,8,2,1
2026-04-26,206005479,13,5,2
2026-04-26,206005479,13,6,2
2026-04-26,252162835,8,4,1
2026-04-26,834220901,8,9,5
2026-04-26,206005479,13,10,5
2026-04-26,840242948,8,6,0
2026-04-26,206005479,13,14,7
2026-04-26,300238186,13,2,1
2026-04-26,206005479,13,6,2
2026-04-26,206005479,13,2,1
2026-04-26,252162835,8,6,1
2026-04-26,318172723,8,5,2
2026-04-26,206005479,13,5,1
2026-04-25,852048940,8,7,1
2026-04-25,206005479,13,5,2
2026-04-25,825212831,8,3,1
2026-04-25,206005479,13,4,3
2026-04-25,848167948,9,4,0
2026-04-25,206005479,13,6,2
2026-04-25,206005479,13,8,5
2026-04-25,834251752,8,2,2
2026-04-25,206189117,13,4,2
2026-04-25,206005479,13,6,2
2026-04-25,206005479,13,1,0
2026-04-25,834212831,8,12,7
2026-04-25,206005479,13,1,1
2026-04-25,251167495,8,5,2
2026-04-25,300167948,13,7,2
2026-04-25,206005479,13,5,3
2026-04-25,256210257,9,5,3
2026-04-25,206005479,13,8,2
2026-04-25,206005479,13,7,6
2026-04-25,251051539,9,5,4
2026-04-25,265225116,8,4,1
2026-04-25,206005479,13,3,1
2026-04-25,206005479,13,6,3
2026-04-25,300202811,8,8,4
2026-04-24,206005479,13,5,3
2026-04-24,246173373,9,4,1
2026-04-24,206203841,11,1,1
2026-04-24,206005479,13,4,1
2026-04-24,206005479,13,3,1
2026-04-24,231193041,9,7,3
2026-04-24,829235073,8,4,0
2026-04-24,206005479,13,5,2
2026-04-24,206005479,13,5,5
2026-04-24,828192448,8,6,4
2026-04-24,206005479,13,3,2
2026-04-24,265192119,8,8,1
2026-04-24,218200726,9,8,3
2026-04-24,206005479,13,6,5
2026-04-24,845016254,9,10,3
2026-04-24,206005479,13,1,0
2026-04-24,265234102,8,4,2
2026-04-24,206005479,13,4,1
2026-04-24,201051539,8,3,1
2026-04-24,206005479,13,4,1
2026-04-24,830212432,8,4,0
2026-04-24,300194404,8,2,1
2026-04-24,206005479,13,3,0
2026-04-23,206005479,13,3,2
2026-04-23,862212432,8,5,1
2026-04-23,265225116,8,3,2
2026-04-23,206005479,13,6,6
2026-04-23,283005479,8,8,6
2026-04-23,206005479,13,4,1
2026-04-23,206005479,13,5,2
2026-04-23,862212432,8,6,2
2026-04-23,206005479,13,5,1
2026-04-23,829220901,8,6,0
2026-04-23,300192563,12,4,2
2026-04-23,206005479,13,7,2
2026-04-23,300254803,13,9,3
2026-04-23,206005479,13,4,2
2026-04-23,834220901,8,5,4
2026-04-23,206005479,13,6,3
2026-04-23,206005479,13,4,3
2026-04-23,251164835,10,5,4
2026-04-23,206005479,13,1,0
2026-04-23,214048940,8,7,3
2026-04-23,206005479,13,4,3
2026-04-23,237192119,8,4,1
2026-04-23,206005479,13,2,1
2026-04-23,517220901,8,4,1
2026-04-23,323186153,8,4,2
2026-04-23,206005479,13,5,3
2026-04-23,206005479,13,5,1
2026-04-23,300167948,13,7,1
2026-04-23,206005479,13,7,1
2026-04-23,206177683,12,6,3
2026-04-23,206005479,13,6,2
2026-04-23,300192119,8,5,2
2026-04-23,265233306,9,5,2
2026-04-23,206005479,13,8,4
2026-04-23,828212831,8,2,0
2026-04-23,206005479,13,1,1
2026-04-23,283192448,8,6,3
2026-04-23,206005479,13,7,3
2026-04-23,206005479,13,6,2
2026-04-23,517225116,8,3,2
2026-04-23,265192119,8,6,3
2026-04-23,206005479,13,3,3
2026-04-22,834230621,11,4,0
2026-04-22,206005479,13,6,4
2026-04-22,206005479,13,3,1
2026-04-22,322162835,5,3,1
2026-04-21,300239816,13,8,3
2026-04-21,206005479,13,6,3
2026-04-21,517167495,8,4,1
2026-04-21,206005479,13,5,1
2026-04-21,206005479,13,6,4
2026-04-21,825200159,8,5,2
2026-04-21,231024630,8,5,2
2026-04-21,206005479,13,7,1
2026-04-21,206005479,13,5,3
2026-04-21,506230621,8,3,2
2026-04-21,234192119,8,6,4
2026-04-21,206005479,13,5,1
2026-04-21,206005479,13,6,2
2026-04-21,300224987,13,3,1
2026-04-21,206005479,13,3,0
2026-04-21,300224987,13,6,4
2026-04-21,206005479,13,4,2
2026-04-21,825210257,8,5,2
2026-04-21,206005479,13,4,3
2026-04-21,251167495,8,3,1
2026-04-21,246199987,8,6,2
2026-04-21,206005479,13,7,2
2026-04-21,206005479,13,5,2
2026-04-21,300192119,5,4,0
2026-04-21,289051539,8,5,3
2026-04-21,206005479,13,4,1
2026-04-20,300234577,11,6,2
2026-04-20,206005479,13,4,3
2026-04-20,206005479,13,5,3
2026-04-20,513186153,8,3,0
2026-04-20,206005479,13,7,2
2026-04-20,206203775,12,4,2
2026-04-20,802167948,9,5,2
2026-04-20,206005479,13,4,1
2026-04-20,265233306,8,4,4
2026-04-20,206005479,13,11,9
2026-04-20,828230621,8,3,2
2026-04-20,206005479,13,6,1
2026-04-20,206005479,13,6,4
2026-04-20,270233934,9,2,0
2026-04-20,206005479,13,1,0
2026-04-20,834215698,8,4,1
2026-04-20,206005479,13,6,2
2026-04-20,256210257,8,6,1
2026-04-20,206005479,13,4,2
2026-04-20,300210257,8,4,3
2026-04-20,206005479,13,8,5
2026-04-20,214005479,8,5,2
2026-04-20,283186153,9,4,2
2026-04-20,206005479,13,6,4
2026-04-20,206005479,13,3,1
2026-04-20,253192119,8,2,1
2026-04-20,206005479,13,3,2
2026-04-20,513203841,8,5,3
2026-04-20,206005479,13,3,2
2026-04-20,856252154,8,3,2
2026-04-20,251051539,8,3,1
2026-04-20,246199987,8,3,2
2026-04-20,206005479,13,3,0
2026-04-20,206212831,11,10,2
2026-04-20,206005479,13,2,1
2026-04-20,517202811,8,5,1
2026-04-20,256051539,8,8,4
2026-04-20,206005479,13,1,0
2026-04-20,206005479,13,5,3
2026-04-20,216234642,10,6,3
2026-04-20,214005479,9,7,3
2026-04-20,206005479,13,4,0
2026-04-20,283211101,9,2,1
2026-04-20,206005479,13,4,2
2026-04-20,206005479,13,2,1
2026-04-20,265192119,8,4,2
2026-04-20,206005479,13,5,2
2026-04-20,804262621,9,8,6
2026-04-20,206005479,13,3,1
2026-04-20,231001179,10,5,4
2026-04-20,300192119,8,1,0
2026-04-20,206005479,13,5,2
2026-04-20,206005479,13,2,1
2026-04-20,265233306,8,7,4
2026-04-20,206005479,13,1,0
2026-04-20,253192119,9,3,0
2026-04-20,206005479,13,6,2
2026-04-20,217212831,8,3,2
2026-04-20,206005479,13,5,2
2026-04-20,828215698,8,5,3
2026-04-20,206005479,13,8,3
2026-04-20,300238186,10,4,1
2026-04-19,206005479,13,1,0
2026-04-19,256199987,8,6,2
2026-04-19,206005479,13,4,2
2026-04-19,834246139,8,7,3
2026-04-19,265225116,8,4,2
2026-04-19,206005479,13,3,0
2026-04-19,840173373,8,3,1
2026-04-19,206005479,13,6,3
2026-04-19,206005479,13,1,0
2026-04-19,818167495,8,2,1
2026-04-19,201192119,12,6,4
2026-04-19,206005479,13,5,0
2026-04-19,502192119,8,3,0
2026-04-19,206005479,13,2,0
2026-04-19,265186153,8,4,1
2026-04-19,206005479,13,7,1
2026-04-19,206005479,13,7,1
2026-04-19,828202811,8,1,1
2026-04-19,818167495,8,2,0
2026-04-19,206005479,13,10,6
2026-04-19,851220901,8,4,1
2026-04-19,206005479,13,4,2
2026-04-19,217177683,13,4,1
2026-04-19,206005479,13,4,2
2026-04-19,216167495,8,5,1
2026-04-19,206005479,13,5,0
2026-04-19,856203841,8,2,1
2026-04-19,206005479,13,5,3
2026-04-19,852189117,8,1,1
2026-04-19,206005479,13,4,2
2026-04-19,206005479,13,4,1
2026-04-19,237165735,8,2,1
2026-04-19,848167948,8,8,5
2026-04-19,206005479,13,5,4
2026-04-19,206005479,13,9,5
2026-04-19,206167495,10,6,2
2026-04-19,856259532,6,13,8
2026-04-19,206005479,13,5,1
2026-04-19,324208104,11,4,0
2026-04-19,206005479,13,3,2
2026-04-19,206005479,13,10,4
2026-04-19,256193105,8,3,0
2026-04-19,251051539,8,2,0
2026-04-19,206005479,13,6,1
2026-04-19,206005479,13,6,5
2026-04-19,283186153,8,2,1
2026-04-19,834192119,8,6,1
2026-04-19,206005479,13,6,2
2026-04-19,256051539,8,4,1
2026-04-19,206005479,13,3,1
2026-04-19,834192119,8,6,2
2026-04-19,206005479,13,9,4
2026-04-19,214005479,8,2,2
2026-04-19,206005479,13,5,3
2026-04-19,247191924,8,2,1
2026-04-19,206005479,13,2,1
2026-04-19,283170597,8,6,2
2026-04-19,216167495,8,10,7
2026-04-19,265192119,8,4,2
2026-04-19,206005479,13,4,3
2026-04-19,206005479,13,6,2
2026-04-19,270193105,8,4,3
2026-04-19,300212831,8,5,1
2026-04-19,206005479,13,2,1
2026-04-19,206005479,13,4,2
2026-04-19,265186153,10,1,0
2026-04-19,828202811,8,6,2
2026-04-19,206005479,13,3,1
2026-04-19,300190941,8,1,0
2026-04-19,206005479,13,5,3
2026-04-19,206005479,13,5,0
2026-04-19,251051539,8,3,1
2026-04-19,270233934,10,4,0
2026-04-19,206005479,13,5,0
2026-04-19,845234642,8,4,1
2026-04-19,206005479,13,2,0
2026-04-19,206005479,13,4,2
2026-04-19,256051539,8,6,1
2026-04-19,206005479,13,2,1
2026-04-19,826193698,8,4,2
2026-04-19,829235073,8,11,4
2026-04-19,206005479,13,4,1
2026-04-19,300192119,8,6,3
2026-04-19,206005479,13,6,0
2026-04-19,206005479,13,6,2
2026-04-19,256210257,8,3,0
2026-04-19,206005479,13,4,2
2026-04-19,260206585,8,3,1
2026-04-19,206005479,13,4,1
2026-04-19,848167948,8,7,3
2026-04-19,234167495,9,5,2
2026-04-19,206005479,13,8,5
2026-04-19,206005479,13,7,3
2026-04-19,265225116,8,7,3
2026-04-19,206005479,13,4,0
2026-04-19,210193080,8,5,3
2026-04-19,206005479,13,4,0
2026-04-19,206024630,11,3,2
2026-04-19,206005479,13,5,3
2026-04-19,234173373,8,1,0
2026-04-19,206005479,13,4,1
2026-04-19,251186153,10,4,2
2026-04-19,207204935,13,4,0
2026-04-19,206005479,13,5,2
2026-04-19,300192119,7,3,0
2026-04-19,242186153,8,3,2
2026-04-19,206005479,13,2,0
2026-04-19,206005479,13,2,1
2026-04-19,828212831,8,5,1
2026-04-19,206005479,13,6,2
2026-04-19,517227290,6,3,2
2026-04-19,300243675,13,3,3
2026-04-19,206005479,13,6,1
2026-04-18,206005479,13,4,2
2026-04-18,828215698,8,7,4
2026-04-18,206005479,13,3,2
2026-04-18,848225116,9,6,4
2026-04-17,206005479,13,3,0
2026-04-17,829001179,9,5,1
2026-04-17,237192119,8,5,0
2026-04-17,206005479,13,7,5
2026-04-17,265233306,8,7,4
2026-04-17,206005479,13,4,0
2026-04-17,206005479,13,9,3
2026-04-17,834215698,8,5,3
2026-04-17,206005479,13,6,2
2026-04-17,852048940,8,4,2
2026-04-17,810233934,8,4,1
2026-04-17,206005479,13,1,0
2026-04-17,264190941,9,8,6
2026-04-17,206005479,13,3,2
2026-04-17,206005479,13,3,0
2026-04-17,300212831,6,4,2
2026-04-17,206005479,13,2,0
2026-04-17,221189342,5,1,1
2026-04-17,206005479,13,5,2
2026-04-17,280212831,8,6,3
2026-04-17,206005479,13,3,2
2026-04-17,828215698,8,3,0
2026-04-16,829199987,8,6,1
2026-04-16,206005479,13,8,6
2026-04-16,216200389,8,4,2
2026-04-16,206005479,13,6,4
2026-04-16,804250753,10,4,1
2026-04-16,206005479,13,3,0
2026-04-16,834190941,8,6,3
2026-04-16,206005479,13,5,3
2026-04-16,206005479,13,5,2
2026-04-16,256210257,8,8,2
2026-04-16,206005479,13,6,3
2026-04-16,218215316,8,4,3
2026-04-16,828212831,8,5,0
2026-04-16,206005479,13,9,3
2026-04-16,265186153,8,9,2
2026-04-16,206005479,13,3,2
2026-04-16,206005479,13,9,2
2026-04-16,252178005,8,2,1
2026-04-16,206005479,13,2,2
2026-04-16,834246139,8,7,2
2026-04-16,206005479,13,9,6
2026-04-16,237212831,8,7,2
2026-04-16,206005479,13,5,2
2026-04-16,300186153,8,4,1
2026-04-16,206005479,13,5,2
2026-04-16,251051539,8,4,2
2026-04-16,206005479,13,4,2
2026-04-16,201167948,13,4,2
2026-04-16,506001179,12,3,2
2026-04-16,206005479,13,6,0
2026-04-15,206005479,12,6,3
2026-04-15,300234642,9,6,2
2026-04-15,206005479,12,4,2
2026-04-15,825212831,8,3,0
2026-04-15,206005479,12,2,0
2026-04-15,828209981,9,4,0
2026-04-15,206005479,12,5,2
2026-04-15,217163264,13,4,1
2026-04-15,300204883,13,5,2
2026-04-15,206005479,12,5,1
2026-04-15,280235073,10,3,1
2026-04-15,206005479,12,9,4
2026-04-15,206005479,12,4,0
2026-04-15,300167495,8,4,0
2026-04-15,206005479,12,5,2
2026-04-15,251150724,8,5,1
2026-04-15,214146748,9,7,3
2026-04-15,206005479,12,3,0
2026-04-15,206005479,12,7,4
2026-04-15,834210257,8,6,5
2026-04-15,851210676,8,6,2
2026-04-15,206005479,12,6,1
2026-04-15,206005479,12,2,1
2026-04-15,300167495,8,6,2
2026-04-15,517211738,8,3,2
2026-04-15,206005479,12,4,2
2026-04-15,810220901,8,4,2
2026-04-15,206005479,12,4,1
2026-04-15,291262621,8,3,2
2026-04-15,206005479,12,9,6
2026-04-15,206005479,12,7,3
2026-04-15,206024630,11,5,0
2026-04-15,804262621,8,4,3
2026-04-15,206005479,12,5,2
2026-04-15,206005479,12,6,0
2026-04-15,216192448,8,9,4
2026-04-15,289192119,8,4,3
2026-04-15,206005479,12,5,2
2026-04-15,827051539,8,4,2
2026-04-15,206005479,12,7,4
2026-04-15,834230621,8,4,3
2026-04-15,206005479,12,4,2
2026-04-15,234162835,8,5,1
2026-04-15,206005479,12,1,1
2026-04-15,206005479,12,7,2
2026-04-15,206177683,13,4,2
2026-04-15,206177683,13,1,1
2026-04-15,206005479,12,7,5
2026-04-15,206005479,12,4,1
2026-04-15,280215698,8,5,3
2026-04-15,265234102,8,4,2
2026-04-15,206005479,12,8,6
2026-04-15,206005479,12,6,2
2026-04-15,300192119,8,4,1
2026-04-14,834212831,8,6,1
2026-04-14,206005479,12,1,0
2026-04-14,206005479,12,2,1
2026-04-14,503162835,13,3,1
2026-04-14,242186153,8,5,3
2026-04-14,206005479,12,3,1
2026-04-14,845233267,8,7,3
2026-04-14,206005479,12,4,2
2026-04-14,206005479,12,4,2
2026-04-14,280206585,8,4,1
2026-04-13,216167948,8,7,3
2026-04-13,101005479,8,3,0
2026-04-13,216192448,8,4,1
2026-04-13,852204092,8,4,2
2026-04-13,101005479,8,6,5
2026-04-13,251192119,9,5,1
2026-04-13,101005479,8,7,3
2026-04-13,101005479,8,6,2
2026-04-13,253167495,8,3,2
2026-04-13,101005479,8,5,2
2026-04-13,253192119,8,5,1
2026-04-13,217210257,12,2,1
2026-04-13,101005479,8,6,5
2026-04-13,101005479,8,3,2
2026-04-13,206203042,10,3,0
2026-04-13,101005479,8,8,7
2026-04-13,201167495,13,3,2
2026-04-13,101005479,8,6,6
2026-04-13,246186569,8,7,3
2026-04-13,834220901,8,2,1
2026-04-13,101005479,8,3,3
2026-04-13,815241671,8,4,3
2026-04-13,101005479,8,8,3
2026-04-13,291262621,8,5,3
2026-04-13,101005479,8,10,6
2026-04-13,280230621,8,3,2
2026-04-13,101005479,8,5,3
2026-04-13,101005479,8,6,3
2026-04-13,270221087,8,4,1
2026-04-13,852223885,8,7,4
2026-04-13,101005479,8,3,1
2026-04-27,206212831,11,6,2
2026-04-27,300243311,13,7,3
2026-04-27,101048940,8,5,4
2026-04-27,300243311,13,3,1
2026-04-27,826226753,8,9,7
2026-04-27,300243311,13,3,1
2026-04-27,300204092,8,7,2
2026-04-27,300243311,13,2,0
2026-04-27,256210257,8,8,4
2026-04-27,300243311,13,5,1
2026-04-26,845230869,8,2,2
2026-04-26,300243311,13,5,3
2026-04-26,274192119,8,4,2
2026-04-26,300243311,13,5,1
2026-04-26,300215698,8,7,2
2026-04-26,300243311,13,2,0
2026-04-25,270215223,9,3,0
2026-04-25,300243311,13,8,4
2026-04-25,300192119,8,5,3
2026-04-25,511234102,7,3,3
2026-04-25,300243311,13,3,2
2026-04-25,827048940,9,2,2
2026-04-25,300243311,13,3,0
2026-04-25,517212831,8,6,3
2026-04-25,300243311,13,8,2
2026-04-25,506230621,13,5,1
2026-04-25,300243311,13,3,1
2026-04-24,322146748,8,11,4
2026-04-24,300243311,13,5,2
2026-04-24,827051539,8,6,1
2026-04-24,300243311,13,5,1
2026-04-24,256051539,10,6,2
2026-04-24,300243311,13,5,3
2026-04-24,294238570,8,4,1
2026-04-24,300243311,13,5,1
2026-04-24,848167948,9,5,2
2026-04-24,300243311,13,4,2
2026-04-24,265192119,8,7,2
2026-04-24,300243311,13,1,0
2026-04-24,802167495,8,5,3
2026-04-24,300243311,13,7,3
2026-04-24,300212831,8,2,1
2026-04-24,300243311,13,4,1
2026-04-24,300243311,13,3,1
2026-04-24,216230621,8,2,1
2026-04-23,206188943,13,7,3
2026-04-23,300243311,13,8,4
2026-04-23,206024630,8,9,2
2026-04-23,300243311,13,6,3
2026-04-23,829212831,8,5,2
2026-04-23,300243311,13,4,2
2026-04-23,216200389,8,5,3
2026-04-23,300243311,13,3,2
2026-04-22,206005479,11,5,1
2026-04-22,300243311,13,10,3
2026-04-22,237199987,8,5,3
2026-04-22,300243311,13,2,2
2026-04-22,256210257,8,5,1
2026-04-22,300243311,13,6,3
2026-04-22,300167495,8,1,0
2026-04-22,300243311,13,4,2
2026-04-22,300243311,13,5,2
2026-04-22,264230621,8,6,3
2026-04-22,300263063,13,5,1
2026-04-22,300243311,13,7,2
2026-04-21,231173373,8,8,6
2026-04-21,300243311,13,4,0
2026-04-21,300203841,8,5,3
2026-04-21,300243311,13,6,4
2026-04-21,300243311,13,4,1
2026-04-21,834210257,10,9,4
2026-04-21,270193105,8,3,3
2026-04-21,300243311,13,5,3
2026-04-21,834212831,8,9,5
2026-04-21,300243311,13,3,2
2026-04-21,207192563,11,5,2
2026-04-21,300243311,13,6,5
2026-04-21,283230621,8,6,5
2026-04-21,300243311,13,4,2
2026-04-21,300167495,8,4,2
2026-04-21,300243311,13,7,3
2026-04-21,201048940,11,6,2
2026-04-21,300243311,13,6,2
2026-04-21,848192119,8,5,1
2026-04-21,300243311,13,2,1
2026-04-21,826210676,8,2,1
2026-04-21,300243311,13,6,2
2026-04-21,853238570,8,5,1
2026-04-21,300243311,13,5,3
2026-04-21,300243585,13,4,0
2026-04-21,300243311,13,9,3
2026-04-21,291220901,8,7,2
2026-04-21,300243311,13,8,0
2026-04-21,246199987,8,8,6
2026-04-21,300243311,13,4,1
2026-04-20,270221087,10,7,4
2026-04-20,300243311,13,2,0
2026-04-20,265233306,8,11,7
2026-04-20,300243311,13,5,1
2026-04-20,517215316,8,4,2
2026-04-20,300243311,13,2,0
2026-04-20,300243311,13,6,2
2026-04-20,283170597,10,6,4
2026-04-20,264190941,9,5,2
2026-04-20,300243311,13,5,2
2026-04-20,300206585,8,4,1
2026-04-20,300243311,13,6,0
2026-04-20,300243311,13,3,1
2026-04-20,264190941,9,7,4
2026-04-20,291262621,8,4,1
2026-04-20,300243311,13,6,1
2026-04-20,265225116,9,5,1
2026-04-20,300243311,13,10,4
2026-04-20,214051539,8,5,2
2026-04-20,300243311,13,4,0
2026-04-19,216230621,8,7,2
2026-04-19,300243311,13,8,5
2026-04-19,834230621,8,4,4
2026-04-19,300243311,13,6,3
2026-04-18,300243311,13,5,2
2026-04-18,234162835,8,4,2
2026-04-18,855167495,8,3,1
2026-04-18,300243311,13,4,2
2026-04-17,300243311,13,4,1
2026-04-17,845233267,8,3,1
2026-04-17,300243311,13,4,0
2026-04-17,256048940,8,1,1
2026-04-17,300243311,13,5,1
2026-04-17,280215698,8,4,1
2026-04-17,300243311,13,1,0
2026-04-17,300167495,8,6,3
2026-04-17,300243311,13,6,1
2026-04-17,265233306,8,4,1
2026-04-17,300243311,13,5,0
2026-04-17,283230621,9,7,4
2026-04-17,300243311,13,6,1
2026-04-16,256193105,8,3,1
2026-04-16,300243311,13,9,2
2026-04-16,834212831,8,5,2
2026-04-16,300243311,13,4,2
2026-04-16,324024630,13,4,2
2026-04-16,300243311,13,6,5
2026-04-16,828178005,8,3,2
2026-04-16,300243311,13,8,3
2026-04-16,221192119,8,2,0
2026-04-16,300243311,13,1,1
2026-04-16,300243311,13,5,3
2026-04-16,206177683,12,4,0
2026-04-16,840226753,8,5,2
2026-04-16,300243311,13,4,3
2026-04-16,251167495,8,11,4
2026-04-16,300243311,13,3,1
2026-04-16,852223885,8,6,2
2026-04-16,300243311,13,4,1
2026-04-15,251192119,8,8,4
2026-04-15,300243311,13,6,3
2026-04-15,237210257,8,8,6
2026-04-15,300243311,13,4,1
2026-04-15,265234102,8,2,1
2026-04-15,300243311,13,5,1
2026-04-15,846202811,8,2,0
2026-04-15,256210257,9,14,6
2026-04-15,300243311,13,3,0
2026-04-15,828212831,8,7,4
2026-04-15,300243311,13,5,1
2026-04-15,300212831,8,4,1
2026-04-15,300243311,13,6,3
2026-04-15,834190941,8,7,5
2026-04-15,300243311,13,2,0
2026-04-15,802048940,8,2,1
2026-04-15,300243311,13,7,2
2026-04-15,834210257,8,11,5
2026-04-15,300243311,13,5,0
2026-04-15,251051539,9,6,3
2026-04-15,300243311,13,5,3
2026-04-14,829235073,10,8,2
2026-04-14,300243311,13,2,1
2026-04-14,280212831,9,12,7
2026-04-14,300243311,13,5,1
2026-04-14,280210257,8,5,2
2026-04-14,300243311,13,5,0
2026-04-14,101001179,8,1,0
2026-04-14,300243311,13,9,4
2026-04-14,834240913,8,4,2
2026-04-14,300243311,13,4,0
2026-04-14,101005479,8,4,0
2026-04-14,300243311,13,1,0
2026-04-14,253167948,9,5,1
2026-04-14,300243311,13,5,2
2026-04-14,300206585,8,4,4
2026-04-14,300243311,13,3,1
2026-04-14,210230621,8,7,2
2026-04-14,300243311,13,4,1
2026-04-14,829167495,8,6,3
2026-04-14,300243311,13,3,0
2026-04-14,508215698,8,5,4
2026-04-14,300243311,13,3,1
2026-04-14,291223952,10,5,2
2026-04-14,300243311,13,5,0
2026-04-14,853210941,8,5,2
2026-04-14,300243311,13,3,0
2026-04-13,280230621,8,3,0
2026-04-13,300243311,13,6,3
2026-04-13,300243311,13,4,3
2026-04-13,834190941,8,7,4
2026-04-13,283178005,8,8,3
2026-04-13,300243311,13,2,0
2026-04-13,846193080,3,6,3
2026-04-13,300243311,13,7,0
2026-04-13,322177644,13,5,1
2026-04-13,300243311,13,6,1
2026-04-13,251167948,9,8,4
2026-04-13,300243311,13,6,1
2026-04-13,511220901,8,2,1
2026-04-13,300243311,13,5,3
2026-04-13,206177683,12,8,3
2026-04-13,300243311,13,7,4
2026-04-13,251051539,8,2,1
2026-04-13,253192119,8,4,2
2026-04-13,300243311,13,5,0
2026-04-13,825210257,8,9,3
2026-04-13,300243311,13,7,3
2026-04-13,206215316,13,5,3
2026-04-13,300243311,13,4,1
2026-04-25,242240913,8,7,3
2026-04-25,828212831,8,1,1
2026-04-21,242240913,8,5,1
2026-04-21,848167948,8,4,2
2026-04-21,242240913,8,6,6
2026-04-21,101001179,8,4,3
2026-04-18,242240913,8,7,5
2026-04-18,270234577,8,6,2
2026-04-18,242240913,8,4,1
2026-04-18,237165735,8,2,1
2026-04-17,517240091,8,5,1
2026-04-17,242240913,8,4,3
2026-04-14,242240913,8,6,4
2026-04-14,256210257,8,7,2
2026-04-14,242240913,8,5,3
2026-04-14,206203042,10,4,3
2026-04-14,242240913,8,7,2
2026-04-14,234162835,8,6,4
2026-04-14,242240913,8,7,3
2026-04-14,300234102,13,7,1
2026-04-14,242240913,8,1,1
2026-04-14,825192448,8,7,1
2026-04-14,242240913,8,5,2
2026-04-14,206230621,7,6,3
2026-04-13,242240913,8,4,0
2026-04-13,300263887,13,6,1
2026-04-13,251167495,9,9,5
2026-04-13,242240913,8,3,1
2026-04-13,242240913,8,7,1
2026-04-13,845005479,8,6,2
2026-04-13,242240913,8,6,2
2026-04-13,300215698,8,7,3
2026-04-13,242240913,8,5,3
2026-04-13,856240091,8,9,3
2026-04-13,300202811,10,3,1
2026-04-13,242240913,8,4,1
2026-04-13,242240913,8,6,4
2026-04-13,828192119,8,6,5
2026-04-13,242240913,8,5,1
2026-04-13,802167495,8,4,1
2026-04-13,242240913,8,5,1
2026-04-13,206188943,13,9,5
2026-04-26,517211738,8,4,1
2026-04-26,845233267,9,6,2
2026-04-26,214048940,8,3,0
2026-04-26,845233267,9,3,2
2026-04-26,300192448,8,7,3
2026-04-26,845233267,9,6,3
2026-04-26,845233267,9,7,1
2026-04-26,237210257,8,3,2
2026-04-26,845233267,9,5,1
2026-04-26,836230621,8,6,4
2026-04-26,206024630,12,4,1
2026-04-26,845233267,9,8,3
2026-04-25,845233267,9,2,1
2026-04-25,206193080,9,7,2
2026-04-25,265192119,8,6,2
2026-04-25,845233267,9,6,1
2026-04-25,207051539,5,7,4
2026-04-25,845233267,9,3,0
2026-04-25,845233267,9,6,4
2026-04-25,251168435,13,4,3
2026-04-25,300220901,8,2,2
2026-04-25,845233267,9,4,1
2026-04-25,845233267,9,6,3
2026-04-25,206024630,5,6,1
2026-04-25,845233267,9,2,0
2026-04-25,300215316,11,5,3
2026-04-25,234051539,8,5,1
2026-04-25,845233267,9,3,1
2026-04-23,252001179,10,7,5
2026-04-23,845233267,9,4,2
2026-04-23,845233267,9,5,2
2026-04-23,828212831,8,5,2
2026-04-23,845233267,9,4,2
2026-04-23,862212432,8,4,1
2026-04-23,300192119,8,4,2
2026-04-23,845233267,9,5,3
2026-04-23,283167495,8,11,8
2026-04-23,845233267,9,2,0
2026-04-23,300192448,8,4,1
2026-04-23,845233267,9,8,5
2026-04-23,503170597,13,7,3
2026-04-23,845233267,9,2,2
2026-04-23,845233267,9,8,3
2026-04-23,214048940,10,7,4
2026-04-23,251192119,8,8,2
2026-04-23,845233267,9,8,4
2026-04-22,853210941,9,3,3
2026-04-22,845233267,9,7,4
2026-04-22,806266323,8,4,1
2026-04-22,845233267,9,4,2
2026-04-22,834212831,8,12,8
2026-04-22,845233267,9,7,5
2026-04-22,300220901,8,10,6
2026-04-22,845233267,9,3,0
2026-04-22,300211101,13,2,1
2026-04-22,845233267,9,7,3
2026-04-22,810243952,8,8,5
2026-04-22,845233267,9,2,1
2026-04-22,300228413,8,5,1
2026-04-22,845233267,9,4,1
2026-04-22,217234642,13,9,6
2026-04-22,845233267,9,4,3
2026-04-22,845233267,9,9,5
2026-04-22,300192448,7,11,4
2026-04-20,845233267,8,2,2
2026-04-20,279235073,6,13,3
2026-04-20,279235073,6,4,3
2026-04-20,829051539,8,1,1
2026-04-19,201048940,13,2,0
2026-04-19,279235073,6,4,0
2026-04-19,284216065,10,6,5
2026-04-19,279235073,6,8,2
2026-04-19,279235073,6,1,0
2026-04-19,828215698,8,9,5
2026-04-19,279235073,6,3,1
2026-04-19,237210257,8,7,2
2026-04-19,206212831,10,7,3
2026-04-19,279235073,6,4,1
2026-04-19,834210257,8,7,6
2026-04-19,279235073,6,10,4
2026-04-19,206024630,13,6,2
2026-04-19,279235073,6,6,4
2026-04-19,279235073,6,7,3
2026-04-19,214212831,11,9,3
2026-04-19,260233306,9,3,2
2026-04-19,279235073,6,6,0
2026-04-19,283170597,9,7,4
2026-04-19,279235073,6,2,2
2026-04-19,201051539,8,8,7
2026-04-19,279235073,6,5,3
2026-04-18,856235840,8,4,3
2026-04-18,279235073,6,3,1
2026-04-18,279235073,6,3,2
2026-04-18,217203042,10,2,1
2026-04-18,101051539,8,6,3
2026-04-18,279235073,6,7,2
2026-04-18,279235073,6,2,0
2026-04-18,289192119,8,3,2
2026-04-18,279235073,6,7,4
2026-04-18,251167495,8,6,2
2026-04-18,251192119,8,7,4
2026-04-18,279235073,6,1,0
2026-04-18,237212831,5,3,1
2026-04-18,279235073,6,9,5
2026-04-18,279235073,6,1,1
2026-04-18,242234577,13,5,2
2026-04-18,289051539,8,6,6
2026-04-18,279235073,6,6,5
2026-04-18,291262621,9,5,2
2026-04-18,279235073,6,5,1
2026-04-18,279235073,6,8,6
2026-04-18,825048940,8,3,0
2026-04-18,300211908,9,7,4
2026-04-18,279235073,6,5,2
2026-04-18,834212831,8,9,4
2026-04-18,279235073,6,6,2
2026-04-18,279235073,6,3,1
2026-04-18,300243311,13,4,1
2026-04-18,252167495,10,12,8
2026-04-18,279235073,6,1,0
2026-04-18,251192119,8,6,3
2026-04-18,279235073,6,8,2
2026-04-18,217212831,8,5,1
2026-04-18,300230621,8,6,4
2026-04-18,279235073,6,7,3
2026-04-18,856228789,5,4,2
2026-04-18,279235073,6,3,0
2026-04-18,206210257,13,5,4
2026-04-18,279235073,6,2,1
2026-04-18,853212432,8,11,4
2026-04-18,279235073,6,5,2
2026-04-18,802167495,9,2,2
2026-04-18,279235073,6,3,2
2026-04-17,265233306,9,9,8
2026-04-17,808186153,6,2,0
2026-04-17,300192119,8,3,3
2026-04-17,808186153,6,9,4
2026-04-17,300238186,12,11,5
2026-04-17,808186153,6,4,3
2026-04-17,300192448,8,7,3
2026-04-17,808186153,6,1,0
2026-04-17,808186153,6,4,3
2026-04-17,834250753,8,4,3
2026-04-17,300230621,8,8,4
2026-04-17,808186153,6,1,0
2026-04-17,265233306,8,8,2
2026-04-17,808186153,6,6,3
2026-04-15,808186153,6,4,0
2026-04-15,834210257,8,8,6
2026-04-15,856240091,7,14,7
2026-04-15,808186153,6,3,1
2026-04-15,808186153,6,6,1
2026-04-15,810230621,8,6,3
2026-04-15,283186153,10,7,4
2026-04-15,808186153,6,5,2
2026-04-15,848252154,9,7,5
2026-04-15,808186153,6,1,1
2026-04-15,802167948,10,9,4
2026-04-15,808186153,6,7,1
2026-04-14,808186153,6,5,2
2026-04-14,300192448,8,7,2
2026-04-14,253167948,9,7,5
2026-04-14,808186153,6,6,2
2026-04-14,808186153,6,4,1
2026-04-14,501024630,8,5,2
2026-04-14,252167948,8,7,3
2026-04-14,808186153,6,9,5
2026-04-14,808186153,6,2,1
2026-04-14,274192119,8,7,3
2026-04-14,206024630,5,8,4
2026-04-14,808186153,6,8,4
2026-04-14,206188943,13,3,2
2026-04-14,808186153,6,13,5
2026-04-14,217177683,13,2,1
2026-04-14,808186153,6,9,3
2026-04-13,253167495,9,4,2
2026-04-13,808186153,6,7,4
2026-04-13,828167495,8,5,2
2026-04-13,808186153,6,4,1
2026-04-13,853212432,8,3,1
2026-04-13,808186153,6,5,1
2026-04-13,808186153,6,11,7
2026-04-13,506223550,13,5,1
2026-04-13,270233934,8,12,8
2026-04-13,808186153,6,8,6
2026-04-13,829192448,8,2,1
2026-04-13,808186153,6,4,3
2026-04-13,808186153,6,4,2
2026-04-13,264190941,10,11,9
2026-04-18,283186569,9,8,3
2026-04-18,270233934,8,1,1
2026-04-18,237193105,8,5,3
2026-04-18,270233934,8,2,2
2026-04-18,270233934,8,2,0
2026-04-18,265233306,8,7,2
2026-04-18,270233934,8,8,4
2026-04-18,834200389,8,2,0
2026-04-18,834173426,9,4,1
2026-04-18,270233934,8,1,0
2026-04-18,256051539,8,5,2
2026-04-18,270233934,8,4,2
2026-04-18,848190941,8,7,3
2026-04-18,270233934,8,4,1
2026-04-18,270233934,8,6,3
2026-04-18,251186153,11,1,1
2026-04-18,270233934,8,2,0
2026-04-18,291262621,8,7,3
2026-04-18,270233934,8,3,1
2026-04-18,804262621,9,6,2
2026-04-18,513240091,8,4,2
2026-04-18,270233934,8,7,3
2026-04-18,270233934,8,1,0
2026-04-18,834230621,8,5,0
2026-04-18,802051539,9,3,1
2026-04-18,834250753,8,1,0
2026-04-18,270233934,8,8,4
2026-04-27,214203775,11,7,3
2026-04-27,517193080,8,6,0
2026-04-27,206167948,10,7,3
2026-04-27,517193080,8,5,2
2026-04-27,206024630,10,9,3
2026-04-27,517193080,8,4,1
2026-04-26,517193080,8,5,2
2026-04-26,265225116,9,2,0
2026-04-26,517193080,8,5,3
2026-04-26,206212831,12,5,3
2026-04-26,517193080,8,1,0
2026-04-26,300186153,8,5,0
2026-04-26,517193080,8,7,6
2026-04-26,234167948,8,7,6
2026-04-26,291220901,8,5,3
2026-04-26,517193080,8,6,1
2026-04-25,253167495,8,5,2
2026-04-25,517193080,8,6,2
2026-04-25,825192448,8,6,1
2026-04-25,517193080,8,5,4
2026-04-23,834252154,8,3,2
2026-04-23,834252154,8,4,1
2026-04-23,251051539,8,5,0
2026-04-23,246188943,9,4,1
2026-04-23,834252154,8,5,3
2026-04-23,234190053,10,6,4
2026-04-23,834252154,8,5,1
2026-04-22,834252154,8,3,2
2026-04-22,101000488,8,7,5
2026-04-22,834252154,8,4,3
2026-04-22,221192119,5,6,2
2026-04-26,214212831,13,8,4
2026-04-26,834230621,8,8,5
2026-04-21,511228789,8,5,2
2026-04-21,834230621,8,7,2
2026-04-21,828212831,8,3,0
2026-04-21,834230621,8,5,4
2026-04-21,216190053,8,2,1
2026-04-21,834230621,8,8,3
2026-04-21,513192448,8,3,1
2026-04-21,834230621,8,1,1
2026-04-21,834212831,8,5,2
2026-04-21,834230621,8,2,1
2026-04-21,274005479,8,1,1
2026-04-21,834230621,8,8,4
2026-04-21,834230621,8,4,2
2026-04-21,264230621,8,5,2
2026-04-21,300270821,13,6,0
2026-04-21,834230621,8,4,0
2026-04-21,846212831,8,4,3
2026-04-21,834230621,8,3,1
2026-04-21,828167495,10,8,5
2026-04-21,834230621,8,4,4
2026-04-21,265234102,9,2,0
2026-04-21,834230621,8,9,2
2026-04-21,517202811,8,11,7
2026-04-18,834230621,8,3,1
2026-04-18,234051539,8,5,1
2026-04-18,853232065,8,5,2
2026-04-18,834230621,8,5,4
2026-04-18,834230621,8,7,1
2026-04-18,324024630,13,2,1
2026-04-18,834212831,8,5,1
2026-04-18,834230621,8,4,0
2026-04-18,517209981,8,5,0
2026-04-18,834230621,8,3,1
2026-04-18,834230621,8,1,1
2026-04-18,231193080,8,6,1
2026-04-18,270193105,8,3,0
2026-04-18,834230621,8,5,2
2026-04-18,834230621,8,6,3
2026-04-18,280230621,8,4,3
2026-04-18,207000488,10,5,1
2026-04-18,834230621,8,2,1
2026-04-18,834230621,8,4,1
2026-04-18,834230621,8,5,4
2026-04-18,834230621,8,4,1
2026-04-18,251167495,8,5,0
2026-04-18,834235073,8,3,1
2026-04-18,834230621,8,3,3
2026-04-18,300186153,8,2,1
2026-04-18,834230621,8,4,0
2026-04-18,834230621,8,4,1
2026-04-18,846192119,8,9,7
2026-04-18,834230621,8,4,2
2026-04-18,214024630,8,3,3
2026-04-18,829048940,8,5,1
2026-04-18,834230621,8,5,3
2026-04-18,260226753,10,3,1
2026-04-18,834230621,8,4,2
2026-04-18,829235073,8,4,1
2026-04-18,834230621,8,1,0
2026-04-18,853212432,8,4,0
2026-04-18,829192448,8,3,0
2026-04-18,834230621,8,3,0
2026-04-18,834230621,8,4,3
2026-04-18,246186569,8,6,2
2026-04-18,834230621,8,2,0
2026-04-18,253192119,8,4,1
2026-04-15,517225116,8,10,5
2026-04-15,834230621,8,2,2
2026-04-15,825212831,8,7,4
2026-04-15,834230621,8,5,2
2026-04-15,300228789,9,1,0
2026-04-15,834230621,8,2,1
2026-04-15,834230621,8,7,4
2026-04-15,828212831,8,6,3
2026-04-15,802048940,10,4,0
2026-04-15,834230621,8,2,1
2026-04-15,253167495,8,2,1
2026-04-15,834230621,8,3,2
2026-04-15,834230621,8,5,3
2026-04-15,253177683,8,6,1
2026-04-15,237192119,8,5,2
2026-04-15,834230621,8,5,2
2026-04-15,834192119,8,2,1
2026-04-15,834230621,8,7,4
2026-04-15,829192119,8,3,1
2026-04-15,834230621,8,5,2
2026-04-15,834230621,8,3,2
2026-04-15,251192119,8,3,1
2026-04-18,289051539,8,4,3
2026-04-18,856240091,6,7,4
2026-04-18,289051539,8,6,2
2026-04-18,206167948,5,3,2
2026-04-18,289051539,8,5,2
2026-04-18,270233267,8,3,1
2026-04-14,289051539,8,4,0
2026-04-14,300192119,8,6,5
2026-04-14,289051539,8,2,0
2026-04-14,828167948,9,6,5
2026-04-14,234190941,8,6,2
2026-04-14,289051539,8,7,1
2026-04-14,289051539,8,7,4
2026-04-14,265192119,8,8,3
2026-04-14,300192119,8,5,3
2026-04-14,289051539,8,6,3
2026-04-26,300228413,8,2,0
2026-04-26,300210257,8,1,0
2026-04-26,862212432,8,9,2
2026-04-26,300210257,8,3,0
2026-04-26,256186153,8,4,2
2026-04-26,300210257,8,2,1
2026-04-26,206177644,12,2,1
2026-04-26,300210257,8,5,1
2026-04-26,237210257,8,4,1
2026-04-26,300210257,8,8,2
2026-04-26,829226753,9,10,5
2026-04-26,300210257,8,4,1
2026-04-26,300210257,8,5,4
2026-04-26,300202811,8,10,7
2026-04-26,300210257,8,5,4
2026-04-26,251164835,8,12,9
2026-04-26,300210257,8,8,3
2026-04-26,253177683,8,7,3
2026-04-25,802048940,10,1,1
2026-04-25,300210257,8,7,3
2026-04-25,300210257,8,8,4
2026-04-25,300277669,13,3,0
2026-04-25,300210257,8,6,2
2026-04-25,324024630,13,5,2
2026-04-25,862212432,8,6,2
2026-04-25,300210257,8,4,2
2026-04-25,207193080,8,4,3
2026-04-25,300210257,8,1,1
2026-04-25,300210257,8,4,3
2026-04-25,810246139,8,9,7
2026-04-25,825192448,8,5,2
2026-04-25,300210257,8,9,8
2026-04-25,237193105,8,11,4
2026-04-25,300210257,8,8,5
2026-04-25,300278394,13,7,3
2026-04-25,300210257,8,7,4
2026-04-25,814194404,8,8,5
2026-04-25,300210257,8,4,1
2026-04-25,300210257,8,3,1
2026-04-25,251164835,8,3,1
2026-04-25,207193080,11,5,0
2026-04-25,300210257,8,5,3
2026-04-25,300210257,8,7,4
2026-04-25,834212831,8,7,0
2026-04-25,251048940,9,3,1
2026-04-25,300210257,8,5,2
2026-04-25,834240913,8,3,1
2026-04-25,300210257,8,4,1
2026-04-25,300210257,8,7,3
2026-04-25,252002147,9,10,5
2026-04-25,834212831,8,4,1
2026-04-25,300210257,8,3,0
2026-04-25,246193105,8,6,2
2026-04-25,300210257,8,8,5
2026-04-25,300210257,8,6,4
2026-04-25,840001179,8,8,3
2026-04-25,828215698,8,6,2
2026-04-25,300210257,8,5,2
2026-04-25,237212831,8,5,2
2026-04-25,300210257,8,5,2
2026-04-25,855192119,8,4,2
2026-04-25,300210257,8,7,7
2026-04-23,253192119,8,3,1
2026-04-23,300210257,8,6,3
2026-04-23,300210257,8,6,3
2026-04-23,270234577,9,4,1
2026-04-23,252048940,8,5,3
2026-04-23,300210257,8,4,1
2026-04-22,270233934,9,3,3
2026-04-22,300210257,8,10,6
2026-04-22,300210257,8,7,3
2026-04-22,231176550,10,3,1
2026-04-22,825212831,8,4,2
2026-04-22,300210257,8,5,1
2026-04-22,300210257,8,6,3
2026-04-22,324024630,13,5,3
2026-04-22,300210257,8,2,1
2026-04-22,834242948,8,4,1
2026-04-22,289192119,8,3,3
2026-04-22,300210257,8,6,2
2026-04-22,201167495,13,4,0
2026-04-22,300210257,8,6,2
2026-04-18,300210257,8,5,1
2026-04-18,231024630,8,3,2
2026-04-18,206193041,11,6,4
2026-04-18,300210257,8,5,1
2026-04-18,300210257,8,3,1
2026-04-18,246199987,8,6,3
2026-04-18,251167948,9,3,1
2026-04-18,300210257,8,4,1
2026-04-18,840206585,8,2,0
2026-04-18,300210257,8,5,2
2026-04-18,855212831,5,8,4
2026-04-18,300210257,8,1,0
2026-04-18,300210257,8,7,3
2026-04-18,289174543,8,6,2
2026-04-18,207167495,10,4,3
2026-04-18,300210257,8,6,4
2026-04-18,300206075,8,4,1
2026-04-18,300210257,8,9,3
2026-04-18,802167495,9,5,3
2026-04-18,300210257,8,3,2
2026-04-18,300210257,8,6,5
2026-04-18,289167948,8,7,4
2026-04-18,300210257,8,7,1
2026-04-17,829192448,9,6,3
2026-04-17,300210257,8,5,2
2026-04-17,844266282,8,1,1
2026-04-17,283167495,8,5,3
2026-04-17,300210257,8,4,2
2026-04-25,231024630,8,2,1
2026-04-25,242192119,8,5,0
2026-04-25,231024630,8,3,2
2026-04-25,848167948,8,4,0
2026-04-18,231024630,8,4,3
2026-04-18,260243952,8,1,0
2026-04-18,231024630,8,4,4
2026-04-18,517233306,8,1,1
2026-04-18,231024630,8,6,3
2026-04-18,241212831,13,7,5
2026-04-18,231024630,8,6,2
2026-04-18,853212432,9,2,1
2026-04-18,853232065,8,6,2
2026-04-18,231024630,8,2,0
2026-04-18,231024630,8,4,4
2026-04-18,855167495,8,3,0
2026-04-15,231024630,8,4,1
2026-04-15,802163587,8,6,2
2026-04-15,231024630,8,6,2
2026-04-15,851204935,8,3,1
2026-04-15,283163489,8,4,2
2026-04-15,231024630,8,4,1
2026-04-15,231024630,8,8,5
2026-04-15,300206585,10,5,2
2026-04-26,825210257,8,7,4
2026-04-26,517246139,8,6,1
2026-04-26,825210257,8,2,1
2026-04-26,300215698,9,4,0
2026-04-26,825210257,8,1,0
2026-04-26,237165735,8,6,4
2026-04-26,825210257,8,3,2
2026-04-26,268051539,8,8,5
2026-04-26,825210257,8,6,3
2026-04-26,300167948,9,3,1
2026-04-26,264190941,10,5,0
2026-04-26,825210257,8,5,4
2026-04-25,825210257,8,5,3
2026-04-25,206199987,13,5,3
2026-04-25,852048940,7,3,1
2026-04-25,825210257,8,8,5
2026-04-25,825210257,8,4,2
2026-04-25,804262621,9,5,1
2026-04-25,825210257,8,5,1
2026-04-25,825212831,8,6,2
2026-04-25,825210257,8,5,1
2026-04-25,802200389,10,8,6
2026-04-25,825210257,8,6,1
2026-04-25,264190941,9,3,2
2026-04-24,825210257,8,3,0
2026-04-24,853232065,8,2,1
2026-04-24,256199987,8,6,2
2026-04-24,825210257,8,2,1
2026-04-24,825210257,8,4,1
2026-04-24,216234642,12,6,3
2026-04-24,206186153,12,6,3
2026-04-24,825210257,8,7,4
2026-04-24,825210257,8,4,0
2026-04-24,845233267,8,5,2
2026-04-24,825210257,8,7,5
2026-04-24,256199987,8,4,0
2026-04-24,825210257,8,6,5
2026-04-24,284001179,9,5,1
2026-04-22,825210257,8,3,0
2026-04-22,853212432,8,4,1
2026-04-22,825210257,8,4,3
2026-04-22,251167948,9,3,2
2026-04-20,300233164,7,3,3
2026-04-20,825210257,8,6,0
2026-04-20,825210257,8,14,8
2026-04-20,283192448,8,3,3
2026-04-20,233192119,8,5,3
2026-04-20,825210257,8,1,0
2026-04-20,825210257,8,8,4
2026-04-20,300254803,13,4,0
2026-04-18,825210257,8,3,0
2026-04-18,216230621,8,5,2
2026-04-18,825210257,8,3,1
2026-04-18,802167495,8,7,4
2026-04-18,517193080,8,3,1
2026-04-18,825210257,8,3,2
2026-04-18,825210257,8,3,2
2026-04-18,283170597,8,1,0
2026-04-18,300255981,7,8,1
2026-04-18,825210257,8,5,2
2026-04-17,825210257,8,2,0
2026-04-17,300224836,5,6,3
2026-04-17,825210257,8,6,3
2026-04-17,253192119,10,5,2
2026-04-17,825210257,8,4,2
2026-04-17,206024630,11,3,1
2026-04-17,280230621,8,3,1
2026-04-17,825210257,8,2,2
2026-04-17,256167495,8,5,1
2026-04-17,825210257,8,4,1
2026-04-17,825210257,8,5,4
2026-04-17,216230621,8,5,2
2026-04-17,802167495,8,6,2
2026-04-17,825210257,8,1,0
2026-04-17,825210257,8,4,2
2026-04-17,300192119,8,4,3
2026-04-17,825210257,8,1,0
2026-04-17,802048940,8,6,3
2026-04-15,237199987,8,3,0
2026-04-15,825210257,8,3,0
2026-04-15,225136594,9,1,1
2026-04-15,825210257,8,1,0
2026-04-15,845230869,8,8,5
2026-04-15,825210257,8,5,3
2026-04-27,233192119,9,8,4
2026-04-27,300212831,8,2,0
2026-04-27,233192119,9,4,1
2026-04-27,270233934,9,8,6
2026-04-27,233192119,9,10,7
2026-04-27,284216065,9,2,2
2026-04-27,233192119,9,4,0
2026-04-27,834210257,8,7,4
2026-04-27,233192119,9,8,5
2026-04-27,265234102,8,8,4
2026-04-26,233192119,9,7,3
2026-04-26,300230621,6,8,3
2026-04-25,234192119,8,17,1
2026-04-25,233192119,9,10,3
2026-04-25,270193105,9,1,1
2026-04-24,216200389,8,4,1
2026-04-24,206182494,13,5,2
2026-04-24,216200389,8,7,4
2026-04-24,862212432,8,9,6
2026-04-23,216200389,8,6,4
2026-04-23,237212831,8,2,1
2026-04-23,216200389,8,3,0
2026-04-23,201193080,13,5,3
2026-04-23,834230621,8,5,2
2026-04-23,216200389,8,5,2
2026-04-23,216200389,8,3,3
2026-04-23,300263887,13,11,0
2026-04-23,216200389,8,5,2
2026-04-23,207051539,11,3,0
2026-04-23,216200389,8,3,0
2026-04-23,828192119,8,6,3
2026-04-22,268005479,8,6,2
2026-04-22,216200389,8,9,7
2026-04-22,216200389,8,3,0
2026-04-22,225221912,8,5,1
2026-04-22,216200389,8,5,1
2026-04-22,256192448,11,10,5
2026-04-22,300193080,8,7,3
2026-04-22,216200389,8,3,2
2026-04-22,216200389,8,5,1
2026-04-22,251186153,11,6,3
2026-04-22,216200389,8,7,5
2026-04-22,840209981,8,4,2
2026-04-22,324024630,12,18,2
2026-04-22,216200389,8,3,3
2026-04-22,251192119,8,5,4
2026-04-21,216200389,8,5,1
2026-04-21,251001179,10,2,0
2026-04-21,265192119,8,7,4
2026-04-21,216200389,8,9,7
2026-04-21,216200389,8,3,2
2026-04-21,834230621,8,10,1
2026-04-21,828212831,8,6,5
2026-04-21,216200389,8,1,0
2026-04-21,216200389,8,5,2
2026-04-21,830212432,8,4,2
2026-04-21,216200389,8,5,3
2026-04-21,206199482,13,8,3
2026-04-21,216200389,8,5,4
2026-04-21,324024630,12,4,0
2026-04-21,216200389,8,5,2
2026-04-21,265225116,8,5,3
2026-04-21,216200389,8,4,1
2026-04-21,265225116,8,5,0
2026-04-21,216200389,8,5,1
2026-04-21,289051539,8,5,2
2026-04-21,216200389,8,9,4
2026-04-21,206024630,11,5,1
2026-04-21,848167948,8,3,2
2026-04-21,216200389,8,5,1
2026-04-21,214212831,11,2,2
2026-04-21,216200389,8,5,3
2026-04-19,216200389,8,5,2
2026-04-19,324024630,12,9,5
2026-04-19,318172723,8,8,1
2026-04-19,216200389,8,4,3
2026-04-19,251192119,8,3,0
2026-04-19,216200389,8,6,3
2026-04-19,216200389,8,8,3
2026-04-19,246186569,9,2,1
2026-04-19,207000488,11,4,3
2026-04-19,216200389,8,5,3
2026-04-19,207167495,13,3,2
2026-04-19,216200389,8,2,0
2026-04-19,216200389,8,4,0
2026-04-19,855167495,8,8,3
2026-04-19,284205377,10,7,3
2026-04-19,216200389,8,2,0
2026-04-19,216200389,8,5,1
2026-04-19,814048940,8,2,2
2026-04-19,216200389,8,6,4
2026-04-19,234162835,8,7,4
2026-04-19,234051539,7,11,6
2026-04-19,216200389,8,8,3
2026-04-19,216200389,8,3,1
2026-04-19,111051539,8,6,3
2026-04-19,216200389,8,3,1
2026-04-19,300212831,5,5,2
2026-04-19,840215316,9,5,3
2026-04-19,216200389,8,6,3
2026-04-18,216200389,8,1,1
2026-04-18,283167495,8,12,4
2026-04-18,216200389,8,7,5
2026-04-18,251051539,8,6,5
2026-04-18,216200389,8,4,1
2026-04-18,804262621,9,3,1
2026-04-18,517199641,8,1,0
2026-04-18,216200389,8,5,2
2026-04-18,216200389,8,4,1
2026-04-18,828200389,8,6,4
2026-04-18,508186153,8,11,5
2026-04-18,216200389,8,2,1
2026-04-18,216200389,8,7,4
2026-04-18,270233267,8,5,3
2026-04-18,216200389,8,8,3
2026-04-18,300233189,13,2,2
2026-04-17,216200389,8,4,1
2026-04-17,814234642,8,4,2
2026-04-17,216200389,8,2,0
2026-04-17,265234102,9,4,1
2026-04-17,216200389,8,5,3
2026-04-17,270193105,8,8,4
2026-04-17,265186153,8,17,4
2026-04-17,216200389,8,2,1
2026-04-17,216200389,8,4,1
2026-04-17,517233306,8,6,2
2026-04-17,283192448,8,2,0
2026-04-17,216200389,8,9,4
2026-04-16,216200389,8,8,5
2026-04-16,834192119,8,2,0
2026-04-16,253192119,8,5,2
2026-04-16,216200389,8,3,2
2026-04-16,216200389,8,3,1
2026-04-16,253167495,8,8,4
2026-04-16,216200389,8,3,0
2026-04-16,834246139,8,7,4
2026-04-16,216200389,8,4,2
2026-04-16,851204935,8,8,3
2026-04-16,216200389,8,2,1
2026-04-16,221193105,8,7,1
2026-04-16,834251752,8,5,2
2026-04-16,216200389,8,5,1
2026-04-15,216200389,8,7,2
2026-04-15,289192119,8,5,2
2026-04-15,810192448,8,5,2
2026-04-15,216200389,8,3,0
2026-04-15,216200389,8,1,1
2026-04-15,828212831,8,4,1
2026-04-15,848225116,8,3,0
2026-04-15,216200389,8,9,5
2026-04-15,828215698,8,3,2
2026-04-14,256210257,9,16,1
2026-04-14,216200389,8,3,2
2026-04-14,253177683,10,16,6
2026-04-14,216200389,8,4,2
2026-04-14,300234777,12,7,4
2026-04-14,216200389,8,3,1
2026-04-14,265186153,8,4,2
2026-04-14,827048940,8,2,0
2026-04-14,216200389,8,3,1
2026-04-14,216200389,8,10,6
2026-04-14,274192119,8,4,1
2026-04-14,300192119,8,3,1
2026-04-14,216200389,8,9,4
2026-04-14,283199482,8,6,4
2026-04-14,216200389,8,2,0
2026-04-14,206024630,13,3,1
2026-04-14,216200389,8,4,2
2026-04-13,216200389,8,5,1
2026-04-13,834202811,8,2,0
2026-04-13,283211101,10,3,1
2026-04-13,216200389,8,8,3
2026-04-13,216200389,8,5,4
2026-04-13,852198009,9,3,2
2026-04-13,218215316,10,4,2
2026-04-13,216200389,8,6,1
2026-04-13,216200389,8,3,1
2026-04-13,256192448,8,5,2
2026-04-13,216200389,8,4,2
2026-04-13,853232065,8,3,1
2026-04-13,517235840,8,3,0
2026-04-13,216200389,8,3,1
2026-04-13,216200389,8,2,1
2026-04-13,265192119,8,4,2
2026-04-13,283192448,8,2,1
2026-04-13,845242179,8,4,1
2026-04-13,216200389,8,4,1
2026-04-25,201193080,13,5,3
2026-04-25,260226753,8,6,2
2026-04-25,253177683,8,6,4
2026-04-25,260226753,8,7,1
2026-04-25,260226753,8,4,0
2026-04-25,237210257,8,4,1
2026-04-25,260226753,8,3,0
2026-04-25,856228789,7,2,0
2026-04-25,260226753,8,5,3
2026-04-25,251192119,8,5,0
2026-04-25,260226753,8,4,1
2026-04-25,289192119,9,4,2
2026-04-23,218199987,8,3,0
2026-04-23,270233934,8,7,2
2026-04-23,300263339,13,2,1
2026-04-23,218199987,8,9,1
2026-04-23,862212432,8,12,8
2026-04-23,218199987,8,3,0
2026-04-23,218199987,8,9,5
2026-04-23,206024630,8,6,4
2026-04-22,218199987,8,3,0
2026-04-22,848225116,8,8,4
2026-04-22,218199987,8,7,3
2026-04-22,834235840,8,12,8
2026-04-22,218199987,8,7,1
2026-04-22,834235840,8,8,3
2026-04-22,237212831,8,12,8
2026-04-22,218199987,8,7,5
2026-04-22,802163587,10,7,4
2026-04-22,218199987,8,6,1
2026-04-21,218199987,8,6,2
2026-04-21,253230621,8,7,1
2026-04-18,300192119,8,6,3
2026-04-18,218199987,8,11,8
2026-04-18,218199987,8,8,3
2026-04-18,284001179,8,6,2
2026-04-18,256001179,9,8,3
2026-04-18,218199987,8,6,2
2026-04-18,218199987,8,13,11
2026-04-18,206200389,13,6,2
2026-04-18,300215698,8,4,3
2026-04-18,218199987,8,3,2
2026-04-18,206186153,5,1,0
2026-04-18,218199987,8,8,7
2026-04-16,216190053,9,6,1
2026-04-16,218199987,8,5,3
2026-04-16,218199987,8,6,4
2026-04-16,300230621,8,5,3
2026-04-16,218199987,8,5,3
2026-04-16,834202811,8,9,5
2026-04-16,218199987,8,7,3
2026-04-16,237210257,9,8,5
2026-04-16,218199987,8,6,4
2026-04-16,845233267,8,5,3
2026-04-16,218199987,8,5,0
2026-04-16,270234577,9,3,3
2026-04-15,218199987,8,5,3
2026-04-15,300228789,11,8,5
2026-04-14,291262621,8,5,1
2026-04-14,218199987,8,6,3
2026-04-14,218199987,8,4,1
2026-04-14,234167495,9,4,3
2026-04-14,218199987,8,12,6
2026-04-14,517254803,8,6,2
2026-04-14,218199987,8,3,2
2026-04-14,828202811,8,5,2
2026-04-22,237051539,8,5,3
2026-04-22,237051539,8,6,3
2026-04-22,851230872,8,2,1
2026-04-22,237051539,8,3,1
2026-04-22,300192119,8,3,1
2026-04-22,237051539,8,3,2
2026-04-22,256051539,8,4,0
2026-04-22,264230621,8,4,1
2026-04-22,283167495,8,3,2
2026-04-22,256051539,8,1,0
2026-04-22,256051539,8,3,2
2026-04-22,206024630,11,3,3
2026-04-22,256051539,8,1,1
2026-04-22,300193105,8,3,3
2026-04-22,256051539,8,5,2
2026-04-22,300230621,8,1,1
2026-04-22,256051539,8,7,4
2026-04-21,834210257,8,5,3
2026-04-21,256051539,8,1,0
2026-04-21,256051539,8,3,1
2026-04-21,280235073,8,3,0
2026-04-21,201190053,8,5,4
2026-04-21,256051539,8,2,0
2026-04-21,206215316,10,5,4
2026-04-21,256051539,8,5,0
2026-04-20,840226753,8,4,0
2026-04-20,256051539,8,3,1
2026-04-20,237212831,8,8,5
2026-04-20,256051539,8,6,3
2026-04-20,256051539,8,3,3
2026-04-20,517211738,8,7,5
2026-04-20,256051539,8,5,3
2026-04-20,300192119,8,4,3
2026-04-20,256051539,8,3,2
2026-04-20,840242948,8,2,1
2026-04-20,256051539,8,4,1
2026-04-20,834246139,10,2,0
2026-04-20,256051539,8,5,4
2026-04-20,256051539,8,5,3
2026-04-20,300186569,8,8,4
2026-04-20,300262621,8,3,1
2026-04-20,256051539,8,4,2
2026-04-20,256051539,8,6,3
2026-04-20,828212831,8,2,1
2026-04-20,256051539,8,3,0
2026-04-20,289192119,8,7,3
2026-04-18,256051539,8,4,1
2026-04-18,265234102,8,2,0
2026-04-18,256051539,8,2,0
2026-04-18,846193080,9,5,2
2026-04-18,511234102,5,9,3
2026-04-18,256051539,8,1,0
2026-04-18,256051539,8,3,0
2026-04-18,256051539,8,5,3
2026-04-18,256051539,8,3,1
2026-04-18,829204883,9,5,2
2026-04-18,256051539,8,1,0
2026-04-18,810210257,8,4,1
2026-04-18,214212831,11,3,1
2026-04-18,256051539,8,4,2
2026-04-18,256051539,8,5,3
2026-04-18,845233267,9,4,2
2026-04-18,231024630,8,3,1
2026-04-18,256051539,8,3,1
2026-04-18,810206585,8,3,0
2026-04-18,834242948,8,3,0
2026-04-18,834242948,8,4,0
2026-04-18,814048940,9,4,2
2026-04-18,515235073,8,1,1
2026-04-18,834242948,8,4,0
2026-04-17,834242948,8,1,0
2026-04-17,101051539,8,5,3
2026-04-17,834242948,8,3,2
2026-04-17,231150724,8,4,3
2026-04-17,265228413,9,5,2
2026-04-17,834242948,8,2,1
2026-04-17,265225116,8,6,2
2026-04-17,252167495,8,3,1
2026-04-17,834242948,8,1,0
2026-04-16,834242948,8,3,1
2026-04-16,265186153,8,6,3
2026-04-26,300238186,13,7,3
2026-04-26,206024630,12,3,1
2026-04-26,810235073,8,4,2
2026-04-26,300238186,13,3,3
2026-04-26,300238186,13,5,2
2026-04-26,268048940,10,5,3
2026-04-26,300238186,13,4,1
2026-04-26,834220901,8,4,2
2026-04-26,828167495,8,10,6
2026-04-26,300238186,13,6,3
2026-04-26,300238186,13,6,3
2026-04-26,201005479,13,8,7
2026-04-26,300238186,13,8,4
2026-04-26,300167495,8,4,2
2026-04-26,256186153,5,6,2
2026-04-26,300238186,13,5,2
2026-04-26,300209960,13,5,2
2026-04-26,300238186,13,4,2
2026-04-25,511262621,8,8,5
2026-04-25,300238186,13,4,0
2026-04-25,265234102,9,5,2
2026-04-25,300238186,8,4,1
2026-04-25,207048940,10,7,4
2026-04-25,300238186,8,4,1
2026-04-25,251192119,9,7,6
2026-04-25,300238186,8,5,4
2026-04-25,300238186,8,5,1
2026-04-25,300192448,8,8,5
2026-04-25,846192119,8,8,6
2026-04-25,300238186,8,6,2
2026-04-25,300238186,8,4,1
2026-04-25,818167495,8,8,4
2026-04-25,300238186,8,2,1
2026-04-25,264190941,9,4,0
2026-04-25,237165735,8,9,4
2026-04-25,300238186,8,9,4
2026-04-25,300238186,8,3,3
2026-04-25,101000488,8,6,5
2026-04-25,214167495,8,4,2
2026-04-25,300238186,8,7,1
2026-04-25,804250753,8,3,1
2026-04-25,300238186,8,9,3
2026-04-25,806212432,9,2,1
2026-04-25,300238186,8,7,5
2026-04-20,300238186,8,8,5
2026-04-20,829051539,9,9,6
2026-04-20,828212831,8,6,3
2026-04-20,300238186,8,4,1
2026-04-19,300238186,8,3,1
2026-04-19,834220901,8,9,4
2026-04-19,265186153,9,7,4
2026-04-19,300238186,8,4,0
2026-04-19,216200389,8,5,2
2026-04-19,300238186,8,7,2
2026-04-19,300238186,8,3,2
2026-04-19,513186153,8,6,4
2026-04-19,300238186,8,5,0
2026-04-19,300258498,13,10,6
2026-04-19,834230621,8,7,4
2026-04-19,300238186,8,1,0
2026-04-19,300238186,8,5,1
2026-04-19,840206585,8,8,5
2026-04-19,101001179,8,2,0
2026-04-19,300238186,8,3,1
2026-04-19,300238186,8,4,1
2026-04-19,216192448,8,4,2
2026-04-19,300238186,8,4,2
2026-04-19,853210941,9,8,3
2026-04-19,300238186,8,5,1
2026-04-19,259234642,13,3,1
2026-04-19,300238186,8,3,0
2026-04-19,237210257,8,3,2
2026-04-18,283230869,10,9,7
2026-04-18,300238186,8,4,0
2026-04-18,300238186,8,5,2
2026-04-18,234001179,8,8,4
2026-04-18,300238186,8,4,3
2026-04-18,217212831,8,7,4
2026-04-18,300238186,8,5,2
2026-04-18,283170597,8,12,7
2026-04-18,300238186,8,8,3
2026-04-18,251186153,10,6,3
2026-04-18,513240091,8,6,4
2026-04-18,101001179,8,1,0
2026-04-18,300238186,8,6,0
2026-04-18,300238186,8,7,5
2026-04-18,828212831,8,4,4
2026-04-18,214192119,10,3,1
2026-04-18,300238186,8,3,1
2026-04-18,300238186,8,2,2
2026-04-18,840242948,9,12,5
2026-04-18,300238186,8,7,2
2026-04-18,206212831,8,5,3
2026-04-18,300238186,8,3,0
2026-04-18,840200389,8,2,1
2026-04-18,251051539,9,4,2
2026-04-18,300238186,8,2,0
2026-04-18,234051539,8,1,1
2026-04-18,300238186,8,9,1
2026-04-17,300238186,8,3,1
2026-04-17,251167495,8,4,2
2026-04-27,826205186,8,4,1
2026-04-27,270221087,8,5,2
2026-04-27,270221087,8,6,3
2026-04-27,830212432,8,4,0
2026-04-26,253002147,8,4,0
2026-04-26,802192448,10,1,1
2026-04-26,253002147,8,7,3
2026-04-26,300210257,5,5,2
2026-04-26,253002147,8,1,0
2026-04-26,845234642,8,4,1
2026-04-26,253002147,8,3,1
2026-04-26,513210257,13,8,5
2026-04-26,253002147,8,4,2
2026-04-26,234173373,8,3,1
2026-04-26,270221087,8,8,3
2026-04-26,848190941,9,4,2
2026-04-26,270221087,8,6,3
2026-04-26,834177683,11,5,3
2026-04-25,845233267,9,3,3
2026-04-25,270221087,8,4,2
2026-04-25,233192119,8,7,3
2026-04-25,270221087,8,4,0
2026-04-25,206167948,13,3,2
2026-04-25,283170597,8,9,6
2026-04-25,270221087,8,4,2
2026-04-25,270221087,8,8,5
2026-04-25,237199987,8,7,3
2026-04-25,270221087,8,3,2
2026-04-25,251167495,8,3,1
2026-04-25,270221087,8,5,3
2026-04-25,862212432,8,4,0
2026-04-25,270221087,8,2,2
2026-04-25,251167495,9,5,0
2026-04-25,253002147,8,2,1
2026-04-25,217212831,8,3,2
2026-04-25,270221087,8,1,0
2026-04-25,291211738,8,4,1
2026-04-25,270221087,8,3,2
2026-04-25,834190941,8,8,8
2026-04-25,270221087,8,3,1
2026-04-25,206203042,10,9,1
2026-04-25,270221087,8,7,3
2026-04-25,517167495,8,6,2
2026-04-25,862212432,8,2,0
2026-04-25,270221087,8,3,0
2026-04-25,270221087,8,6,2
2026-04-25,251192119,8,4,2
2026-04-25,270221087,8,9,0
2026-04-25,828212831,9,3,2
2026-04-24,270221087,8,6,5
2026-04-24,300194404,8,3,0
2026-04-24,270221087,8,1,1
2026-04-24,825210257,8,4,2
2026-04-24,270221087,8,4,1
2026-04-24,256051539,8,11,5
2026-04-21,265186153,8,8,3
2026-04-21,804263063,10,1,1
2026-04-21,265186153,8,5,1
2026-04-21,300167495,8,1,0
2026-04-21,265186153,8,4,2
2026-04-21,264210385,8,3,2
2026-04-21,265186153,8,2,1
2026-04-21,848252154,8,4,3
2026-04-21,265186153,8,10,2
2026-04-21,825234642,8,3,2
2026-04-21,265186153,8,3,2
2026-04-21,834230621,8,5,2
2026-04-21,270193105,9,4,2
2026-04-21,265186153,8,1,0
2026-04-20,265186153,8,5,2
2026-04-20,832215698,8,3,1
2026-04-20,265186153,8,4,0
2026-04-20,253230869,8,2,1
2026-04-20,265186153,8,2,1
2026-04-20,237199987,8,2,0
2026-04-19,856262621,8,4,1
2026-04-19,265186153,8,6,2
2026-04-19,265186153,8,5,2
2026-04-19,825051539,8,6,3
2026-04-19,265186153,8,2,1
2026-04-19,829235073,9,3,1
2026-04-19,828212831,8,6,2
2026-04-19,810204092,8,8,4
2026-04-19,828212831,8,5,4
2026-04-19,289192119,8,2,1
2026-04-19,828212831,8,6,2
2026-04-19,256051539,8,1,1
2026-04-19,855212831,8,4,2
2026-04-19,828212831,8,2,1
2026-04-19,323186153,9,3,2
2026-04-19,828212831,8,4,3
2026-04-19,828212831,8,2,1
2026-04-19,270234577,8,5,3
2026-04-19,828212831,8,3,2
2026-04-19,101238380,8,6,3
2026-04-19,828212831,8,5,2
2026-04-19,237051539,8,6,2
2026-04-18,300230621,7,2,1
2026-04-18,207051539,9,2,0
2026-04-18,828212831,8,11,3
2026-04-18,828212831,8,2,0
2026-04-18,252162835,8,8,5
2026-04-18,828212831,8,6,5
2026-04-18,283230621,8,4,2
2026-04-18,513186153,8,8,2
2026-04-18,828212831,8,4,1
2026-04-17,828212831,8,5,3
2026-04-17,270233934,9,5,3
2026-04-17,828212831,8,5,2
2026-04-17,283199482,9,5,1
2026-04-17,828212831,8,3,0
2026-04-17,206208104,13,5,2
2026-04-17,260213951,8,3,0
2026-04-17,828212831,8,4,2
2026-04-17,517254803,8,3,0
2026-04-16,828212831,8,7,1
2026-04-16,291211738,8,2,0
2026-04-16,828212831,8,1,1
2026-04-16,246193105,8,7,2
2026-04-16,265233306,8,2,0
2026-04-16,828212831,8,2,1
2026-04-16,828212831,8,3,0
2026-04-16,264230621,8,3,1
2026-04-16,834192119,8,5,2
2026-04-16,828212831,8,4,2
2026-04-16,251167495,7,3,0
2026-04-16,828212831,8,5,3
2026-04-16,828212831,8,2,0
2026-04-16,256210257,8,6,3
2026-04-16,828212831,8,4,2
2026-04-16,836230621,8,4,0
2026-04-16,828212831,8,3,3
2026-04-16,234051539,8,9,4
2026-04-16,828212831,8,3,0
2026-04-16,270233934,8,3,1
2026-04-16,828212831,8,6,4
2026-04-16,300220901,8,4,2
2026-04-15,828212831,8,6,2
2026-04-15,273180739,7,3,1
2026-04-15,828212831,8,9,3
2026-04-15,826226753,8,3,2
2026-04-14,851230872,7,6,2
2026-04-14,253192119,8,7,3
2026-04-14,851230872,7,5,2
2026-04-14,280230621,8,4,1
2026-04-27,324024630,12,7,4
2026-04-27,231199987,10,3,1
2026-04-27,324024630,12,7,3
2026-04-27,231024630,8,2,2
2026-04-27,324024630,12,4,2
2026-04-27,828192119,8,8,2
2026-04-26,324024630,12,6,1
2026-04-26,256210257,8,9,3
2026-04-26,324024630,12,6,2
2026-04-26,237210257,8,13,8
2026-04-26,324024630,12,1,0
2026-04-26,300190941,8,6,1
2026-04-26,324024630,12,8,1
2026-04-26,210193080,8,9,3
2026-04-25,324024630,12,4,1
2026-04-25,829192119,8,3,2
2026-04-25,324024630,12,4,0
2026-04-25,237212831,8,9,2
2026-04-23,324024630,12,5,2
2026-04-23,322146748,8,4,2
2026-04-21,324024630,12,5,1
2026-04-21,845230869,7,2,1
2026-04-19,324024630,12,7,2
2026-04-19,283170597,9,3,1
2026-04-19,324024630,12,5,2
2026-04-19,206193041,6,6,2
2026-04-19,324024630,12,8,1
2026-04-19,234192119,8,7,3
2026-04-18,834192119,8,5,1
2026-04-18,324024630,12,2,0
2026-04-18,324024630,12,6,4
2026-04-18,201167948,13,5,1
2026-04-18,324024630,12,5,4
2026-04-18,834202811,8,3,2
2026-04-17,324024630,12,5,1
2026-04-17,300210257,6,7,3
2026-04-17,324024630,12,3,1
2026-04-17,834220901,8,9,4
2026-04-17,324024630,12,8,4
2026-04-17,300226753,8,8,2
2026-04-16,814223885,9,6,2
2026-04-16,324024630,12,6,1
2026-04-16,834173426,8,7,0
2026-04-16,324024630,12,2,1
2026-04-16,324024630,12,2,1
2026-04-16,834220901,8,4,3
2026-04-14,324024630,12,5,2
2026-04-14,828192119,8,5,0
2026-04-13,324024630,12,5,2
2026-04-13,840242948,9,5,0
2026-04-13,270234577,8,6,1
2026-04-13,324024630,12,3,1
2026-04-13,237210257,9,6,2
2026-04-13,324024630,12,7,2
2026-04-13,324024630,12,2,1
2026-04-13,852223885,8,5,5
2026-04-18,265192119,8,3,0
2026-04-18,265192119,8,5,1
2026-04-18,836230621,8,5,3
2026-04-18,265192119,8,9,5
2026-04-18,234173373,8,6,3
2026-04-18,265192119,8,5,3
2026-04-18,206177683,13,6,3
2026-04-18,265192119,8,5,4
2026-04-18,815241671,7,8,1
2026-04-18,856252154,8,4,2
2026-04-18,265192119,8,6,1
2026-04-18,814048940,8,4,2
2026-04-18,265192119,8,3,0
2026-04-18,265192119,8,9,4
2026-04-18,217212831,8,8,3
2026-04-18,265192119,8,5,1
2026-04-18,242192119,8,4,2
2026-04-18,206203841,11,6,2
2026-04-18,265192119,8,3,0
2026-04-18,214192119,8,4,0
2026-04-18,265192119,8,9,1
2026-04-18,246211990,8,5,3
2026-04-18,251048940,8,5,1
2026-04-18,265192119,8,10,4
2026-04-16,834215698,8,8,4
2026-04-16,265192119,8,6,3
2026-04-16,265192119,8,7,2
2026-04-16,264190941,8,7,2
2026-04-15,265192119,8,1,0
2026-04-15,846202811,8,4,1
2026-04-15,284001179,8,7,1
2026-04-15,265192119,8,6,1
2026-04-15,265192119,8,2,1
2026-04-15,828215698,8,5,1
2026-04-15,265192119,8,7,2
2026-04-15,101000488,8,8,4
2026-04-26,862212432,8,6,3
2026-04-26,265186153,8,4,2
2026-04-26,834192119,9,4,2
2026-04-26,265186153,8,9,6
2026-04-26,265186153,8,5,2
2026-04-26,251186153,11,5,1
2026-04-26,265186153,8,2,1
2026-04-26,270233267,8,7,4
2026-04-26,265186153,8,5,1
2026-04-26,217234642,11,2,0
2026-04-26,265186153,8,8,3
2026-04-26,324024630,13,3,2
2026-04-26,237212831,8,1,1
2026-04-26,265186153,8,6,3
2026-04-26,265186153,8,4,3
2026-04-26,280210257,9,6,2
2026-04-26,206024630,6,4,0
2026-04-26,265186153,8,9,3
2026-04-26,265186153,8,5,2
2026-04-26,300230621,8,6,1
2026-04-26,265186153,8,5,3
2026-04-26,300192119,8,8,6
2026-04-26,300202811,5,6,1
2026-04-26,265186153,8,10,3
2026-04-26,256186153,8,5,2
2026-04-26,265186153,8,3,2
2026-04-26,265186153,8,1,0
2026-04-26,324024630,13,6,3
2026-04-26,300192448,8,2,0
2026-04-26,265186153,8,6,3
2026-04-26,265186153,8,3,2
2026-04-26,242192119,8,4,2
2026-04-26,265186153,8,3,0
2026-04-26,845005479,8,7,3
2026-04-26,265186153,8,6,5
2026-04-26,268051539,9,2,0
2026-04-26,834212831,8,8,1
2026-04-26,265186153,8,3,2
2026-04-26,300212831,8,5,2
2026-04-26,265186153,8,4,0
2026-04-26,265186153,8,6,1
2026-04-26,201193080,11,2,0
2026-04-25,265186153,8,2,0
2026-04-25,265186153,8,1,1
2026-04-25,214051539,8,5,1
2026-04-25,265186153,8,4,1
2026-04-25,300186153,5,2,0
2026-04-25,234192119,8,2,2
2026-04-25,265186153,8,7,5
2026-04-25,265186153,8,7,4
2026-04-25,256051539,8,5,3
2026-04-25,265186153,8,7,3
2026-04-25,256186153,8,6,2
2026-04-25,265186153,8,4,1
2026-04-25,856259532,6,3,1
2026-04-25,265186153,8,6,4
2026-04-25,825051539,8,7,4
2026-04-25,265186153,8,11,6
2026-04-25,256199987,10,3,0
2026-04-25,265186153,8,4,2
2026-04-25,802167495,8,5,1
2026-04-25,300240225,13,7,2
2026-04-25,265186153,8,10,5
2026-04-25,265186153,8,7,2
2026-04-25,828212831,9,4,2
2026-04-25,265186153,8,10,6
2026-04-25,826226753,8,6,3
2026-04-25,265186153,8,4,3
2026-04-25,291262621,8,6,2
2026-04-25,265186153,8,1,1
2026-04-25,834212831,8,6,2
2026-04-25,265186153,8,3,1
2026-04-25,846212831,8,5,2
2026-04-25,300192119,8,6,2
2026-04-25,265186153,8,10,4
2026-04-25,265186153,8,9,3
2026-04-25,214212831,13,5,2
2026-04-25,804262621,8,9,4
2026-04-25,265186153,8,7,3
2026-04-25,265186153,8,4,2
2026-04-25,517185122,8,5,2
2026-04-25,265186153,8,3,0
2026-04-25,206024630,13,3,1
2026-04-24,265186153,8,7,3
2026-04-24,265186153,8,8,7
2026-04-24,241190941,12,7,2
2026-04-24,265186153,8,4,4
2026-04-24,265186153,8,2,1
2026-04-24,862212432,8,4,2
2026-04-24,834230621,8,5,2
2026-04-24,265186153,8,7,4
2026-04-24,265186153,8,1,0
2026-04-24,845199005,8,7,4
2026-04-24,216190053,8,4,2
2026-04-24,265186153,8,3,0
2026-04-24,265186153,8,6,0
2026-04-24,862212432,8,9,2
2026-04-24,265186153,8,5,2
2026-04-24,289192119,8,2,0
2026-04-24,264190941,9,5,0
2026-04-24,265186153,8,2,0
2026-04-24,265186153,8,5,2
2026-04-24,517193698,8,2,1
2026-04-24,265186153,8,5,0
2026-04-24,324024630,13,6,2
2026-04-24,851204935,8,2,0
2026-04-24,265186153,8,4,1
2026-04-24,265186153,8,2,0
2026-04-24,251164835,8,2,0
2026-04-24,324024630,13,7,4
2026-04-24,265186153,8,9,5
2026-04-24,834192119,8,3,0
2026-04-24,265186153,8,4,1
2026-04-24,265186153,8,5,3
2026-04-24,256005479,9,10,6
2026-04-24,265186153,8,6,4
2026-04-24,862212432,8,5,3
2026-04-24,265186153,8,1,1
2026-04-24,834230621,8,3,2
2026-04-24,283186153,9,5,3
2026-04-24,265186153,8,4,0
2026-04-23,246199987,8,6,2
2026-04-23,265186153,8,8,6
2026-04-23,265186153,8,3,0
2026-04-23,862212432,8,2,0
2026-04-23,265186153,8,7,3
2026-04-23,283230869,8,2,1
2026-04-23,855192119,9,5,2
2026-04-23,265186153,8,7,5
2026-04-23,852204092,8,4,1
2026-04-23,265186153,8,3,1
2026-04-23,300199987,8,3,2
2026-04-23,265186153,8,4,1
2026-04-23,251150724,8,4,1
2026-04-23,265186153,8,7,5
2026-04-23,265186153,8,3,0
2026-04-23,300206585,8,10,3
2026-04-23,300192119,8,6,0
2026-04-23,265186153,8,6,5
2026-04-23,265186153,8,4,2
2026-04-23,862212432,8,6,2
2026-04-23,517259532,8,6,3
2026-04-23,265186153,8,6,1
2026-04-23,265186153,8,5,3
2026-04-23,830212432,8,7,1
2026-04-23,265186153,8,4,0
2026-04-23,206177683,13,3,2
2026-04-23,265186153,8,6,2
2026-04-23,840173373,8,6,5
2026-04-23,265186153,8,3,1
2026-04-23,300230621,8,5,2
2026-04-23,265186153,8,7,3
2026-04-23,264190941,9,3,1
2026-04-23,265186153,8,6,3
2026-04-23,322177644,13,5,4
2026-04-23,265186153,8,9,4
2026-04-23,284216065,8,4,1
2026-04-23,265186153,8,5,4
2026-04-23,324024630,13,4,1
2026-04-23,265186153,8,5,3
2026-04-23,217212831,8,3,3
2026-04-23,265186153,8,3,1
2026-04-23,848167948,8,5,3
2026-04-23,265186153,8,8,2
2026-04-23,300233934,13,5,3
2026-04-23,844224836,8,9,3
2026-04-23,265186153,8,5,2
2026-04-23,242243952,13,7,5
2026-04-23,265186153,8,4,1
2026-04-23,265186153,8,4,0
2026-04-23,300210257,8,3,1
2026-04-21,834212831,8,4,2
2026-04-21,825210257,8,1,0
2026-04-21,825210257,8,3,1
2026-04-21,291262621,8,5,2
2026-04-21,825210257,8,11,6
2026-04-21,834190941,8,6,2
2026-04-21,825210257,8,7,4
2026-04-21,846164835,9,6,2
2026-04-21,825210257,8,4,2
2026-04-21,825210257,8,7,3
2026-04-21,251167495,8,6,5
2026-04-21,825210257,8,4,1
2026-04-21,265192119,8,3,1
2026-04-21,825210257,8,7,0
2026-04-21,265234102,9,6,3
2026-04-21,825210257,8,5,1
2026-04-19,300221087,13,3,2
2026-04-19,825210257,8,9,5
2026-04-19,206177683,13,5,1
2026-04-19,825210257,8,4,2
2026-04-19,825210257,8,5,3
2026-04-19,508215698,8,8,4
2026-04-19,825210257,8,7,4
2026-04-19,265233306,8,4,0
2026-04-19,825210257,8,4,1
2026-04-19,206024630,13,3,1
2026-04-19,825210257,8,6,1
2026-04-19,280206585,8,5,1
2026-04-19,517185122,9,4,1
2026-04-19,825210257,8,5,3
2026-04-19,825210257,8,8,4
2026-04-19,834215698,10,7,4
2026-04-19,242192119,8,3,0
2026-04-19,825210257,8,8,2
2026-04-19,825210257,8,6,3
2026-04-19,265234102,8,1,0
2026-04-19,300167495,8,3,2
2026-04-19,825210257,8,7,4
2026-04-19,825210257,8,5,3
2026-04-19,856235840,8,5,2
2026-04-19,829192448,8,1,1
2026-04-19,825210257,8,8,1
2026-04-19,825210257,8,3,0
2026-04-19,834220901,8,8,3
2026-04-19,825192119,10,3,0
2026-04-19,825210257,8,11,3
2026-04-19,825210257,8,9,3
2026-04-19,264230621,8,5,2
2026-04-19,206177683,13,8,4
2026-04-19,825210257,8,7,2
2026-04-19,825210257,8,4,1
2026-04-19,265233306,9,4,3
2026-04-19,825210257,8,4,1
2026-04-19,251051539,9,3,1
2026-04-19,825210257,8,5,1
2026-04-19,273233267,11,7,5
2026-04-19,825210257,8,4,3
2026-04-19,251051539,8,5,2
2026-04-19,825210257,8,7,3
2026-04-19,503167495,13,6,4
2026-04-19,201192119,12,3,2
2026-04-19,825210257,8,6,1
2026-04-19,825210257,8,5,2
2026-04-19,251192119,9,7,3
2026-04-19,825210257,8,4,3
2026-04-19,826204935,8,4,0
2026-04-18,216200389,8,9,5
2026-04-18,300215698,8,3,1
2026-04-18,840215316,8,4,3
2026-04-18,216200389,8,6,4
2026-04-18,825210257,8,8,5
2026-04-18,216200389,8,2,1
2026-04-18,802163587,10,1,1
2026-04-18,216200389,8,6,4
2026-04-18,216200389,8,1,1
2026-04-18,300230869,9,5,1
2026-04-18,517215698,8,4,2
2026-04-18,216200389,8,7,4
2026-04-18,246199987,9,3,0
2026-04-18,216200389,8,2,0
2026-04-18,825051539,11,7,3
2026-04-18,216200389,8,4,1
2026-04-18,216200389,8,3,2
2026-04-18,289178005,9,5,2
2026-04-18,300220901,8,4,0
2026-04-18,216200389,8,5,2
2026-04-18,216200389,8,3,1
2026-04-18,237199987,8,4,0
2026-04-18,270193105,8,2,0
2026-04-18,216200389,8,5,0
2026-04-18,216200389,8,5,2
2026-04-18,300259532,12,4,2
2026-04-18,300234642,13,10,4
2026-04-18,216200389,8,9,4
2026-04-18,216200389,8,7,2
2026-04-18,300228383,13,4,0
2026-04-18,216200389,8,7,3
2026-04-18,206024630,8,2,0
2026-04-18,216200389,8,5,1
2026-04-18,291227127,8,5,2
2026-04-18,214186569,13,6,4
2026-04-18,216200389,8,3,0
2026-04-18,216200389,8,8,5
2026-04-18,840242948,8,6,3
2026-04-18,101005479,9,5,2
2026-04-18,216200389,8,7,3
2026-04-18,216192448,6,4,1
2026-04-18,216200389,8,6,4
2026-04-18,216200389,8,14,8
2026-04-18,300212831,9,5,1
2026-04-18,231024630,8,4,2
2026-04-18,216200389,8,4,3
2026-04-18,300192119,8,6,4
2026-04-18,216200389,8,5,2
2026-04-18,216200389,8,10,2
2026-04-18,827051539,8,5,1
2026-04-18,216200389,8,2,1
2026-04-18,251192119,8,9,4
2026-04-18,300167495,8,4,1
2026-04-18,216200389,8,7,4
2026-04-18,253167495,8,5,1
2026-04-18,216200389,8,2,1
2026-04-18,300192119,8,5,3
2026-04-18,216200389,8,3,2
2026-04-18,500162835,13,4,1
2026-04-18,216200389,8,1,1
2026-04-18,216200389,8,5,3
2026-04-18,206215316,11,3,0
2026-04-18,216200389,8,11,1
2026-04-18,517230872,5,4,0
2026-04-18,216200389,8,4,1
2026-04-18,300192119,8,6,2
2026-04-18,216200389,8,7,4
2026-04-18,234199987,8,10,7
2026-04-18,246173373,9,5,1
2026-04-18,216200389,8,4,2
2026-04-18,216200389,8,2,1
2026-04-18,828212831,8,5,1
2026-04-18,834192119,8,4,2
2026-04-18,216200389,8,8,5
2026-04-18,216200389,8,2,0
2026-04-18,320173373,8,2,1
2026-04-18,216200389,8,8,4
2026-04-18,217210257,11,7,4
2026-04-18,828192448,8,9,4
2026-04-18,216200389,8,10,1
2026-04-18,216200389,8,5,3
2026-04-18,206167495,8,5,2
2026-04-18,216200389,8,3,1
2026-04-18,300190941,8,7,3
2026-04-18,216200389,8,5,3
2026-04-18,324024630,12,4,1
2026-04-18,515240091,11,3,1
2026-04-18,216200389,8,9,5
2026-04-18,216200389,8,1,1
2026-04-18,300233164,13,7,2
2026-04-18,216200389,8,6,1
2026-04-18,251192119,8,6,2
2026-04-18,216200389,8,7,3
2026-04-18,300259532,13,3,1
2026-04-18,848167948,8,7,2
2026-04-18,216200389,8,7,3
2026-04-18,216200389,8,5,2
2026-04-18,256192448,8,7,3
2026-04-18,216200389,8,2,1
2026-04-18,506230621,13,7,2
2026-04-18,216200389,8,6,4
2026-04-18,300167495,8,5,1
2026-04-18,265192119,8,6,2
2026-04-18,216200389,8,4,2
2026-04-18,280225116,8,7,5
2026-04-18,216200389,8,3,1
2026-04-18,206167495,10,2,1
2026-04-18,216200389,8,5,1
2026-04-18,283230621,8,7,5
2026-04-18,216200389,8,5,3
2026-04-18,216200389,8,6,4
2026-04-18,834202811,8,2,1
2026-04-18,216200389,8,5,3
2026-04-18,300228413,8,5,2
2026-04-18,216200389,8,5,1
2026-04-18,840215316,8,8,6
2026-04-18,216200389,8,7,2
2026-04-18,214024630,8,3,1
2026-04-18,216200389,8,10,6
2026-04-18,265234102,8,8,0
2026-04-18,216200389,8,7,2
2026-04-18,206177683,13,3,0
2026-04-18,216200389,8,7,3
2026-04-18,251167948,8,5,3
2026-04-18,300167495,8,4,0
2026-04-18,216200389,8,2,1
2026-04-18,284001179,10,5,1
2026-04-18,216200389,8,9,3
2026-04-18,291262621,8,4,1
2026-04-18,291262621,8,3,0
2026-04-18,216200389,8,2,1
2026-04-18,216200389,8,8,3
2026-04-18,284216065,8,3,1
2026-04-18,216200389,8,2,0
2026-04-18,206024630,12,2,2
2026-04-18,233192119,8,4,0
2026-04-18,216200389,8,5,3
2026-04-18,216200389,8,5,2
2026-04-18,300243311,11,8,4
2026-04-18,216200389,8,10,6
2026-04-18,206188943,13,1,1
2026-04-17,216200389,8,7,2
2026-04-17,300186153,8,5,1
2026-04-17,216200389,8,2,1
2026-04-17,201167948,13,6,2
2026-04-17,848212831,8,9,5
2026-04-17,216200389,8,5,2
2026-04-17,300193105,8,6,2
2026-04-17,216200389,8,3,2
2026-04-17,206177683,12,4,3
2026-04-17,216200389,8,4,0
2026-04-17,825212831,8,3,2
2026-04-17,216200389,8,4,2
2026-04-17,272051539,11,1,0
2026-04-17,216200389,8,11,6
2026-04-17,216200389,8,3,1
2026-04-17,828167495,8,4,1
2026-04-17,515230621,8,8,4
2026-04-17,216200389,8,5,0
2026-04-17,216200389,8,4,2
2026-04-17,300228279,13,2,1
2026-04-17,804262621,8,2,0
2026-04-17,216200389,8,1,1
2026-04-17,216200389,8,7,5
2026-04-17,852223885,8,5,1
2026-04-17,216200389,8,2,1
2026-04-17,283167495,8,5,1
2026-04-17,300199987,10,3,0
2026-04-17,202019580,9,6,3
2026-04-17,216200389,8,5,2
2026-04-17,834192119,8,7,4
2026-04-17,216200389,8,7,2
2026-04-17,233192119,8,3,1
2026-04-17,216200389,8,1,1
2026-04-17,217212831,8,5,1
2026-04-17,216200389,8,4,2
2026-04-17,829204883,9,5,0
2026-04-17,265234102,8,5,1
2026-04-17,216200389,8,5,2
2026-04-17,825051539,8,5,1
2026-04-17,804263063,9,4,0
2026-04-17,216200389,8,3,0
2026-04-16,802048940,10,6,4
2026-04-16,216200389,8,5,4
2026-04-16,216200389,8,9,6
2026-04-16,265233306,10,2,2
2026-04-16,216200389,8,4,1
2026-04-16,802051539,8,6,1
2026-04-16,300211738,5,2,1
2026-04-16,216200389,8,7,5
2026-04-16,300167495,5,6,2
2026-04-16,216200389,8,4,1
2026-04-16,216200389,8,6,0
2026-04-16,834192119,8,4,3
2026-04-16,834212831,8,7,2
2026-04-16,216200389,8,8,5
2026-04-14,300192119,8,4,3
2026-04-14,856240091,5,6,4
2026-04-14,856240091,5,5,2
2026-04-14,517235840,5,6,4
2026-04-14,856240091,5,8,4
2026-04-14,276231691,8,1,0
2026-04-14,856240091,5,4,0
2026-04-14,804262621,8,2,1
2026-04-14,265186153,9,7,4
2026-04-14,856240091,5,4,2
2026-04-14,856240091,5,5,2
2026-04-14,814223885,8,2,0
2026-04-14,856240091,5,6,3
2026-04-14,300212831,8,5,1
2026-04-14,300203841,8,1,1
2026-04-14,856240091,5,3,2
2026-04-14,856240091,5,3,1
2026-04-14,804262621,8,1,0
2026-04-14,856240091,5,5,1
2026-04-14,300192119,8,6,3
2026-04-14,856240091,5,8,4
2026-04-14,834230621,9,2,1
2026-04-14,856240091,5,4,1
2026-04-14,856240091,5,10,6
2026-04-14,251051539,9,3,1
2026-04-25,814186569,9,3,0
2026-04-25,827048940,8,6,2
2026-04-25,814186569,9,4,2
2026-04-25,251002147,13,1,0
2026-04-25,814186569,9,4,0
2026-04-25,802051539,8,8,4
2026-04-25,814186569,9,6,4
2026-04-25,206203841,11,3,0
2026-04-25,814186569,9,5,4
2026-04-25,206212831,11,2,2
2026-04-24,814186569,9,5,2
2026-04-24,256199987,8,2,0
2026-04-24,814186569,9,5,4
2026-04-24,851204935,9,7,5
2026-04-24,814186569,9,3,1
2026-04-24,511186153,8,9,3
2026-04-24,814186569,9,1,1
2026-04-24,280210257,8,3,0
2026-04-24,256210257,8,12,8
2026-04-24,814186569,9,5,2
2026-04-24,814186569,9,3,0
2026-04-24,206192119,8,3,2
2026-04-24,814186569,9,7,1
2026-04-24,810185122,8,4,1
2026-04-24,814186569,9,2,2
2026-04-24,251167495,8,7,4
2026-04-24,814186569,9,3,2
2026-04-24,283211101,10,4,1
2026-04-24,814186569,9,10,8
2026-04-24,834177683,8,5,3
2026-04-22,814186569,9,2,0
2026-04-22,300192119,8,3,2
2026-04-22,814186569,9,4,1
2026-04-22,836230621,8,2,1
2026-04-22,814186569,9,6,3
2026-04-22,828200389,8,4,2
2026-04-22,814186569,9,2,2
2026-04-22,855167495,8,8,4
2026-04-22,814186569,9,10,3
2026-04-22,253177683,11,7,3
2026-04-19,814186569,9,2,0
2026-04-19,256193105,8,8,2
2026-04-19,814186569,9,2,1
2026-04-19,237210257,8,9,3
2026-04-19,814186569,9,7,3
2026-04-19,206210257,13,8,6
2026-04-19,260186569,8,3,0
2026-04-18,814186569,9,6,4
2026-04-18,844259532,7,3,2
2026-04-18,814186569,9,3,0
2026-04-18,265233306,8,6,2
2026-04-18,814186569,9,7,3
2026-04-18,201193080,13,6,4
2026-04-18,814186569,9,8,4
2026-04-18,251186153,11,4,1
2026-04-18,814186569,9,4,3
2026-04-18,256167495,8,6,3
2026-04-18,814186569,9,3,0
2026-04-18,826205186,8,11,4
2026-04-18,814186569,9,10,7
2026-04-18,515204883,10,7,3
2026-04-18,814186569,9,4,1
2026-04-18,513230621,8,11,7
2026-04-17,814186569,9,6,3
2026-04-17,840209981,8,7,4
2026-04-13,814186569,9,9,5
2026-04-13,517220901,8,6,4
2026-04-27,300212831,8,7,1
2026-04-27,217234642,11,6,3
2026-04-26,217234642,11,1,0
2026-04-26,300186569,13,4,2
2026-04-26,217234642,11,5,2
2026-04-26,234167495,8,1,1
2026-04-26,217234642,11,9,6
2026-04-26,252167948,8,7,2
2026-04-25,217234642,11,3,1
2026-04-25,206210257,11,9,2
2026-04-25,251167495,9,5,2
2026-04-25,217234642,11,3,3
2026-04-25,300243675,13,7,2
2026-04-25,217234642,11,4,2
2026-04-25,834212831,8,2,1
2026-04-25,217234642,11,3,1
2026-04-25,217234642,11,4,1
2026-04-25,324024630,12,3,2
2026-04-25,300192119,8,5,3
2026-04-25,834230621,8,1,1
2026-04-25,300192119,8,12,6
2026-04-25,828192119,8,6,1
2026-04-25,300192119,8,4,2
2026-04-25,300192119,8,4,2
2026-04-24,300192119,8,2,0
2026-04-24,845199005,8,3,3
2026-04-24,300192119,8,3,1
2026-04-24,300225116,13,7,1
2026-04-24,256167495,8,8,2
2026-04-23,300192119,8,4,1
2026-04-23,256051539,8,5,0
2026-04-23,862212432,8,7,3
2026-04-23,300192119,8,7,3
2026-04-23,300192119,8,3,1
2026-04-23,291262621,8,6,3
2026-04-23,300192119,8,4,2
2026-04-23,517220901,8,5,1
2026-04-23,300192119,8,2,2
2026-04-23,840242948,8,7,3
2026-04-23,300192119,8,6,4
2026-04-22,834167495,8,6,3
2026-04-22,300192119,8,4,1
2026-04-22,853233286,9,6,3
2026-04-22,300192119,8,5,2
2026-04-22,300192119,8,4,1
2026-04-22,834230621,8,3,0
2026-04-22,300192119,8,5,2
2026-04-22,270233934,8,1,1
2026-04-22,300192119,8,2,0
2026-04-21,852223885,9,3,1
2026-04-21,300192119,8,2,1
2026-04-21,300192119,8,5,1
2026-04-21,251048940,8,5,1
2026-04-21,828212831,8,5,3
2026-04-21,300192119,8,3,0
2026-04-21,214192119,13,6,1
2026-04-21,300192119,8,10,5
2026-04-21,300192119,8,3,1
2026-04-21,283186153,8,4,1
2026-04-21,300192119,8,5,2
2026-04-21,300192119,8,8,5
2026-04-21,300167948,11,2,0
2026-04-21,251167948,8,2,2
2026-04-21,217234642,11,10,2
2026-04-21,265233306,8,5,3
2026-04-21,217234642,11,5,3
2026-04-20,214051539,8,7,2
2026-04-20,217234642,11,5,3
2026-04-20,300226753,7,6,2
2026-04-20,217234642,11,1,0
2026-04-19,217234642,11,6,3
2026-04-19,834230621,7,6,1
2026-04-19,206215316,13,7,4
2026-04-19,217234642,11,3,2
2026-04-19,217234642,11,4,2
2026-04-19,300228789,11,2,0
2026-04-19,217234642,11,4,1
2026-04-19,217234642,11,5,3
2026-04-19,284216065,8,7,6
2026-04-19,217234642,11,5,1
2026-04-19,265225116,8,3,1
2026-04-19,217234642,11,5,0
2026-04-19,517251752,8,6,3
2026-04-19,217234642,11,2,2
2026-04-19,283192448,10,5,3
2026-04-19,217234642,11,12,8
2026-04-19,251167495,8,7,4
2026-04-19,840242948,8,2,0
2026-04-19,217234642,11,5,1
2026-04-19,237192119,8,5,2
2026-04-19,217234642,11,2,1
2026-04-18,517240091,6,9,5
2026-04-18,217234642,11,3,1
2026-04-18,217234642,11,4,2
2026-04-18,201048940,8,3,1
2026-04-18,300192119,8,3,1
2026-04-18,300192119,8,1,1
2026-04-18,101238380,8,10,4
2026-04-18,300192119,8,3,2
2026-04-18,300192119,8,3,0
2026-04-18,846164835,8,13,5
2026-04-18,300192119,8,4,1
2026-04-18,300192119,8,6,3
2026-04-18,284216065,8,5,3
2026-04-18,830210941,9,5,3
2026-04-18,300192119,8,5,2
2026-04-18,300192119,8,6,6
2026-04-18,265233306,8,9,2
2026-04-18,300192119,8,10,6
2026-04-18,291262621,8,9,4
2026-04-18,517202811,8,2,2
2026-04-18,300192119,8,3,0
2026-04-17,300192119,8,8,6
2026-04-17,242212831,8,3,0
2026-04-17,300192119,8,4,1
2026-04-17,300192119,8,5,2
2026-04-17,233192119,9,5,1
2026-04-17,804250753,9,3,1
2026-04-17,300192119,8,5,2
2026-04-17,300192119,8,7,4
2026-04-17,265225116,8,1,0
2026-04-15,283211101,8,6,3
2026-04-15,300192119,8,2,0
2026-04-15,300192119,8,4,0
2026-04-15,268005479,8,8,4
2026-04-15,300234642,8,2,0
2026-04-15,300192119,8,3,2
2026-04-15,264190941,9,7,2
2026-04-15,300192119,8,7,1
2026-04-15,324024630,13,5,2
2026-04-15,300192119,8,2,1
2026-04-14,300192119,8,3,1
2026-04-14,300240225,13,5,1
2026-04-14,300192119,8,4,1
2026-04-14,291262621,8,4,0
2026-04-14,846212831,8,2,1
2026-04-14,300192119,8,7,4
2026-04-14,300192119,8,4,1
2026-04-14,825210257,10,5,2
2026-04-14,300215698,5,3,2
2026-04-14,300192119,8,3,2
2026-04-14,804263063,8,4,2
2026-04-14,300192119,8,2,1
2026-04-14,206024630,8,7,2
2026-04-14,300192119,8,8,5
2026-04-14,300192119,8,3,0
2026-04-14,300192119,8,5,4
2026-04-13,804262621,8,5,4
2026-04-13,300192119,8,7,3
2026-04-13,300192119,8,6,3
2026-04-13,324208104,13,8,2
2026-04-26,253192119,9,4,1
2026-04-26,101005479,8,5,4
2026-04-26,253192119,9,7,2
2026-04-26,253177683,8,11,7
2026-04-26,253192119,9,8,0
2026-04-26,845233267,8,6,1
2026-04-26,253192119,9,6,1
2026-04-26,291211738,10,11,6
2026-04-26,253192119,9,2,2
2026-04-26,853212432,8,4,3
2026-04-26,253192119,9,5,1
2026-04-26,291262621,8,2,1
2026-04-26,253192119,9,9,5
2026-04-26,515235073,8,4,1
2026-04-26,253192119,9,3,2
2026-04-26,206024630,13,6,2
2026-04-26,253192119,9,3,1
2026-04-26,517230872,8,6,3
2026-04-26,253192119,9,6,1
2026-04-26,270233267,9,4,1
2026-04-26,253192119,9,4,1
2026-04-26,265186153,8,2,1
2026-04-26,253192119,9,3,0
2026-04-26,815220407,8,6,2
2026-04-26,253192119,9,7,3
2026-04-26,206177644,13,5,0
2026-04-26,829005479,8,6,3
2026-04-26,253192119,9,3,0
2026-04-26,814234642,8,3,0
2026-04-26,253192119,9,9,4
2026-04-26,834210257,8,5,1
2026-04-26,253192119,9,3,2
2026-04-26,845234642,9,8,5
2026-04-26,253192119,9,5,0
2026-04-26,207051539,9,5,3
2026-04-26,253192119,9,6,3
2026-04-26,828209981,8,5,2
2026-04-26,253192119,9,4,2
2026-04-26,242192119,8,9,0
2026-04-26,253192119,9,5,1
2026-04-26,253192119,9,9,4
2026-04-26,206024630,12,4,2
2026-04-26,253192119,9,4,2
2026-04-26,508211101,13,4,4
2026-04-26,253192119,9,2,0
2026-04-26,324024630,13,7,2
2026-04-26,253192119,9,5,0
2026-04-26,300258885,13,4,0
2026-04-26,253192119,9,1,0
2026-04-26,201051539,8,4,0
2026-04-26,253192119,9,2,1
2026-04-26,216230621,8,4,1
2026-04-26,253192119,9,2,0
2026-04-26,300204092,13,1,1
2026-04-26,253192119,9,2,1
2026-04-26,828212831,8,5,3
2026-04-26,253192119,9,2,0
2026-04-26,231024630,8,9,2
2026-04-26,253192119,9,7,3
2026-04-26,300193105,8,5,0
2026-04-26,253192119,9,5,2
2026-04-26,242210257,8,5,1
2026-04-26,253192119,9,6,3
2026-04-26,265233306,8,7,3
2026-04-25,253192119,9,6,2
2026-04-25,283211101,9,4,1
2026-04-25,851220901,8,3,0
2026-04-25,253192119,9,8,3
2026-04-25,517202811,8,4,1
2026-04-25,253192119,9,5,1
2026-04-25,206193105,13,2,1
2026-04-25,253192119,9,3,1
2026-04-25,207212831,11,5,2
2026-04-25,253192119,9,6,1
2026-04-25,237210257,8,5,1
2026-04-25,253192119,9,2,1
2026-04-25,283230621,10,4,2
2026-04-25,253192119,9,6,1
2026-04-25,206177683,13,7,3
2026-04-25,253192119,9,1,1
2026-04-25,231164835,10,3,0
2026-04-25,253192119,9,4,1
2026-04-25,206177683,13,5,0
2026-04-25,253192119,9,5,0
2026-04-25,300210385,11,3,1
2026-04-25,253192119,9,5,1
2026-04-25,300260978,13,6,1
2026-04-25,253192119,9,5,1
2026-04-25,214001179,8,6,0
2026-04-25,253192119,9,7,3
2026-04-25,802163587,8,6,2
2026-04-25,253192119,9,7,2
2026-04-25,300172203,13,5,2
2026-04-25,253192119,9,5,2
2026-04-25,862212432,8,8,4
2026-04-25,253192119,9,5,3
2026-04-25,828230621,8,6,2
2026-04-25,253192119,9,10,6
2026-04-25,300224836,10,4,1
2026-04-25,253192119,9,6,3
2026-04-25,324024630,13,5,3
2026-04-25,253192119,9,3,1
2026-04-25,517251752,9,4,0
2026-04-25,253192119,9,6,2
2026-04-25,206024630,13,3,1
2026-04-24,253192119,9,3,1
2026-04-24,517212831,6,7,2
2026-04-24,253192119,9,3,0
2026-04-24,256210257,8,2,0
2026-04-24,253192119,9,5,1
2026-04-24,324024630,13,5,3
2026-04-24,253192119,9,3,0
2026-04-24,206203775,13,9,4
2026-04-24,253192119,9,6,2
2026-04-24,826193698,8,5,2
2026-04-24,253192119,9,6,2
2026-04-24,300186153,5,7,1
2026-04-24,253192119,9,3,0
2026-04-24,324024630,12,3,1
2026-04-24,253192119,9,2,1
2026-04-24,265234102,9,2,0
2026-04-24,253192119,9,5,0
2026-04-24,237212831,8,5,3
2026-04-24,253192119,9,1,0
2026-04-24,217212831,8,6,1
2026-04-24,253192119,9,4,2
2026-04-24,300243585,13,8,2
2026-04-24,253192119,9,3,1
2026-04-24,206203841,11,1,0
2026-04-24,253192119,9,4,1
2026-04-24,206024630,8,2,0
2026-04-24,253192119,9,4,2
2026-04-24,253168435,13,4,3
2026-04-24,253192119,9,6,4
2026-04-24,804262621,8,3,2
2026-04-24,253192119,9,3,0
2026-04-24,206189117,13,7,2
2026-04-24,253192119,9,4,1
2026-04-24,846212831,8,4,2
2026-04-24,253192119,9,4,1
2026-04-24,253168435,13,8,6
2026-04-23,253192119,9,3,0
2026-04-23,511233306,8,5,1
2026-04-23,253192119,9,6,2
2026-04-23,829204883,8,2,2
2026-04-23,253192119,9,1,1
2026-04-23,206182494,13,4,2
2026-04-23,253192119,9,2,0
2026-04-23,300246671,13,8,4
2026-04-22,253192119,9,5,2
2026-04-22,207051539,8,5,2
2026-04-22,253192119,9,6,2
2026-04-22,253192119,8,4,0
2026-04-22,253192119,9,1,1
2026-04-22,214192119,11,6,4
2026-04-22,253192119,9,7,3
2026-04-22,207000488,13,4,2
2026-04-22,253192119,9,6,3
2026-04-22,825192119,8,2,0
2026-04-22,253192119,9,3,2
2026-04-22,300246139,13,1,1
2026-04-22,253192119,9,4,0
2026-04-22,300239559,12,6,3
2026-04-22,253192119,9,1,1
2026-04-22,270233934,9,5,4
2026-04-19,253192119,9,5,3
2026-04-19,300243675,13,2,1
2026-04-19,253192119,9,6,1
2026-04-19,206177683,13,5,2
2026-04-19,253192119,9,4,1
2026-04-19,265192119,8,6,4
2026-04-19,253192119,9,3,0
2026-04-19,206024630,13,3,2
2026-04-19,253192119,9,2,0
2026-04-19,265192119,9,6,3
2026-04-19,253192119,9,9,5
2026-04-19,825212831,8,3,0
2026-04-19,280215698,8,3,0
2026-04-19,253192119,9,6,4
2026-04-19,300186153,8,8,3
2026-04-19,253192119,9,7,3
2026-04-19,323178086,8,4,2
2026-04-19,253192119,9,4,0
2026-04-19,251186153,11,3,0
2026-04-19,253192119,9,1,0
2026-04-19,828200389,8,9,3
2026-04-19,253192119,9,1,1
2026-04-19,265225116,8,3,1
2026-04-19,253192119,9,5,1
2026-04-19,830232065,8,6,1
2026-04-19,253192119,9,1,1
2026-04-19,216192448,8,4,0
2026-04-19,253192119,9,2,0
2026-04-19,206024630,10,3,0
2026-04-18,253192119,9,1,1
2026-04-18,289192119,9,4,1
2026-04-18,253192119,9,6,2
2026-04-18,300234642,13,1,0
2026-04-18,253192119,9,9,6
2026-04-18,216192448,9,3,0
2026-04-18,253192119,9,1,1
2026-04-18,206230621,8,6,3
2026-04-18,253192119,9,1,1
2026-04-18,206215316,13,5,0
2026-04-18,253192119,9,10,3
2026-04-18,206024630,13,5,1
2026-04-18,233192119,8,1,0
2026-04-18,253192119,9,6,2
2026-04-18,806212432,8,6,0
2026-04-18,253192119,9,8,2
2026-04-18,265233306,8,1,0
2026-04-18,253192119,9,3,0
2026-04-18,806212432,8,2,1
2026-04-17,253192119,9,3,2
2026-04-17,270233934,8,6,3
2026-04-17,253192119,9,4,0
2026-04-17,101000488,8,3,2
2026-04-17,253192119,9,1,0
2026-04-17,217177683,13,4,2
2026-04-17,253192119,9,4,1
2026-04-17,852048940,8,1,1
2026-04-27,300167495,8,3,2
2026-04-27,237190053,10,4,1
2026-04-27,265233306,9,4,3
2026-04-27,237190053,10,2,0
2026-04-27,237190053,10,7,6
2026-04-27,283186569,8,7,4
2026-04-27,237190053,10,5,1
2026-04-27,802163587,9,6,1
2026-04-27,237190053,10,3,1
2026-04-27,206048940,11,5,2
2026-04-25,300220407,13,5,1
2026-04-25,237190053,10,6,3
2026-04-25,237190053,10,5,1
2026-04-25,300228279,13,4,1
2026-04-25,826204935,9,7,5
2026-04-25,237190053,10,5,2
2026-04-25,237190053,10,7,3
2026-04-25,300192448,6,6,0
2026-04-25,237190053,10,11,6
2026-04-25,300215316,13,5,0
2026-04-25,237190053,10,4,1
2026-04-25,237190053,10,10,6
2026-04-25,300269271,13,3,0
2026-04-25,834230621,8,1,0
2026-04-25,237190053,10,6,1
2026-04-25,300172723,13,6,3
2026-04-25,237190053,10,5,1
2026-04-25,237190053,10,3,1
2026-04-25,324024630,12,5,1
2026-04-25,852048940,8,6,2
2026-04-25,237190053,10,2,0
2026-04-25,234173373,9,3,0
2026-04-25,237190053,10,7,2
2026-04-25,251186153,12,5,4
2026-04-25,237190053,10,3,1
2026-04-25,291211738,9,5,3
2026-04-25,237190053,10,2,1
2026-04-25,237190053,10,4,1
2026-04-25,829204883,8,7,2
2026-04-24,237190053,10,5,3
2026-04-24,845234642,8,6,2
2026-04-24,237190053,10,2,1
2026-04-24,804263063,8,5,2
2026-04-24,300243675,13,5,2
2026-04-24,237190053,10,13,5
2026-04-24,264190941,10,13,6
2026-04-24,237190053,10,3,2
2026-04-24,840209981,8,8,3
2026-04-24,237190053,10,2,0
2026-04-24,237190053,10,5,3
2026-04-24,825051539,8,4,4
2026-04-24,237190053,10,5,2
2026-04-24,251192119,8,7,3
2026-04-24,237190053,10,11,6
2026-04-24,237190053,10,10,7
2026-04-24,237190053,10,7,5
2026-04-24,802192448,9,5,0
2026-04-24,237190053,10,8,6
2026-04-24,834215698,8,9,3
2026-04-24,237190053,10,9,4
2026-04-24,246186569,8,9,6
2026-04-24,237190053,10,4,2
2026-04-24,284146748,8,3,1
2026-04-24,237190053,10,6,1
2026-04-24,237190053,10,8,3
2026-04-24,517211738,8,3,1
2026-04-24,291262621,8,2,2
2026-04-24,237190053,10,3,0
2026-04-24,324024630,13,3,1
2026-04-24,237190053,10,5,1
2026-04-24,834190941,8,2,1
2026-04-24,237190053,10,11,4
2026-04-24,237190053,10,3,1
2026-04-24,291220901,9,5,3
2026-04-24,237190053,10,5,3
2026-04-24,300243675,13,2,1
2026-04-24,207051539,8,4,2
2026-04-24,237190053,10,8,4
2026-04-20,246193105,9,3,3
2026-04-20,828200389,8,5,4
2026-04-20,265186153,8,2,0
2026-04-20,246193105,9,7,1
2026-04-20,237210257,8,2,1
2026-04-20,246193105,9,5,1
2026-04-20,246193105,9,5,3
2026-04-20,206193080,10,1,0
2026-04-20,280215698,8,1,0
2026-04-20,246193105,9,7,2
2026-04-19,246193105,9,5,2
2026-04-19,253167948,8,4,2
2026-04-19,324024630,13,6,2
2026-04-19,246193105,9,4,1
2026-04-19,253230621,9,6,2
2026-04-19,246193105,9,4,1
2026-04-19,246193105,9,8,3
2026-04-19,826192563,10,13,6
2026-04-19,237210257,8,6,3
2026-04-19,246193105,9,7,5
2026-04-19,291262621,8,5,3
2026-04-19,246193105,9,5,4
2026-04-19,246193105,9,3,0
2026-04-19,234164835,13,2,0
2026-04-19,827048940,9,3,1
2026-04-19,246193105,9,4,1
2026-04-19,251048940,9,4,1
2026-04-19,246193105,9,12,5
2026-04-19,268005479,9,5,1
2026-04-19,246193105,9,4,0
2026-04-17,845242179,8,5,3
2026-04-17,246193105,9,4,3
2026-04-17,300167495,8,4,2
2026-04-17,246193105,9,6,2
2026-04-17,216192448,8,5,2
2026-04-17,246193105,9,8,1
2026-04-17,246193105,9,5,3
2026-04-17,214051539,8,6,1
2026-04-17,246193105,9,5,0
2026-04-17,237210257,8,4,1
2026-04-17,246193105,9,3,0
2026-04-17,300186153,8,2,2
2026-04-17,246193105,9,4,2
2026-04-17,300192563,13,3,0
2026-04-17,246193105,9,2,2
2026-04-17,206188943,13,6,3
2026-04-17,207051539,9,6,1
2026-04-17,246193105,9,5,3
2026-04-17,289192119,8,3,2
2026-04-17,246193105,9,8,3
2026-04-17,201048940,8,1,0
2026-04-17,246193105,9,8,1
2026-04-17,246193105,9,7,2
2026-04-17,300238186,13,6,1
2026-04-17,246193105,9,2,1
2026-04-17,216192448,8,5,3
2026-04-17,828215698,8,2,1
2026-04-17,246193105,9,6,2
2026-04-16,216234642,12,3,1
2026-04-16,246193105,9,7,3
2026-04-16,246193105,9,4,2
2026-04-16,289051539,8,6,2
2026-04-16,246193105,9,2,1
2026-04-16,234190053,8,6,4
2026-04-16,246193105,9,7,4
2026-04-16,253167495,8,4,2
2026-04-16,289051539,9,4,2
2026-04-16,246193105,9,4,1
2026-04-16,851230872,8,4,2
2026-04-16,246193105,9,1,1
2026-04-16,828192448,8,7,2
2026-04-16,246193105,9,4,2
2026-04-16,206024630,12,5,2
2026-04-16,246193105,9,5,2
2026-04-16,840192119,8,3,0
2026-04-16,246193105,9,7,3
2026-04-16,318172723,8,2,1
2026-04-16,265192119,8,4,1
2026-04-15,256167495,8,6,2
2026-04-15,246193105,9,4,1
2026-04-15,246193105,9,11,5
2026-04-15,206199482,8,7,3
2026-04-14,101000488,5,5,2
2026-04-14,246193105,9,5,4
2026-04-14,246193105,9,6,3
2026-04-14,234192119,8,3,2
2026-04-14,804262621,9,3,0
2026-04-14,246193105,9,4,3
2026-04-14,840215316,8,6,5
2026-04-14,246193105,9,10,6
2026-04-14,517254803,8,5,2
2026-04-14,246193105,9,3,2
2026-04-14,207190053,13,3,1
2026-04-14,246193105,9,4,0
2026-04-14,834215698,8,3,1
2026-04-14,246193105,9,5,1
2026-04-14,246193105,9,14,12
2026-04-14,300230621,8,3,1
2026-04-13,300277669,13,5,2
2026-04-13,246193105,9,5,3
2026-04-13,206177683,13,7,3
2026-04-13,246193105,9,5,2
2026-04-13,246193105,9,6,2
2026-04-13,828215698,8,3,1
2026-04-13,300167948,13,6,3
2026-04-13,246193105,9,4,2
2026-04-13,852186153,8,4,0
2026-04-13,246193105,9,8,7
2026-04-13,246193105,9,7,4
2026-04-13,804263063,9,3,1
2026-04-13,513215698,8,7,5
2026-04-13,246193105,9,5,1
2026-04-13,246193105,9,4,1
2026-04-13,207210257,9,4,0
2026-04-13,300210257,8,7,2
2026-04-13,246193105,9,3,3
2026-04-13,265233306,9,5,2
2026-04-13,829220901,8,1,0
2026-04-13,246193105,9,4,2
2026-04-13,265225116,8,5,2
2026-04-13,246193105,9,5,3
2026-04-27,283224251,10,3,1
2026-04-27,300167495,8,4,1
2026-04-27,300212831,8,5,3
2026-04-27,300167495,8,4,1
2026-04-27,810225116,8,3,1
2026-04-27,300167495,8,4,1
2026-04-27,324024630,13,4,3
2026-04-27,300167495,8,4,0
2026-04-27,840193080,8,4,2
2026-04-27,300167495,8,2,1
2026-04-27,851210676,8,3,2
2026-04-27,300167495,8,3,0
2026-04-27,862212432,8,7,4
2026-04-27,300167495,8,3,0
2026-04-26,283167495,8,5,3
2026-04-26,300167495,8,3,0
2026-04-26,804262621,8,3,2
2026-04-26,300167495,8,3,1
2026-04-26,806212432,9,2,0
2026-04-26,222192448,12,4,0
2026-04-26,300167495,8,3,0
2026-04-26,844199641,10,3,3
2026-04-26,300167495,8,6,4
2026-04-25,283186153,10,5,2
2026-04-25,234167495,8,5,3
2026-04-25,826226753,11,1,1
2026-04-25,234167495,8,8,6
2026-04-25,234167495,8,3,0
2026-04-25,845242179,8,5,2
2026-04-25,234167495,8,4,2
2026-04-25,300164835,13,3,2
2026-04-25,234167495,8,7,5
2026-04-25,283167495,9,1,0
2026-04-25,234167495,8,9,6
2026-04-25,300220901,5,4,1
2026-04-25,234167495,8,10,8
2026-04-25,206024630,8,4,2
2026-04-25,234167495,8,2,0
2026-04-23,300186153,5,2,0
2026-04-23,234167495,8,2,1
2026-04-23,246211990,9,4,1
2026-04-23,234167495,8,6,1
2026-04-21,834212831,8,6,3
2026-04-21,234167495,8,8,3
2026-04-21,216192448,8,5,1
2026-04-21,234167495,8,7,2
2026-04-20,804263063,8,7,2
2026-04-20,234167495,8,3,3
2026-04-20,265233306,8,4,0
2026-04-20,234167495,8,3,2
2026-04-20,265233306,8,7,1
2026-04-20,234167495,8,2,0
2026-04-20,206005479,13,4,0
2026-04-20,234167495,8,7,3
2026-04-20,828192448,8,3,1
2026-04-20,234167495,8,4,2
2026-04-20,517177683,9,5,2
2026-04-20,234167495,8,4,1
2026-04-20,300224836,8,5,0
2026-04-20,234167495,8,4,2
2026-04-20,206024630,9,1,1
2026-04-20,234167495,8,5,2
2026-04-20,848167948,8,2,1
2026-04-20,234167495,8,2,1
2026-04-20,206167948,13,3,2
2026-04-20,234167495,8,8,4
2026-04-20,234167495,8,6,2
2026-04-20,206167948,13,4,4
2026-04-20,234167495,8,3,1
2026-04-20,270221087,10,6,2
2026-04-20,234167495,8,4,3
2026-04-20,834230621,8,4,2
2026-04-20,234167495,8,7,4
2026-04-20,264230621,8,4,2
2026-04-20,234167495,8,7,3
2026-04-20,834235840,8,8,3
2026-04-20,234167495,8,7,2
2026-04-19,216230621,8,4,1
2026-04-19,234167495,8,3,0
2026-04-19,856203841,8,5,3
2026-04-19,234167495,8,4,0
2026-04-18,283186153,8,6,2
2026-04-18,234167495,8,4,2
2026-04-18,828215698,8,4,3
2026-04-18,234167495,8,4,2
2026-04-17,834230621,8,7,4
2026-04-17,234167495,8,6,4
2026-04-17,253192119,8,7,4
2026-04-17,234167495,8,1,0
2026-04-17,253192119,8,6,0
2026-04-17,234167495,8,3,1
2026-04-17,234167495,8,4,1
2026-04-17,501230621,8,4,2
2026-04-17,234167495,8,7,5
2026-04-17,234051539,8,4,1
2026-04-17,234167495,8,5,1
2026-04-17,265233306,8,7,5
2026-04-17,234167495,8,3,1
2026-04-17,825192448,9,5,3
2026-04-17,234167495,8,3,2
2026-04-17,845233267,8,5,2
2026-04-17,234167495,8,3,1
2026-04-17,291192984,10,1,0
2026-04-17,234167495,8,5,4
2026-04-17,300210358,13,4,1
2026-04-17,234167495,8,1,0
2026-04-14,234167495,8,4,1
2026-04-14,300215698,8,1,0
2026-04-14,234167495,8,15,9
2026-04-14,253177683,8,6,3
2026-04-14,234167495,8,5,1
2026-04-13,101238380,8,3,3
2026-04-13,234167495,8,6,3
2026-04-13,246199987,8,3,2
2026-04-13,234167495,8,3,2
2026-04-13,252048940,9,6,3
2026-04-13,234167495,8,7,4
2026-04-13,253192119,8,10,5
2026-04-13,234167495,8,6,2
2026-04-13,300192119,8,3,1
2026-04-13,234167495,8,5,3
2026-04-13,206192448,12,3,1
2026-04-13,234167495,8,6,2
2026-04-13,851204935,9,4,1
2026-04-13,234167495,8,7,3
2026-04-27,825243952,8,8,5
2026-04-27,233192119,7,3,2
2026-04-27,233192119,7,10,4
2026-04-27,231024630,8,3,2
2026-04-27,848210257,8,7,2
2026-04-27,233192119,7,6,2
2026-04-27,834220901,8,2,1
2026-04-27,233192119,7,3,0
2026-04-27,291262621,8,4,0
2026-04-27,233192119,7,3,2
2026-04-27,300193105,8,4,0
2026-04-27,233192119,7,5,2
2026-04-27,834212831,8,3,1
2026-04-27,233192119,7,6,4
2026-04-27,206192119,7,5,2
2026-04-27,300192119,9,2,2
2026-04-27,233192119,7,5,2
2026-04-27,206024630,11,6,1
2026-04-27,233192119,7,5,1
2026-04-27,233192119,7,5,2
2026-04-27,862212432,8,4,2
2026-04-27,233192119,7,5,2
2026-04-27,233192119,7,2,1
2026-04-27,231199987,8,3,1
2026-04-27,300203841,8,3,2
2026-04-27,233192119,7,5,3
2026-04-27,844224836,8,4,3
2026-04-27,233192119,7,7,1
2026-04-26,515230621,8,1,1
2026-04-26,233192119,7,3,2
2026-04-26,291220901,8,1,1
2026-04-26,233192119,7,5,3
2026-04-26,265233306,8,6,4
2026-04-26,233192119,7,3,3
2026-04-25,300192448,5,1,1
2026-04-25,233192119,7,11,8
2026-04-25,206215316,13,5,1
2026-04-25,233192119,7,5,2
2026-04-25,300224041,13,4,1
2026-04-25,233192119,7,4,1
2026-04-25,251192119,8,3,0
2026-04-25,206192119,6,8,5
2026-04-25,253177683,9,5,1
2026-04-25,233192119,7,3,0
2026-04-24,206192119,8,3,0
2026-04-24,233192119,7,6,4
2026-04-24,233192119,7,3,0
2026-04-24,274005479,9,4,2
2026-04-24,233192119,7,5,2
2026-04-24,233192119,7,7,3
2026-04-24,825210257,10,2,1
2026-04-24,214167495,8,2,0
2026-04-24,233192119,7,8,2
2026-04-23,233192119,7,6,4
2026-04-23,206177683,13,3,0
2026-04-22,300230621,8,4,1
2026-04-22,233192119,7,1,0
2026-04-22,233192119,7,6,2
2026-04-22,280230621,8,4,3
2026-04-22,300219836,13,5,1
2026-04-22,233192119,7,5,2
2026-04-22,233192119,7,7,3
2026-04-22,246199987,8,4,1
2026-04-22,233192119,7,6,5
2026-04-22,834202811,11,4,0
2026-04-22,253167495,9,5,2
2026-04-22,233192119,7,6,2
2026-04-22,834167495,8,2,1
2026-04-22,233192119,7,5,2
2026-04-22,300186153,8,4,1
2026-04-22,324024630,13,2,0
2026-04-22,256210257,8,2,1
2026-04-22,233192119,7,6,3
2026-04-22,270233934,9,4,2
2026-04-22,233192119,7,5,3
2026-04-22,845190053,8,6,1
2026-04-22,233192119,7,5,3
2026-04-22,206024630,12,3,1
2026-04-22,233192119,7,6,3
2026-04-22,233192119,7,7,3
2026-04-22,206024630,13,5,1
2026-04-22,210193080,8,2,0
2026-04-22,233192119,7,5,1
2026-04-22,206203775,11,3,0
2026-04-22,233192119,7,4,2
2026-04-22,217234642,13,3,1
2026-04-22,233192119,7,7,5
2026-04-22,264210385,9,1,0
2026-04-22,233192119,7,5,2
2026-04-21,265234102,8,5,1
2026-04-21,233192119,7,4,1
2026-04-21,846193080,8,1,0
2026-04-21,233192119,7,4,0
2026-04-21,825192119,8,4,1
2026-04-21,233192119,7,7,5
2026-04-21,300215698,8,3,1
2026-04-21,233192119,7,6,3
2026-04-21,233192119,7,8,2
2026-04-21,206024630,12,1,1
2026-04-21,233192119,7,3,1
2026-04-21,234192119,8,8,1
2026-04-21,500230621,8,1,0
2026-04-21,233192119,7,8,2
2026-04-21,840193080,9,2,0
2026-04-21,233192119,7,5,2
2026-04-21,270215223,9,5,3
2026-04-21,233192119,7,5,2
2026-04-21,283170597,8,4,1
2026-04-21,233192119,7,6,4
2026-04-21,851204935,8,4,1
2026-04-21,233192119,7,3,2
2026-04-21,233192119,7,6,1
2026-04-21,825210257,8,2,1
2026-04-21,829199987,8,2,1
2026-04-21,233192119,7,2,1
2026-04-21,233192119,7,16,4
2026-04-21,300195668,13,1,0
2026-04-21,233192119,7,5,0
2026-04-21,825210257,8,8,3
2026-04-21,233192119,6,7,2
2026-04-21,834230621,8,5,0
2026-04-21,233192119,6,5,2
2026-04-21,802051539,8,4,1
2026-04-21,233192119,6,8,6
2026-04-21,233192119,6,8,3
2026-04-21,233192119,6,8,3
2026-04-21,856200389,8,4,0
2026-04-21,233192119,6,5,3
2026-04-21,511203841,9,2,0
2026-04-21,840215316,8,6,2
2026-04-21,233192119,6,4,2
2026-04-21,233192119,6,9,5
2026-04-21,233192119,6,2,1
2026-04-21,840206585,8,4,2
2026-04-21,848225116,8,3,0
2026-04-21,233192119,6,5,3
2026-04-21,283230621,9,4,1
2026-04-21,233192119,6,3,0
2026-04-21,253167948,9,3,1
2026-04-21,233192119,6,6,4
2026-04-21,252167948,8,7,2
2026-04-21,233192119,6,5,1
2026-04-21,265225116,8,5,2
2026-04-21,233192119,6,5,3
2026-04-18,233192119,6,3,2
2026-04-18,300192119,8,6,0
2026-04-18,251051539,8,1,0
2026-04-18,233192119,6,1,0
2026-04-18,265233306,8,5,1
2026-04-18,233192119,6,2,0
2026-04-18,233192119,6,5,4
2026-04-18,206212831,11,4,2
2026-04-18,233192119,6,3,1
2026-04-18,253167495,8,7,6
2026-04-18,233192119,6,5,4
2026-04-18,829235073,8,4,3
2026-04-18,233192119,6,5,3
2026-04-18,217212831,8,4,3
2026-04-18,233192119,6,7,3
2026-04-18,828212831,9,2,0
2026-04-18,233192119,6,3,0
2026-04-18,233192119,6,6,1
2026-04-18,300212831,8,3,1
2026-04-18,300199987,8,2,0
2026-04-18,233192119,6,3,1
2026-04-18,517192563,8,3,0
2026-04-18,233192119,6,5,3
2026-04-18,246186569,8,7,2
2026-04-18,233192119,6,2,0
2026-04-18,216200389,8,4,3
2026-04-18,233192119,6,4,2
2026-04-18,802051539,8,8,3
2026-04-18,233192119,6,5,1
2026-04-17,293212432,8,2,0
2026-04-17,233192119,6,5,1
2026-04-17,834252154,11,1,0
2026-04-17,233192119,6,6,1
2026-04-17,233192119,6,6,1
2026-04-17,802051539,9,2,0
2026-04-17,233192119,6,2,2
2026-04-17,834230621,8,4,1
2026-04-17,233192119,6,4,1
2026-04-17,233192119,6,4,1
2026-04-17,848190941,8,2,0
2026-04-17,300228279,13,3,0
2026-04-17,233192119,6,6,2
2026-04-17,834230621,8,4,3
2026-04-17,233192119,6,5,2
2026-04-17,810225116,8,4,0
2026-04-17,233192119,6,3,1
2026-04-17,829204883,8,6,2
2026-04-17,233192119,6,6,3
2026-04-17,517220901,8,5,2
2026-04-17,233192119,6,5,2
2026-04-16,206024630,13,2,2
2026-04-16,289192119,8,5,1
2026-04-16,291211738,9,1,0
2026-04-16,289192119,8,2,1
2026-04-16,289192119,8,6,1
2026-04-16,845234642,9,2,1
2026-04-16,265234102,8,6,3
2026-04-16,289192119,8,6,4
2026-04-16,289192119,8,4,3
2026-04-16,806212432,8,4,2
2026-04-16,814048940,8,3,0
2026-04-16,289192119,8,11,6
2026-04-16,289192119,8,4,2
2026-04-16,834173426,8,2,0
2026-04-16,265234102,9,6,5
2026-04-16,289192119,8,6,1
2026-04-15,283167495,8,6,2
2026-04-15,289192119,8,2,1
2026-04-15,206024630,9,5,1
2026-04-15,289192119,8,5,2
2026-04-15,289192119,8,6,4
2026-04-15,300246139,13,4,3
2026-04-15,300167495,8,4,1
2026-04-15,289192119,8,6,5
2026-04-15,216200389,8,7,2
2026-04-15,254048940,8,6,1
2026-04-15,289192119,8,5,2
2026-04-15,289192119,8,9,3
2026-04-15,251192119,8,2,1
2026-04-15,251167495,8,5,3
2026-04-15,289192119,8,6,3
2026-04-15,289192119,8,6,2
2026-04-15,289192119,8,8,4
2026-04-15,265234102,9,3,0
2026-04-15,856226300,8,2,0
2026-04-15,289192119,8,4,3
2026-04-15,264230621,8,6,0
2026-04-15,289192119,8,7,2
2026-04-15,828200389,8,3,0
2026-04-15,289192119,8,5,3
2026-04-15,218199987,6,4,2
2026-04-15,289192119,8,9,6
2026-04-15,251192119,8,5,0
2026-04-15,289192119,8,2,1
2026-04-15,274192119,9,8,4
2026-04-15,289192119,8,8,8
2026-04-15,289192119,8,5,2
2026-04-15,828200389,10,2,2
2026-04-15,289192119,8,8,4
2026-04-15,289192119,8,5,3
2026-04-15,206192448,8,3,1
2026-04-15,270193105,8,6,4
2026-04-15,289192119,8,1,0
2026-04-15,268051539,8,4,2
2026-04-15,289192119,8,1,1
2026-04-15,207051539,9,6,3
2026-04-15,289192119,8,8,4
2026-04-13,818167495,8,4,0
2026-04-13,289192119,8,4,3
2026-04-13,289192119,8,7,2
2026-04-13,806212432,8,4,0
2026-04-13,289192119,8,6,1
2026-04-13,289192119,8,10,2
2026-04-13,216188943,11,5,1
2026-04-13,289192119,8,2,1
2026-04-13,289192119,8,4,3
2026-04-13,231173373,10,3,0
2026-04-13,289192119,8,3,2
2026-04-13,256186153,8,7,4
2026-04-13,289192119,8,5,2
2026-04-13,237212831,5,1,1
2026-04-13,289192119,8,2,1
2026-04-13,289192119,8,4,1
2026-04-13,802167495,8,2,0
2026-04-13,517200389,8,6,2
2026-04-13,289192119,8,1,0
2026-04-13,289192119,8,3,2
2026-04-13,216162835,9,3,0
2026-04-13,517230869,9,6,3
2026-04-13,289192119,8,3,1
2026-04-13,206024630,13,2,1
2026-04-13,289192119,8,7,7
2026-04-13,828192448,8,2,0
2026-04-13,289192119,8,5,2
2026-04-13,289192119,8,2,0
2026-04-13,289192119,8,5,2
2026-04-13,217204935,8,1,0
2026-04-13,289192119,8,6,2
2026-04-13,840242948,8,5,2
2026-04-13,289192119,8,7,4
2026-04-13,234162835,8,6,0
2026-04-13,289192119,8,7,4
2026-04-13,289192119,8,8,5
2026-04-13,214192119,12,2,0
2026-04-13,289192119,8,7,5
2026-04-13,856228789,5,1,0
2026-04-13,289192119,8,1,1
2026-04-13,265192119,8,3,0
2026-04-13,289192119,8,3,0
2026-04-13,242210257,8,2,2
2026-04-13,300235840,13,1,0
2026-04-13,289192119,8,6,2
2026-04-13,802167495,8,2,1
2026-04-13,289192119,8,12,4
2026-04-13,274192119,8,1,0
2026-04-13,289192119,8,7,3
2026-04-13,825192448,8,5,3
2026-04-13,289192119,8,4,1
2026-04-13,251192119,8,5,1
2026-04-13,289192119,8,6,5
2026-04-13,256186153,8,2,0
2026-04-13,289192119,8,3,1
2026-04-26,840192119,8,5,2
2026-04-26,300234642,9,6,0
2026-04-26,300234642,9,10,4
2026-04-26,300219836,13,6,1
2026-04-26,214186569,13,9,4
2026-04-26,300234642,9,8,3
2026-04-26,206024630,12,6,5
2026-04-26,253167948,9,3,1
2026-04-26,300234642,9,5,1
2026-04-26,300234642,9,5,4
2026-04-26,206188943,13,6,4
2026-04-26,300234642,9,3,3
2026-04-26,206206585,11,6,0
2026-04-26,246211990,9,7,3
2026-04-26,300234642,9,8,3
2026-04-26,834190941,8,2,0
2026-04-26,300234642,9,6,5
2026-04-26,101000488,8,7,4
2026-04-26,300234642,9,2,1
2026-04-26,300234642,9,6,3
2026-04-26,300192119,8,8,3
2026-04-26,289051539,8,10,6
2026-04-26,300234642,9,6,4
2026-04-26,300234642,9,8,2
2026-04-26,828192119,8,7,3
2026-04-26,300234642,9,1,1
2026-04-26,231193041,9,3,0
2026-04-26,233192119,9,10,4
2026-04-26,300234642,9,7,3
2026-04-26,300234642,9,5,2
2026-04-26,231193080,8,5,2
2026-04-26,802200389,8,8,6
2026-04-26,300234642,9,5,2
2026-04-26,300212831,8,4,3
2026-04-26,300234642,9,6,1
2026-04-26,828226753,8,8,3
2026-04-26,300234642,9,6,1
2026-04-26,300234642,9,5,2
2026-04-26,216192448,8,5,2
2026-04-26,300234642,9,3,1
2026-04-26,827048940,8,6,2
2026-04-26,300212831,8,5,1
2026-04-26,300234642,9,9,3
2026-04-25,231193080,8,1,0
2026-04-25,300234642,9,5,1
2026-04-25,300202811,5,5,0
2026-04-25,300234642,9,10,4
2026-04-25,300234642,9,2,0
2026-04-25,231024630,8,4,1
2026-04-25,300234642,9,6,0
2026-04-25,207051539,9,3,2
2026-04-25,300234642,9,6,0
2026-04-25,264190941,8,4,1
2026-04-24,300234642,9,5,1
2026-04-24,300243675,13,9,4
2026-04-24,829235073,8,7,2
2026-04-24,300234642,9,5,2
2026-04-24,300234642,9,1,1
2026-04-24,251051539,8,6,0
2026-04-24,300234642,9,4,3
2026-04-24,840215316,8,7,2
2026-04-24,300234642,9,5,1
2026-04-24,234192119,8,2,1
2026-04-24,300234642,9,3,2
2026-04-24,517220901,8,7,3
2026-04-24,300192448,8,4,0
2026-04-24,300173426,13,10,4
2026-04-24,300234642,9,8,3
2026-04-24,300234642,9,6,2
2026-04-24,300243952,8,13,7
2026-04-24,845016254,8,8,4
2026-04-24,300234642,9,4,2
2026-04-24,294238570,8,9,5
2026-04-24,300234642,9,6,1
2026-04-24,251167495,8,11,7
2026-04-24,828215698,8,12,5
2026-04-24,300234642,9,4,2
2026-04-24,300234642,9,6,1
2026-04-24,862212432,8,10,3
2026-04-24,300234642,9,4,2
2026-04-24,206177683,13,9,5
2026-04-24,828167495,8,5,3
2026-04-24,217212831,8,1,0
2026-04-24,300203042,11,4,1
2026-04-24,300203042,11,6,2
2026-04-24,246193105,8,6,1
2026-04-24,300203042,11,4,0
2026-04-24,256186569,8,4,1
2026-04-23,300203042,11,5,1
2026-04-23,207051539,9,2,2
2026-04-23,300203042,11,7,1
2026-04-23,237051539,9,7,3
2026-04-23,300203042,11,6,1
2026-04-23,834210257,8,7,4
2026-04-23,300203042,11,5,1
2026-04-23,508167495,13,4,2
2026-04-23,256186153,8,3,3
2026-04-23,300203042,11,11,3
2026-04-23,289192119,8,9,2
2026-04-23,300203042,11,8,3
2026-04-23,300203042,11,5,0
2026-04-23,256005479,9,7,4
2026-04-23,300203042,11,5,3
2026-04-23,826192563,9,7,2
2026-04-23,834215223,8,6,1
2026-04-23,300203042,11,1,0
2026-04-23,300203042,11,4,0
2026-04-23,256192448,8,7,2
2026-04-23,206024630,13,5,2
2026-04-23,300203042,11,9,1
2026-04-23,845234642,8,10,7
2026-04-23,300203042,11,6,1
2026-04-22,300203042,11,7,5
2026-04-22,804262621,8,2,1
2026-04-22,802163587,8,9,6
2026-04-22,300203042,11,5,1
2026-04-21,300203042,11,7,2
2026-04-21,206206585,12,8,2
2026-04-21,207212831,10,3,1
2026-04-21,300203042,11,6,3
2026-04-21,825192448,9,7,5
2026-04-21,300203042,11,5,3
2026-04-21,237210257,8,4,1
2026-04-21,300203042,11,3,2
2026-04-21,256199987,8,6,4
2026-04-21,300203042,11,8,3
2026-04-21,300167495,8,7,3
2026-04-21,300203042,11,7,2
2026-04-21,265233306,8,3,1
2026-04-21,300203042,11,1,1
2026-04-21,206188943,12,7,2
2026-04-21,828212831,8,5,3
2026-04-21,300203042,11,3,1
2026-04-21,300203042,11,5,1
2026-04-21,300192119,8,2,2
2026-04-20,829192448,8,1,1
2026-04-20,300203042,11,2,0
2026-04-20,300203042,11,7,1
2026-04-20,283186153,8,4,1
2026-04-20,300203042,11,4,3
2026-04-20,515212831,8,3,2
2026-04-20,300203042,11,5,1
2026-04-20,300259532,8,8,3
2026-04-20,300203042,11,4,2
2026-04-20,246190778,8,2,1
2026-04-20,300203042,11,5,2
2026-04-20,300192119,8,8,1
2026-04-20,300203042,11,4,1
2026-04-20,517235840,8,8,4
2026-04-20,291262621,8,7,2
2026-04-20,300203042,11,4,0
2026-04-20,300203042,11,6,1
2026-04-20,834220901,8,3,2
2026-04-20,300203042,11,3,0
2026-04-20,265192119,9,9,4
2026-04-20,300203042,10,4,1
2026-04-20,851210676,9,5,3
2026-04-20,300228789,9,3,2
2026-04-20,300203042,10,4,2
2026-04-20,300203042,10,8,3
2026-04-20,270233934,8,7,1
2026-04-20,300203042,10,3,1
2026-04-20,252162835,8,3,2
2026-04-20,300203042,10,8,4
2026-04-20,265186153,8,6,3
2026-04-20,300203042,10,1,0
2026-04-20,210230621,9,6,3
2026-04-20,829192119,8,8,4
2026-04-20,300203042,10,3,2
2026-04-20,300203042,10,7,3
2026-04-20,237210257,8,5,0
2026-04-20,300203042,10,7,1
2026-04-20,289192119,8,4,2
2026-04-20,300203042,10,5,1
2026-04-20,268051539,8,5,2
2026-04-20,253167495,8,3,0
2026-04-20,300203042,10,1,0
2026-04-20,828230621,8,6,0
2026-04-20,300203042,10,7,5
2026-04-20,300203042,10,3,1
2026-04-20,845230869,8,2,0
2026-04-20,300203042,10,2,0
2026-04-20,206210257,11,5,2
2026-04-19,300203042,8,8,1
2026-04-19,206024630,12,5,0
2026-04-19,300203042,8,2,0
2026-04-19,856259532,5,7,4
2026-04-19,300186153,10,3,1
2026-04-19,300203042,8,5,2
2026-04-19,300203042,8,5,3
2026-04-19,828192119,8,5,2
2026-04-19,283186153,8,7,2
2026-04-19,300203042,8,2,0
2026-04-19,242192119,8,7,3
2026-04-19,300203042,8,5,2
2026-04-19,265186153,8,7,2
2026-04-19,300203042,8,7,1
2026-04-19,300203042,8,3,0
2026-04-19,300210257,8,4,2
2026-04-19,233192119,8,3,2
2026-04-19,300203042,8,4,1
2026-04-19,834230621,10,4,2
2026-04-19,300203042,8,9,4
2026-04-18,300210257,8,6,5
2026-04-18,804263063,8,4,1
2026-04-18,206203841,11,1,0
2026-04-18,804263063,8,5,0
2026-04-18,804263063,8,10,4
2026-04-18,829235073,11,5,2
2026-04-18,804263063,8,5,2
2026-04-18,828192119,8,6,3
2026-04-18,804263063,8,3,1
2026-04-18,814234642,9,4,1
2026-04-17,206212831,11,1,1
2026-04-17,804263063,8,5,1
2026-04-17,804263063,8,1,1
2026-04-17,234190053,9,4,1
2026-04-17,804263063,8,6,1
2026-04-17,216192448,8,3,1
2026-04-17,852048940,8,5,1
2026-04-17,804263063,8,5,2
2026-04-17,834177683,11,5,2
2026-04-17,804263063,8,3,1
2026-04-17,206203042,13,9,4
2026-04-17,804263063,8,7,2
2026-04-17,834210257,8,4,2
2026-04-17,300192119,8,4,0
2026-04-17,834210257,8,2,2
2026-04-17,268005479,10,4,0
2026-04-17,829235073,8,8,4
2026-04-17,853212432,9,4,2
2026-04-17,829235073,8,3,1
2026-04-17,283167495,8,7,5
2026-04-17,829235073,8,6,3
2026-04-17,256193105,8,7,4
2026-04-17,829235073,8,6,2
2026-04-17,206212831,8,5,3
2026-04-17,829235073,8,6,2
2026-04-17,234162835,8,5,2
2026-04-17,829235073,8,11,8
2026-04-17,234190941,11,3,1
2026-04-17,217210257,10,3,0
2026-04-17,829235073,8,8,6
2026-04-17,829235073,8,8,7
2026-04-17,270193105,8,5,0
2026-04-17,829235073,8,1,0
2026-04-17,256192448,8,9,4
2026-04-17,829235073,8,10,6
2026-04-17,284216065,8,2,0
2026-04-17,253177683,8,6,2
2026-04-17,829235073,8,7,2
2026-04-17,825210257,8,3,1
2026-04-17,829235073,8,7,3
2026-04-17,111051539,8,9,6
2026-04-17,283230621,8,7,0
2026-04-17,829235073,8,7,2
2026-04-17,829235073,8,5,1
2026-04-17,260186569,8,3,1
2026-04-17,829235073,8,6,2
2026-04-17,517246139,8,4,1
2026-04-17,829235073,8,5,4
2026-04-17,834210257,9,3,0
2026-04-17,253167495,8,5,1
2026-04-17,829235073,8,5,3
2026-04-16,829235073,8,5,3
2026-04-16,300212831,8,3,1
2026-04-16,829235073,8,2,1
2026-04-16,251051539,8,6,3
2026-04-16,829235073,8,2,1
2026-04-16,834220901,8,6,4
2026-04-16,846212831,8,3,2
2026-04-16,829235073,8,3,0
2026-04-16,829235073,8,7,3
2026-04-16,826226753,8,3,2
2026-04-16,829235073,8,4,1
2026-04-16,206188943,13,7,2
2026-04-16,829235073,8,10,7
2026-04-16,237192119,8,3,0
2026-04-16,300192119,9,6,2
2026-04-16,829235073,8,4,3
2026-04-16,829235073,8,9,2
2026-04-16,206212831,11,7,1
2026-04-16,829235073,8,5,3
2026-04-16,284216065,8,3,0
2026-04-16,256186569,9,5,2
2026-04-16,829235073,8,4,3
2026-04-16,829235073,8,7,4
2026-04-16,300167495,8,3,1
2026-04-16,101048940,9,4,0
2026-04-16,829235073,8,4,1
2026-04-16,829235073,8,5,1
2026-04-16,300223885,8,1,0
2026-04-14,283230869,8,5,1
2026-04-14,300212831,8,7,4
2026-04-14,283230869,8,9,6
2026-04-14,264210385,10,5,4
2026-04-14,283230869,8,8,3
2026-04-14,283230869,8,5,2
2026-04-14,846164835,9,1,1
2026-04-14,283230869,8,11,3
2026-04-14,517202811,8,11,7
2026-04-14,283230869,8,11,5
2026-04-14,834202811,8,11,3
2026-04-14,283230869,8,9,3
2026-04-14,829189117,8,4,2
2026-04-14,283230869,8,4,1
2026-04-14,283230869,8,6,3
2026-04-14,207210257,10,5,1
2026-04-14,828215698,8,4,1
2026-04-14,283230869,8,3,2
2026-04-14,283230869,8,4,1
2026-04-14,846212831,8,5,2
2026-04-14,283230869,8,5,3
2026-04-14,834240913,9,3,0
2026-04-14,283230869,8,10,4
2026-04-14,201167495,13,4,1
2026-04-14,283230869,8,3,1
2026-04-14,234162835,8,6,4
2026-04-14,283230869,8,8,4
2026-04-14,300243675,13,3,1
2026-04-13,804262621,8,3,2
2026-04-13,300164835,13,2,0
2026-04-13,300164835,13,7,2
2026-04-13,517230872,8,6,1
2026-04-13,300164835,13,4,1
2026-04-13,289192119,8,6,5
2026-04-13,206206585,13,1,0
2026-04-26,825051539,8,8,4
2026-04-26,246199987,8,7,2
2026-04-26,826226753,8,2,1
2026-04-26,825051539,8,1,0
2026-04-26,825051539,8,5,2
2026-04-26,251167495,8,3,0
2026-04-26,828212831,8,5,2
2026-04-26,825051539,8,5,2
2026-04-25,825051539,8,5,1
2026-04-25,260226753,8,3,2
2026-04-25,825051539,8,2,0
2026-04-25,251192119,8,6,3
2026-04-25,834200110,8,4,0
2026-04-25,825051539,8,9,3
2026-04-25,214051539,8,1,0
2026-04-25,825051539,8,7,4
2026-04-20,825051539,8,1,0
2026-04-20,810225116,8,5,2
2026-04-20,825051539,8,4,3
2026-04-20,828200389,8,6,2
2026-04-20,834202811,8,5,4
2026-04-20,825051539,8,5,3
2026-04-20,291211738,9,6,4
2026-04-20,825051539,8,5,2
2026-04-20,825051539,8,2,2
2026-04-20,300235073,8,3,0
2026-04-20,825051539,8,3,0
2026-04-20,517230621,5,6,3
2026-04-20,825051539,8,5,2
2026-04-20,825051539,8,2,1
2026-04-20,256051539,8,8,6
2026-04-17,825051539,8,6,1
2026-04-17,846212831,8,7,2
2026-04-17,825051539,8,3,0
2026-04-17,828192448,8,9,2
2026-04-17,825051539,8,6,3
2026-04-17,101005479,8,4,1
2026-04-17,253192119,8,5,3
2026-04-17,825051539,8,5,1
2026-04-16,825051539,8,2,0
2026-04-16,834212831,8,4,3
2026-04-16,270234577,10,7,3
2026-04-16,825051539,8,2,1
2026-04-16,265233306,9,5,5
2026-04-16,825051539,8,6,2
2026-04-16,825051539,8,3,0
2026-04-16,256199987,9,5,2
2026-04-16,825051539,8,5,2
2026-04-16,828226753,8,5,0
2026-04-14,511262621,8,3,1
2026-04-14,825051539,8,4,3
2026-04-14,825051539,8,3,1
2026-04-14,264190941,8,5,1
2026-04-14,834212831,8,9,5
2026-04-14,825051539,8,12,7
2026-04-14,825051539,8,5,1
2026-04-14,834167495,8,4,1
2026-04-14,265233306,8,2,1
2026-04-14,825051539,8,10,7
2026-04-13,825051539,8,1,0
2026-04-13,257221912,12,8,3
2026-04-13,237192119,8,6,3
2026-04-13,825051539,8,4,0
2026-04-13,829051539,10,8,3
2026-04-13,825051539,8,3,0
2026-04-13,825051539,8,8,4
2026-04-13,834230621,8,3,1
2026-04-13,289192119,8,5,3
2026-04-13,825051539,8,5,3
2026-04-27,828215698,8,4,2
2026-04-27,206193041,10,2,1
2026-04-27,264230621,8,3,1
2026-04-27,247191924,8,4,0
2026-04-27,206193041,10,6,3
2026-04-27,206212831,11,7,2
2026-04-27,206193041,10,4,2
2026-04-27,270193105,9,6,4
2026-04-27,206193041,10,4,2
2026-04-27,231167495,9,4,1
2026-04-27,206193041,10,5,3
2026-04-27,270193105,10,3,1
2026-04-27,206193041,10,6,2
2026-04-27,237210257,9,17,6
2026-04-27,214005479,8,2,1
2026-04-27,828192119,8,7,1
2026-04-27,214005479,8,4,3
2026-04-27,251192119,8,4,0
2026-04-27,214005479,8,6,4
2026-04-27,256210257,8,12,1
2026-04-27,214005479,8,2,1
2026-04-27,834192119,8,6,3
2026-04-27,214005479,8,6,2
2026-04-27,253167495,8,5,1
2026-04-27,214005479,8,6,2
2026-04-27,828202811,8,9,5
2026-04-27,214005479,8,1,0
2026-04-27,206177683,13,5,2
2026-04-27,214005479,8,3,1
2026-04-27,231176550,10,9,1
2026-04-27,214005479,8,1,0
2026-04-25,256051539,8,6,2
2026-04-25,214005479,8,6,2
2026-04-25,291262621,8,3,3
2026-04-25,214005479,8,5,3
2026-04-25,101001179,8,3,1
2026-04-25,214005479,8,1,1
2026-04-24,265192119,8,2,0
2026-04-24,214005479,8,4,3
2026-04-24,216200389,8,13,3
2026-04-24,214212831,12,3,0
2026-04-24,214005479,8,4,1
2026-04-24,300167495,8,2,1
2026-04-24,214005479,8,6,2
2026-04-24,268051539,8,5,1
2026-04-24,214005479,8,4,1
2026-04-24,251192119,8,3,3
2026-04-24,214005479,8,6,2
2026-04-24,283211101,8,4,2
2026-04-24,214005479,8,6,1
2026-04-24,818167495,8,6,3
2026-04-24,214005479,8,2,1
2026-04-24,289193041,9,5,2
2026-04-24,214005479,8,3,2
2026-04-24,845233267,8,5,3
2026-04-24,214005479,8,5,2
2026-04-24,834230621,9,5,2
2026-04-24,214005479,8,6,4
2026-04-24,300167495,8,4,2
2026-04-24,214005479,8,5,2
2026-04-24,300192119,8,3,1
2026-04-24,214005479,8,5,2
2026-04-24,201005479,13,10,4
2026-04-24,214005479,8,4,0
2026-04-24,231173373,9,3,2
2026-04-24,214005479,8,5,3
2026-04-24,825192448,9,3,2
2026-04-24,214005479,8,4,1
2026-04-24,251167495,9,3,2
2026-04-24,214005479,8,3,0
2026-04-23,234167495,8,6,3
2026-04-23,214005479,8,4,0
2026-04-23,265233306,8,3,0
2026-04-23,214005479,8,2,1
2026-04-23,214005479,8,11,1
2026-04-23,300242948,13,6,3
2026-04-23,214005479,8,3,1
2026-04-22,214005479,8,9,5
2026-04-22,237190053,8,4,0
2026-04-22,214005479,8,2,2
2026-04-22,828215698,8,5,3
2026-04-22,214005479,8,9,3
2026-04-22,234190053,8,7,4
2026-04-22,214005479,8,5,1
2026-04-22,206212831,9,5,2
2026-04-22,214005479,8,1,0
2026-04-22,834212831,8,2,1
2026-04-22,214005479,8,6,4
2026-04-22,517233306,5,6,4
2026-04-22,214005479,8,1,0
2026-04-22,218215316,10,13,3
2026-04-22,214005479,8,1,1
2026-04-22,300202811,8,2,1
2026-04-22,214005479,8,3,0
2026-04-22,517192563,8,7,3
2026-04-22,214005479,8,9,2
2026-04-22,828212831,8,3,0
2026-04-22,214005479,8,6,2
2026-04-22,300240913,12,4,2
2026-04-22,214005479,8,3,2
2026-04-22,237199987,8,8,4
2026-04-22,214005479,8,5,2
2026-04-22,251167948,9,5,1
2026-04-22,214005479,8,4,1
2026-04-22,300167495,8,1,0
2026-04-22,214005479,8,4,0
2026-04-22,206024630,13,3,2
2026-04-22,214005479,8,4,2
2026-04-22,237193041,10,3,0
2026-04-22,214005479,8,2,1
2026-04-22,300243675,13,2,0
2026-04-22,214005479,8,9,2
2026-04-22,825206585,8,9,5
2026-04-22,214005479,8,5,1
2026-04-21,804262621,9,7,5
2026-04-21,214005479,8,6,2
2026-04-21,300192119,8,7,3
2026-04-21,214005479,8,4,2
2026-04-21,517204883,9,4,1
2026-04-21,214005479,8,5,4
2026-04-21,206024630,9,11,1
2026-04-21,214005479,8,2,2
2026-04-21,270233934,8,5,2
2026-04-21,214005479,8,4,3
2026-04-21,206024630,13,3,0
2026-04-21,214005479,8,4,1
2026-04-21,201051539,8,5,1
2026-04-21,214005479,8,3,1
2026-04-21,300198009,13,5,4
2026-04-21,214005479,8,5,2
2026-04-21,265192119,8,7,2
2026-04-21,214005479,8,3,1
2026-04-21,300258885,13,8,2
2026-04-21,828212831,8,4,1
2026-04-21,214005479,8,1,0
2026-04-21,834215698,9,6,1
2026-04-21,214005479,8,6,3
2026-04-21,802167948,8,2,1
2026-04-21,214005479,8,11,2
2026-04-21,206024630,13,9,7
2026-04-21,214005479,8,6,0
2026-04-21,300186153,8,4,0
2026-04-21,214005479,8,7,1
2026-04-20,825192119,8,5,0
2026-04-20,214005479,8,2,1
2026-04-20,828200389,8,10,5
2026-04-20,214005479,8,4,0
2026-04-20,289192119,10,8,1
2026-04-20,214005479,8,2,1
2026-04-20,283192448,9,4,4
2026-04-20,214005479,8,2,0
2026-04-20,517240091,8,5,1
2026-04-20,214005479,8,6,3
2026-04-20,804263063,8,2,1
2026-04-20,214005479,8,6,3
2026-04-20,828212831,8,1,1
2026-04-20,214005479,8,4,3
2026-04-20,253167495,8,9,1
2026-04-20,214005479,8,2,2
2026-04-20,848051539,8,1,1
2026-04-20,214005479,8,3,2
2026-04-20,256051539,8,4,2
2026-04-20,214005479,8,1,0
2026-04-20,825192119,8,5,2
2026-04-20,214005479,8,5,1
2026-04-20,828167495,8,3,1
2026-04-20,214005479,8,7,1
2026-04-20,237212831,8,6,1
2026-04-20,214005479,8,2,0
2026-04-20,300230621,8,1,0
2026-04-20,214005479,8,3,2
2026-04-20,856259532,6,1,1
2026-04-20,214005479,8,5,1
2026-04-20,834230621,8,8,2
2026-04-20,214005479,8,4,0
2026-04-20,517212831,8,5,0
2026-04-20,214005479,8,6,1
2026-04-20,251167495,8,7,4
2026-04-20,214005479,8,4,1
2026-04-20,216192448,8,6,2
2026-04-20,214005479,8,2,0
2026-04-20,233192119,8,5,3
2026-04-20,214005479,8,3,1
2026-04-19,300234642,13,1,1
2026-04-19,214005479,8,5,0
2026-04-19,270233267,8,4,1
2026-04-19,214005479,8,3,3
2026-04-18,101238380,8,5,1
2026-04-18,214005479,8,4,3
2026-04-18,848190941,8,1,0
2026-04-18,253167495,8,3,2
2026-04-18,214005479,8,2,1
2026-04-18,265234102,8,5,3
2026-04-18,214005479,8,4,2
2026-04-18,253230869,10,6,3
2026-04-18,214005479,8,5,1
2026-04-18,300192119,8,2,1
2026-04-18,214005479,8,5,3
2026-04-18,253167495,8,6,4
2026-04-18,214005479,8,1,0
2026-04-18,846212831,8,2,2
2026-04-18,214005479,8,4,2
2026-04-17,253167948,8,4,2
2026-04-17,214005479,8,4,1
2026-04-17,828200389,8,4,2
2026-04-17,214005479,8,5,3
2026-04-17,256199987,9,2,1
2026-04-17,214005479,8,7,2
2026-04-17,291262621,8,6,4
2026-04-17,214005479,8,2,2
2026-04-17,206203042,10,2,2
2026-04-17,214005479,8,5,1
2026-04-17,845199005,8,2,2
2026-04-17,214005479,8,4,1
2026-04-17,214005479,8,3,1
2026-04-17,300192563,13,4,2
2026-04-17,214005479,8,5,2
2026-04-17,820240091,8,4,2
2026-04-17,214005479,8,4,3
2026-04-17,214005479,8,3,0
2026-04-17,256168435,9,4,2
2026-04-17,214005479,8,6,3
2026-04-17,517225116,8,4,4
2026-04-17,214005479,8,8,6
2026-04-17,827051539,8,3,0
2026-04-17,214005479,8,4,2
2026-04-17,214005479,8,5,1
2026-04-17,834192119,8,7,3
2026-04-17,214005479,8,5,3
2026-04-17,289051539,8,5,1
2026-04-17,214005479,8,8,4
2026-04-17,214192119,11,5,2
2026-04-17,214005479,8,6,2
2026-04-17,851210676,8,4,1
2026-04-17,214005479,8,3,1
2026-04-17,233192119,8,10,4
2026-04-17,214005479,8,6,2
2026-04-17,264190941,8,2,1
2026-04-17,214005479,8,5,1
2026-04-16,214005479,8,5,1
2026-04-16,201192119,11,2,0
2026-04-16,214005479,8,4,2
2026-04-16,836001179,11,11,2
2026-04-16,214005479,8,1,0
2026-04-16,284188943,9,2,1
2026-04-16,214005479,8,5,0
2026-04-16,289051539,9,5,3
2026-04-16,214005479,8,4,1
2026-04-16,825051539,10,11,4
2026-04-16,214005479,8,4,3
2026-04-16,284216065,8,3,3
2026-04-16,214005479,8,5,3
2026-04-16,834230621,8,3,2
2026-04-16,214005479,8,4,0
2026-04-16,253192119,10,5,3
2026-04-16,214005479,8,5,1
2026-04-15,515210257,8,3,0
2026-04-15,214005479,8,2,0
2026-04-15,855220901,8,9,6
2026-04-15,214005479,8,3,1
2026-04-15,802167948,8,21,2
2026-04-15,251186153,8,3,1
2026-04-15,214005479,8,7,4
2026-04-15,503233306,8,2,0
2026-04-15,214005479,8,2,1
2026-04-15,300189908,13,5,1
2026-04-15,214005479,8,6,1
2026-04-15,237212831,9,4,0
2026-04-15,214005479,8,5,3
2026-04-14,206005479,13,1,1
2026-04-14,214005479,8,2,0
2026-04-14,300228413,8,11,3
2026-04-14,214005479,8,1,1
2026-04-14,834202811,8,1,0
2026-04-14,214005479,8,9,5
2026-04-14,810220901,8,5,1
2026-04-14,214005479,8,3,2
2026-04-14,214167495,5,5,3
2026-04-14,214005479,8,2,1
2026-04-14,300243675,7,2,0
2026-04-14,214005479,8,8,5
2026-04-14,251167948,8,7,3
2026-04-14,214005479,8,6,3
2026-04-14,265233306,8,12,3
2026-04-14,214005479,8,3,1
2026-04-14,256051539,11,1,0
2026-04-14,214005479,8,3,1
2026-04-13,265192119,8,5,3
2026-04-13,214005479,8,5,1
2026-04-13,834235840,8,3,1
2026-04-13,214005479,8,4,3
2026-04-13,217204935,8,1,0
2026-04-13,214005479,8,2,2
2026-04-13,206192448,12,1,0
2026-04-13,214005479,8,6,4
2026-04-13,206192448,12,4,0
2026-04-13,265234102,8,5,2
2026-04-13,214005479,8,3,1
2026-04-13,251186153,10,5,3
2026-04-13,214005479,8,10,5
2026-04-13,323193041,13,4,4
2026-04-13,214005479,8,2,1
2026-04-13,834220901,8,5,4
2026-04-13,214005479,8,1,0
2026-04-13,515220901,8,2,2
2026-04-13,214005479,8,4,1
2026-04-13,834230621,8,9,1
2026-04-13,214005479,8,2,0
2026-04-13,836230621,8,2,2
2026-04-13,214005479,8,5,3
2026-04-13,834215698,8,8,6
2026-04-13,214005479,8,4,1
2026-04-16,206024630,12,5,1
2026-04-16,825212831,11,3,0
2026-04-16,270215223,9,4,0
2026-04-16,825212831,11,7,3
2026-04-16,256210257,9,5,2
2026-04-16,825212831,11,3,0
2026-04-16,810177683,9,3,2
2026-04-16,825212831,11,5,1
2026-04-16,260213951,8,4,1
2026-04-16,825212831,11,8,1
2026-04-16,265233306,10,5,2
2026-04-16,825212831,11,5,1
2026-04-16,251167495,8,9,5
2026-04-16,825212831,11,5,2
2026-04-16,300193105,8,7,0
2026-04-16,825212831,11,5,4
2026-04-16,280226753,8,5,2
2026-04-16,825212831,11,1,1
2026-04-16,283186153,8,4,0
2026-04-16,825212831,11,3,0
2026-04-16,845233267,8,4,1
2026-04-16,825212831,11,7,6
2026-04-16,206177683,13,5,4
2026-04-16,825212831,11,8,4
2026-04-16,828212831,9,5,1
2026-04-16,852186153,8,2,0
2026-04-16,825212831,11,4,1
2026-04-16,252178005,8,2,0
2026-04-16,825212831,11,4,2
2026-04-16,825212831,11,3,0
2026-04-16,256210257,8,7,2
2026-04-16,280167495,13,6,4
2026-04-16,825212831,11,1,1
2026-04-16,234150724,8,4,0
2026-04-16,825212831,11,5,2
2026-04-16,829220901,8,2,1
2026-04-16,825212831,11,4,3
2026-04-16,207210257,13,6,2
2026-04-16,825212831,11,5,1
2026-04-16,825212831,11,6,2
2026-04-16,300225395,13,7,3
2026-04-16,825212831,11,2,1
2026-04-16,265234102,8,4,2
2026-04-16,283230869,10,3,0
2026-04-16,825212831,11,5,2
2026-04-16,207212831,11,2,2
2026-04-16,825212831,11,4,1
2026-04-26,251167948,8,16,4
2026-04-26,260213951,8,1,0
2026-04-26,251167948,8,8,2
2026-04-26,206024630,13,5,1
2026-04-26,251167948,8,3,1
2026-04-26,256210257,8,2,2
2026-04-25,251167948,8,12,6
2026-04-25,300204092,13,4,1
2026-04-25,253192119,9,2,1
2026-04-25,251167948,8,5,2
2026-04-24,251167948,8,6,2
2026-04-24,300246417,13,5,0
2026-04-24,251167948,8,5,3
2026-04-24,300243675,13,6,3
2026-04-22,829220901,8,7,3
2026-04-22,265234102,8,5,1
2026-04-22,251167948,8,1,0
2026-04-19,206177683,13,5,1
2026-04-19,251167948,8,5,3
2026-04-18,848167948,8,6,4
2026-04-18,251167948,8,1,1
2026-04-18,251167948,8,2,0
2026-04-18,265233306,8,4,2
2026-04-18,802167948,8,2,0
2026-04-18,251167948,8,3,0
2026-04-18,845212831,7,2,0
2026-04-18,251167948,8,3,1
2026-04-18,237212831,8,6,3
2026-04-18,251167948,8,4,2
2026-04-18,300263063,5,2,1
2026-04-18,251167948,8,5,3
2026-04-18,251167948,8,1,0
2026-04-18,251167948,8,17,5
2026-04-18,252162835,10,2,1
2026-04-18,251167948,8,3,1
2026-04-18,251192119,8,5,0
2026-04-18,251167948,8,4,2
2026-04-18,853212432,8,5,3
2026-04-18,251167948,8,4,1
2026-04-18,264230621,8,1,0
2026-04-18,251167948,8,1,1
2026-04-18,251167948,8,6,1
2026-04-18,274005479,8,3,2
2026-04-18,251167948,8,4,1
2026-04-18,300251752,13,1,1
2026-04-18,804262621,8,5,3
2026-04-18,251167948,8,1,0
2026-04-17,853212432,8,4,4
2026-04-17,251167948,8,3,1
2026-04-17,322146748,8,1,0
2026-04-17,251167948,8,2,2
2026-04-17,270193105,8,1,0
2026-04-17,251167948,8,6,3
2026-04-16,251167948,8,1,1
2026-04-16,283186153,8,5,0
2026-04-16,256167495,8,6,1
2026-04-16,251167948,8,5,2
2026-04-16,291211738,8,4,1
2026-04-16,300215698,8,2,1
2026-04-16,251167948,8,4,0
2026-04-16,251167948,8,4,2
2026-04-16,237001179,8,4,1
2026-04-16,251167948,8,2,0
2026-04-16,251048940,8,5,2
2026-04-16,834210257,10,2,1
2026-04-16,251167948,8,4,2
2026-04-16,251167948,8,4,0
2026-04-16,207210257,13,2,0
2026-04-16,251167948,8,4,0
2026-04-16,300230621,8,3,1
2026-04-16,251167948,8,8,5
2026-04-16,251167948,8,2,0
2026-04-16,237210257,8,4,2
2026-04-26,265233306,8,5,1
2026-04-26,300230621,6,9,2
2026-04-26,265233306,8,4,1
2026-04-26,246199987,8,3,1
2026-04-26,265233306,8,4,3
2026-04-26,300263063,13,1,0
2026-04-24,265233306,8,6,1
2026-04-24,207212831,10,6,3
2026-04-23,826204935,8,4,1
2026-04-23,517259532,8,2,0
2026-04-22,826204935,8,3,0
2026-04-22,251150724,9,2,0
2026-04-22,826204935,8,5,1
2026-04-22,826204935,8,1,0
2026-04-22,283230621,8,2,1
2026-04-21,826204935,8,2,1
2026-04-21,237193105,10,5,1
2026-04-21,834240913,11,7,3
2026-04-21,826204935,8,7,4
2026-04-21,826204935,8,8,4
2026-04-21,265234102,9,3,0
2026-04-21,826204935,8,1,0
2026-04-21,300192119,8,3,2
2026-04-21,826204935,8,3,3
2026-04-21,217212831,8,3,3
2026-04-21,826204935,8,3,2
2026-04-21,289192119,8,5,2
2026-04-21,826204935,8,7,5
2026-04-21,810225116,8,5,3
2026-04-20,253177683,8,6,2
2026-04-20,828212831,8,5,3
2026-04-20,253177683,8,5,3
2026-04-20,206203841,11,2,0
2026-04-20,253177683,8,5,2
2026-04-20,256051539,8,3,0
2026-04-19,265234102,8,4,1
2026-04-19,300259532,13,5,1
2026-04-19,265234102,8,6,5
2026-04-19,826205186,8,8,5
2026-04-19,265234102,8,24,12
2026-04-19,216190053,8,5,2
2026-04-19,265234102,8,8,1
2026-04-19,265234102,8,6,3
2026-04-19,810225116,8,6,1
2026-04-19,265234102,8,5,1
2026-04-19,828192119,8,5,3
2026-04-17,265234102,8,4,2
2026-04-17,280210257,8,6,4
2026-04-17,265234102,8,3,2
2026-04-17,513186153,8,3,1
2026-04-16,265234102,8,4,2
2026-04-16,300190941,8,3,2
2026-04-16,265234102,8,6,2
2026-04-16,265234102,8,3,0
2026-04-16,830228130,8,4,1
2026-04-16,300234577,11,4,1
2026-04-16,265234102,8,5,1
2026-04-16,300243952,8,4,2
2026-04-15,834230621,8,3,0
2026-04-15,265234102,8,2,2
2026-04-15,265234102,8,8,3
2026-04-15,251048940,9,3,1
2026-04-15,265234102,8,5,4
2026-04-15,256199987,8,3,0
2026-04-15,265234102,8,6,2
2026-04-15,508172203,8,5,3
2026-04-14,265234102,8,4,0
2026-04-14,246186569,10,4,1
2026-04-14,265234102,8,5,4
2026-04-14,256192448,9,5,2
2026-04-14,265234102,8,1,0
2026-04-14,234051539,8,6,0
2026-04-14,265234102,8,2,1
2026-04-14,300210257,8,6,2
2026-04-14,265234102,8,5,3
2026-04-14,829235073,8,4,1
2026-04-13,265234102,8,2,2
2026-04-13,826204935,8,3,0
2026-04-13,300210832,11,3,0
2026-04-13,265234102,8,4,3
2026-04-13,265234102,8,10,3
2026-04-13,283167495,8,3,1
2026-04-13,265234102,8,5,1
2026-04-13,291262621,8,5,3
2026-04-26,300230621,6,1,0
2026-04-26,300192448,6,10,6
2026-04-26,283211101,10,9,5
2026-04-26,207210257,13,5,2
2026-04-26,300192448,6,4,2
2026-04-26,293212432,9,10,7
2026-04-26,300192448,6,10,3
2026-04-26,252162835,9,9,5
2026-04-26,300192448,6,5,2
2026-04-26,827005479,11,13,4
2026-04-26,300192448,6,6,1
2026-04-25,300192448,6,2,0
2026-04-25,270193105,9,5,2
2026-04-25,289192119,8,7,2
2026-04-25,300192448,6,1,0
2026-04-25,300192448,6,6,2
2026-04-25,251186153,8,6,1
2026-04-25,300192448,6,10,4
2026-04-25,206167948,13,7,3
2026-04-25,300230621,8,8,4
2026-04-25,300192448,6,9,6
2026-04-25,300260978,13,9,3
2026-04-25,300192448,6,6,0
2026-04-25,300192448,6,5,3
2026-04-25,834212831,10,8,4
2026-04-25,300192448,6,6,4
2026-04-25,300192119,8,10,3
2026-04-25,300192448,6,4,2
2026-04-25,834230621,8,6,3
2026-04-25,300212831,11,10,5
2026-04-25,300192448,6,10,3
2026-04-25,300192448,6,6,3
2026-04-25,300226753,8,8,3
2026-04-24,237001179,8,7,2
2026-04-24,300277669,13,14,9
2026-04-24,237001179,8,1,1
2026-04-24,284216065,9,2,0
2026-04-24,237001179,8,8,2
2026-04-24,280210257,8,5,4
2026-04-24,246186569,8,6,2
2026-04-24,237001179,8,2,1
2026-04-24,300190941,8,6,2
2026-04-24,237001179,8,6,3
2026-04-23,237001179,8,5,3
2026-04-23,324024630,13,3,1
2026-04-23,237001179,5,7,4
2026-04-23,242194404,5,4,2
2026-04-22,256001179,8,13,7
2026-04-22,246186569,9,3,1
2026-04-21,252048940,8,4,1
2026-04-21,256001179,8,6,2
2026-04-21,256001179,8,4,0
2026-04-21,300235840,13,5,3
2026-04-20,256001179,8,4,3
2026-04-20,291262621,8,7,5
2026-04-20,256001179,8,4,4
2026-04-20,289192119,8,7,4
2026-04-20,825210257,8,9,5
2026-04-20,256001179,8,3,2
2026-04-16,300192119,8,4,4
2026-04-16,256210257,8,14,10
2026-04-13,256210257,8,7,1
2026-04-13,300186153,8,7,3
2026-04-27,814234642,8,8,5
2026-04-27,300277823,8,4,2
2026-04-26,206203775,13,7,4
2026-04-26,814234642,8,2,1
2026-04-26,323186153,8,9,2
2026-04-26,840206585,8,5,1
2026-04-26,828212831,8,7,4
2026-04-26,814234642,8,6,3
2026-04-26,207210257,8,1,1
2026-04-26,814234642,8,4,1
2026-04-26,300186153,6,5,4
2026-04-26,840206585,8,3,3
2026-04-25,814234642,8,9,3
2026-04-25,206210257,13,8,4
2026-04-25,840206585,8,2,0
2026-04-25,834230621,8,10,5
2026-04-25,840206585,8,5,2
2026-04-25,265233306,8,11,8
2026-04-25,862212432,8,10,5
2026-04-25,814234642,8,5,2
2026-04-25,829220901,7,6,2
2026-04-25,840206585,8,6,3
2026-04-25,206177683,12,4,2
2026-04-25,840206585,8,2,0
2026-04-24,216190053,8,5,3
2026-04-24,840206585,8,5,1
2026-04-24,840206585,8,5,1
2026-04-24,216200389,8,7,2
2026-04-24,265233306,8,10,6
2026-04-24,840206585,8,5,1
2026-04-24,300243675,13,8,4
2026-04-24,846212831,8,6,2
2026-04-24,840206585,8,6,1
2026-04-24,846044897,9,7,5
2026-04-24,840206585,8,5,4
2026-04-23,253167495,8,6,2
2026-04-23,840206585,8,7,2
2026-04-23,234190053,8,5,1
2026-04-23,840206585,8,7,3
2026-04-23,840206585,8,9,2
2026-04-23,265186153,9,8,6
2026-04-23,840206585,8,8,3
2026-04-23,283211101,10,7,5
2026-04-23,828212831,8,6,2
2026-04-23,840206585,8,5,2
2026-04-23,862212432,8,9,2
2026-04-23,840206585,8,6,1
2026-04-23,246199987,8,2,0
2026-04-23,840206585,8,7,2
2026-04-20,840206585,8,8,3
2026-04-20,300192563,13,2,1
2026-04-20,840206585,8,4,0
2026-04-20,284205377,8,5,3
2026-04-20,840206585,8,4,1
2026-04-19,513206585,8,4,2
2026-04-19,840206585,8,2,1
2026-04-19,840206585,8,5,3
2026-04-19,804262621,8,6,2
2026-04-19,814234642,8,4,0
2026-04-19,253192119,8,8,3
2026-04-18,814234642,8,4,2
2026-04-18,834230621,8,5,3
2026-04-18,840206585,8,6,5
2026-04-18,251167495,8,7,2
2026-04-18,265234102,8,6,2
2026-04-18,840206585,8,6,1
2026-04-18,840206585,8,8,2
2026-04-18,284216065,9,7,7
2026-04-18,216230621,8,4,3
2026-04-17,840206585,8,4,1
2026-04-17,845199005,8,3,1
2026-04-17,855167495,8,3,1
2026-04-17,814234642,8,8,4
2026-04-17,840206585,8,1,1
2026-04-17,834230621,8,2,0
2026-04-16,300194404,8,6,2
2026-04-16,840206585,8,4,1
2026-04-16,300220407,13,5,2
2026-04-16,814234642,8,10,7
2026-04-16,840206585,8,7,4
2026-04-16,265192119,8,4,3
2026-04-16,216192448,8,5,2
2026-04-16,814234642,8,3,2
2026-04-16,840206585,8,5,2
2026-04-16,825048940,8,4,2
2026-04-16,834210257,8,4,2
2026-04-16,840206585,8,5,3
2026-04-15,840206585,8,10,8
2026-04-15,246186569,8,3,1
2026-04-15,845233267,8,9,5
2026-04-15,840206585,8,6,2
2026-04-15,810233934,10,4,1
2026-04-15,840206585,8,6,3
2026-04-14,256051539,8,4,2
2026-04-14,840206585,8,5,3
2026-04-14,253192119,9,5,2
2026-04-14,840206585,8,3,2
2026-04-25,215192448,12,7,3
2026-04-25,300192119,8,6,3
2026-04-25,802163587,8,1,0
2026-04-25,300252154,8,4,1
2026-04-25,215192448,12,3,1
2026-04-25,242186153,8,3,0
2026-04-25,215192448,12,1,0
2026-04-25,242192448,8,3,1
2026-04-25,215192448,12,8,3
2026-04-25,810243952,8,7,4
2026-04-25,215192448,12,8,4
2026-04-25,215192448,12,5,0
2026-04-25,851220901,8,2,1
2026-04-25,827051539,10,7,4
2026-04-25,215192448,12,7,2
2026-04-25,300215698,8,6,2
2026-04-25,215192448,12,5,2
2026-04-25,215192448,12,8,4
2026-04-25,260233306,8,3,2
2026-04-25,206177683,13,4,0
2026-04-25,215192448,12,10,5
2026-04-25,862212432,8,4,3
2026-04-25,215192448,12,5,1
2026-04-25,215192448,12,7,3
2026-04-25,828212831,8,10,4
2026-04-25,834220901,8,9,3
2026-04-25,215192448,12,8,3
2026-04-25,256193105,8,5,1
2026-04-25,215192448,12,3,2
2026-04-25,215192448,12,8,4
2026-04-25,216190053,8,9,5
2026-04-25,215192448,12,5,1
2026-04-25,214024630,8,5,0
2026-04-25,270215223,8,5,2
2026-04-25,215192448,12,5,3
2026-04-25,300243952,8,1,0
2026-04-25,215192448,12,8,6
2026-04-25,215192448,12,7,2
2026-04-25,283230621,8,6,1
2026-04-25,856228789,5,3,1
2026-04-25,215192448,12,5,1
2026-04-25,511262621,8,6,2
2026-04-25,215192448,12,6,2
2026-04-25,802163587,10,7,4
2026-04-25,215192448,12,3,1
2026-04-25,810225116,8,2,0
2026-04-25,215192448,12,7,1
2026-04-25,237212831,5,4,1
2026-04-25,215192448,12,6,4
2026-04-25,501230621,8,6,1
2026-04-25,215192448,12,13,5
2026-04-25,264230621,8,3,1
2026-04-25,215192448,12,3,0
2026-04-25,215192448,12,9,5
2026-04-25,215192448,12,4,3
2026-04-25,237212831,8,12,7
2026-04-25,265234102,8,8,2
2026-04-25,215192448,12,3,0
2026-04-25,215192448,12,10,6
2026-04-25,265186153,9,7,3
2026-04-25,324024630,13,5,1
2026-04-25,215192448,12,5,4
2026-04-25,852192448,8,4,1
2026-04-25,215192448,12,3,3
2026-04-25,289192119,9,3,0
2026-04-25,215192448,12,3,3
2026-04-25,828230621,8,5,3
2026-04-25,215192448,12,6,2
2026-04-25,814186569,9,6,2
2026-04-25,215192448,12,5,2
2026-04-25,215192448,12,14,6
2026-04-25,280235073,8,9,2
2026-04-25,215192448,12,8,3
2026-04-25,820240091,5,4,2
2026-04-25,216192448,8,6,3
2026-04-25,215192448,12,5,3
2026-04-25,513215698,8,5,4
2026-04-25,215192448,12,5,1
2026-04-25,237212831,8,5,1
2026-04-25,215192448,12,4,3
2026-04-25,215192448,12,7,5
2026-04-25,834167495,8,5,1
2026-04-25,300215698,5,4,1
2026-04-25,215192448,12,10,2
2026-04-25,215192448,12,5,3
2026-04-25,834212831,8,2,1
2026-04-24,215192448,12,12,7
2026-04-24,234150724,10,2,0
2026-04-24,270233934,9,7,3
2026-04-24,215192448,12,12,9
2026-04-24,215192448,12,1,1
2026-04-24,300243675,13,3,0
2026-04-24,810235073,8,4,1
2026-04-24,215192448,12,10,6
2026-04-24,234192119,8,4,2
2026-04-24,215192448,12,8,4
2026-04-24,207000488,11,3,0
2026-04-24,215192448,12,9,1
2026-04-24,215192448,12,5,0
2026-04-24,862212432,8,1,0
2026-04-24,206024630,10,5,2
2026-04-24,215192448,12,4,2
2026-04-24,503192119,8,7,2
2026-04-24,215192448,12,7,3
2026-04-24,215192448,12,10,5
2026-04-24,260243952,8,9,1
2026-04-24,252167948,8,4,2
2026-04-24,215192448,12,7,4
2026-04-24,300215698,8,1,0
2026-04-24,804262621,8,9,5
2026-04-24,215192448,12,7,3
2026-04-24,300240913,7,6,2
2026-04-24,215192448,12,7,4
2026-04-24,206177683,13,6,2
2026-04-24,215192448,12,5,2
2026-04-24,234173373,8,6,1
2026-04-24,215192448,12,8,3
2026-04-24,215192448,12,5,1
2026-04-24,264230621,8,5,0
2026-04-24,215192448,12,3,1
2026-04-24,206048940,10,7,1
2026-04-24,237192119,8,4,1
2026-04-24,215192448,12,5,2
2026-04-24,206177683,13,3,2
2026-04-24,215192448,12,5,3
2026-04-24,206024630,12,6,1
2026-04-24,215192448,12,6,3
2026-04-24,251167948,8,9,5
2026-04-24,215192448,12,8,3
2026-04-24,300192119,8,3,0
2026-04-24,215192448,12,6,4
2026-04-24,215192448,12,5,1
2026-04-24,862212432,8,4,1
2026-04-24,215192448,12,6,0
2026-04-24,825206585,9,3,1
2026-04-24,215192448,12,5,2
2026-04-24,253167495,8,10,3
2026-04-24,246211990,8,5,2
2026-04-24,215192448,12,7,2
2026-04-24,215192448,12,5,3
2026-04-24,834252154,8,3,1
2026-04-24,828192119,8,3,1
2026-04-24,215192448,12,10,4
2026-04-24,851230872,9,4,1
2026-04-24,215192448,12,8,2
2026-04-23,215192448,12,4,1
2026-04-23,300258498,13,5,3
2026-04-23,264190941,9,4,1
2026-04-23,215192448,12,5,3
2026-04-23,862212432,8,2,2
2026-04-23,215192448,12,2,0
2026-04-23,834235840,10,2,1
2026-04-23,215192448,12,11,5
2026-04-23,513192448,8,6,1
2026-04-23,216167948,8,7,3
2026-04-23,215192448,12,9,2
2026-04-23,834230621,8,10,6
2026-04-23,215192448,12,6,3
2026-04-23,215192448,12,8,5
2026-04-23,216192448,6,2,0
2026-04-23,270233934,9,8,4
2026-04-23,215192448,12,6,0
2026-04-23,280210257,8,5,2
2026-04-23,215192448,12,4,3
2026-04-23,215192448,12,3,1
2026-04-23,246190778,9,4,1
2026-04-23,217212831,8,2,0
2026-04-23,215192448,12,16,12
2026-04-23,300202811,5,4,1
2026-04-23,215192448,12,5,3
2026-04-23,215192448,12,6,3
2026-04-23,101048940,8,9,1
2026-04-23,818167495,11,7,4
2026-04-23,215192448,12,1,0
2026-04-22,265233306,9,6,2
2026-04-22,215192448,12,5,1
2026-04-22,215192448,12,4,0
2026-04-22,265233306,8,9,5
2026-04-22,215192448,12,5,0
2026-04-22,270193105,8,4,0
2026-04-22,215192448,12,6,1
2026-04-22,215192448,12,6,4
2026-04-22,856192119,8,4,1
2026-04-22,828192119,8,2,0
2026-04-22,215192448,12,5,4
2026-04-22,834230621,8,3,1
2026-04-22,215192448,12,7,4
2026-04-22,215192448,12,9,4
2026-04-22,251051539,9,4,1
2026-04-22,265234102,8,3,0
2026-04-22,215192448,12,2,1
2026-04-22,215192448,12,11,2
2026-04-22,214005479,8,2,0
2026-04-22,828167495,10,3,0
2026-04-22,215192448,12,7,3
2026-04-22,215192448,12,4,1
2026-04-22,834210257,8,3,1
2026-04-22,852263880,8,3,0
2026-04-22,215192448,12,4,1
2026-04-22,251051539,8,7,4
2026-04-22,215192448,12,3,1
2026-04-22,246186569,9,6,1
2026-04-22,215192448,12,4,3
2026-04-22,215192448,12,4,2
2026-04-22,511220901,7,9,2
2026-04-22,216230621,8,7,4
2026-04-22,215192448,12,5,1
2026-04-22,284001179,9,6,1
2026-04-22,215192448,12,4,2
2026-04-22,834230621,8,7,1
2026-04-22,215192448,12,1,0
2026-04-22,834220901,8,6,2
2026-04-22,215192448,12,5,1
2026-04-22,215192448,12,4,0
2026-04-22,218215316,10,7,2
2026-04-22,215192448,12,10,5
2026-04-22,206188943,13,5,1
2026-04-22,215192448,12,8,3
2026-04-22,215192448,12,9,3
2026-04-22,515227127,8,7,2
2026-04-22,834252154,8,2,0
2026-04-22,206177683,10,2,2
2026-04-22,215192448,12,4,1
2026-04-22,324172203,13,1,1
2026-04-22,215192448,12,3,2
2026-04-22,253167495,8,5,1
2026-04-22,215192448,12,10,7
2026-04-22,265233306,9,5,3
2026-04-22,215192448,12,5,2
2026-04-22,848252154,8,5,3
2026-04-22,215192448,12,6,3
2026-04-22,300215698,8,9,3
2026-04-22,215192448,12,5,2
2026-04-22,300228413,8,5,4
2026-04-22,215192448,12,7,3
2026-04-22,517228383,8,9,0
2026-04-22,215192448,12,10,3
2026-04-22,848225116,8,3,1
2026-04-22,215192448,12,8,2
2026-04-22,814223885,8,7,2
2026-04-22,215192448,12,6,4
2026-04-22,856240091,6,5,1
2026-04-22,215192448,12,10,4
2026-04-22,216230621,8,4,2
2026-04-22,215192448,12,7,5
2026-04-22,215192448,12,6,5
2026-04-22,802192448,8,5,2
2026-04-22,517235840,8,5,1
2026-04-22,215192448,12,6,3
2026-04-22,265233306,8,3,2
2026-04-22,215192448,12,9,6
2026-04-22,215192448,12,5,4
2026-04-22,264230621,8,6,1
2026-04-22,834230621,8,4,2
2026-04-22,215192448,12,9,3
2026-04-22,215192448,12,6,0
2026-04-22,264190941,9,9,5
2026-04-21,215192448,12,6,0
2026-04-21,300212831,8,6,3
2026-04-21,215192448,12,2,0
2026-04-21,828192119,10,8,3
2026-04-21,814223885,8,6,3
2026-04-21,215192448,12,5,0
2026-04-21,511192563,5,7,4
2026-04-21,215192448,12,7,2
2026-04-21,215192448,12,11,8
2026-04-21,256186153,8,5,1
2026-04-21,810220901,8,4,1
2026-04-21,215192448,12,6,3
2026-04-21,256193105,8,3,0
2026-04-21,215192448,12,6,2
2026-04-21,517235073,8,5,1
2026-04-21,215192448,12,3,0
2026-04-21,324024630,11,1,0
2026-04-21,215192448,12,6,1
2026-04-21,215192448,12,9,2
2026-04-21,253192119,9,6,1
2026-04-21,206177683,13,6,2
2026-04-21,215192448,12,6,1
2026-04-21,215192448,12,6,2
2026-04-21,300228413,8,5,2
2026-04-21,265233306,9,5,0
2026-04-21,215192448,12,5,2
2026-04-21,502192119,8,3,1
2026-04-21,215192448,12,6,5
2026-04-21,253192119,8,4,2
2026-04-21,215192448,12,9,9
2026-04-21,215192448,12,6,3
2026-04-21,251192119,8,6,2
2026-04-21,804262621,9,5,1
2026-04-21,215192448,12,5,1
2026-04-21,300243675,13,6,2
2026-04-21,215192448,12,9,4
2026-04-21,216192448,8,5,1
2026-04-21,215192448,12,3,2
2026-04-21,237210257,10,6,3
2026-04-21,215192448,12,8,6
2026-04-21,256199987,8,4,1
2026-04-21,215192448,12,8,3
2026-04-21,265225116,8,6,0
2026-04-21,215192448,12,6,3
2026-04-21,265234102,9,6,2
2026-04-21,215192448,12,5,2
2026-04-21,828167948,8,7,3
2026-04-21,215192448,12,6,3
2026-04-21,834192119,8,3,1
2026-04-21,215192448,12,10,2
2026-04-21,848051539,8,3,2
2026-04-21,215192448,12,4,0
2026-04-21,856259532,8,4,2
2026-04-21,215192448,12,6,2
2026-04-21,215192448,12,8,4
2026-04-21,300259532,12,3,1
2026-04-21,834212831,8,2,1
2026-04-21,215192448,12,3,1
2026-04-21,215192448,12,6,2
2026-04-21,804263063,8,3,1
2026-04-21,300192119,8,2,1
2026-04-21,215192448,12,7,3
2026-04-21,215192448,12,1,1
2026-04-21,834215698,8,4,2
2026-04-21,215192448,12,1,0
2026-04-21,252167495,9,3,1
2026-04-21,828215698,8,6,2
2026-04-21,237212831,8,9,4
2026-04-21,215192448,12,7,3
2026-04-21,207190053,13,3,2
2026-04-21,300243675,13,3,1
2026-04-21,215192448,12,12,4
2026-04-21,300212831,8,6,3
2026-04-21,215192448,12,7,3
2026-04-20,283002147,9,4,2
2026-04-20,215192448,12,4,0
2026-04-20,253230621,8,4,2
2026-04-20,215192448,12,9,5
2026-04-20,215192448,12,6,1
2026-04-20,206206585,11,5,2
2026-04-20,215192448,12,6,5
2026-04-20,828230621,8,9,5
2026-04-20,215192448,12,11,4
2026-04-20,810220901,8,4,1
2026-04-20,300192448,8,3,3
2026-04-20,215192448,12,6,3
2026-04-20,206164835,13,4,2
2026-04-20,215192448,12,7,4
2026-04-20,215192448,12,8,4
2026-04-20,265233306,9,6,4
2026-04-20,300230621,8,6,2
2026-04-20,215192448,12,1,1
2026-04-20,289051539,8,5,1
2026-04-20,215192448,12,5,2
2026-04-20,215192448,12,8,4
2026-04-20,300192119,8,7,2
2026-04-20,215192448,12,7,3
2026-04-20,246173373,8,8,3
2026-04-20,215192448,12,10,8
2026-04-20,270233934,8,4,1
2026-04-20,834235840,9,7,2
2026-04-20,215192448,12,10,4
2026-04-20,300277669,13,2,0
2026-04-20,215192448,12,7,1
2026-04-20,215192448,12,5,2
2026-04-20,217203042,13,7,3
2026-04-20,274192119,8,3,0
2026-04-20,215192448,12,11,5
2026-04-20,300164835,8,5,2
2026-04-20,215192448,12,3,1
2026-04-20,215192448,12,8,5
2026-04-20,218199987,8,8,4
2026-04-20,206177683,13,5,1
2026-04-20,215192448,12,12,6
2026-04-20,256186153,8,4,1
2026-04-20,215192448,12,9,3
2026-04-20,218221087,8,6,2
2026-04-20,215192448,12,6,3
2026-04-20,264190941,9,2,1
2026-04-20,848190941,8,3,2
2026-04-20,215192448,12,8,7
2026-04-20,215192448,12,4,3
2026-04-20,834220901,8,8,6
2026-04-20,215192448,12,4,1
2026-04-20,291262621,8,2,0
2026-04-20,265233306,9,5,3
2026-04-20,215192448,12,6,5
2026-04-20,300167495,8,2,1
2026-04-20,215192448,12,7,1
2026-04-20,215192448,12,7,3
2026-04-20,300235840,11,4,3
2026-04-20,215192448,12,4,2
2026-04-20,246173373,8,6,3
2026-04-20,291262621,8,4,2
2026-04-20,215192448,12,2,1
2026-04-20,300192119,8,6,3
2026-04-20,215192448,12,4,3
2026-04-20,215192448,12,7,3
2026-04-20,856228789,8,6,4
2026-04-20,242192119,8,7,3
2026-04-20,215192448,12,2,0
2026-04-20,265233306,8,4,1
2026-04-20,215192448,12,2,1
2026-04-20,828192119,8,5,1
2026-04-20,206164835,13,2,0
2026-04-20,215192448,12,6,2
2026-04-20,246211990,9,3,0
2026-04-20,215192448,12,2,2
2026-04-20,215192448,12,10,5
2026-04-20,300262621,8,5,2
2026-04-20,846212831,8,4,2
2026-04-20,215192448,12,7,4
2026-04-20,517235073,8,5,2
2026-04-20,215192448,12,5,2
2026-04-19,501230621,8,7,2
2026-04-19,215192448,12,7,3
2026-04-19,270193105,9,7,4
2026-04-19,215192448,12,8,1
2026-04-19,256186569,9,6,2
2026-04-19,215192448,12,3,2
2026-04-19,265234102,8,8,4
2026-04-19,215192448,12,2,1
2026-04-19,206024630,8,2,2
2026-04-19,215192448,12,7,1
2026-04-19,207000488,11,2,0
2026-04-19,215192448,12,5,1
2026-04-19,215192448,12,4,1
2026-04-19,214051539,6,5,1
2026-04-19,215192448,12,3,2
2026-04-19,254048940,9,3,1
2026-04-19,845233267,9,6,4
2026-04-19,215192448,12,9,5
2026-04-19,300230621,8,2,0
2026-04-19,215192448,12,6,4
2026-04-19,206200389,12,2,1
2026-04-19,834230621,8,7,1
2026-04-19,291262621,9,7,4
2026-04-19,834230621,8,2,2
2026-04-19,324024630,13,4,0
2026-04-19,834230621,8,11,3
2026-04-19,234182494,9,8,3
2026-04-19,834230621,8,6,2
2026-04-19,852263880,9,8,3
2026-04-19,834230621,8,4,1
2026-04-19,834230621,8,4,1
2026-04-19,829235073,8,4,0
2026-04-19,834230621,8,5,3
2026-04-19,216163587,10,4,1
2026-04-19,834230621,8,5,2
2026-04-19,300192119,8,5,2
2026-04-19,513186153,8,8,2
2026-04-19,834230621,8,3,1
2026-04-19,834230621,8,6,2
2026-04-19,834230621,8,1,0
2026-04-19,237210257,8,9,5
2026-04-18,300192119,8,4,1
2026-04-18,834230621,8,7,3
2026-04-18,834230621,8,3,2
2026-04-18,825206585,8,5,1
2026-04-18,300193080,8,4,2
2026-04-18,834230621,8,3,2
2026-04-18,268051539,8,4,1
2026-04-18,834230621,8,11,7
2026-04-18,251167495,8,8,3
2026-04-18,834230621,8,2,1
2026-04-18,234192119,8,4,0
2026-04-18,834230621,8,13,7
2026-04-18,834230621,8,6,1
2026-04-18,264190941,9,5,2
2026-04-18,826200389,8,5,4
2026-04-18,834230621,8,8,6
2026-04-18,834230621,8,8,4
2026-04-18,289178005,8,6,3
2026-04-18,201192119,13,5,1
2026-04-18,834230621,8,6,3
2026-04-18,251167948,9,8,2
2026-04-18,834230621,8,9,7
2026-04-18,834210257,8,3,1
2026-04-18,834230621,8,5,1
2026-04-18,517254803,8,5,1
2026-04-18,834230621,8,3,1
2026-04-18,834230621,8,6,2
2026-04-18,300263887,13,3,1
2026-04-18,265192119,9,1,0
2026-04-18,834230621,8,6,6
2026-04-18,218221087,8,4,2
2026-04-18,834230621,8,2,1
2026-04-18,834220901,9,4,3
2026-04-18,834230621,8,5,0
2026-04-18,517204935,8,1,0
2026-04-18,834230621,8,12,9
2026-04-18,834230621,8,3,2
2026-04-18,251051539,8,5,1
2026-04-18,234051539,8,10,3
2026-04-18,834230621,8,6,2
2026-04-18,300167495,8,7,3
2026-04-18,834230621,8,8,3
2026-04-18,834230621,8,5,0
2026-04-18,214024630,8,7,1
2026-04-18,300226753,8,2,1
2026-04-18,834230621,8,7,1
2026-04-17,253167495,8,2,1
2026-04-17,834230621,8,4,2
2026-04-17,834230621,8,8,1
2026-04-17,214051539,6,5,1
2026-04-17,207048940,12,7,2
2026-04-17,834230621,8,8,1
2026-04-17,216167495,8,7,2
2026-04-17,834230621,8,6,4
2026-04-17,834230621,8,5,0
2026-04-17,283167495,8,7,1
2026-04-17,516238570,6,4,0
2026-04-17,834230621,8,8,2
2026-04-17,207051539,9,8,2
2026-04-17,834230621,8,7,1
2026-04-17,265233306,9,5,3
2026-04-17,834230621,8,6,2
2026-04-17,265192119,8,4,1
2026-04-17,834230621,8,3,0
2026-04-17,828215698,8,8,3
2026-04-17,834230621,8,4,2
2026-04-17,834230621,8,9,4
2026-04-17,324024630,12,1,1
2026-04-17,834230621,8,3,1
2026-04-17,214212831,12,6,3
2026-04-17,804262621,8,5,3
2026-04-17,834230621,8,6,2
2026-04-17,206173373,11,9,5
2026-04-17,834230621,8,5,2
2026-04-17,834230621,8,2,2
2026-04-17,201051539,8,4,2
2026-04-17,834230621,8,5,1
2026-04-17,508224003,13,3,1
2026-04-17,852186153,8,6,2
2026-04-17,834230621,8,1,0
2026-04-17,804250753,8,5,2
2026-04-17,834230621,8,9,4
2026-04-17,851204935,8,8,5
2026-04-17,834230621,8,5,2
2026-04-17,216192448,8,3,0
2026-04-17,251192119,8,5,0
2026-04-17,834230621,8,3,3
2026-04-17,802192448,10,6,1
2026-04-17,834230621,8,1,1
2026-04-17,834163587,8,5,1
2026-04-17,834230621,8,5,3
2026-04-16,324024630,13,5,1
2026-04-16,834230621,8,7,2
2026-04-16,830210941,9,9,2
2026-04-16,834230621,8,2,0
2026-04-16,265192119,8,6,2
2026-04-16,834230621,8,1,0
2026-04-16,237051539,8,4,2
2026-04-16,834230621,8,6,2
2026-04-16,851230872,8,5,3
2026-04-16,834230621,8,1,0
2026-04-16,206024630,10,9,4
2026-04-16,834230621,8,8,4
2026-04-16,834230621,8,1,1
2026-04-16,829204883,8,4,2
2026-04-16,846202811,8,7,2
2026-04-16,834230621,8,2,0
2026-04-16,834230621,8,3,2
2026-04-16,300210257,8,5,3
2026-04-16,802200389,10,2,2
2026-04-16,834230621,8,8,4
2026-04-16,834230621,8,5,2
2026-04-16,206024630,12,4,0
2026-04-16,201048940,13,4,4
2026-04-16,834230621,8,12,5
2026-04-16,834230621,8,11,4
2026-04-16,513210257,13,3,1
2026-04-24,300269271,13,5,1
2026-04-24,829220901,8,6,3
2026-04-24,206024630,13,2,0
2026-04-24,829220901,8,3,0
2026-04-24,804262621,9,4,2
2026-04-24,829220901,8,8,7
2026-04-24,517215698,8,3,2
2026-04-24,829220901,8,6,4
2026-04-23,237210257,8,1,1
2026-04-23,829220901,8,9,3
2026-04-23,264190941,8,5,1
2026-04-23,829220901,8,5,3
2026-04-23,323186153,8,2,0
2026-04-23,829220901,8,6,5
2026-04-23,300234371,13,4,1
2026-04-23,829220901,8,4,0
2026-04-17,300192119,8,1,0
2026-04-17,829220901,8,3,1
2026-04-17,300263139,13,7,4
2026-04-17,829220901,8,6,2
2026-04-17,829220901,8,6,2
2026-04-17,856210385,9,2,2
2026-04-17,829220901,8,1,0
2026-04-17,207000488,13,8,5
2026-04-17,829220901,8,2,1
2026-04-16,810225116,8,5,2
2026-04-16,829220901,8,4,2
2026-04-16,300192448,8,4,1
2026-04-16,829220901,8,1,0
2026-04-15,829220901,8,2,0
2026-04-15,517202811,8,3,2
2026-04-15,300210257,8,8,8
2026-04-15,829220901,8,7,6
2026-04-13,300243675,13,8,2
2026-04-13,829220901,8,1,0
2026-04-13,856203841,8,4,2
2026-04-13,829220901,8,9,8
2026-04-18,300192119,8,4,2
2026-04-18,300192119,8,5,2
2026-04-18,300192119,8,5,2
2026-04-18,852223885,8,8,5
2026-04-18,834220901,8,9,6
2026-04-18,300192119,8,5,3
2026-04-18,300192119,8,7,2
2026-04-18,264190941,8,3,0
2026-04-18,851220901,8,4,2
2026-04-18,300192119,8,5,2
2026-04-18,300192119,8,2,1
2026-04-18,206024630,8,7,4
2026-04-18,234173373,8,1,0
2026-04-18,300192119,8,3,1
2026-04-18,828212831,8,3,2
2026-04-18,300192119,8,4,1
2026-04-18,319005479,7,6,2
2026-04-18,300192119,8,5,3
2026-04-18,300192119,8,5,3
2026-04-18,300194404,8,6,2
2026-04-18,828226753,8,3,2
2026-04-18,300192119,8,5,2
2026-04-17,214192119,13,10,5
2026-04-17,300192119,8,3,1
2026-04-17,270234577,8,3,1
2026-04-17,300192119,8,6,3
2026-04-17,300192119,8,8,3
2026-04-17,256186569,9,6,2
2026-04-17,856240091,8,8,5
2026-04-17,300192119,8,5,2
2026-04-17,300192119,8,6,3
2026-04-17,845233267,9,1,0
2026-04-17,300192119,8,3,2
2026-04-17,300192119,8,2,0
2026-04-17,852263880,8,3,1
2026-04-17,300192119,8,5,2
2026-04-16,300192119,8,7,4
2026-04-16,280215698,8,9,4
2026-04-16,251150724,8,5,2
2026-04-16,300192119,8,3,2
2026-04-16,231024630,8,5,1
2026-04-16,300192119,8,3,0
2026-04-16,300192119,8,3,2
2026-04-16,825212831,8,6,2
2026-04-16,300192119,8,10,6
2026-04-16,206192119,5,6,4
2026-04-16,234167495,8,1,0
2026-04-16,300192119,8,5,1
2026-04-16,300192119,8,9,7
2026-04-16,828212831,9,4,1
2026-04-16,280210257,8,6,3
2026-04-16,300192119,8,2,0
2026-04-16,300192119,8,7,2
2026-04-16,300192119,8,2,2
2026-04-16,517230869,8,5,3
2026-04-16,300192119,8,5,2
2026-04-16,300192119,8,9,3
2026-04-16,300210257,8,10,5
2026-04-16,300220407,13,3,2
2026-04-16,300192119,8,5,3
2026-04-16,300192119,8,2,1
2026-04-16,827048940,8,2,2
2026-04-16,515235840,9,2,1
2026-04-16,300192119,8,5,3
2026-04-16,206206585,11,4,1
2026-04-16,300192119,8,4,1
2026-04-16,300192119,8,4,1
2026-04-16,828212831,8,5,0
2026-04-16,300192119,8,5,3
2026-04-16,508186153,8,1,0
2026-04-16,300192119,8,8,4
2026-04-16,221192119,8,6,2
2026-04-16,300192119,8,7,3
2026-04-16,214192119,13,8,3
2026-04-16,300192119,8,4,1
2026-04-14,206192448,11,5,2
2026-04-14,300192119,8,4,2
2026-04-14,206199987,13,3,0
2026-04-14,270234577,10,10,7
2026-04-14,300192119,8,2,0
2026-04-14,300192119,8,7,2
2026-04-14,283211101,10,2,0
2026-04-14,300192119,8,13,7
2026-04-14,261044897,8,2,1
2026-04-14,300192119,8,5,1
2026-04-14,829235073,8,5,3
2026-04-14,300192119,8,2,0
2026-04-14,256210257,9,4,4
2026-04-14,214186569,12,2,0
2026-04-14,300192119,8,3,1
2026-04-14,300192119,8,7,5
2026-04-14,265234102,8,5,1
2026-04-14,264210385,8,5,2
2026-04-14,324208104,13,5,1
2026-04-14,300192119,8,2,1
2026-04-14,300192119,8,4,3
2026-04-14,300259532,12,2,2
2026-04-14,848192119,8,4,1
2026-04-14,300192119,8,5,1
2026-04-14,234192119,9,10,8
2026-04-14,300192119,8,3,1
2026-04-27,234192119,8,4,0
2026-04-27,862212432,8,9,5
2026-04-27,234192119,8,5,3
2026-04-27,300215698,8,4,2
2026-04-27,234192119,8,5,3
2026-04-27,289051539,8,9,1
2026-04-27,234192119,8,5,3
2026-04-27,845242179,10,5,3
2026-04-27,234192119,8,5,4
2026-04-27,834210257,8,8,5
2026-04-27,234192119,8,4,2
2026-04-27,207167495,13,3,3
2026-04-27,234192119,8,4,1
2026-04-27,216162835,10,7,2
2026-04-27,234192119,8,7,4
2026-04-27,300192448,5,6,2
2026-04-27,234192119,8,4,3
2026-04-27,256199987,10,5,2
2026-04-26,234192119,8,4,2
2026-04-26,291262621,8,7,4
2026-04-26,234192119,8,7,3
2026-04-26,217212831,8,5,1
2026-04-26,234192119,8,8,7
2026-04-26,201051539,8,5,3
2026-04-26,234192119,8,6,0
2026-04-26,300192119,8,6,2
2026-04-26,234192119,8,3,2
2026-04-26,284216065,6,5,0
2026-04-26,234192119,8,4,0
2026-04-26,289190053,8,4,1
2026-04-26,234192119,8,6,3
2026-04-26,802167948,8,4,2
2026-04-26,234192119,8,6,3
2026-04-26,829235073,9,7,2
2026-04-26,234192119,8,3,3
2026-04-26,853238570,9,2,0
2026-04-26,234192119,8,6,1
2026-04-26,324024630,13,7,4
2026-04-26,234192119,8,7,5
2026-04-26,517223885,8,7,2
2026-04-26,234192119,8,7,1
2026-04-25,234192119,8,6,3
2026-04-25,826226753,8,8,3
2026-04-25,234192119,8,4,1
2026-04-25,848167948,8,8,6
2026-04-25,234192119,8,3,1
2026-04-25,513233934,8,11,6
2026-04-25,265192119,8,3,0
2026-04-25,231193080,9,6,3
2026-04-25,265192119,8,7,2
2026-04-25,834173426,8,2,2
2026-04-25,265192119,8,2,0
2026-04-25,237212831,8,3,3
2026-04-25,265192119,8,7,1
2026-04-25,270233267,8,5,2
2026-04-25,265192119,8,6,3
2026-04-25,300192119,8,1,0
2026-04-24,265192119,8,6,3
2026-04-24,846212831,8,10,5
2026-04-24,265192119,8,5,2
2026-04-24,206193080,10,5,1
2026-04-24,265192119,8,5,2
2026-04-24,246186569,9,3,2
2026-04-24,265192119,8,3,0
2026-04-24,265192119,8,4,3
2026-04-24,828200389,8,10,7
2026-04-24,265192119,8,6,2
2026-04-24,284001179,10,11,7
2026-04-24,265192119,8,7,4
2026-04-24,300215698,8,7,2
2026-04-24,265192119,8,4,2
2026-04-24,251051539,8,7,3
2026-04-24,265192119,8,3,2
2026-04-24,265233306,8,6,0
2026-04-24,265192119,8,7,2
2026-04-24,237051539,9,3,1
2026-04-24,265192119,8,8,4
2026-04-24,221192119,8,3,1
2026-04-24,265192119,8,8,5
2026-04-24,300192119,8,4,2
2026-04-24,265192119,8,7,4
2026-04-24,242192119,8,6,0
2026-04-23,265192119,8,11,6
2026-04-23,862212432,8,10,5
2026-04-23,265192119,8,5,0
2026-04-23,828212831,8,6,2
2026-04-23,265192119,8,7,0
2026-04-23,265192119,8,2,1
2026-04-23,265192119,8,6,3
2026-04-23,265192119,8,6,3
2026-04-23,206024630,8,6,1
2026-04-23,265192119,8,4,2
2026-04-23,300224251,13,3,2
2026-04-23,265192119,8,11,6
2026-04-23,300243311,13,5,3
2026-04-23,265192119,8,8,4
2026-04-23,265192119,9,6,3
2026-04-22,265192119,8,4,2
2026-04-22,848192119,8,5,1
2026-04-22,265192119,8,5,1
2026-04-22,828215698,8,1,0
2026-04-22,265192119,8,5,1
2026-04-22,268051539,8,8,1
2026-04-22,265192119,8,7,3
2026-04-22,246193105,8,5,3
2026-04-22,265192119,8,7,2
2026-04-22,207051539,8,10,6
2026-04-22,233192119,8,7,4
2026-04-22,265192119,8,4,3
2026-04-22,265192119,8,10,6
2026-04-22,289192119,8,5,2
2026-04-22,265192119,8,3,3
2026-04-22,515192448,8,4,0
2026-04-22,265192119,8,3,1
2026-04-22,233192119,8,6,2
2026-04-22,265192119,8,6,2
2026-04-22,270233267,10,4,2
2026-04-22,265192119,8,8,4
2026-04-22,825051539,8,7,5
2026-04-22,265192119,8,8,3
2026-04-22,264210385,10,9,5
2026-04-22,265192119,8,6,3
2026-04-22,270234577,8,7,2
2026-04-22,265192119,8,11,7
2026-04-22,234173373,8,1,0
2026-04-22,265192119,8,5,0
2026-04-22,845233267,8,4,0
2026-04-22,265192119,8,4,1
2026-04-22,806212432,10,3,2
2026-04-21,265192119,8,7,4
2026-04-21,233192119,5,3,2
2026-04-21,265192119,8,3,1
2026-04-21,856210385,10,10,2
2026-04-21,265192119,8,7,4
2026-04-21,829220901,8,7,3
2026-04-21,265192119,8,4,3
2026-04-21,284001179,8,5,2
2026-04-21,265192119,8,9,4
2026-04-21,825051539,8,1,0
2026-04-21,853233286,8,2,2
2026-04-21,265192119,8,3,0
2026-04-21,828215698,9,7,3
2026-04-21,265192119,8,9,4
2026-04-21,265192119,8,5,2
2026-04-21,265192119,8,5,2
2026-04-21,237192119,8,6,4
2026-04-21,265192119,8,8,6
2026-04-21,827048940,8,5,3
2026-04-21,265192119,8,7,3
2026-04-21,256199987,8,5,1
2026-04-21,265192119,8,7,1
2026-04-21,825210257,8,2,0
2026-04-21,265192119,8,6,4
2026-04-21,815258498,8,9,5
2026-04-21,265192119,8,4,1
2026-04-21,280226753,8,9,7
2026-04-21,265192119,8,7,5
2026-04-21,216230621,8,5,2
2026-04-21,834192119,8,4,1
2026-04-21,265192119,8,3,1
2026-04-21,265192119,8,5,3
2026-04-21,234051539,8,8,3
2026-04-21,265192119,8,6,3
2026-04-21,289176550,8,3,2
2026-04-21,265192119,8,9,8
2026-04-21,265192119,8,5,1
2026-04-21,300212831,8,6,4
2026-04-21,265192119,8,4,4
2026-04-21,206024630,12,6,2
2026-04-21,265192119,8,3,1
2026-04-21,300243675,13,3,1
2026-04-21,265192119,8,4,2
2026-04-21,501193080,11,4,1
2026-04-21,265192119,8,4,3
2026-04-21,300186569,13,6,5
2026-04-21,265192119,8,5,2
2026-04-21,242192119,8,6,2
2026-04-21,265192119,8,3,3
2026-04-21,206024630,12,8,3
2026-04-20,265192119,8,4,2
2026-04-20,814194404,8,7,3
2026-04-20,265192119,8,4,3
2026-04-20,834220901,8,9,1
2026-04-20,265192119,8,4,0
2026-04-20,265192119,8,16,11
2026-04-20,234190941,8,6,3
2026-04-19,265192119,8,4,0
2026-04-19,216162835,9,5,2
2026-04-19,265192119,8,11,9
2026-04-19,836230621,9,3,0
2026-04-19,265192119,8,20,5
2026-04-19,291262621,8,1,1
2026-04-19,265192119,8,6,3
2026-04-19,840215316,8,6,4
2026-04-19,265192119,8,4,1
2026-04-19,265192119,8,5,1
2026-04-19,300212831,8,1,0
2026-04-19,270233934,8,7,3
2026-04-19,265192119,8,2,0
2026-04-19,265192119,8,7,2
2026-04-19,210193080,8,6,2
2026-04-19,265192119,8,7,5
2026-04-19,834230621,8,6,5
2026-04-19,265192119,8,6,0
2026-04-19,283186153,10,5,4
2026-04-19,265192119,8,6,2
2026-04-19,828167495,8,11,4
2026-04-19,265192119,8,5,1
2026-04-19,253192119,8,9,6
2026-04-19,265192119,8,3,0
2026-04-19,265192119,8,12,8
2026-04-19,231173426,8,6,2
2026-04-19,265192119,8,4,0
2026-04-19,834235840,8,5,5
2026-04-19,265192119,8,7,4
2026-04-19,246173373,8,6,4
2026-04-16,265192119,8,4,3
2026-04-16,206177683,13,4,3
2026-04-16,265192119,8,7,3
2026-04-16,834190941,8,6,1
2026-04-16,265192119,8,6,4
2026-04-16,851230872,9,6,1
2026-04-16,265192119,8,10,6
2026-04-16,283192448,8,2,2
2026-04-16,265192119,8,6,2
2026-04-16,818167495,8,4,3
2026-04-16,265192119,8,6,3
2026-04-16,231193080,8,7,0
2026-04-16,265192119,8,5,1
2026-04-16,270221087,9,1,0
2026-04-16,265192119,8,8,2
2026-04-16,270221087,9,5,2
2026-04-16,265192119,8,9,3
2026-04-16,265192119,8,3,2
2026-04-16,815258498,8,7,3
2026-04-16,265192119,8,7,2
2026-04-16,280215698,8,2,0
2026-04-16,265192119,8,7,3
2026-04-16,237165735,10,7,2
2026-04-16,265192119,8,4,3
2026-04-16,270193105,8,7,3
2026-04-16,265192119,8,6,3
2026-04-16,829204883,8,4,3
2026-04-16,265192119,8,8,4
2026-04-16,216190053,8,4,2
2026-04-14,265192119,8,10,5
2026-04-14,246190778,8,9,2
2026-04-14,265192119,8,6,4
2026-04-14,265192119,8,6,1
2026-04-14,237199987,8,2,1
2026-04-14,265192119,8,6,3
2026-04-14,825005479,9,5,3
2026-04-14,265192119,8,3,3
2026-04-14,253177683,8,4,1
2026-04-14,265192119,8,8,1
2026-04-14,252167948,8,2,0
2026-04-14,265192119,8,5,0
2026-04-14,289192119,9,6,4
2026-04-14,265192119,8,7,4
2026-04-14,300199482,7,7,1
2026-04-14,265192119,8,4,3
2026-04-14,251002147,13,6,5
2026-04-14,265192119,8,7,1
2026-04-14,216192563,8,4,1
2026-04-14,265192119,8,2,1
2026-04-14,253167948,8,10,5
2026-04-14,265192119,8,8,2
2026-04-14,283192448,8,8,4
2026-04-14,265192119,8,6,2
2026-04-14,251186153,8,2,0
2026-04-14,265192119,8,4,1
2026-04-14,517254803,8,6,2
2026-04-14,265192119,8,3,0
2026-04-14,517209981,8,6,2
2026-04-21,820240091,6,4,2
2026-04-21,300228383,13,5,0
2026-04-21,828212831,9,4,2
2026-04-21,820240091,6,7,2
2026-04-21,820240091,6,4,2
2026-04-21,265192119,9,2,2
2026-04-21,820240091,6,4,2
2026-04-21,828212831,8,3,1
2026-04-21,820240091,6,2,1
2026-04-19,820240091,6,3,2
2026-04-19,856240091,8,4,2
2026-04-19,820240091,6,4,1
2026-04-19,300167495,8,4,1
2026-04-18,280225116,8,5,3
2026-04-18,820240091,6,5,2
2026-04-18,820240091,6,3,1
2026-04-18,851230872,8,4,1
2026-04-18,820240091,6,6,4
2026-04-18,802167495,8,10,6
2026-04-18,820240091,6,6,3
2026-04-18,829226753,10,7,5
2026-04-18,300230621,8,3,2
2026-04-18,820240091,6,4,2
2026-04-18,251192119,8,2,0
2026-04-18,820240091,6,3,2
2026-04-18,820240091,6,2,1
2026-04-18,846193080,9,3,1
2026-04-17,820240091,6,4,2
2026-04-17,206210257,13,6,3
2026-04-17,820240091,6,1,0
2026-04-17,834167495,8,4,2
2026-04-17,846202811,9,4,2
2026-04-17,820240091,6,6,3
2026-04-17,820240091,6,4,1
2026-04-17,251186153,7,6,5
2026-04-17,820240091,6,4,2
2026-04-17,270234577,9,9,6
2026-04-17,820240091,6,5,2
2026-04-17,829235073,8,2,1
2026-04-17,246199987,8,3,1
2026-04-17,820240091,6,6,2
2026-04-17,853212432,9,6,3
2026-04-17,820240091,6,8,6
2026-04-17,820240091,6,3,1
2026-04-17,851230872,8,2,0
2026-04-17,820240091,6,4,2
2026-04-17,206177683,13,3,2
2026-04-17,820240091,6,6,5
2026-04-17,834220901,8,6,3
2026-04-17,820240091,6,5,2
2026-04-17,206024630,12,6,3
2026-04-17,820240091,6,5,1
2026-04-17,300192119,8,5,1
2026-04-17,856240091,5,4,3
2026-04-17,820240091,6,6,3
2026-04-17,820240091,6,2,0
2026-04-17,828167948,8,6,4
2026-04-17,820240091,6,3,0
2026-04-17,216167495,8,3,2
2026-04-17,820240091,6,4,2
2026-04-17,845242179,9,3,2
2026-04-16,848051539,8,4,1
2026-04-16,820240091,6,3,1
2026-04-16,820240091,6,5,3
2026-04-16,283192448,8,8,5
2026-04-16,206177683,11,4,3
2026-04-16,820240091,6,5,2
2026-04-16,820240091,6,4,2
2026-04-16,234162835,9,3,2
2026-04-16,820240091,6,4,3
2026-04-16,251051539,8,8,3
2026-04-16,820240091,6,2,0
2026-04-16,834220901,8,5,4
2026-04-16,820240091,6,2,1
2026-04-16,242192448,8,5,3
2026-04-16,265233306,8,5,1
2026-04-16,820240091,6,3,1
2026-04-16,820240091,6,2,0
2026-04-16,270221087,9,4,2
2026-04-16,517215316,8,5,4
2026-04-16,820240091,6,5,1
2026-04-16,820240091,6,8,7
2026-04-16,818167495,8,2,1
2026-04-16,820240091,6,4,0
2026-04-16,834235840,8,1,1
2026-04-15,820240091,6,5,3
2026-04-15,517251752,8,5,3
2026-04-15,820240091,6,3,1
2026-04-15,300210358,13,4,2
2026-04-15,820240091,6,5,1
2026-04-15,834230621,8,5,1
2026-04-15,820240091,6,2,0
2026-04-15,265233306,8,7,3
2026-04-15,251168435,13,6,4
2026-04-15,820240091,6,2,1
2026-04-15,206024630,12,4,2
2026-04-15,820240091,6,3,2
2026-04-15,251024630,8,1,1
2026-04-15,848190941,9,4,1
2026-04-15,820240091,6,3,2
2026-04-15,515192984,11,4,2
2026-04-15,820240091,6,3,2
2026-04-15,820240091,6,5,3
2026-04-15,237212831,8,7,7
2026-04-15,300200389,8,5,2
2026-04-15,820240091,6,5,1
2026-04-15,851230872,8,4,1
2026-04-14,820240091,6,4,3
2026-04-14,237192119,8,1,0
2026-04-14,246186569,8,3,3
2026-04-14,820240091,6,3,1
2026-04-14,820240091,6,4,2
2026-04-14,264210385,10,9,4
2026-04-26,300227127,13,5,1
2026-04-26,856228789,9,4,1
2026-04-26,291262621,8,6,2
2026-04-26,856228789,9,2,1
2026-04-26,237212831,8,5,0
2026-04-26,856228789,9,4,0
2026-04-26,324024630,12,5,2
2026-04-26,814186569,9,8,5
2026-04-26,856228789,9,2,2
2026-04-26,856228789,9,5,1
2026-04-26,300202811,8,7,3
2026-04-26,856228789,9,7,4
2026-04-26,283170597,9,2,0
2026-04-26,856228789,9,1,1
2026-04-26,827048940,8,4,2
2026-04-26,856228789,9,1,1
2026-04-26,324024630,12,2,1
2026-04-26,862212432,8,8,1
2026-04-26,856228789,9,5,2
2026-04-26,856228789,9,9,5
2026-04-26,214001179,5,8,3
2026-04-26,856228789,9,8,6
2026-04-26,291262621,8,3,2
2026-04-26,856228789,9,4,2
2026-04-26,324024630,13,5,1
2026-04-26,856228789,9,5,3
2026-04-26,814048940,9,3,1
2026-04-25,517204935,8,6,1
2026-04-25,856228789,9,3,2
2026-04-25,856228789,9,1,1
2026-04-25,283211101,8,3,0
2026-04-25,856228789,9,4,0
2026-04-25,274192119,8,3,0
2026-04-25,856228789,9,1,0
2026-04-25,828192448,8,5,2
2026-04-25,300235840,11,5,1
2026-04-25,856228789,9,2,1
2026-04-25,231024630,8,1,0
2026-04-25,856228789,9,8,5
2026-04-25,300225395,12,1,0
2026-04-25,856228789,9,10,5
2026-04-25,826204935,8,5,3
2026-04-25,856228789,9,4,4
2026-04-23,856228789,9,4,1
2026-04-23,206203042,13,4,1
2026-04-23,856228789,9,8,5
2026-04-23,825212831,8,4,2
2026-04-23,856228789,9,4,1
2026-04-23,300240913,11,5,3
2026-04-23,856228789,9,3,2
2026-04-23,828192119,8,7,4
2026-04-23,856228789,9,6,2
2026-04-23,300192448,8,4,3
2026-04-23,251051539,8,5,0
2026-04-23,856228789,9,7,2
2026-04-23,856228789,9,1,0
2026-04-23,264230621,8,8,2
2026-04-23,206186153,8,4,2
2026-04-23,856228789,9,9,2
2026-04-23,856228789,9,4,2
2026-04-23,834212831,8,3,1
2026-04-23,856228789,9,4,3
2026-04-23,834235840,8,6,0
2026-04-21,856228789,9,4,1
2026-04-21,291220901,8,5,2
2026-04-21,856228789,9,8,5
2026-04-20,856228789,9,8,3
2026-04-20,835016254,8,2,1
2026-04-20,856228789,9,5,2
2026-04-20,265186153,8,5,1
2026-04-20,856228789,9,5,0
2026-04-20,834192119,8,6,1
2026-04-20,856228789,9,3,1
2026-04-20,206203775,13,5,1
2026-04-20,856228789,9,5,3
2026-04-20,291262621,8,7,2
2026-04-20,856228789,9,7,3
2026-04-20,234199987,9,4,3
2026-04-20,253192119,8,1,0
2026-04-20,856228789,9,3,3
2026-04-20,856228789,9,7,2
2026-04-20,256051539,8,4,2
2026-04-20,856228789,9,11,4
2026-04-20,234192119,8,1,0
2026-04-20,856228789,9,3,2
2026-04-20,836167948,8,5,2
2026-04-20,856228789,9,6,3
2026-04-20,323193041,13,4,1
2026-04-18,856228789,9,11,7
2026-04-18,300258466,8,6,2
2026-04-18,856228789,9,5,3
2026-04-18,851230872,8,5,2
2026-04-18,828215698,8,3,2
2026-04-18,856228789,9,10,4
2026-04-18,856228789,9,7,4
2026-04-18,828212831,8,4,0
2026-04-17,856228789,9,4,1
2026-04-17,827051539,8,3,2
2026-04-17,856228789,9,9,3
2026-04-17,273234642,8,2,0
2026-04-17,856228789,9,5,4
2026-04-17,848167948,8,4,3
2026-04-17,234162835,8,3,1
2026-04-17,856228789,9,5,1
2026-04-16,856228789,9,2,0
2026-04-16,291211738,8,7,4
2026-04-16,856228789,9,3,0
2026-04-16,828212831,8,3,3
2026-04-16,856228789,9,2,1
2026-04-16,818167495,8,6,1
2026-04-16,856228789,9,2,2
2026-04-16,253230621,9,5,3
2026-04-16,856228789,9,5,2
2026-04-16,834192119,8,4,1
2026-04-15,201193080,13,7,1
2026-04-15,856228789,9,11,7
2026-04-15,856228789,9,4,1
2026-04-15,517254803,8,8,6
2026-04-15,856228789,9,10,5
2026-04-15,253192119,8,6,1
2026-04-15,856228789,9,1,0
2026-04-15,814223885,8,5,1
2026-04-15,856228789,9,8,2
2026-04-15,828212831,8,9,4
2026-04-15,856228789,9,3,2
2026-04-15,828167495,9,3,1
2026-04-15,856228789,9,6,1
2026-04-15,242192119,8,3,1
2026-04-15,856228789,9,7,2
2026-04-15,826204935,8,9,5
2026-04-15,289192119,8,5,3
2026-04-15,856228789,9,3,0
2026-04-15,856228789,9,6,2
2026-04-15,836001179,8,6,1
2026-04-15,856228789,9,5,1
2026-04-15,802167948,8,6,4
2026-04-15,856228789,9,4,2
2026-04-15,216200389,8,6,3
2026-04-14,856228789,9,3,1
2026-04-14,300233164,8,8,2
2026-04-14,856228789,9,8,7
2026-04-14,251051539,9,4,2
2026-04-14,856228789,9,7,5
2026-04-14,834230621,8,5,2
2026-04-14,856228789,9,1,1
2026-04-14,829192119,8,2,0
2026-04-14,231164835,8,5,1
2026-04-14,856228789,9,2,1
2026-04-14,856228789,9,5,2
2026-04-14,265233306,9,4,1
2026-04-14,856228789,9,6,3
2026-04-14,265225116,8,3,2
2026-04-14,851230872,8,2,1
2026-04-14,856228789,9,9,7
2026-04-26,206203775,13,4,3
2026-04-26,300212831,8,6,2
2026-04-26,216000488,8,3,3
2026-04-26,300212831,8,5,3
2026-04-26,300212831,8,8,2
2026-04-26,300207935,9,8,4
2026-04-26,300212831,8,4,2
2026-04-26,300242948,13,10,4
2026-04-26,300212831,8,6,2
2026-04-26,201051539,10,6,4
2026-04-26,300212831,8,6,2
2026-04-26,216230621,9,4,2
2026-04-26,300212831,8,6,2
2026-04-26,834242948,8,2,2
2026-04-26,300212831,8,5,2
2026-04-26,206200389,13,8,6
2026-04-26,300212831,8,10,3
2026-04-26,214186569,13,5,4
2026-04-19,300212831,8,4,4
2026-04-19,214005479,8,6,1
2026-04-19,300212831,8,17,9
2026-04-19,207051539,9,2,2
2026-04-19,300212831,8,5,2
2026-04-19,828212831,8,5,3
2026-04-19,300212831,8,5,2
2026-04-19,260186569,9,3,2
2026-04-19,300212831,8,4,1
2026-04-19,517227127,8,6,5
2026-04-19,300212831,8,3,3
2026-04-19,825210257,8,8,4
2026-04-19,300212831,8,4,2
2026-04-19,234173373,8,7,5
2026-04-19,300212831,8,3,0
2026-04-19,234190053,8,6,4
2026-04-18,300173426,13,5,3
2026-04-18,300190941,8,5,0
2026-04-18,300173426,13,6,2
2026-04-18,283211101,9,2,1
2026-04-17,300173426,13,5,4
2026-04-17,206206585,12,7,5
2026-04-17,300173426,13,4,1
2026-04-17,237192119,8,5,2
2026-04-17,300173426,13,5,3
2026-04-17,834212831,8,3,2
2026-04-17,300173426,13,6,1
2026-04-17,856228789,7,9,4
2026-04-17,300173426,13,4,1
2026-04-17,300207998,7,8,2
2026-04-17,810228413,8,9,6
2026-04-17,300173426,13,3,1
2026-04-16,300173426,13,3,1
2026-04-16,517204883,8,7,3
2026-04-16,300173426,13,6,2
2026-04-16,206188943,13,3,1
2026-04-16,300173426,13,4,1
2026-04-16,265186153,8,8,3
2026-04-16,300173426,13,2,0
2026-04-16,251051539,8,7,6
2026-04-16,300173426,13,5,2
2026-04-16,289176550,9,5,4
2026-04-16,234190941,8,5,4
2026-04-16,300173426,13,7,2
2026-04-16,101005479,8,15,8
2026-04-16,300173426,13,2,1
2026-04-16,300173426,13,2,1
2026-04-16,201051539,8,7,1
2026-04-16,300173426,13,6,1
2026-04-16,834251752,8,6,3
2026-04-16,300173426,13,1,0
2026-04-16,251048940,9,6,3
2026-04-15,300173426,13,5,3
2026-04-15,101048940,8,4,2
2026-04-15,300173426,13,7,2
2026-04-15,265192119,8,6,2
2026-04-15,300192119,8,5,3
2026-04-15,300173426,13,8,6
2026-04-15,300173426,13,3,1
2026-04-15,834210257,8,4,2
2026-04-13,828215698,8,7,2
2026-04-13,300173426,13,1,0
2026-04-13,300173426,13,3,0
2026-04-13,280204092,13,9,3
2026-04-13,845242179,8,7,2
2026-04-13,300173426,13,8,5
2026-04-13,300173426,13,2,2
2026-04-13,206203775,13,6,1
2026-04-13,283211101,8,6,4
2026-04-13,300173426,13,3,2
2026-04-13,300173426,13,5,1
2026-04-13,206192448,12,9,3
2026-04-13,300173426,13,4,0
2026-04-13,237210257,8,6,3
2026-04-13,834230621,8,7,5
2026-04-13,300173426,13,5,3
2026-04-25,845234642,8,6,2
2026-04-25,828212831,8,3,1
2026-04-25,862212432,8,2,1
2026-04-25,828212831,8,8,5
2026-04-25,265192119,8,5,2
2026-04-25,214203775,13,4,3
2026-04-25,828212831,8,8,4
2026-04-25,829204883,9,3,2
2026-04-25,828212831,8,2,1
2026-04-24,268051539,8,8,2
2026-04-24,828212831,8,4,1
2026-04-23,508215698,8,11,7
2026-04-23,828212831,8,6,3
2026-04-21,828212831,8,3,1
2026-04-21,300233306,7,7,6
2026-04-21,231163155,8,5,4
2026-04-21,828212831,8,3,1
2026-04-21,206210257,13,6,4
2026-04-21,828212831,8,6,5
2026-04-16,856228789,8,9,6
2026-04-16,828212831,8,2,2
2026-04-16,270233934,9,7,5
2026-04-16,828212831,8,2,0
2026-04-16,237165735,8,4,3
2026-04-16,828212831,8,7,2
2026-04-16,256186153,7,3,2
2026-04-16,804262621,8,2,2
2026-04-16,517235073,5,8,2
2026-04-16,828212831,8,2,1
2026-04-16,280215698,8,7,3
2026-04-16,828212831,8,3,0
2026-04-15,828212831,8,7,0
2026-04-15,845233267,8,5,4
2026-04-15,834192119,8,5,4
2026-04-15,828212831,8,5,1
2026-04-15,828212831,8,4,2
2026-04-15,237193105,8,3,1
2026-04-15,283211101,9,7,3
2026-04-15,828212831,8,5,4
2026-04-15,829220901,8,6,3
2026-04-15,828212831,8,8,5
2026-04-15,828192119,8,4,2
2026-04-15,828212831,8,9,5
2026-04-15,828212831,8,7,3
2026-04-15,237210257,8,7,6
2026-04-13,828212831,8,5,2
2026-04-13,828212831,8,4,0
2026-04-13,517215698,8,7,3
2026-04-13,828212831,8,2,0
2026-04-13,253230621,8,7,6
2026-04-13,828212831,8,4,0
2026-04-13,291262621,8,8,5
2026-04-13,828212831,8,4,2
2026-04-13,280215698,8,2,2
2026-04-13,828212831,8,4,0
2026-04-27,828215698,8,3,1
2026-04-27,260189342,13,5,3
2026-04-27,828215698,8,3,0
2026-04-27,201167495,12,1,0
2026-04-27,828215698,8,8,4
2026-04-27,300259532,13,7,4
2026-04-27,828215698,8,2,0
2026-04-27,233192119,8,7,3
2026-04-27,828215698,8,3,3
2026-04-27,260243952,8,5,2
2026-04-27,828215698,8,5,0
2026-04-27,206203841,11,2,0
2026-04-27,834230621,8,6,1
2026-04-27,828215698,8,2,0
2026-04-27,804262621,9,1,0
2026-04-27,828215698,8,14,5
2026-04-27,828215698,8,7,3
2026-04-27,251150724,13,3,1
2026-04-27,828215698,8,2,1
2026-04-27,508215698,8,2,1
2026-04-27,828215698,8,5,1
2026-04-27,206167948,13,4,3
2026-04-27,828215698,8,9,5
2026-04-27,300228789,13,6,1
2026-04-27,828215698,8,5,3
2026-04-27,834235073,8,5,1
2026-04-27,828215698,8,2,0
2026-04-27,300219836,13,6,0
2026-04-26,828215698,8,4,0
2026-04-26,283211101,10,4,1
2026-04-26,828215698,8,4,2
2026-04-26,274192119,8,4,0
2026-04-26,828215698,8,5,3
2026-04-26,283211101,8,4,0
2026-04-26,828215698,8,5,3
2026-04-26,280240913,13,7,6
2026-04-26,828215698,8,5,4
2026-04-26,201051539,8,4,2
2026-04-26,265234102,10,8,4
2026-04-26,828215698,8,5,1
2026-04-26,834220901,8,6,4
2026-04-26,828215698,8,7,2
2026-04-26,300263887,13,3,2
2026-04-26,828215698,8,1,0
2026-04-26,300243675,13,4,0
2026-04-26,828215698,8,2,0
2026-04-26,251048940,8,6,3
2026-04-26,828215698,8,7,5
2026-04-26,231193080,8,2,0
2026-04-26,828215698,8,3,0
2026-04-26,251048940,9,3,0
2026-04-26,828215698,8,1,1
2026-04-26,206167948,13,5,3
2026-04-26,828215698,8,3,2
2026-04-26,256051539,8,2,0
2026-04-25,828215698,8,8,4
2026-04-25,265192119,8,4,2
2026-04-25,246199987,8,3,2
2026-04-25,828215698,8,6,4
2026-04-25,206188943,13,3,1
2026-04-25,828215698,8,6,2
2026-04-25,810230621,8,8,2
2026-04-25,828215698,8,3,0
2026-04-25,300233164,13,9,5
2026-04-25,828215698,8,4,2
2026-04-25,828215698,8,4,3
2026-04-25,324213951,11,8,3
2026-04-25,828215698,8,5,2
2026-04-25,216167948,8,2,0
2026-04-25,828215698,8,8,4
2026-04-25,246199987,9,1,0
2026-04-25,828215698,8,2,0
2026-04-25,251164835,8,5,2
2026-04-25,828215698,8,7,1
2026-04-25,206192448,12,5,3
2026-04-25,828215698,8,6,5
2026-04-25,300258498,13,2,1
2026-04-21,828215698,8,1,0
2026-04-21,251051539,8,1,0
2026-04-21,828215698,8,3,0
2026-04-21,280215698,8,2,0
2026-04-21,300242656,13,5,0
2026-04-21,300204883,13,2,0
2026-04-21,828215698,8,7,4
2026-04-21,828215698,8,3,2
2026-04-21,851230872,8,5,3
2026-04-21,830212432,8,5,1
2026-04-21,828215698,8,3,0
2026-04-21,828215698,8,10,6
2026-04-21,502192119,8,3,0
2026-04-21,237210257,8,4,1
2026-04-21,828215698,8,2,0
2026-04-21,251051539,8,3,0
2026-04-21,828215698,8,4,0
2026-04-21,828192119,8,1,0
2026-04-21,828215698,8,7,4
2026-04-21,300259532,12,2,0
2026-04-20,828215698,8,8,2
2026-04-20,300192119,5,5,2
2026-04-20,828215698,8,2,0
2026-04-20,300220901,8,4,0
2026-04-20,828215698,8,8,3
2026-04-20,217203042,13,5,1
2026-04-20,828215698,8,8,5
2026-04-20,828215698,8,5,2
2026-04-20,252167948,9,3,2
2026-04-20,828215698,8,5,1
2026-04-20,217177683,12,2,2
2026-04-20,828215698,8,3,3
2026-04-20,206188943,13,3,1
2026-04-20,802167948,8,5,2
2026-04-20,214212831,13,3,0
2026-04-20,848167948,8,3,1
2026-04-20,828215698,8,4,0
2026-04-20,246186569,10,3,0
2026-04-20,828215698,8,4,2
2026-04-20,513193041,12,3,0
2026-04-20,828215698,8,4,1
2026-04-20,828215698,8,4,2
2026-04-20,834235073,8,5,4
2026-04-19,828215698,8,3,0
2026-04-19,251001179,9,6,3
2026-04-19,828215698,8,9,6
2026-04-19,300219836,13,4,3
2026-04-19,300167495,8,3,0
2026-04-19,828215698,8,3,0
2026-04-18,828215698,8,5,3
2026-04-18,291211738,8,5,1
2026-04-18,828215698,8,1,0
2026-04-18,265233306,8,6,2
2026-04-18,828215698,8,11,5
2026-04-18,323186153,8,3,1
2026-04-18,828215698,8,5,3
2026-04-18,251051539,8,1,1
2026-04-18,828215698,8,4,1
2026-04-18,828192448,9,3,1
2026-04-18,828215698,8,3,1
2026-04-18,829189117,9,5,2
2026-04-18,828215698,8,5,2
2026-04-18,300167495,8,5,1
2026-04-18,828215698,8,4,3
2026-04-18,300199987,8,2,0
2026-04-18,828215698,8,2,1
2026-04-18,852223885,9,7,5
2026-04-18,828215698,8,8,6
2026-04-18,503201931,13,5,2
2026-04-17,828215698,8,6,2
2026-04-17,836005479,11,8,1
2026-04-17,828215698,8,4,2
2026-04-17,251001179,8,4,0
2026-04-17,828215698,8,4,2
2026-04-17,270233934,9,6,5
2026-04-17,828215698,8,4,3
2026-04-17,300190941,8,3,1
2026-04-17,828215698,8,4,0
2026-04-17,517204883,8,4,0
2026-04-17,828215698,8,4,1
2026-04-17,804262621,9,2,0
2026-04-17,231024630,8,1,0
2026-04-17,828215698,8,5,0
2026-04-16,300212831,5,2,1
2026-04-16,828215698,8,7,6
2026-04-16,828215698,8,4,2
2026-04-16,300192119,8,3,0
2026-04-16,828215698,8,2,2
2026-04-16,206024630,10,7,4
2026-04-16,828215698,8,8,4
2026-04-16,234162835,8,6,2
2026-04-16,828215698,8,7,6
2026-04-16,834210257,8,6,3
2026-04-15,828167948,8,5,1
2026-04-15,840206585,8,1,0
2026-04-15,206203841,11,3,3
2026-04-15,828167948,8,2,0
2026-04-15,828167948,8,6,4
2026-04-15,300230872,12,3,0
2026-04-15,828167948,8,3,2
2026-04-15,234192119,8,4,0
2026-04-15,828167948,8,4,2
2026-04-15,264230621,8,4,2
2026-04-15,844233306,8,6,2
2026-04-15,828167948,8,2,1
2026-04-15,834215698,9,5,2
2026-04-15,828167948,8,6,2
2026-04-15,517254803,8,5,3
2026-04-15,828167948,8,3,1
2026-04-15,834192119,8,4,0
2026-04-15,206048940,13,3,0
2026-04-15,828167948,8,3,1
2026-04-15,828167948,8,8,3
2026-04-15,270233934,9,4,2
2026-04-15,828167948,8,7,4
2026-04-15,217203042,8,3,0
2026-04-15,828167948,8,10,4
2026-04-15,814234642,8,8,4
2026-04-15,828167948,8,5,3
2026-04-15,300226753,8,6,1
2026-04-15,828167948,8,6,2
2026-04-15,828167948,8,5,2
2026-04-15,848167948,9,3,1
2026-04-15,260213951,8,1,0
2026-04-15,828167948,8,5,2
2026-04-15,828167948,8,4,1
2026-04-15,231193041,9,5,3
2026-04-14,828167948,8,2,0
2026-04-14,270233934,8,2,1
2026-04-14,828167948,8,8,5
2026-04-14,840206585,8,7,3
2026-04-14,828167948,8,2,2
2026-04-14,234190053,10,6,2
2026-04-14,280210257,6,8,2
2026-04-14,828167948,8,5,3
2026-04-14,828167948,8,3,1
2026-04-14,300200389,8,4,2
2026-04-14,828167948,8,6,0
2026-04-14,834215698,8,3,0
2026-04-14,283192448,9,3,2
2026-04-14,828167948,8,5,2
2026-04-14,828167948,8,2,1
2026-04-14,840215316,8,4,2
2026-04-14,300230621,8,2,0
2026-04-14,828215698,8,6,3
2026-04-14,828215698,8,6,3
2026-04-14,237192119,8,4,3
2026-04-14,828215698,8,9,4
2026-04-14,828215698,8,2,0
2026-04-14,828215698,8,1,1
2026-04-14,289192119,8,2,0
2026-04-14,216190053,8,1,0
2026-04-14,828215698,8,6,4
2026-04-14,828215698,8,7,2
2026-04-14,206203042,13,5,2
2026-04-14,828215698,8,6,3
2026-04-14,280210257,8,4,2
2026-04-14,231024630,8,4,2
2026-04-14,828215698,8,6,3
2026-04-14,828215698,8,4,3
2026-04-14,291220901,9,3,1
2026-04-14,828215698,8,9,4
2026-04-14,251192119,8,6,3
2026-04-13,828215698,8,5,3
2026-04-13,251167495,8,5,2
2026-04-13,828215698,8,3,0
2026-04-13,828212831,8,3,1
2026-04-13,828215698,8,4,1
2026-04-13,251164835,9,4,2
2026-04-13,300266517,13,3,0
2026-04-13,828215698,8,11,5
2026-04-13,828215698,8,8,4
2026-04-13,300200110,13,5,1
2026-04-13,828215698,8,3,0
2026-04-13,251178005,8,5,1
2026-04-13,828215698,8,3,3
2026-04-13,511234102,8,6,4
2026-04-13,834230621,8,5,3
2026-04-13,828215698,8,5,4
2026-04-13,828215698,8,6,2
2026-04-13,201051539,8,6,0
2026-04-13,517246139,8,5,1
2026-04-13,828215698,8,5,2
2026-04-13,828215698,8,1,0
2026-04-13,284216065,8,4,0
2026-04-13,828215698,8,5,0
2026-04-13,289192119,8,1,0
2026-04-13,828215698,8,3,1
2026-04-13,852223885,9,4,1
2026-04-27,237212831,8,2,0
2026-04-27,844251752,8,4,1
2026-04-27,251048940,10,4,3
2026-04-27,844251752,8,3,1
2026-04-27,237192119,8,1,1
2026-04-27,844251752,8,2,1
2026-04-27,252002147,9,4,4
2026-04-27,844251752,8,5,3
2026-04-27,237165735,10,5,0
2026-04-27,844251752,8,4,3
2026-04-27,231164835,8,3,1
2026-04-27,844251752,8,5,0
2026-04-27,834235840,8,4,3
2026-04-27,844251752,8,2,1
2026-04-27,253241671,8,2,1
2026-04-27,844251752,8,3,2
2026-04-27,252167948,9,5,3
2026-04-27,844251752,8,7,2
2026-04-27,283186153,9,5,4
2026-04-27,844251752,8,2,0
2026-04-27,300259065,13,1,1
2026-04-27,844251752,8,3,3
2026-04-27,862212432,8,4,2
2026-04-27,844251752,8,6,4
2026-04-27,101001179,8,2,1
2026-04-27,844251752,8,4,2
2026-04-27,834192119,8,3,0
2026-04-27,844251752,8,4,0
2026-04-27,265233306,8,1,0
2026-04-27,844251752,8,8,7
2026-04-27,844251752,8,6,3
2026-04-27,274192119,8,3,1
2026-04-27,844251752,8,6,2
2026-04-25,216230621,8,4,1
2026-04-25,844251752,8,9,4
2026-04-25,265225116,8,5,3
2026-04-25,844251752,8,5,1
2026-04-25,855230872,8,6,1
2026-04-25,844251752,8,6,1
2026-04-25,206024630,13,4,3
2026-04-25,844251752,8,4,2
2026-04-25,828192448,8,6,1
2026-04-25,844251752,8,3,2
2026-04-25,207051539,9,5,2
2026-04-25,844251752,8,2,1
2026-04-25,844251752,8,3,0
2026-04-25,802167948,9,2,1
2026-04-25,300263887,13,6,5
2026-04-25,844251752,8,7,3
2026-04-25,214024630,8,5,1
2026-04-25,844251752,8,4,4
2026-04-25,101048940,8,4,2
2026-04-25,844251752,8,4,1
2026-04-25,300243675,13,1,0
2026-04-25,844251752,8,5,3
2026-04-25,206212831,11,5,2
2026-04-25,844251752,8,2,2
2026-04-25,844251752,8,3,2
2026-04-25,828192119,8,4,1
2026-04-25,844251752,8,1,1
2026-04-25,256193105,8,3,0
2026-04-25,853212432,8,2,0
2026-04-25,844251752,8,5,2
2026-04-25,233192119,8,1,0
2026-04-25,844251752,8,5,3
2026-04-25,825051539,8,2,2
2026-04-25,844251752,8,2,1
2026-04-25,283167495,9,1,1
2026-04-25,844251752,8,2,1
2026-04-25,844251752,8,1,1
2026-04-25,264230621,8,1,0
2026-04-25,844251752,8,5,4
2026-04-25,237193105,8,4,3
2026-04-25,251167495,8,3,1
2026-04-25,844251752,8,2,1
2026-04-25,844251752,8,1,0
2026-04-25,844251752,8,5,3
2026-04-25,206203042,11,4,2
2026-04-25,270234577,8,1,0
2026-04-25,844251752,8,3,1
2026-04-24,206024630,13,2,1
2026-04-24,844251752,8,6,4
2026-04-24,862212432,8,5,1
2026-04-24,844251752,8,6,4
2026-04-24,846193080,8,5,3
2026-04-24,844251752,8,5,3
2026-04-24,844251752,8,6,4
2026-04-24,300193105,8,6,3
2026-04-24,852001179,8,4,2
2026-04-24,844251752,8,2,1
2026-04-24,840193080,8,2,1
2026-04-24,844251752,8,6,3
2026-04-24,101048940,8,8,5
2026-04-24,844251752,8,6,1
2026-04-24,242192119,8,5,3
2026-04-24,844251752,8,5,3
2026-04-24,844251752,8,6,3
2026-04-24,251186153,11,1,0
2026-04-24,300255303,13,5,3
2026-04-24,844251752,8,3,2
2026-04-24,844251752,8,5,4
2026-04-24,844251752,8,3,1
2026-04-24,828212831,8,5,2
2026-04-24,300234102,13,3,2
2026-04-24,844251752,8,2,0
2026-04-24,834220901,8,1,1
2026-04-24,844251752,8,4,2
2026-04-24,207210257,13,4,1
2026-04-24,844251752,8,3,0
2026-04-24,844251752,8,7,5
2026-04-24,844251752,8,3,1
2026-04-24,300192448,8,6,3
2026-04-24,844251752,8,4,2
2026-04-24,252167948,8,2,0
2026-04-24,844251752,8,4,0
2026-04-24,844251752,8,4,1
2026-04-24,265192119,8,6,2
2026-04-24,324024630,13,6,2
2026-04-24,844251752,8,1,0
2026-04-24,324024630,13,2,0
2026-04-24,844251752,8,2,1
2026-04-24,844251752,8,5,2
2026-04-24,517211738,8,2,1
2026-04-24,844251752,8,2,1
2026-04-24,834177683,8,4,3
2026-04-23,844251752,8,4,3
2026-04-23,828200389,8,5,2
2026-04-22,214024630,8,2,1
2026-04-22,844251752,8,4,2
2026-04-22,844251752,8,3,2
2026-04-22,234164835,12,6,2
2026-04-22,251192119,8,3,0
2026-04-22,256199987,8,2,1
2026-04-22,844251752,8,3,0
2026-04-22,206024630,13,5,3
2026-04-22,844251752,8,5,2
2026-04-22,844251752,8,3,2
2026-04-22,234192119,8,2,0
2026-04-22,234150724,8,2,0
2026-04-22,844251752,8,4,1
2026-04-22,300192119,9,4,2
2026-04-22,844251752,8,2,1
2026-04-22,825192448,8,2,0
2026-04-22,844251752,8,1,1
2026-04-22,844251752,8,7,2
2026-04-22,814048940,8,2,0
2026-04-22,840242948,8,1,0
2026-04-22,844251752,8,2,0
2026-04-22,834220901,8,2,0
2026-04-22,844251752,8,3,2
2026-04-22,828192119,8,4,3
2026-04-22,844251752,8,2,0
2026-04-21,829192119,10,5,1
2026-04-21,844251752,8,2,2
2026-04-21,289167948,9,2,1
2026-04-21,844251752,8,2,0
2026-04-21,844251752,8,3,0
2026-04-21,284200696,8,2,1
2026-04-21,237165735,9,5,1
2026-04-21,844251752,8,4,1
2026-04-21,844251752,8,5,1
2026-04-21,246173373,10,4,1
2026-04-21,844251752,8,3,2
2026-04-21,234162835,8,2,1
2026-04-21,517192563,8,4,2
2026-04-21,844251752,8,3,0
2026-04-21,517211738,9,5,1
2026-04-21,844251752,8,2,1
2026-04-21,828212831,8,2,0
2026-04-21,804262621,8,2,0
2026-04-19,844251752,8,4,1
2026-04-19,283211101,10,3,1
2026-04-19,237210257,8,1,0
2026-04-19,844251752,8,1,0
2026-04-19,251051539,8,5,1
2026-04-19,844251752,8,6,4
2026-04-19,844251752,8,6,0
2026-04-19,256210257,8,7,3
2026-04-19,300215698,8,2,1
2026-04-19,844251752,8,3,2
2026-04-19,300234642,13,4,2
2026-04-19,844251752,8,3,0
2026-04-19,844251752,8,4,3
2026-04-19,825048940,9,3,1
2026-04-19,844251752,8,5,2
2026-04-19,246186569,10,3,2
2026-04-19,825212831,8,2,0
2026-04-19,844251752,8,3,0
2026-04-19,844251752,8,1,1
2026-04-19,217203042,13,3,1
2026-04-19,844251752,8,4,1
2026-04-19,265192119,10,8,3
2026-04-19,844251752,8,6,3
2026-04-18,300215316,13,4,3
2026-04-18,844251752,8,4,1
2026-04-18,844251752,8,5,3
2026-04-18,828192119,8,1,0
2026-04-18,206164835,13,2,1
2026-04-18,844251752,8,4,1
2026-04-18,300199987,8,3,0
2026-04-18,844251752,8,2,2
2026-04-18,844251752,8,4,1
2026-04-18,804263063,8,2,0
2026-04-18,844251752,8,3,2
2026-04-18,256193105,8,2,1
2026-04-18,844251752,8,6,2
2026-04-18,844251752,8,4,2
2026-04-18,246186569,8,3,2
2026-04-18,256210257,8,3,2
2026-04-18,844251752,8,1,1
2026-04-16,844251752,8,3,3
2026-04-16,300192448,8,2,1
2026-04-16,324024630,12,5,3
2026-04-16,844251752,8,4,1
2026-04-16,829204883,8,5,2
2026-04-16,256192448,8,3,2
2026-04-16,844251752,8,3,0
2026-04-16,840215316,8,4,1
2026-04-16,844251752,8,5,4
2026-04-16,300263063,13,1,1
2026-04-16,844251752,8,2,0
2026-04-16,511235073,8,4,2
2026-04-16,246186569,8,1,0
2026-04-16,844251752,8,3,1
2026-04-16,844251752,8,4,3
2026-04-16,280206585,8,6,2
2026-04-16,844251752,8,3,1
2026-04-16,268051539,8,8,4
2026-04-16,844251752,8,2,1
2026-04-16,300230621,8,5,0
2026-04-16,844251752,8,4,3
2026-04-16,206193080,10,6,1
2026-04-16,844251752,8,8,4
2026-04-16,844251752,8,3,1
2026-04-16,214192119,11,6,3
2026-04-15,844224836,8,4,1
2026-04-15,844251752,8,4,2
2026-04-15,834242948,8,3,1
2026-04-15,844251752,8,2,1
2026-04-15,265225116,9,5,2
2026-04-15,844251752,8,3,2
2026-04-15,834220901,8,5,3
2026-04-15,844251752,8,4,1
2026-04-15,844251752,8,2,1
2026-04-15,834212831,8,5,1
2026-04-15,844251752,8,3,0
2026-04-15,844251752,8,1,0
2026-04-15,844251752,8,5,3
2026-04-15,517185122,8,1,0
2026-04-15,300262621,8,4,4
2026-04-15,844251752,8,4,1
2026-04-15,844251752,8,4,4
2026-04-15,828212831,8,4,3
2026-04-15,283186569,8,2,0
2026-04-15,207000001,13,3,0
2026-04-15,844251752,8,2,1
2026-04-15,231024630,8,2,1
2026-04-15,844251752,8,3,1
2026-04-15,844251752,8,5,1
2026-04-15,251192119,5,4,1
2026-04-15,825192448,8,1,0
2026-04-15,844251752,8,4,4
2026-04-15,251048940,8,2,0
2026-04-15,844251752,8,2,0
2026-04-13,300210257,8,2,1
2026-04-13,834251752,8,7,5
2026-04-13,804262621,8,1,0
2026-04-13,834251752,8,3,2
2026-04-13,834251752,8,3,3
2026-04-13,846212831,8,3,1
2026-04-13,206048940,11,4,3
2026-04-13,834251752,8,3,0
2026-04-13,834251752,8,1,1
2026-04-13,853232065,8,3,1
2026-04-13,252167948,8,2,0
2026-04-13,834251752,8,3,2
2026-04-24,848190941,8,7,2
2026-04-24,206193080,8,7,3
2026-04-24,265192119,8,6,2
2026-04-24,206193080,8,5,2
2026-04-23,270233934,8,5,1
2026-04-23,206193080,8,8,4
2026-04-23,300226753,8,5,2
2026-04-23,206193080,8,1,1
2026-04-23,829190053,8,3,2
2026-04-23,206193080,8,4,0
2026-04-23,206193080,8,5,1
2026-04-23,206193080,8,5,0
2026-04-21,206193080,8,5,2
2026-04-21,251186153,11,4,2
2026-04-21,300263887,13,5,2
2026-04-21,206193080,8,7,3
2026-04-20,283186153,8,3,1
2026-04-20,264230621,8,7,3
2026-04-20,300206075,8,6,4
2026-04-20,283167495,8,6,2
2026-04-20,300206075,8,8,5
2026-04-20,834192119,8,4,2
2026-04-20,300206075,8,2,0
2026-04-20,818167495,8,5,2
2026-04-20,300206075,8,2,1
2026-04-20,848190941,8,5,3
2026-04-20,300206075,8,5,1
2026-04-20,834230621,8,3,2
2026-04-20,300206075,8,4,3
2026-04-20,855230872,6,7,3
2026-04-20,300206075,8,2,0
2026-04-19,216178005,8,3,1
2026-04-19,300206075,8,8,5
2026-04-19,280167495,8,6,2
2026-04-19,206193080,8,3,0
2026-04-19,280243952,12,5,3
2026-04-19,206193080,8,5,1
2026-04-18,300206075,8,7,1
2026-04-18,264230621,9,8,2
2026-04-18,828212831,8,6,3
2026-04-18,300206075,8,1,0
2026-04-18,265233306,8,5,3
2026-04-18,300206075,8,2,1
2026-04-18,300206075,8,2,1
2026-04-18,848210257,8,5,3
2026-04-18,804262621,8,6,1
2026-04-18,300206075,8,5,3
2026-04-18,834230621,8,4,0
2026-04-18,300206075,8,6,1
2026-04-18,251051539,8,2,0
2026-04-18,300206075,8,4,2
2026-04-18,517259532,8,7,2
2026-04-18,300206075,8,5,3
2026-04-18,515230621,8,3,1
2026-04-18,300206075,8,4,2
2026-04-17,300206075,8,5,1
2026-04-17,840226753,8,3,0
2026-04-17,300206075,8,6,3
2026-04-17,300206075,8,4,2
2026-04-17,828226753,8,5,1
2026-04-17,251167948,9,6,1
2026-04-17,300206075,8,8,5
2026-04-17,251001179,9,3,0
2026-04-17,300206075,8,4,0
2026-04-17,214192119,11,5,2
2026-04-17,300206075,8,4,2
2026-04-17,206177683,13,7,1
2026-04-17,252051539,8,4,2
2026-04-17,300206075,8,3,1
2026-04-17,300206075,8,2,2
2026-04-17,840214979,8,7,4
2026-04-17,826226753,8,5,1
2026-04-17,300206075,8,2,1
2026-04-17,517240091,8,3,1
2026-04-17,300206075,8,3,2
2026-04-17,300206075,8,4,2
2026-04-17,828215698,8,4,2
2026-04-17,233192119,8,1,0
2026-04-17,300206075,8,5,1
2026-04-17,300167495,7,2,0
2026-04-17,300206075,8,1,0
2026-04-17,246186569,8,1,0
2026-04-17,300206075,8,5,2
2026-04-16,828226753,8,6,1
2026-04-16,300186153,9,1,0
2026-04-16,251051539,8,2,1
2026-04-15,834192119,8,2,0
2026-04-15,251051539,8,5,4
2026-04-15,210230621,8,3,2
2026-04-15,251051539,8,4,3
2026-04-15,251002147,13,1,1
2026-04-15,251051539,8,7,3
2026-04-27,322177644,13,6,1
2026-04-27,283230621,8,4,2
2026-04-27,283230621,8,4,3
2026-04-27,834215698,8,3,1
2026-04-27,283167495,8,2,1
2026-04-27,283230621,8,9,5
2026-04-27,830212432,8,4,1
2026-04-27,283230621,8,5,3
2026-04-27,283230621,8,2,1
2026-04-27,856259532,8,8,1
2026-04-27,283230621,8,6,2
2026-04-27,268051539,8,5,2
2026-04-25,283230621,8,6,1
2026-04-25,802200389,8,6,1
2026-04-25,283230621,8,7,5
2026-04-25,234192119,8,2,0
2026-04-25,834210257,8,4,2
2026-04-25,283230621,8,5,2
2026-04-25,283230621,8,6,2
2026-04-25,804262621,9,5,2
2026-04-25,300186153,8,5,2
2026-04-25,283230621,8,4,2
2026-04-25,283230621,8,2,1
2026-04-25,826205186,9,13,7
2026-04-25,283230621,8,12,4
2026-04-25,300240225,13,3,1
2026-04-25,283230621,8,2,1
2026-04-25,253192119,8,5,1
2026-04-25,825210257,8,5,3
2026-04-25,283230621,8,2,1
2026-04-22,848051539,8,3,2
2026-04-22,836230621,8,5,4
2026-04-22,828212831,8,8,3
2026-04-22,836230621,8,3,1
2026-04-21,289051539,10,6,3
2026-04-21,836230621,8,4,1
2026-04-21,828202811,8,7,2
2026-04-21,836230621,8,7,4
2026-04-21,513186153,8,4,0
2026-04-21,836230621,8,11,6
2026-04-21,206192448,12,1,1
2026-04-21,836230621,8,11,6
2026-04-21,836230621,8,6,2
2026-04-21,242192119,8,5,3
2026-04-16,834192119,8,10,3
2026-04-16,324024630,11,5,2
2026-04-16,834192119,8,6,1
2026-04-16,300230621,8,1,0
2026-04-16,828209981,8,5,2
2026-04-16,834192119,8,8,4
2026-04-16,834192119,8,2,1
2026-04-16,300224251,8,5,3
2026-04-16,216178005,10,8,5
2026-04-16,834192119,8,4,2
2026-04-16,834192119,8,5,2
2026-04-16,216162835,8,3,2
2026-04-16,834192119,8,5,1
2026-04-16,845199005,8,2,1
2026-04-16,834192119,8,8,4
2026-04-16,256167495,8,5,0
2026-04-14,265186153,9,2,0
2026-04-14,828230621,8,8,3
2026-04-14,280210257,6,3,0
2026-04-14,828230621,8,3,0
2026-04-14,828230621,8,5,2
2026-04-14,251167495,8,5,3
2026-04-13,828230621,8,3,2
2026-04-13,300233267,11,3,0
2026-04-13,828230621,8,4,2
2026-04-13,300192119,10,3,0
2026-04-13,260186569,8,2,1
2026-04-13,828230621,8,8,2
2026-04-13,256186153,8,5,4
2026-04-13,828230621,8,4,4
2026-04-27,283170597,8,5,2
2026-04-27,851210676,8,3,0
2026-04-27,283170597,8,8,6
2026-04-27,840226753,8,6,2
2026-04-27,283170597,8,4,0
2026-04-27,834220901,8,8,5
2026-04-27,283170597,8,9,5
2026-04-27,289193041,8,3,0
2026-04-27,283170597,8,2,1
2026-04-27,237199987,8,3,0
2026-04-27,283170597,8,4,3
2026-04-27,216234642,12,1,0
2026-04-27,283170597,8,4,4
2026-04-27,840206585,8,5,4
2026-04-27,283170597,8,5,3
2026-04-27,862212432,8,4,3
2026-04-27,283170597,8,6,2
2026-04-27,300223686,13,6,1
2026-04-27,283170597,8,4,1
2026-04-27,802182494,8,9,7
2026-04-27,283170597,8,5,2
2026-04-27,216192448,5,3,1
2026-04-27,283170597,8,3,0
2026-04-27,251150724,8,2,0
2026-04-27,283170597,8,4,2
2026-04-27,256051539,8,10,6
2026-04-27,283170597,8,4,1
2026-04-27,252167495,8,2,1
2026-04-27,283170597,8,5,1
2026-04-27,206210257,11,8,3
2026-04-27,283170597,8,5,1
2026-04-27,217203042,11,5,3
2026-04-27,283170597,8,7,4
2026-04-27,300243952,8,6,4
2026-04-27,283170597,8,13,10
2026-04-27,289192119,8,3,1
2026-04-27,283170597,8,5,2
2026-04-27,300206585,8,4,2
2026-04-27,283170597,8,3,1
2026-04-27,853210941,9,9,6
2026-04-27,283170597,8,6,4
2026-04-27,300204092,13,3,1
2026-04-27,283170597,8,3,1
2026-04-27,517240091,5,5,2
2026-04-27,283170597,8,6,4
2026-04-27,217212831,8,5,1
2026-04-27,283170597,8,4,1
2026-04-27,265233306,8,5,5
2026-04-27,283170597,8,2,1
2026-04-27,214190053,8,4,0
2026-04-26,283170597,8,5,3
2026-04-26,284216065,9,6,4
2026-04-26,283170597,8,6,4
2026-04-26,834235073,11,7,4
2026-04-26,283170597,8,5,3
2026-04-26,840193080,8,10,10
2026-04-26,283170597,8,5,2
2026-04-26,300243675,13,3,1
2026-04-26,283170597,8,3,2
2026-04-26,284177644,10,3,2
2026-04-26,283170597,8,4,2
2026-04-26,804263063,8,6,6
2026-04-25,283170597,8,5,2
2026-04-25,862212432,8,1,0
2026-04-25,283170597,8,5,1
2026-04-25,828212831,8,5,2
2026-04-25,283170597,8,3,0
2026-04-25,501230621,6,3,0
2026-04-25,283170597,8,3,0
2026-04-25,300240225,13,1,1
2026-04-25,283170597,8,7,5
2026-04-25,300192448,8,6,2
2026-04-25,283170597,8,3,1
2026-04-25,300173373,13,6,1
2026-04-25,283170597,8,2,1
2026-04-25,829192119,8,13,4
2026-04-25,283170597,8,2,0
2026-04-25,300263063,13,2,0
2026-04-25,845233267,8,3,2
2026-04-25,283170597,8,4,0
2026-04-22,283170597,8,3,1
2026-04-22,828215698,8,3,0
2026-04-22,283170597,8,4,2
2026-04-22,284216065,8,5,3
2026-04-22,283170597,8,7,5
2026-04-22,265186153,8,1,1
2026-04-22,283170597,8,4,2
2026-04-22,283170597,9,2,1
2026-04-22,283170597,8,4,2
2026-04-22,252167495,8,4,2
2026-04-22,283170597,8,6,5
2026-04-22,101051539,8,5,3
2026-04-22,283170597,8,4,2
2026-04-22,300194404,8,5,2
2026-04-22,283170597,8,2,1
2026-04-22,851204935,8,6,1
2026-04-22,283170597,8,4,0
2026-04-22,251192119,8,8,4
2026-04-22,283170597,8,4,2
2026-04-22,217212831,8,6,2
2026-04-22,283170597,8,2,1
2026-04-22,851210676,8,5,3
2026-04-22,283170597,8,3,0
2026-04-22,827048940,8,6,3
2026-04-22,283170597,8,5,5
2026-04-22,206024630,8,4,1
2026-04-22,283170597,8,6,3
2026-04-22,206024630,8,6,5
2026-04-22,283170597,8,4,2
2026-04-22,828167495,9,8,4
2026-04-21,283170597,8,3,0
2026-04-21,231024630,8,11,5
2026-04-21,283170597,8,6,4
2026-04-21,264230621,8,1,0
2026-04-21,283170597,8,4,1
2026-04-21,256186153,8,5,2
2026-04-21,283170597,8,4,1
2026-04-21,237193105,10,4,3
2026-04-21,283170597,8,3,1
2026-04-21,804263063,10,5,2
2026-04-21,283170597,8,5,2
2026-04-21,836167948,8,8,5
2026-04-21,283170597,8,6,0
2026-04-21,517254803,8,7,2
2026-04-21,283170597,8,2,0
2026-04-21,283230621,8,5,1
2026-04-21,283170597,8,9,6
2026-04-21,300199987,12,4,2
2026-04-21,834230621,8,4,0
2026-04-21,283170597,8,1,1
2026-04-21,283170597,8,3,1
2026-04-21,300219836,13,3,2
2026-04-21,283170597,8,6,2
2026-04-21,300219836,13,3,0
2026-04-21,283170597,8,2,1
2026-04-21,206177683,13,7,3
2026-04-21,283170597,8,1,1
2026-04-21,256051539,9,3,0
2026-04-21,283170597,8,4,0
2026-04-21,848051539,8,3,0
2026-04-21,283170597,8,6,2
2026-04-21,214150724,8,5,2
2026-04-21,828230621,8,10,4
2026-04-21,283170597,8,9,3
2026-04-21,283170597,8,3,0
2026-04-21,829235073,8,3,0
2026-04-21,283170597,8,3,1
2026-04-21,289051539,9,5,2
2026-04-21,283170597,8,4,3
2026-04-21,251048940,9,3,1
2026-04-21,283170597,8,9,6
2026-04-21,206193080,10,6,2
2026-04-20,283170597,8,10,3
2026-04-20,503230621,8,2,2
2026-04-20,283170597,8,2,1
2026-04-20,300210257,8,7,4
2026-04-19,283170597,8,5,3
2026-04-19,517202811,8,8,2
2026-04-19,283170597,8,6,5
2026-04-19,508172203,8,6,5
2026-04-19,283170597,8,3,2
2026-04-19,802193698,10,8,6
2026-04-19,283170597,8,6,2
2026-04-19,268051539,9,6,3
2026-04-19,283170597,8,8,4
2026-04-19,828167495,8,7,3
2026-04-19,283170597,8,2,1
2026-04-19,300224836,9,3,0
2026-04-19,283170597,8,5,2
2026-04-19,265192119,8,8,5
2026-04-19,283170597,8,1,0
2026-04-19,253192119,8,4,3
2026-04-19,283170597,8,3,2
2026-04-19,517259532,7,6,2
2026-04-19,283170597,8,5,1
2026-04-19,517230869,8,3,3
2026-04-19,283170597,8,4,3
2026-04-19,283192448,8,4,1
2026-04-19,283170597,8,2,0
2026-04-19,201192119,10,7,2
2026-04-19,283170597,8,1,1
2026-04-19,231168435,8,6,4
2026-04-19,283170597,8,4,2
2026-04-19,848167948,8,6,3
2026-04-18,233163587,8,4,1
2026-04-18,825210257,10,4,1
2026-04-18,233163587,8,5,2
2026-04-18,214190053,12,9,5
2026-04-18,233163587,8,5,4
2026-04-18,253192119,8,3,2
2026-04-18,233163587,8,4,1
2026-04-18,265234102,9,9,5
2026-04-18,233163587,8,3,1
2026-04-18,291220901,8,4,2
2026-04-18,233163587,8,5,4
2026-04-18,829220901,8,5,1
2026-04-18,233163587,8,4,1
2026-04-18,300212831,8,7,3
2026-04-18,233163587,8,14,1
2026-04-18,270193105,10,4,2
2026-04-18,233163587,8,2,0
2026-04-18,828215698,8,5,4
2026-04-18,233163587,8,3,1
2026-04-18,300192448,8,8,7
2026-04-18,233163587,8,3,0
2026-04-18,206193080,7,4,3
2026-04-18,233163587,8,2,1
2026-04-18,237192119,8,6,2
2026-04-18,233163587,8,2,0
2026-04-18,300167495,8,9,5
2026-04-18,233163587,8,3,2
2026-04-18,828212831,8,3,2
2026-04-18,233163587,8,1,1
2026-04-18,252167495,9,9,5
2026-04-18,233163587,8,2,1
2026-04-18,101001179,9,2,0
2026-04-18,233163587,8,3,2
2026-04-18,251186153,11,4,1
2026-04-18,233163587,8,1,0
2026-04-18,506192563,13,6,3
2026-04-18,233163587,8,6,3
2026-04-18,856239364,9,5,2
2026-04-17,233163587,8,6,2
2026-04-17,283170597,8,5,3
2026-04-17,233163587,8,5,1
2026-04-17,256186153,8,4,2
2026-04-17,233163587,8,7,2
2026-04-17,300192119,8,4,2
2026-04-17,233163587,8,3,0
2026-04-17,840206585,10,1,0
2026-04-17,233163587,8,2,2
2026-04-17,289193041,8,4,1
2026-04-17,233163587,8,7,2
2026-04-17,101005479,8,7,3
2026-04-17,233163587,8,1,0
2026-04-17,214192119,11,4,1
2026-04-17,233163587,8,3,1
2026-04-17,265233306,9,6,3
2026-04-17,233163587,8,7,5
2026-04-17,256167495,8,5,4
2026-04-17,233163587,8,3,0
2026-04-17,216162835,8,5,0
2026-04-17,233163587,8,7,3
2026-04-17,231002147,13,4,1
2026-04-17,233163587,8,7,3
2026-04-17,206024630,11,2,1
2026-04-17,233163587,8,4,1
2026-04-17,251051539,9,4,2
2026-04-17,233163587,8,7,5
2026-04-17,517190941,8,4,1
2026-04-17,233163587,8,3,1
2026-04-17,274192119,8,4,2
2026-04-17,233163587,8,5,0
2026-04-17,251167495,9,4,2
2026-04-17,233163587,8,2,1
2026-04-17,300192119,8,6,2
2026-04-17,233163587,8,6,3
2026-04-17,216192448,8,8,5
2026-04-17,233163587,8,8,4
2026-04-17,840226753,8,4,2
2026-04-17,233163587,8,2,0
2026-04-17,834190941,8,3,1
2026-04-17,233163587,8,5,3
2026-04-17,828215698,8,4,3
2026-04-17,233163587,8,5,2
2026-04-17,300226753,8,7,3
2026-04-17,233163587,8,3,1
2026-04-17,836167948,8,4,2
2026-04-17,233163587,8,5,3
2026-04-17,283167495,8,6,3
2026-04-17,233163587,8,2,1
2026-04-17,251192119,8,6,3
2026-04-17,233163587,8,1,0
2026-04-17,829235073,8,4,2
2026-04-17,233163587,8,4,1
2026-04-17,829235073,8,4,2
2026-04-17,233163587,8,4,1
2026-04-17,265234102,9,11,8
2026-04-17,233163587,8,5,3
2026-04-17,291220901,8,7,4
2026-04-17,233163587,8,5,2
2026-04-17,300246139,13,5,3
2026-04-17,233163587,8,4,1
2026-04-17,214048940,8,2,1
2026-04-17,233163587,8,7,2
2026-04-17,265234102,8,3,2
2026-04-17,233163587,8,6,4
2026-04-17,289176550,9,3,0
2026-04-17,233163587,8,4,0
2026-04-17,828167948,8,7,6
2026-04-17,233163587,8,5,0
2026-04-17,270193105,8,7,3
2026-04-17,233163587,8,1,0
2026-04-17,300277669,13,6,3
2026-04-17,233163587,8,7,4
2026-04-17,828212831,8,4,1
2026-04-17,233163587,8,3,0
2026-04-17,511192448,7,7,4
2026-04-17,233163587,8,4,2
2026-04-17,845190053,8,5,4
2026-04-17,233163587,8,10,4
2026-04-17,289192119,9,2,0
2026-04-17,233163587,8,7,2
2026-04-17,300192119,8,2,1
2026-04-17,233163587,8,4,3
2026-04-17,233163587,8,3,1
2026-04-17,802163587,10,6,4
2026-04-17,233163587,8,5,5
2026-04-17,834230621,8,2,1
2026-04-17,233163587,8,2,2
2026-04-17,289192119,8,7,4
2026-04-17,233163587,8,7,3
2026-04-17,206212831,12,4,2
2026-04-17,233163587,8,2,0
2026-04-17,234173373,8,2,1
2026-04-17,233163587,8,7,1
2026-04-17,237212831,8,5,2
2026-04-17,233163587,8,1,0
2026-04-17,810185122,8,4,2
2026-04-17,233163587,8,4,1
2026-04-17,834210257,8,2,1
2026-04-17,233163587,8,3,1
2026-04-17,231173373,8,4,2
2026-04-17,233163587,8,3,1
2026-04-17,237192119,8,4,2
2026-04-14,233163587,8,6,4
2026-04-14,324024630,13,4,2
2026-04-14,233163587,8,4,3
2026-04-14,283192448,8,4,1
2026-04-14,233163587,8,2,0
2026-04-14,804262621,8,4,2
2026-04-14,233163587,8,5,2
2026-04-14,237210257,8,3,1
2026-04-14,233163587,8,1,0
2026-04-14,270193105,9,3,1
2026-04-14,233163587,8,3,2
2026-04-14,251150724,9,6,4
2026-04-14,233163587,8,4,4
2026-04-14,853238570,9,7,3
2026-04-14,233163587,8,6,2
2026-04-14,289192119,8,7,3
2026-04-14,233163587,8,3,1
2026-04-14,848225116,8,6,4
2026-04-14,233163587,8,5,1
2026-04-14,802048940,8,5,3
2026-04-14,233163587,8,3,1
2026-04-14,265233306,9,6,3
2026-04-14,233163587,8,1,1
2026-04-14,517259532,8,3,2
2026-04-14,233163587,8,4,2
2026-04-14,834230621,8,1,1
2026-04-14,233163587,8,1,0
2026-04-14,270233934,9,5,2
2026-04-14,233163587,8,7,3
2026-04-14,233163587,8,6,3
2026-04-14,280241050,8,9,4
2026-04-14,233163587,8,9,3
2026-04-14,270193105,8,5,3
2026-04-14,233163587,8,4,1
2026-04-14,828230621,8,1,0
2026-04-14,836001179,8,5,5
2026-04-14,233163587,8,5,3
2026-04-14,233163587,8,3,1
2026-04-14,300212831,8,2,2
2026-04-14,233163587,8,6,2
2026-04-14,231193080,8,4,1
2026-04-14,233163587,8,1,0
2026-04-14,852263880,8,4,2
2026-04-14,233163587,8,7,4
2026-04-14,300230872,13,1,1
2026-04-14,233163587,8,5,2
2026-04-14,291262621,8,6,4
2026-04-14,233163587,8,4,3
2026-04-14,206024630,13,4,2
2026-04-14,233163587,8,6,4
2026-04-14,216234642,11,6,1
2026-04-14,233163587,8,2,1
2026-04-14,207212831,9,3,1
2026-04-14,233163587,8,5,3
2026-04-14,274192119,8,6,4
2026-04-14,233163587,8,4,0
2026-04-14,233163587,8,4,1
2026-04-14,828202811,8,5,3
2026-04-14,233163587,8,4,1
2026-04-14,216192448,8,4,1
2026-04-14,233163587,8,10,6
2026-04-14,810185122,8,7,1
2026-04-14,233163587,8,5,2
2026-04-14,251167948,8,11,8
2026-04-14,233163587,8,5,4
2026-04-14,265233306,8,5,4
2026-04-14,233163587,8,6,4
2026-04-14,283186153,8,9,4
2026-04-14,233163587,8,1,0
2026-04-14,300194404,8,6,2
2026-04-14,233163587,8,4,3
2026-04-14,283192448,9,3,1
2026-04-14,233163587,8,5,2
2026-04-14,825200159,8,5,3
2026-04-14,233163587,8,3,2
2026-04-14,253167948,8,10,4
2026-04-14,233163587,8,2,1
2026-04-14,291220901,8,4,3
2026-04-14,233163587,8,3,1
2026-04-14,834223686,8,5,3
2026-04-14,233163587,8,4,2
2026-04-14,270193105,10,3,2
2026-04-14,233163587,8,3,2
2026-04-14,280215698,8,7,3
2026-04-13,233163587,8,5,4
2026-04-13,804262621,9,1,1
2026-04-13,233163587,8,5,2
2026-04-13,814223885,8,7,4
2026-04-13,233163587,8,6,0
2026-04-13,825210257,8,6,3
2026-04-13,233163587,8,3,1
2026-04-13,214186569,13,4,3
2026-04-13,233163587,8,7,1
2026-04-13,834230621,8,4,2
2026-04-13,233163587,8,7,2
2026-04-13,216163587,10,8,4
2026-04-13,233163587,8,5,2
2026-04-13,834192119,8,4,3
2026-04-13,233163587,8,4,1
2026-04-13,206177683,8,6,3
2026-04-13,233163587,8,5,2
2026-04-13,517233306,8,2,1
2026-04-13,233163587,8,7,3
2026-04-13,828192448,8,4,2
2026-04-13,233163587,8,6,3
2026-04-13,300167495,8,6,2
2026-04-13,233163587,8,6,6
2026-04-13,265234102,9,5,2
2026-04-13,233163587,8,3,1
2026-04-13,300238186,13,2,0
2026-04-13,233163587,8,6,2
2026-04-13,231173373,9,5,1
2026-04-13,233163587,8,4,1
2026-04-13,508190941,13,2,2
2026-04-13,233163587,8,3,2
2026-04-13,834230621,8,3,2
2026-04-13,233163587,8,5,0
2026-04-13,251186153,11,5,4
2026-04-13,233163587,8,2,1
2026-04-13,515230869,9,2,0
2026-04-13,233163587,8,3,0
2026-04-13,265233306,9,1,1
2026-04-13,233163587,8,4,1
2026-04-13,216234642,10,6,3
2026-04-13,264230621,8,4,1
2026-04-13,237199987,8,4,0
2026-04-13,264230621,8,4,1
2026-04-13,300215698,8,3,0
2026-04-13,264230621,8,4,1
2026-04-13,517202811,9,3,1
2026-04-13,264230621,8,1,0
2026-04-13,513186153,8,3,1
2026-04-13,264230621,8,6,4
2026-04-13,265186153,10,3,1
2026-04-13,264230621,8,3,1
2026-04-13,840209981,9,5,2
2026-04-13,264230621,8,2,2
2026-04-13,251192119,8,6,5
2026-04-13,264230621,8,3,0
2026-04-13,237212831,8,3,0
2026-04-13,264230621,8,2,0
2026-04-13,851204935,8,9,5
2026-04-13,264230621,8,3,1
2026-04-13,815192119,8,10,5
2026-04-13,264230621,8,3,1
2026-04-13,828230621,8,8,5
2026-04-13,264230621,8,5,2
2026-04-13,252001179,10,4,2
2026-04-13,264230621,8,4,1
2026-04-13,517228383,8,4,1
2026-04-13,264230621,8,7,1
2026-04-26,834220901,8,3,1
2026-04-26,322001179,8,5,1
2026-04-26,834230621,8,2,1
2026-04-26,834220901,8,6,4
2026-04-26,206199987,13,4,0
2026-04-26,834220901,8,2,2
2026-04-26,804250753,9,6,2
2026-04-26,834220901,8,5,3
2026-04-26,834220901,8,11,4
2026-04-26,237212831,8,3,1
2026-04-26,231173426,8,6,3
2026-04-26,834220901,8,1,1
2026-04-26,810200389,8,5,2
2026-04-26,834220901,8,3,1
2026-04-26,834220901,8,4,1
2026-04-26,300186153,8,3,1
2026-04-26,834235073,11,2,0
2026-04-26,834220901,8,4,1
2026-04-26,840242948,8,4,3
2026-04-26,834220901,8,4,0
2026-04-26,834220901,8,4,1
2026-04-26,206210257,13,5,0
2026-04-26,834220901,8,10,5
2026-04-26,206193080,10,7,1
2026-04-26,834220901,8,5,3
2026-04-26,265234102,9,7,4
2026-04-26,324024630,12,2,1
2026-04-26,834220901,8,2,0
2026-04-26,280215698,8,3,1
2026-04-26,834220901,8,10,6
2026-04-26,834220901,8,6,2
2026-04-26,502192119,8,9,7
2026-04-26,300225395,13,6,1
2026-04-26,834220901,8,6,3
2026-04-26,834220901,8,3,1
2026-04-26,284179783,9,5,1
2026-04-26,834220901,8,6,3
2026-04-26,270233934,9,7,3
2026-04-26,300192119,8,3,0
2026-04-26,834220901,8,3,1
2026-04-26,834220901,8,2,1
2026-04-26,300219836,13,5,2
2026-04-26,834220901,8,5,2
2026-04-26,242167495,12,6,2
2026-04-26,834220901,8,8,3
2026-04-26,324024630,13,5,3
2026-04-26,216234642,10,4,1
2026-04-26,834220901,8,2,2
2026-04-26,834220901,8,8,3
2026-04-26,828212831,8,5,2
2026-04-26,834220901,8,11,8
2026-04-26,810233934,8,5,3
2026-04-26,834220901,8,2,1
2026-04-26,856259532,8,7,3
2026-04-26,252167495,9,4,1
2026-04-26,206177683,13,1,1
2026-04-26,834220901,8,7,4
2026-04-25,216200389,8,5,4
2026-04-25,834220901,8,8,4
2026-04-25,834220901,8,1,0
2026-04-25,840214979,8,7,3
2026-04-25,834220901,8,3,3
2026-04-25,300224836,8,3,2
2026-04-25,834220901,8,3,0
2026-04-25,856212831,8,9,6
2026-04-25,834220901,8,3,2
2026-04-25,300235840,13,4,3
2026-04-25,834235073,8,3,2
2026-04-25,834220901,8,4,2
2026-04-25,834220901,8,5,5
2026-04-25,810220901,8,2,1
2026-04-25,834220901,8,5,0
2026-04-25,214192119,13,1,1
2026-04-25,834220901,8,6,4
2026-04-25,318172723,8,1,0
2026-04-25,834220901,8,8,4
2026-04-25,300278394,13,6,1
2026-04-25,834220901,8,4,2
2026-04-25,300234102,13,8,5
2026-04-25,804262621,11,5,1
2026-04-25,834220901,8,4,2
2026-04-25,834220901,8,3,3
2026-04-25,300243311,13,3,1
2026-04-25,834220901,8,4,1
2026-04-25,300258885,13,3,1
2026-04-25,828178005,8,7,3
2026-04-25,834220901,8,4,2
2026-04-25,834220901,8,9,8
2026-04-25,300243311,13,4,2
2026-04-25,834220901,8,5,2
2026-04-25,834220901,8,13,8
2026-04-25,834220901,8,7,4
2026-04-25,804262621,11,3,1
2026-04-25,834220901,8,5,2
2026-04-25,834220901,8,6,4
2026-04-25,828215698,8,3,2
2026-04-25,834220901,8,4,1
2026-04-25,300228789,13,3,0
2026-04-25,834220901,8,9,7
2026-04-25,251167948,11,6,4
2026-04-25,834220901,8,3,1
2026-04-25,826202873,9,7,1
2026-04-25,834220901,8,3,3
2026-04-25,253230621,8,2,0
2026-04-25,834220901,8,5,1
2026-04-25,511234102,7,4,1
2026-04-25,834220901,8,5,3
2026-04-25,300192119,8,4,1
2026-04-25,201192119,10,3,0
2026-04-25,834220901,8,4,2
2026-04-25,834220901,8,5,3
2026-04-25,270233934,9,6,3
2026-04-25,300243952,8,4,2
2026-04-25,834220901,8,5,1
2026-04-25,253167948,9,7,4
2026-04-25,834220901,8,4,0
2026-04-25,834220901,8,1,1
2026-04-25,300219836,13,4,3
2026-04-25,517252154,8,5,4
2026-04-25,834220901,8,6,1
2026-04-25,834220901,8,6,3
2026-04-25,251186153,11,3,1
2026-04-25,256199987,9,5,4
2026-04-25,834220901,8,1,0
2026-04-25,834220901,8,6,1
2026-04-25,862212432,8,8,4
2026-04-25,834220901,8,1,0
2026-04-25,218215316,9,6,3
2026-04-25,834220901,8,3,1
2026-04-25,253168435,13,6,3
2026-04-25,300233189,13,1,1
2026-04-25,834220901,8,7,1
2026-04-25,834220901,8,4,1
2026-04-25,206192119,8,5,3
2026-04-25,283167495,8,3,1
2026-04-25,834220901,8,2,2
2026-04-25,834220901,8,5,1
2026-04-25,206203042,13,2,1
2026-04-25,834220901,8,5,3
2026-04-25,300226753,8,6,4
2026-04-25,834220901,8,3,2
2026-04-25,324024630,12,4,1
2026-04-24,834220901,8,1,1
2026-04-24,283167495,10,8,4
2026-04-24,300203841,8,4,0
2026-04-24,834220901,8,2,1
2026-04-24,834220901,8,4,3
2026-04-24,508215698,8,1,0
2026-04-24,834220901,8,2,1
2026-04-24,828200389,9,6,2
2026-04-24,810243952,8,10,6
2026-04-24,834220901,8,6,3
2026-04-24,810225116,8,4,2
2026-04-24,834220901,8,7,2
2026-04-24,300235840,13,3,0
2026-04-24,834220901,8,6,2
2026-04-24,834220901,8,4,1
2026-04-24,300219836,13,3,1
2026-04-24,834220901,8,9,6
2026-04-24,514212432,13,7,2
2026-04-24,834220901,8,5,1
2026-04-24,517185122,8,7,0
2026-04-24,834220901,8,3,2
2026-04-24,515212831,8,7,3
2026-04-24,283211101,9,5,3
2026-04-24,834220901,8,6,3
2026-04-24,320192613,13,2,0
2026-04-24,834220901,8,8,2
2026-04-24,834220901,8,5,3
2026-04-24,216000488,11,7,3
2026-04-24,834220901,8,5,1
2026-04-24,322177644,13,2,0
2026-04-24,834220901,8,5,3
2026-04-24,231024630,8,8,6
2026-04-24,834220901,8,3,1
2026-04-24,207212831,8,4,4
2026-04-24,834220901,8,5,2
2026-04-24,214192119,11,6,4
2026-04-24,834220901,8,7,6
2026-04-24,300235840,13,3,2
2026-04-24,834220901,8,1,0
2026-04-24,862212432,8,7,5
2026-04-23,834220901,8,6,3
2026-04-23,268005479,8,2,2
2026-04-23,289192119,8,5,2
2026-04-23,834220901,8,1,1
2026-04-23,291262621,8,1,1
2026-04-23,834220901,8,4,1
2026-04-22,834220901,8,4,1
2026-04-22,300234102,13,2,2
2026-04-22,840215316,9,3,1
2026-04-22,834220901,8,1,0
2026-04-22,834220901,8,1,1
2026-04-22,300192119,8,6,4
2026-04-22,804262621,8,5,4
2026-04-22,834220901,8,4,0
2026-04-22,834220901,8,2,2
2026-04-22,517167495,8,3,0
2026-04-22,834220901,8,5,3
2026-04-22,300162328,13,3,1
2026-04-22,834220901,8,3,2
2026-04-22,300162328,13,9,8
2026-04-22,834220901,8,5,1
2026-04-22,291262621,8,3,2
2026-04-22,834220901,8,2,2
2026-04-22,206189117,13,4,2
2026-04-21,810185122,8,4,1
2026-04-21,834220901,8,5,4
2026-04-21,834220901,8,5,2
2026-04-21,300204092,8,6,0
2026-04-21,830210941,10,7,3
2026-04-21,834220901,8,5,2
2026-04-21,834220901,8,5,3
2026-04-21,207051539,8,3,0
2026-04-21,834220901,8,2,2
2026-04-21,206164835,13,6,4
2026-04-21,834220901,8,7,2
2026-04-21,517211738,8,5,1
2026-04-21,848167948,8,7,6
2026-04-21,834220901,8,6,3
2026-04-21,322146748,8,6,4
2026-04-21,834220901,8,5,2
2026-04-21,251051539,8,3,0
2026-04-21,834220901,8,1,0
2026-04-21,834220901,8,5,2
2026-04-21,206177683,13,4,3
2026-04-21,834220901,8,3,0
2026-04-21,291223952,8,1,1
2026-04-21,300243585,11,3,0
2026-04-21,834220901,8,2,0
2026-04-21,206024630,13,4,2
2026-04-21,834220901,8,7,5
2026-04-21,237210257,8,3,2
2026-04-21,280177683,8,2,1
2026-04-21,834220901,8,5,3
2026-04-20,834220901,8,2,1
2026-04-20,834215698,8,6,3
2026-04-20,834220901,8,5,4
2026-04-20,214024630,8,8,3
2026-04-20,834220901,8,4,2
2026-04-20,284001179,7,4,4
2026-04-20,834220901,8,2,0
2026-04-20,802200389,8,4,4
2026-04-20,804262621,9,4,3
2026-04-20,834220901,8,5,2
2026-04-20,834220901,8,7,3
2026-04-20,834235840,8,4,1
2026-04-20,834220901,8,4,1
2026-04-20,265225116,8,8,4
2026-04-20,834220901,8,2,2
2026-04-20,300202811,7,4,1
2026-04-20,206193080,8,7,3
2026-04-20,834220901,8,2,1
2026-04-20,206024630,9,1,0
2026-04-20,834220901,8,3,1
2026-04-20,834220901,8,5,1
2026-04-20,216230621,9,3,2
2026-04-20,834220901,8,4,0
2026-04-20,265225116,10,8,5
2026-04-20,804262621,8,3,2
2026-04-20,834220901,8,5,1
2026-04-20,834220901,8,4,2
2026-04-20,834220901,9,4,2
2026-04-20,300263887,13,9,4
2026-04-20,834220901,8,3,1
2026-04-20,834220901,8,3,1
2026-04-20,291211738,8,8,5
2026-04-20,834220901,8,4,2
2026-04-20,234162835,8,5,2
2026-04-20,834220901,8,3,1
2026-04-20,834220901,8,3,2
2026-04-20,216192448,8,4,1
2026-04-20,834220901,8,3,0
2026-04-20,834220901,8,7,1
2026-04-20,828212831,8,4,2
2026-04-20,834220901,8,3,1
2026-04-20,210230621,5,5,2
2026-04-19,834220901,8,6,1
2026-04-19,300263887,13,5,1
2026-04-19,834235840,8,2,0
2026-04-19,834220901,8,9,2
2026-04-19,834220901,8,7,3
2026-04-19,270221087,8,5,3
2026-04-19,206210257,13,3,1
2026-04-19,834220901,8,7,7
2026-04-19,300210358,13,3,0
2026-04-19,206024630,10,5,3
2026-04-19,834220901,8,7,2
2026-04-19,517215698,8,3,1
2026-04-19,834220901,8,3,3
2026-04-19,834220901,8,4,1
2026-04-19,300263887,13,3,1
2026-04-19,256210257,10,3,2
2026-04-19,834220901,8,2,1
2026-04-19,300243675,13,5,2
2026-04-19,834220901,8,7,3
2026-04-19,834220901,8,7,4
2026-04-19,300263887,13,6,2
2026-04-19,834220901,8,8,4
2026-04-19,300235840,13,5,3
2026-04-19,834220901,8,3,0
2026-04-19,251186153,11,7,2
2026-04-19,503234102,13,4,1
2026-04-19,834220901,8,5,1
2026-04-19,265192119,8,6,2
2026-04-19,834220901,8,4,3
2026-04-19,834220901,8,3,1
2026-04-19,206193105,13,1,1
2026-04-19,834220901,8,7,2
2026-04-19,214051539,8,2,1
2026-04-19,834220901,8,3,2
2026-04-19,829048940,10,5,3
2026-04-19,216192448,8,7,5
2026-04-19,834220901,8,5,4
2026-04-19,214024630,8,7,5
2026-04-19,834220901,8,1,0
2026-04-19,300228383,13,4,1
2026-04-19,834220901,8,4,2
2026-04-19,300167495,8,7,3
2026-04-19,834220901,8,6,3
2026-04-19,834220901,8,2,2
2026-04-19,300243311,13,4,2
2026-04-19,834220901,8,7,3
2026-04-19,840193080,9,4,3
2026-04-19,265225116,8,5,1
2026-04-19,834220901,8,3,0
2026-04-19,834220901,8,6,1
2026-04-19,856259532,5,4,4
2026-04-19,834220901,8,5,0
2026-04-19,265192119,9,3,0
2026-04-19,206024630,8,5,2
2026-04-19,834220901,8,2,0
2026-04-19,834220901,8,4,1
2026-04-19,256167495,8,6,2
2026-04-19,834220901,8,3,1
2026-04-19,291262621,8,3,2
2026-04-19,300215698,8,6,4
2026-04-19,834220901,8,3,1
2026-04-18,206177683,13,6,4
2026-04-18,834220901,8,1,0
2026-04-18,300194404,8,3,1
2026-04-18,834220901,8,2,0
2026-04-18,825212831,8,7,4
2026-04-18,834220901,8,1,0
2026-04-18,231167495,9,5,4
2026-04-18,251186153,5,4,2
2026-04-18,834220901,8,5,2
2026-04-18,251167495,8,10,3
2026-04-18,834220901,8,6,3
2026-04-18,834220901,8,4,1
2026-04-18,289167948,10,2,0
2026-04-18,834220901,8,5,2
2026-04-18,834230621,8,8,2
2026-04-18,829226753,8,5,2
2026-04-18,834220901,8,5,2
2026-04-18,207051539,9,3,0
2026-04-18,834220901,8,8,3
2026-04-18,834220901,8,2,0
2026-04-18,300212831,8,6,1
2026-04-18,834220901,8,8,5
2026-04-18,300192119,8,4,2
2026-04-18,300192119,8,4,0
2026-04-18,834220901,8,5,4
2026-04-18,834220901,8,3,3
2026-04-18,508235073,8,3,1
2026-04-18,834220901,8,7,5
2026-04-18,517209981,9,9,5
2026-04-18,802051539,8,3,1
2026-04-18,834220901,8,5,1
2026-04-18,834220901,8,2,1
2026-04-18,825212831,8,3,1
2026-04-18,834220901,8,4,2
2026-04-18,253192119,8,6,1
2026-04-18,834220901,8,3,2
2026-04-18,280210257,8,6,2
2026-04-18,848167948,8,4,1
2026-04-18,834220901,8,2,2
2026-04-18,834220901,8,7,5
2026-04-18,283200316,9,3,0
2026-04-18,834220901,8,7,4
2026-04-18,291211738,9,4,2
2026-04-18,834220901,8,5,4
2026-04-18,265233306,9,1,0
2026-04-18,246211990,9,5,1
2026-04-18,834220901,8,3,1
2026-04-18,834220901,8,11,4
2026-04-18,264230621,8,2,1
2026-04-18,834220901,8,3,0
2026-04-18,829235073,8,7,5
2026-04-18,101001179,8,3,0
2026-04-18,834220901,8,5,2
2026-04-18,256210257,9,4,4
2026-04-18,216192448,8,2,2
2026-04-18,834220901,8,7,1
2026-04-18,270233934,8,4,2
2026-04-18,834220901,8,3,1
2026-04-18,289192119,8,5,2
2026-04-18,834220901,8,3,2
2026-04-18,517212831,8,3,1
2026-04-18,251192119,8,3,1
2026-04-18,834220901,8,5,2
2026-04-18,834220901,8,5,3
2026-04-18,517235073,8,4,3
2026-04-18,834220901,8,7,3
2026-04-18,268051539,8,4,2
2026-04-17,834220901,8,6,3
2026-04-17,270193105,8,4,0
2026-04-17,834220901,8,2,1
2026-04-17,206212831,13,5,0
2026-04-17,834220901,8,5,1
2026-04-17,825192448,8,7,2
2026-04-17,511224987,13,5,1
2026-04-17,834220901,8,5,1
2026-04-17,834220901,8,4,2
2026-04-17,828212831,8,3,0
2026-04-17,251048940,10,3,1
2026-04-17,834220901,8,3,2
2026-04-17,237165735,8,3,3
2026-04-17,834220901,8,2,1
2026-04-17,252167948,9,8,4
2026-04-17,834220901,8,3,1
2026-04-17,300235840,13,1,0
2026-04-17,828202811,8,6,4
2026-04-17,834220901,8,4,1
2026-04-16,300220901,8,12,7
2026-04-16,834220901,8,12,8
2026-04-16,834220901,8,1,0
2026-04-16,237210257,8,7,2
2026-04-16,834220901,8,9,3
2026-04-16,834202811,8,4,1
2026-04-16,231024630,8,3,2
2026-04-16,834220901,8,3,1
2026-04-16,834220901,8,3,2
2026-04-16,517240091,8,6,2
2026-04-16,834220901,8,6,1
2026-04-16,283170597,8,1,1
2026-04-16,834220901,8,6,3
2026-04-16,291211738,8,3,1
2026-04-15,260213951,8,4,1
2026-04-15,834220901,8,9,5
2026-04-15,834220901,8,3,3
2026-04-15,265225116,8,4,3
2026-04-15,300220901,8,4,3
2026-04-15,834220901,8,7,3
2026-04-15,834220901,8,1,0
2026-04-15,206167948,13,4,0
2026-04-15,834220901,8,3,1
2026-04-15,508194404,8,2,2
2026-04-15,834220901,8,5,2
2026-04-15,206199482,8,13,6
2026-04-15,834220901,8,7,5
2026-04-15,216192448,8,4,1
2026-04-15,834220901,8,3,0
2026-04-15,265233306,8,3,3
2026-04-15,291220901,9,2,0
2026-04-15,834220901,8,3,2
2026-04-15,834220901,8,2,1
2026-04-15,246186569,8,9,5
2026-04-15,834230621,8,5,1
2026-04-15,834220901,8,7,4
2026-04-15,251051539,8,5,2
2026-04-15,834220901,8,3,1
2026-04-15,300186569,13,2,1
2026-04-14,834220901,8,6,1
2026-04-14,828212831,8,4,2
2026-04-14,834220901,8,2,0
2026-04-14,234162835,9,7,2
2026-04-14,834220901,8,5,1
2026-04-14,265233306,10,5,2
2026-04-14,834220901,8,3,1
2026-04-14,242192119,8,8,3
2026-04-14,206024630,11,5,2
2026-04-14,829192448,8,5,0
2026-04-14,834220901,8,3,1
2026-04-14,234162835,10,4,2
2026-04-14,834220901,8,6,2
2026-04-14,300215698,8,2,1
2026-04-14,834220901,8,5,1
2026-04-14,834220901,8,2,2
2026-04-14,825192448,9,7,3
2026-04-14,300167495,8,3,2
2026-04-14,834220901,8,4,2
2026-04-14,834220901,8,1,0
2026-04-14,300192119,8,3,1
2026-04-14,834220901,8,4,1
2026-04-14,814194404,8,2,0
2026-04-14,834220901,8,7,5
2026-04-14,251186153,10,6,3
2026-04-14,834220901,8,7,2
2026-04-14,825192448,8,3,1
2026-04-14,834220901,8,5,1
2026-04-14,825243952,8,7,4
2026-04-14,834220901,8,4,1
2026-04-14,848252154,8,7,3
2026-04-14,834220901,8,1,0
2026-04-14,214048940,8,4,1
2026-04-13,300228383,13,6,1
2026-04-13,834220901,8,4,1
2026-04-13,834220901,8,1,0
2026-04-13,853212432,8,4,2
2026-04-13,834220901,8,2,1
2026-04-13,256051539,8,6,3
2026-04-13,270233267,9,5,3
2026-04-13,834220901,8,8,3
2026-04-13,834220901,8,1,1
2026-04-13,206024630,13,4,1
2026-04-13,206203841,7,8,3
2026-04-13,834220901,8,13,6
2026-04-13,834220901,8,4,4
2026-04-13,834192119,8,5,2
2026-04-13,322177644,13,7,4
2026-04-13,834220901,8,4,1
2026-04-13,206177683,13,8,5
2026-04-13,834220901,8,5,1
2026-04-13,834220901,8,5,2
2026-04-13,300192448,6,8,2
2026-04-13,825212831,8,4,1
2026-04-13,834220901,8,7,3
2026-04-13,283186569,8,3,1
2026-04-13,834220901,8,5,2
2026-04-13,834220901,8,4,4
2026-04-13,806212432,8,5,3
2026-04-13,221206585,8,2,0
2026-04-13,270234577,9,5,2
2026-04-13,834220901,8,6,4
2026-04-13,846193080,8,5,3
2026-04-13,834220901,8,5,1
2026-04-13,231024630,8,3,1
2026-04-13,834220901,8,6,2
2026-04-13,834220901,8,4,2
2026-04-13,206024630,12,8,3
