NO,경기일시,결과,선수이름,포지션,강화,평점,득점,어시스트,전체슛,유효슛,감아차기슛,감아차기골,헤딩슛,헤딩골,프리킥슛,프리킥골,박스안슛,박스밖슛,패스시도,패스성공,패스성공률(%),패스굴절,드리블시도,드리블성공,드리블거리,볼소유시도,볼소유성공,공중볼경합시도,공중볼경합성공,태클시도,태클성공,블락시도,블락성공,가로채기,파울,경고,퇴장
1,2026-04-15 3:35,승,마테오 다르미안,LWB,10,5.6,0,0,0,0,0,0,0,0,0,0,0,0,8,7,87.5,0,7,6,84,1,0,0,0,0,0,0,0,0,0,0,0
2,2026-04-15 3:35,승,마르쿠스 튀람,LW,9,8,2,0,2,2,0,0,0,0,0,0,0,0,17,16,94.1,0,10,8,111,5,1,4,0,0,0,0,0,0,0,0,0
3,2026-04-15 3:35,승,M. 브로조비치,LDM,11,6.3,0,0,0,0,0,0,0,0,0,0,0,0,14,14,100,0,8,8,57,0,0,0,0,0,0,0,0,0,0,0,0
4,2026-04-15 3:35,승,마이콘,CDM,9,7,0,0,0,0,0,0,0,0,0,0,0,0,16,13,81.2,0,16,15,249,6,3,1,0,2,1,1,0,1,0,0,0
5,2026-04-15 3:35,승,덴젤 둠프리스,RCB,8,7,0,0,0,0,0,0,0,0,0,0,0,0,9,8,88.9,0,5,5,61,6,5,1,0,3,3,2,1,4,0,0,0
6,2026-04-15 3:35,승,하칸 찰하놀루,RDM,9,7.7,0,2,2,1,0,0,0,0,0,0,0,0,19,15,78.9,0,20,18,352,7,1,1,0,0,0,0,0,0,0,0,0
7,2026-04-15 3:35,승,파트리크 비에이라,LCB,9,5.9,0,0,0,0,0,0,0,0,0,0,0,0,9,9,100,0,7,7,181,3,3,0,0,3,1,0,0,1,0,0,0
8,2026-04-15 3:35,승,M. 디 그레고리오,GK,8,5.7,0,0,0,0,0,0,0,0,0,0,0,0,6,6,100,0,1,1,73,1,1,0,0,0,0,0,0,0,0,0,0
9,2026-04-15 3:35,승,헨릭 미키타리안,LM,10,6.9,1,0,1,1,0,0,0,0,0,0,0,0,9,8,88.9,0,7,5,147,7,3,2,0,2,1,0,0,1,0,0,0
10,2026-04-15 3:35,승,N. 잘레프스키,RWB,10,6,0,0,0,0,0,0,0,0,0,0,0,0,15,12,80,0,13,13,477,4,1,0,0,2,0,0,0,0,0,0,0
11,2026-04-15 3:35,승,P. 지엘린스키,RM,9,7.2,0,1,0,0,0,0,0,0,0,0,0,0,18,13,72.2,0,12,12,390,5,1,0,0,2,1,1,0,1,0,0,0
12,2026-04-15 3:20,승,덴젤 둠프리스,RCB,8,6.7,0,0,0,0,0,0,0,0,0,0,0,0,7,7,100,0,5,5,31,1,1,5,0,0,0,0,0,0,0,0,0
13,2026-04-15 3:20,승,마이콘,CDM,9,7.6,0,0,0,0,0,0,0,0,0,0,0,0,20,18,90,0,10,10,244,3,2,0,0,1,1,0,0,1,0,0,0
14,2026-04-15 3:20,승,P. 지엘린스키,RM,9,6.8,0,0,1,1,0,0,0,0,0,0,0,0,8,7,87.5,0,6,6,119,3,2,1,1,0,0,0,0,0,0,0,0
15,2026-04-15 3:20,승,하칸 찰하놀루,RDM,9,7.6,0,1,2,1,0,0,0,0,0,0,0,0,17,16,94.1,0,9,8,242,3,0,0,0,2,0,0,0,0,0,0,0
16,2026-04-15 3:20,승,마르쿠스 튀람,LW,9,7.3,1,0,5,2,0,0,0,0,0,0,0,0,10,8,80,0,7,7,117,5,0,2,1,0,0,1,0,0,0,0,0
17,2026-04-15 3:20,승,파트리크 비에이라,LCB,9,6.8,0,0,0,0,0,0,0,0,0,0,0,0,6,6,100,0,4,4,35,1,1,1,0,0,0,1,0,0,0,0,0
18,2026-04-15 3:20,승,M. 브로조비치,LDM,11,6.8,0,0,0,0,0,0,0,0,0,0,0,0,15,15,100,0,10,10,77,1,1,0,0,0,0,0,0,0,0,0,0
19,2026-04-15 3:20,승,M. 디 그레고리오,GK,8,6.7,0,0,0,0,0,0,0,0,0,0,0,0,3,3,100,0,0,0,0,1,1,0,0,0,0,0,0,0,0,0,0
20,2026-04-15 3:20,승,N. 잘레프스키,RWB,10,7.1,0,0,0,0,0,0,0,0,0,0,0,0,10,9,90,0,7,7,223,3,1,0,0,0,0,0,0,0,0,0,0
21,2026-04-15 3:20,승,헨릭 미키타리안,LM,10,6.7,0,0,0,0,0,0,0,0,0,0,0,0,11,10,90.9,0,10,9,251,2,1,0,0,1,0,0,0,0,0,0,0
22,2026-04-15 3:20,승,마테오 다르미안,LWB,10,6.4,0,0,0,0,0,0,0,0,0,0,0,0,4,4,100,0,4,3,25,2,1,1,0,0,0,0,0,0,0,0,0
23,2026-04-15 0:47,패,마르쿠스 튀람,LW,9,8.6,2,0,2,2,0,0,0,0,0,0,0,0,15,13,86.7,0,8,5,181,6,0,2,0,0,0,0,0,0,0,0,0
24,2026-04-15 0:47,패,마이콘,CDM,9,6.9,0,0,0,0,0,0,0,0,0,0,0,0,21,18,85.7,0,13,13,223,7,5,0,0,5,3,1,0,3,0,0,0
25,2026-04-15 0:47,패,덴젤 둠프리스,RCB,8,5.2,0,0,0,0,0,0,0,0,0,0,0,0,7,7,100,0,3,3,47,4,4,1,0,2,1,0,0,1,0,0,0
26,2026-04-15 0:47,패,M. 브로조비치,LCM,11,6.4,0,0,4,2,0,0,0,0,0,0,0,0,27,24,88.9,0,23,22,338,7,1,1,0,1,0,0,0,0,0,0,0
27,2026-04-15 0:47,패,파트리크 비에이라,LCB,9,5,0,0,0,0,0,0,0,0,0,0,0,0,5,5,100,0,1,1,4,1,1,0,0,1,0,3,0,0,0,0,0
28,2026-04-15 0:47,패,헨릭 미키타리안,LS,10,4.4,0,0,0,0,0,0,0,0,0,0,0,0,4,2,50,0,3,2,94,3,0,2,0,0,0,2,0,0,0,0,0
29,2026-04-15 0:47,패,N. 잘레프스키,RWB,10,5,0,0,0,0,0,0,0,0,0,0,0,0,8,6,75,0,7,7,161,8,4,0,0,0,0,0,0,0,0,0,0
30,2026-04-15 0:47,패,마테오 다르미안,LWB,10,5.7,0,0,0,0,0,0,0,0,0,0,0,0,7,5,71.4,0,6,5,191,5,2,0,0,0,1,0,0,1,0,0,0
31,2026-04-15 0:47,패,루이스 피구,RW,8,7.6,0,1,0,0,0,0,0,0,0,0,0,0,16,15,93.8,0,10,10,305,1,0,1,0,0,0,0,0,0,0,0,0
32,2026-04-15 0:47,패,M. 디 그레고리오,GK,8,4.6,0,0,0,0,0,0,0,0,0,0,0,0,2,2,100,0,0,0,0,0,0,0,0,0,0,0,0,0,0,0,0
33,2026-04-15 0:47,패,하칸 찰하놀루,RCM,9,7.2,0,1,0,0,0,0,0,0,0,0,0,0,22,22,100,0,13,13,191,0,0,1,0,1,0,0,0,0,0,0,0
34,2026-04-15 0:28,승,파트리크 비에이라,LCB,9,6.5,0,0,0,0,0,0,0,0,0,0,0,0,17,15,88.2,0,8,7,134,6,3,2,0,0,0,0,0,0,0,0,0
35,2026-04-15 0:28,승,루이스 피구,RM,8,6.3,0,0,0,0,0,0,0,0,0,0,0,0,13,13,100,0,5,5,79,0,0,0,0,1,0,0,0,0,0,0,0
36,2026-04-15 0:28,승,마르쿠스 튀람,LW,9,8.7,1,1,4,3,0,0,0,0,0,0,0,0,23,22,95.7,0,14,13,266,6,1,4,1,0,0,0,0,0,0,0,0
37,2026-04-15 0:28,승,마테오 다르미안,LWB,10,8.2,0,1,0,0,0,0,0,0,0,0,0,0,23,21,91.3,0,17,17,441,7,4,0,0,2,2,0,0,2,0,0,0
38,2026-04-15 0:28,승,덴젤 둠프리스,RCB,8,5.9,0,0,0,0,0,0,0,0,0,0,0,0,15,15,100,0,8,8,204,3,3,0,0,0,0,1,0,0,0,0,0
39,2026-04-15 0:28,승,하칸 찰하놀루,RDM,9,8,1,1,2,1,0,0,0,0,0,0,0,0,27,25,92.6,0,16,16,279,6,3,1,0,1,0,0,0,0,0,0,0
40,2026-04-15 0:28,승,M. 디 그레고리오,GK,8,6.1,0,0,0,0,0,0,0,0,0,0,0,0,6,5,83.3,0,3,3,31,3,2,0,0,0,0,0,0,0,0,0,0
41,2026-04-15 0:28,승,마이콘,CDM,9,7.6,0,0,1,1,0,0,0,0,0,0,0,0,36,33,91.7,0,19,19,375,7,4,2,1,3,1,0,0,1,0,0,0
42,2026-04-15 0:28,승,M. 브로조비치,LDM,11,7,1,0,2,2,0,0,0,0,0,0,0,0,18,17,94.4,0,14,12,203,7,2,1,0,1,0,1,0,0,0,0,0
43,2026-04-15 0:28,승,헨릭 미키타리안,LM,10,7.4,1,0,2,1,0,0,0,0,0,0,0,0,17,13,76.5,0,16,14,303,5,0,3,0,1,1,0,0,1,0,0,0
44,2026-04-15 0:28,승,N. 잘레프스키,RWB,10,6.5,0,0,0,0,0,0,0,0,0,0,0,0,16,13,81.2,0,11,9,490,7,3,0,0,2,1,0,0,1,0,0,0
45,2026-04-15 0:10,패,마르쿠스 튀람,LW,9,8.1,2,0,2,2,0,0,0,0,0,0,0,0,20,19,95,0,12,7,256,9,2,2,1,0,0,1,0,0,0,0,0
46,2026-04-15 0:10,패,마테오 다르미안,LWB,10,6.3,0,0,0,0,0,0,0,0,0,0,0,0,12,10,83.3,0,11,8,314,6,2,0,0,0,0,0,0,0,0,0,0
47,2026-04-15 0:10,패,덴젤 둠프리스,RCB,8,6,0,0,0,0,0,0,0,0,0,0,0,0,14,14,100,0,7,7,95,3,3,0,0,1,1,0,0,1,0,0,0
48,2026-04-15 0:10,패,M. 브로조비치,LDM,11,7.3,0,1,0,0,0,0,0,0,0,0,0,0,23,21,91.3,0,11,10,316,6,4,0,0,0,0,1,0,0,0,0,0
49,2026-04-15 0:10,패,N. 잘레프스키,RWB,10,6.6,0,1,0,0,0,0,0,0,0,0,0,0,11,10,90.9,0,6,4,119,7,4,0,0,1,0,1,0,0,0,0,0
50,2026-04-15 0:10,패,헨릭 미키타리안,LM,10,6.4,0,0,0,0,0,0,0,0,0,0,0,0,17,15,88.2,0,15,12,274,9,3,1,0,1,1,0,0,1,0,0,0
51,2026-04-15 0:10,패,M. 디 그레고리오,GK,8,5.2,0,0,0,0,0,0,0,0,0,0,0,0,4,4,100,0,1,1,18,2,2,0,0,0,0,0,0,0,0,0,0
52,2026-04-15 0:10,패,마이콘,CDM,9,6.3,0,0,0,0,0,0,0,0,0,0,0,0,20,20,100,0,11,11,87,1,1,0,0,1,0,2,0,0,0,0,0
53,2026-04-15 0:10,패,하칸 찰하놀루,RDM,9,6.7,1,0,1,1,0,0,0,0,0,0,0,0,18,17,94.4,0,17,11,97,10,3,0,0,3,2,0,0,2,0,0,0
54,2026-04-15 0:10,패,루이스 피구,RM,8,5.9,0,0,1,0,0,0,0,0,0,0,0,0,12,10,83.3,0,9,8,146,6,2,1,1,2,0,0,0,0,0,0,0
55,2026-04-15 0:10,패,파트리크 비에이라,LCB,9,6,0,0,0,0,0,0,0,0,0,0,0,0,11,6,54.5,0,7,7,92,8,3,0,0,3,2,1,1,3,0,0,0
56,2026-04-14 23:53,패,헨릭 미키타리안,LF,10,6.6,0,0,0,0,0,0,0,0,0,0,0,0,14,10,71.4,0,11,8,251,8,2,2,0,1,1,1,0,1,0,0,0
57,2026-04-14 23:53,패,파트리크 비에이라,RDM,9,5.4,0,0,0,0,0,0,0,0,0,0,0,0,7,7,100,0,2,2,10,1,1,2,0,0,0,1,0,0,0,0,0
58,2026-04-14 23:53,패,M. 디 그레고리오,GK,8,6.3,0,0,0,0,0,0,0,0,0,0,0,0,3,3,100,0,2,2,16,1,1,0,0,0,0,0,0,0,0,0,0
59,2026-04-14 23:53,패,루이스 피구,RF,8,6.4,0,0,0,0,0,0,0,0,0,0,0,0,9,9,100,0,4,2,61,3,1,1,0,0,0,0,0,0,0,0,0
60,2026-04-14 23:53,패,마이콘,LDM,9,6.9,0,0,0,0,0,0,0,0,0,0,0,0,27,25,92.6,0,13,13,124,5,3,0,0,1,1,1,0,1,0,0,0
61,2026-04-14 23:53,패,N. 잘레프스키,RM,10,7.4,0,1,0,0,0,0,0,0,0,0,0,0,7,7,100,0,6,6,195,1,1,0,0,1,1,0,0,1,0,0,0
62,2026-04-14 23:53,패,덴젤 둠프리스,CB,8,5.7,0,0,0,0,0,0,0,0,0,0,0,0,11,11,100,0,2,2,15,2,2,0,0,0,0,0,0,0,0,0,0
63,2026-04-14 23:53,패,마르쿠스 튀람,LW,9,8.1,1,1,3,2,0,0,0,0,0,0,0,0,16,14,87.5,0,7,5,128,6,0,2,1,0,0,0,0,0,0,0,0
64,2026-04-14 23:53,패,M. 브로조비치,LCM,11,7.9,1,0,1,1,0,0,0,0,0,0,0,0,25,22,88,0,15,14,231,5,3,4,0,0,0,0,0,0,0,0,0
65,2026-04-14 23:53,패,마테오 다르미안,LM,10,6.6,0,0,0,0,0,0,0,0,0,0,0,0,14,14,100,0,8,8,126,2,2,1,0,0,0,0,0,0,0,0,0
66,2026-04-14 23:53,패,하칸 찰하놀루,RCM,9,5.4,0,0,0,0,0,0,0,0,0,0,0,0,13,11,84.6,0,6,5,50,3,0,0,0,1,0,0,0,0,0,0,0
67,2026-04-14 23:39,패,M. 브로조비치,LCM,11,6.3,0,0,0,0,0,0,0,0,0,0,0,0,15,14,93.3,0,8,7,123,1,0,1,0,0,0,0,0,0,0,0,0
68,2026-04-14 23:39,패,마르쿠스 튀람,LW,9,5.6,0,0,4,1,0,0,0,0,0,0,0,0,8,8,100,0,4,3,102,5,0,4,1,0,0,0,0,0,0,0,0
69,2026-04-14 23:39,패,덴젤 둠프리스,CB,8,6.3,0,0,0,0,0,0,0,0,0,0,0,0,6,6,100,0,3,3,70,1,1,0,0,1,0,1,1,1,0,0,0
70,2026-04-14 23:39,패,마이콘,LDM,9,6.8,0,0,0,0,0,0,0,0,0,0,0,0,17,15,88.2,0,9,9,81,5,3,0,0,2,1,0,0,1,0,0,0
71,2026-04-14 23:39,패,N. 잘레프스키,RM,10,5.9,0,0,0,0,0,0,0,0,0,0,0,0,10,7,70,0,9,9,101,2,0,0,0,0,0,0,0,0,0,0,0
72,2026-04-14 23:39,패,헨릭 미키타리안,LF,10,6.2,0,0,0,0,0,0,0,0,0,0,0,0,11,9,81.8,0,8,7,231,5,2,0,0,2,2,0,0,1,0,0,0
73,2026-04-14 23:39,패,파트리크 비에이라,RDM,9,6.3,0,0,0,0,0,0,0,0,0,0,0,0,9,9,100,0,3,3,73,4,4,0,0,2,2,0,0,2,0,0,0
74,2026-04-14 23:39,패,하칸 찰하놀루,RCM,9,6.3,0,0,0,0,0,0,0,0,0,0,0,0,16,12,75,0,5,5,111,4,0,0,0,1,1,0,0,1,0,0,0
75,2026-04-14 23:39,패,루이스 피구,RF,8,8,0,0,0,0,0,0,0,0,0,0,0,0,13,12,92.3,0,7,7,246,3,3,2,0,1,1,0,0,1,0,0,0
76,2026-04-14 23:39,패,M. 디 그레고리오,GK,8,6.9,0,0,0,0,0,0,0,0,0,0,0,0,6,6,100,0,1,1,23,3,3,0,0,0,0,0,0,0,0,0,0
77,2026-04-14 23:39,패,마테오 다르미안,LM,10,5.9,0,0,0,0,0,0,0,0,0,0,0,0,11,11,100,0,10,8,265,3,1,0,0,0,0,0,0,0,0,0,0
78,2026-04-14 23:26,승,마르쿠스 튀람,CF,9,8.7,1,1,2,2,0,0,0,0,0,0,0,0,17,17,100,0,8,7,209,3,0,4,1,0,0,0,0,0,0,0,0
79,2026-04-14 23:26,승,하칸 찰하놀루,RCM,9,9.1,1,2,2,2,0,0,0,0,0,0,0,0,15,14,93.3,0,11,11,94,7,4,1,1,0,0,0,0,0,0,0,0
80,2026-04-14 23:26,승,N. 잘레프스키,RWB,10,6.1,0,0,0,0,0,0,0,0,0,0,0,0,10,9,90,0,4,4,48,3,2,0,0,1,0,1,0,0,0,0,0
81,2026-04-14 23:26,승,마이콘,CDM,9,7,0,0,0,0,0,0,0,0,0,0,0,0,13,13,100,0,5,5,66,2,1,0,0,2,2,1,1,3,0,0,0
82,2026-04-14 23:26,승,파트리크 비에이라,LCB,9,6.7,0,0,0,0,0,0,0,0,0,0,0,0,7,6,85.7,0,7,5,48,8,5,0,0,2,1,3,1,2,0,0,0
83,2026-04-14 23:26,승,M. 브로조비치,LCM,11,7.5,1,0,1,1,0,0,0,0,0,0,0,0,17,15,88.2,0,11,10,114,4,0,3,0,0,0,3,0,0,0,0,0
84,2026-04-14 23:26,승,M. 디 그레고리오,GK,8,7.4,0,0,0,0,0,0,0,0,0,0,0,0,4,4,100,0,1,1,1,0,0,0,0,0,0,0,0,0,0,0,0
85,2026-04-14 23:26,승,마테오 다르미안,LWB,10,7.3,0,0,0,0,0,0,0,0,0,0,0,0,10,9,90,0,8,7,112,6,4,0,0,0,0,0,0,0,0,0,0
86,2026-04-14 23:26,승,헨릭 미키타리안,LM,10,5.9,0,0,0,0,0,0,0,0,0,0,0,0,12,8,66.7,0,7,6,112,5,0,1,0,0,0,0,0,0,0,0,0
87,2026-04-14 23:26,승,덴젤 둠프리스,RCB,8,6.3,0,0,0,0,0,0,0,0,0,0,0,0,6,6,100,0,2,2,12,4,4,1,0,0,0,0,0,0,0,0,0
88,2026-04-14 23:26,승,루이스 피구,RM,8,7.6,1,0,1,1,0,0,0,0,0,0,0,0,7,6,85.7,0,7,6,260,2,0,0,0,0,0,0,0,0,0,0,0
89,2026-04-14 22:44,승,마테오 다르미안,LWB,10,6,0,0,0,0,0,0,0,0,0,0,0,0,7,6,85.7,0,5,5,216,0,0,0,0,1,0,0,0,0,0,0,0
90,2026-04-14 22:44,승,하칸 찰하놀루,RCM,9,7.6,1,0,2,2,0,0,0,0,0,0,0,0,20,18,90,0,14,13,231,4,0,0,0,0,0,0,0,0,0,0,0
91,2026-04-14 22:44,승,M. 디 그레고리오,GK,8,6.6,0,0,0,0,0,0,0,0,0,0,0,0,3,2,66.7,0,0,0,0,2,1,0,0,0,0,0,0,0,0,0,0
92,2026-04-14 22:44,승,M. 브로조비치,LCM,11,6.9,0,0,0,0,0,0,0,0,0,0,0,0,13,11,84.6,0,7,7,98,3,1,0,0,0,0,2,0,0,0,0,0
93,2026-04-14 22:44,승,마이콘,CDM,9,8.2,0,0,0,0,0,0,0,0,0,0,0,0,25,25,100,0,18,18,208,7,7,3,0,1,0,1,0,0,0,0,0
94,2026-04-14 22:44,승,파트리크 비에이라,LCB,9,6.8,0,0,0,0,0,0,0,0,0,0,0,0,11,11,100,0,5,4,40,1,1,1,0,1,0,2,0,0,0,0,0
95,2026-04-14 22:44,승,루이스 피구,RM,8,8.1,0,1,0,0,0,0,0,0,0,0,0,0,9,8,88.9,0,8,6,229,3,1,1,0,0,0,1,0,0,0,0,0
96,2026-04-14 22:44,승,헨릭 미키타리안,LM,10,7,0,0,2,2,0,0,0,0,0,0,0,0,5,5,100,0,6,5,122,4,3,2,1,0,0,0,0,0,0,0,0
97,2026-04-14 22:44,승,N. 잘레프스키,RWB,10,6.9,0,0,0,0,0,0,0,0,0,0,0,0,12,11,91.7,0,8,8,130,3,2,0,0,1,1,0,0,1,0,0,0
98,2026-04-14 22:44,승,마르쿠스 튀람,LW,9,8.6,2,1,2,2,0,0,0,0,0,0,0,0,9,8,88.9,0,10,6,321,9,0,1,0,2,0,1,0,0,0,0,0
99,2026-04-14 22:44,승,덴젤 둠프리스,RCB,8,6.5,0,0,0,0,0,0,0,0,0,0,0,0,8,7,87.5,0,4,4,38,2,2,0,0,2,2,0,0,2,0,0,0
100,2026-04-14 22:31,패,M. 디 그레고리오,GK,8,7.3,0,0,0,0,0,0,0,0,0,0,0,0,2,2,100,0,0,0,0,1,1,0,0,0,0,0,0,0,0,0,0
101,2026-04-14 22:31,패,N. 잘레프스키,RM,10,5.2,0,0,0,0,0,0,0,0,0,0,0,0,3,2,66.7,0,2,2,8,3,1,1,0,1,1,1,0,1,0,0,0
102,2026-04-14 22:31,패,파트리크 비에이라,RDM,9,6.3,0,0,0,0,0,0,0,0,0,0,0,0,8,6,75,0,5,4,44,9,5,6,1,1,1,1,1,2,0,0,0
103,2026-04-14 22:31,패,마이콘,LDM,9,6.6,0,0,0,0,0,0,0,0,0,0,0,0,24,22,91.7,0,17,17,291,3,1,4,0,0,0,0,0,0,0,0,0
104,2026-04-14 22:31,패,마르쿠스 튀람,LW,9,6.8,0,1,2,0,0,0,0,0,0,0,0,0,14,13,92.9,0,7,7,128,3,0,1,0,0,0,0,0,0,0,0,0
105,2026-04-14 22:31,패,하칸 찰하놀루,RCM,9,5.8,0,0,0,0,0,0,0,0,0,0,0,0,19,16,84.2,0,11,8,71,5,0,2,0,0,0,1,0,0,0,0,0
106,2026-04-14 22:31,패,M. 브로조비치,LCM,11,7.3,0,0,2,2,0,0,0,0,0,0,0,0,19,18,94.7,0,17,17,162,5,4,0,0,1,0,1,0,0,0,0,0
107,2026-04-14 22:31,패,헨릭 미키타리안,LF,10,7.2,1,0,1,1,0,0,0,0,0,0,0,0,8,5,62.5,0,13,9,309,10,3,1,0,1,1,1,0,1,0,0,0
108,2026-04-14 22:31,패,루이스 피구,RF,8,6.7,0,0,0,0,0,0,0,0,0,0,0,0,8,8,100,0,6,6,151,3,3,3,0,0,0,0,0,0,0,0,0
109,2026-04-14 22:31,패,마테오 다르미안,LM,10,5.8,0,0,0,0,0,0,0,0,0,0,0,0,6,5,83.3,0,4,4,70,3,1,1,0,0,0,1,0,0,0,0,0
110,2026-04-14 22:31,패,덴젤 둠프리스,CB,8,5.6,0,0,0,0,0,0,0,0,0,0,0,0,6,6,100,0,1,1,7,2,2,0,0,1,0,2,1,1,0,0,0
111,2026-04-14 22:12,승,마르쿠스 튀람,LW,9,7.9,1,1,3,1,0,0,0,0,0,0,0,0,13,13,100,0,10,8,141,3,0,8,4,1,1,0,0,1,0,0,0
112,2026-04-14 22:12,승,덴젤 둠프리스,RCB,8,6.9,0,0,0,0,0,0,0,0,0,0,0,0,6,6,100,0,4,4,57,3,3,0,0,0,0,1,1,1,0,0,0
113,2026-04-14 22:12,승,하칸 찰하놀루,RCM,9,8.2,0,0,2,2,0,0,0,0,0,0,0,0,28,21,75,0,17,17,244,11,2,2,0,1,1,2,0,1,0,0,0
114,2026-04-14 22:12,승,P. 지엘린스키,RM,5,6.8,0,0,0,0,0,0,0,0,0,0,0,0,7,7,100,0,4,4,113,0,0,3,0,0,0,0,0,0,0,0,0
115,2026-04-14 22:12,승,N. 잘레프스키,RWB,10,6.7,0,0,0,0,0,0,0,0,0,0,0,0,8,8,100,0,4,4,172,2,2,1,0,0,0,2,0,0,0,0,0
116,2026-04-14 22:12,승,마이콘,CDM,9,8,0,0,1,1,0,0,0,0,0,0,0,0,17,17,100,0,11,11,141,4,4,2,1,2,2,1,0,2,0,0,0
117,2026-04-14 22:12,승,M. 브로조비치,LCM,11,7.7,1,0,1,1,0,0,0,0,0,0,0,0,18,16,88.9,0,14,12,278,8,2,2,0,0,0,0,0,0,0,0,0
118,2026-04-14 22:12,승,라울 벨라노바,??,7,6,0,0,0,0,0,0,0,0,0,0,0,0,0,0,0,0,0,0,0,0,0,0,0,0,0,0,0,0,0,0,0
119,2026-04-14 22:12,승,파트리크 비에이라,LCB,9,7.1,0,0,0,0,0,0,0,0,0,0,0,0,3,3,100,0,2,2,23,0,0,0,0,2,2,1,1,3,0,0,0
120,2026-04-14 22:12,승,마테오 다르미안,LWB,10,7.4,0,1,0,0,0,0,0,0,0,0,0,0,7,7,100,0,5,5,168,1,1,1,0,0,0,0,0,0,0,0,0
121,2026-04-14 22:12,승,M. 디 그레고리오,GK,8,7.1,0,0,0,0,0,0,0,0,0,0,0,0,5,5,100,0,1,1,4,2,2,0,0,0,0,0,0,0,0,0,0
122,2026-04-14 22:12,승,헨릭 미키타리안,LM,10,8.7,1,0,1,1,0,0,0,0,0,0,0,0,12,11,91.7,0,7,7,183,4,2,4,0,0,0,0,0,0,0,0,0
123,2026-04-14 21:59,승,마르쿠스 튀람,LW,9,7.4,1,0,5,3,0,0,0,0,0,0,0,0,17,15,88.2,0,10,10,156,7,1,7,0,1,1,1,0,1,0,0,0
124,2026-04-14 21:59,승,M. 디 그레고리오,GK,8,6.7,0,0,0,0,0,0,0,0,0,0,0,0,4,4,100,0,1,1,15,1,1,0,0,0,0,0,0,0,0,0,0
125,2026-04-14 21:59,승,N. 잘레프스키,RWB,10,5.6,0,0,0,0,0,0,0,0,0,0,0,0,9,8,88.9,0,5,4,81,4,1,0,0,0,0,1,0,0,0,0,0
126,2026-04-14 21:59,승,M. 브로조비치,LCM,11,7.5,0,1,0,0,0,0,0,0,0,0,0,0,28,26,92.9,0,21,21,355,9,4,1,0,1,1,0,0,0,0,0,0
127,2026-04-14 21:59,승,마이콘,CDM,9,6.7,0,0,0,0,0,0,0,0,0,0,0,0,25,23,92,0,15,14,261,4,1,0,0,0,0,0,0,0,0,0,0
128,2026-04-14 21:59,승,덴젤 둠프리스,RCB,8,6.1,0,0,0,0,0,0,0,0,0,0,0,0,6,6,100,0,2,2,16,3,2,3,1,1,0,2,0,0,0,0,0
129,2026-04-14 21:59,승,파트리크 비에이라,LCB,9,6,0,0,0,0,0,0,0,0,0,0,0,0,12,12,100,0,7,7,125,4,3,1,0,1,0,1,0,0,0,0,0
130,2026-04-14 21:59,승,마테오 다르미안,LWB,10,6.1,0,0,0,0,0,0,0,0,0,0,0,0,11,10,90.9,0,6,6,75,1,0,1,0,1,1,3,0,1,0,0,0
131,2026-04-14 21:59,승,P. 지엘린스키,RM,5,6.1,0,0,0,0,0,0,0,0,0,0,0,0,13,12,92.3,0,8,8,169,3,2,0,0,0,0,2,0,0,0,0,0
132,2026-04-14 21:59,승,라울 벨라노바,??,7,6.3,0,0,0,0,0,0,0,0,0,0,0,0,7,7,100,0,2,2,65,0,0,0,0,0,0,0,0,0,0,0,0
133,2026-04-14 21:59,승,하칸 찰하놀루,RCM,9,8.3,1,1,1,1,0,0,0,0,0,0,0,0,26,23,88.5,0,23,21,241,11,4,0,0,0,0,0,0,0,0,0,0
134,2026-04-14 21:59,승,헨릭 미키타리안,LM,10,7,0,0,0,0,0,0,0,0,0,0,0,0,19,13,68.4,0,13,11,594,13,4,0,0,3,3,1,0,3,0,0,0
135,2026-04-14 21:38,무,M. 브로조비치,LCM,11,7,0,1,0,0,0,0,0,0,0,0,0,0,19,17,89.5,0,13,10,115,3,0,0,0,0,0,0,0,0,0,0,0
136,2026-04-14 21:38,무,마테오 다르미안,LWB,10,5.8,0,0,0,0,0,0,0,0,0,0,0,0,7,6,85.7,0,4,4,50,2,1,0,0,0,0,1,0,0,0,0,0
137,2026-04-14 21:38,무,마이콘,CDM,9,8,0,1,0,0,0,0,0,0,0,0,0,0,19,17,89.5,0,13,13,216,7,5,3,1,2,1,2,0,1,0,0,0
138,2026-04-14 21:38,무,라울 벨라노바,??,7,6,0,0,0,0,0,0,0,0,0,0,0,0,0,0,0,0,0,0,0,0,0,0,0,0,0,0,0,0,0,0,0
139,2026-04-14 21:38,무,헨릭 미키타리안,LM,10,7.3,0,1,0,0,0,0,0,0,0,0,0,0,9,7,77.8,0,6,6,408,2,0,0,0,0,0,0,0,0,0,0,0
140,2026-04-14 21:38,무,하칸 찰하놀루,RCM,9,7.7,1,0,1,1,0,0,0,0,0,0,0,0,22,18,81.8,0,13,12,227,6,1,0,0,0,0,0,0,0,0,0,0
141,2026-04-14 21:38,무,M. 디 그레고리오,GK,8,5.3,0,0,0,0,0,0,0,0,0,0,0,0,3,2,66.7,0,1,1,11,3,2,0,0,0,0,0,0,0,0,0,0
142,2026-04-14 21:38,무,덴젤 둠프리스,RCB,8,6,0,0,0,0,0,0,0,0,0,0,0,0,12,12,100,0,10,9,61,5,5,0,0,2,1,1,1,2,0,0,0
143,2026-04-14 21:38,무,파트리크 비에이라,LCB,9,6.6,0,0,0,0,0,0,0,0,0,0,0,0,16,15,93.8,0,11,11,266,4,3,0,0,1,1,1,1,2,0,0,0
144,2026-04-14 21:38,무,P. 지엘린스키,RM,5,5.3,0,0,0,0,0,0,0,0,0,0,0,0,3,3,100,0,0,0,0,0,0,1,0,0,0,1,0,0,0,0,0
145,2026-04-14 21:38,무,N. 잘레프스키,RWB,10,5.7,0,0,0,0,0,0,0,0,0,0,0,0,5,4,80,0,3,2,103,2,1,0,0,1,1,0,0,1,0,0,0
146,2026-04-14 21:38,무,마르쿠스 튀람,LW,9,9.4,3,0,3,3,0,0,0,0,0,0,0,0,12,10,83.3,0,6,5,88,6,0,2,0,0,0,0,0,0,0,0,0
147,2026-04-14 21:21,승,P. 지엘린스키,RM,5,5.5,0,0,0,0,0,0,0,0,0,0,0,0,2,1,50,0,1,1,88,1,0,0,0,0,0,0,0,0,0,0,0
148,2026-04-14 21:21,승,하칸 찰하놀루,RCM,9,8.5,1,1,1,1,0,0,0,0,0,0,0,0,14,14,100,0,16,14,280,4,2,0,0,0,0,1,1,1,0,0,0
149,2026-04-14 21:21,승,M. 브로조비치,LCM,11,6.5,0,0,0,0,0,0,0,0,0,0,0,0,11,9,81.8,0,8,8,135,4,1,0,0,2,1,1,0,1,0,0,0
150,2026-04-14 21:21,승,M. 디 그레고리오,GK,8,7.2,0,0,0,0,0,0,0,0,0,0,0,0,4,4,100,0,1,1,11,3,3,0,0,0,0,0,0,0,0,0,0
151,2026-04-14 21:21,승,헨릭 미키타리안,LM,10,7.3,0,1,0,0,0,0,0,0,0,0,0,0,9,8,88.9,0,10,8,261,1,1,0,0,0,0,1,0,0,0,0,0
152,2026-04-14 21:21,승,라울 벨라노바,??,7,5.2,0,0,0,0,0,0,0,0,0,0,0,0,0,0,0,0,0,0,0,0,0,0,0,0,0,0,0,0,0,0,0
153,2026-04-14 21:21,승,마르쿠스 튀람,LW,9,8.9,2,1,5,3,0,0,0,0,0,0,0,0,15,14,93.3,0,9,9,163,6,0,1,0,0,0,0,0,0,0,0,0
154,2026-04-14 21:21,승,마테오 다르미안,LWB,10,7.6,0,0,0,0,0,0,0,0,0,0,0,0,16,15,93.8,0,11,11,291,5,4,0,0,2,1,1,0,1,0,0,0
155,2026-04-14 21:21,승,마이콘,CDM,9,6,0,0,0,0,0,0,0,0,0,0,0,0,16,10,62.5,0,9,9,99,6,1,0,0,3,1,1,0,1,0,0,0
156,2026-04-14 21:21,승,N. 잘레프스키,RWB,10,6,0,0,0,0,0,0,0,0,0,0,0,0,2,2,100,0,2,2,55,0,0,0,0,0,0,1,0,0,0,0,0
157,2026-04-14 21:21,승,덴젤 둠프리스,RCB,8,6.4,0,0,0,0,0,0,0,0,0,0,0,0,8,8,100,0,2,2,17,4,4,2,0,0,0,0,0,0,0,0,0
158,2026-04-14 21:21,승,파트리크 비에이라,LCB,9,6.6,0,0,0,0,0,0,0,0,0,0,0,0,6,6,100,0,5,4,35,5,3,1,0,3,2,0,0,2,0,0,0
159,2026-04-14 21:06,승,헨릭 미키타리안,LM,10,8.4,0,1,0,0,0,0,0,0,0,0,0,0,15,13,86.7,0,10,10,348,4,2,0,0,0,0,0,0,0,0,0,0
160,2026-04-14 21:06,승,마테오 다르미안,LWB,10,8,0,1,0,0,0,0,0,0,0,0,0,0,16,16,100,0,7,7,210,0,0,0,0,2,1,0,0,1,0,0,0
161,2026-04-14 21:06,승,파트리크 비에이라,LCB,9,6.7,0,0,0,0,0,0,0,0,0,0,0,0,14,14,100,0,8,8,125,3,3,0,0,1,1,0,0,1,0,0,0
162,2026-04-14 21:06,승,M. 디 그레고리오,GK,8,5.3,0,0,0,0,0,0,0,0,0,0,0,0,2,1,50,0,0,0,0,1,0,0,0,0,0,0,0,0,0,0,0
163,2026-04-14 21:06,승,N. 잘레프스키,RWB,10,6,0,0,0,0,0,0,0,0,0,0,0,0,10,8,80,0,4,4,43,3,1,0,0,1,0,0,0,0,0,0,0
164,2026-04-14 21:06,승,마르쿠스 튀람,LW,9,9.9,4,0,5,4,0,0,0,0,0,0,0,0,15,13,86.7,0,8,8,258,8,1,1,0,0,0,0,0,0,0,0,0
165,2026-04-14 21:06,승,마이콘,CDM,9,7.3,0,0,0,0,0,0,0,0,0,0,0,0,23,18,78.3,0,11,11,116,11,6,1,0,1,1,2,0,1,0,0,0
166,2026-04-14 21:06,승,하칸 찰하놀루,RCM,9,7.4,0,1,0,0,0,0,0,0,0,0,0,0,18,15,83.3,0,13,12,154,4,0,1,0,1,0,0,0,0,0,0,0
167,2026-04-14 21:06,승,덴젤 둠프리스,RCB,8,8.2,0,0,0,0,0,0,0,0,0,0,0,0,13,13,100,0,7,7,79,6,5,1,0,3,3,0,0,3,0,0,0
168,2026-04-14 21:06,승,라울 벨라노바,??,7,6.2,0,0,0,0,0,0,0,0,0,0,0,0,4,4,100,0,2,2,37,1,1,0,0,0,0,0,0,0,0,0,0
169,2026-04-14 21:06,승,P. 지엘린스키,RM,5,6.3,0,0,0,0,0,0,0,0,0,0,0,0,13,12,92.3,0,6,5,110,5,3,1,0,0,0,0,0,0,0,0,0
170,2026-04-14 21:06,승,M. 브로조비치,LCM,11,7.6,0,1,1,1,0,0,0,0,0,0,0,0,23,21,91.3,0,15,13,155,7,2,0,0,0,0,2,0,0,0,0,0
171,2026-04-14 20:49,무,마르쿠스 튀람,LW,9,8.3,1,1,3,2,0,0,0,0,0,0,0,0,15,13,86.7,0,10,8,133,6,0,1,0,0,0,0,0,0,0,0,0
172,2026-04-14 20:49,무,P. 지엘린스키,RW,5,6.1,0,0,0,0,0,0,0,0,0,0,0,0,7,6,85.7,0,6,5,140,3,1,0,0,1,0,1,0,0,0,0,0
173,2026-04-14 20:49,무,마이콘,CDM,9,6.6,0,0,0,0,0,0,0,0,0,0,0,0,16,14,87.5,0,7,6,74,8,4,1,0,2,0,0,0,0,0,0,0
174,2026-04-14 20:49,무,M. 디 그레고리오,GK,8,8,0,0,0,0,0,0,0,0,0,0,0,0,6,4,66.7,0,3,3,40,5,3,0,0,0,0,0,0,0,0,0,0
175,2026-04-14 20:49,무,헨릭 미키타리안,LS,10,7.1,0,1,0,0,0,0,0,0,0,0,0,0,11,10,90.9,0,8,7,177,3,1,0,0,0,0,0,0,0,0,0,0
176,2026-04-14 20:49,무,N. 잘레프스키,RWB,10,6.1,0,0,0,0,0,0,0,0,0,0,0,0,5,5,100,0,5,3,68,1,0,0,0,1,0,0,0,0,0,0,0
177,2026-04-14 20:49,무,덴젤 둠프리스,RCB,8,6.8,0,0,0,0,0,0,0,0,0,0,0,0,7,7,100,0,4,4,60,5,4,2,0,1,1,3,1,2,0,0,0
178,2026-04-14 20:49,무,M. 브로조비치,LCM,11,6.7,0,0,0,0,0,0,0,0,0,0,0,0,14,14,100,0,11,11,159,1,1,0,0,0,0,0,0,0,0,0,0
179,2026-04-14 20:49,무,파트리크 비에이라,LCB,9,7.2,0,0,0,0,0,0,0,0,0,0,0,0,5,5,100,0,4,4,37,5,5,1,0,1,1,2,1,2,0,0,0
180,2026-04-14 20:49,무,하칸 찰하놀루,RCM,9,7.8,1,0,1,1,0,0,0,0,0,0,0,0,18,16,88.9,0,14,13,260,6,2,1,0,1,0,0,0,0,0,0,0
181,2026-04-14 20:49,무,마테오 다르미안,LWB,10,6.4,0,0,0,0,0,0,0,0,0,0,0,0,7,5,71.4,0,4,4,136,2,0,1,0,0,0,1,0,0,0,0,0
182,2026-04-14 20:38,무,마테오 다르미안,LWB,10,6.8,0,0,0,0,0,0,0,0,0,0,0,0,12,11,91.7,0,10,8,362,3,1,0,0,1,1,1,0,1,0,0,0
183,2026-04-14 20:38,무,파트리크 비에이라,LCB,9,7.2,0,0,0,0,0,0,0,0,0,0,0,0,11,10,90.9,0,7,7,94,3,3,0,0,6,3,1,1,4,0,0,0
184,2026-04-14 20:38,무,헨릭 미키타리안,LS,10,6.7,0,0,0,0,0,0,0,0,0,0,0,0,11,9,81.8,0,7,7,214,2,0,0,0,0,0,0,0,0,0,0,0
185,2026-04-14 20:38,무,덴젤 둠프리스,RCB,8,5.5,0,0,0,0,0,0,0,0,0,0,0,0,6,6,100,0,1,1,6,2,2,0,0,0,0,0,0,0,0,0,0
186,2026-04-14 20:38,무,마이콘,CDM,9,6.7,0,0,0,0,0,0,0,0,0,0,0,0,24,21,87.5,0,12,11,194,5,1,0,0,3,1,2,0,1,0,0,0
187,2026-04-14 20:38,무,하칸 찰하놀루,RCM,9,6.2,0,0,0,0,0,0,0,0,0,0,0,0,9,8,88.9,0,6,5,47,4,1,2,0,3,3,1,0,3,0,0,0
188,2026-04-14 20:38,무,N. 잘레프스키,RWB,10,6.3,0,0,0,0,0,0,0,0,0,0,0,0,8,8,100,0,3,3,40,4,4,0,0,0,0,0,0,0,0,0,0
189,2026-04-14 20:38,무,M. 디 그레고리오,GK,8,7.6,0,0,0,0,0,0,0,0,0,0,0,0,7,6,85.7,0,3,3,42,3,2,0,0,0,0,0,0,0,0,0,0
190,2026-04-14 20:38,무,라울 벨라노바,??,7,6.1,0,0,0,0,0,0,0,0,0,0,0,0,4,3,75,0,1,1,8,1,1,0,0,0,0,0,0,0,0,0,0
191,2026-04-14 20:38,무,마르쿠스 튀람,LW,9,8.3,2,0,3,3,0,0,0,0,0,0,0,0,13,8,61.5,0,10,9,113,9,1,4,1,1,0,0,0,0,0,0,0
192,2026-04-14 20:38,무,P. 지엘린스키,RW,5,7.4,0,1,0,0,0,0,0,0,0,0,0,0,7,7,100,0,5,5,97,0,0,5,0,0,0,0,0,0,0,0,0
193,2026-04-14 20:38,무,M. 브로조비치,LCM,11,6.1,0,1,0,0,0,0,0,0,0,0,0,0,16,14,87.5,0,10,10,129,7,4,0,0,0,0,0,0,0,0,0,0
194,2026-04-14 16:02,패,M. 브로조비치,LCM,11,6.5,0,0,0,0,0,0,0,0,0,0,0,0,14,13,92.9,0,7,7,109,2,1,1,0,1,1,0,0,1,0,0,0
195,2026-04-14 16:02,패,M. 디 그레고리오,GK,9,7.5,0,0,0,0,0,0,0,0,0,0,0,0,6,2,33.3,0,0,0,0,6,2,0,0,1,0,0,0,0,0,0,0
196,2026-04-14 16:02,패,로베르토 바조,RW,5,7.1,0,1,0,0,0,0,0,0,0,0,0,0,15,13,86.7,0,10,10,242,3,1,2,0,0,0,0,0,0,0,0,0
197,2026-04-14 16:02,패,파트리크 비에이라,LCB,9,6.7,0,0,0,0,0,0,0,0,0,0,0,0,4,4,100,0,0,0,0,3,3,6,1,3,2,2,1,3,0,0,0
198,2026-04-14 16:02,패,헨릭 미키타리안,LS,10,5.8,0,0,0,0,0,0,0,0,0,0,0,0,8,7,87.5,0,8,5,105,3,1,0,0,0,0,1,0,0,0,0,0
199,2026-04-14 16:02,패,하칸 찰하놀루,RCM,9,7.2,1,0,1,1,0,0,0,0,0,0,0,0,18,17,94.4,0,14,14,210,5,3,1,0,0,0,0,0,0,0,0,0
200,2026-04-14 16:02,패,마이콘,CDM,9,6.9,0,1,1,1,0,0,0,0,0,0,0,0,18,13,72.2,0,14,13,209,9,1,3,1,2,1,1,0,1,0,0,0
201,2026-04-14 16:02,패,마르쿠스 튀람,LW,9,7.1,1,0,2,1,0,0,0,0,0,0,0,0,12,11,91.7,0,9,7,165,3,0,5,1,0,0,0,0,0,0,0,0
202,2026-04-14 16:02,패,로빈 고젠스,LWB,11,6.6,0,0,0,0,0,0,0,0,0,0,0,0,7,4,57.1,0,8,6,178,6,2,1,0,1,1,0,0,1,0,0,0
203,2026-04-14 16:02,패,덴젤 둠프리스,RCB,8,3.9,0,0,0,0,0,0,0,0,0,0,0,0,2,2,100,0,0,0,0,2,2,2,0,0,0,1,0,0,0,0,0
204,2026-04-14 16:02,패,뱅자맹 파바르,RWB,11,7.5,0,0,0,0,0,0,0,0,0,0,0,0,13,11,84.6,0,9,9,230,8,6,3,0,1,0,0,0,0,0,0,0
205,2026-04-14 15:50,패,헨릭 미키타리안,LF,10,7.6,0,1,1,0,0,0,0,0,0,0,0,0,21,17,81,0,16,15,252,6,1,0,0,1,1,0,0,1,0,0,0
206,2026-04-14 15:50,패,마이콘,LDM,9,7.6,0,0,2,2,0,0,0,0,0,0,0,0,24,23,95.8,0,16,16,309,6,4,3,0,1,0,1,0,0,0,0,0
207,2026-04-14 15:50,패,로베르토 바조,RF,5,5.7,0,0,0,0,0,0,0,0,0,0,0,0,8,7,87.5,0,5,4,77,3,0,0,0,1,1,0,0,1,0,0,0
208,2026-04-14 15:50,패,파트리크 비에이라,RDM,9,5.4,0,0,0,0,0,0,0,0,0,0,0,0,4,4,100,0,1,1,6,4,3,1,0,2,0,1,0,0,0,0,0
209,2026-04-14 15:50,패,하칸 찰하놀루,RCM,9,7.1,0,1,1,1,0,0,0,0,0,0,0,0,15,13,86.7,0,11,9,83,4,1,0,0,0,0,1,0,0,0,0,0
210,2026-04-14 15:50,패,마르쿠스 튀람,LW,9,8.1,1,0,2,2,0,0,0,0,0,0,0,0,23,19,82.6,0,10,7,223,6,0,7,0,0,0,0,0,0,0,0,0
211,2026-04-14 15:50,패,뱅자맹 파바르,RM,11,6.3,1,0,1,1,0,0,0,0,0,0,0,0,8,7,87.5,0,4,4,76,7,4,12,4,2,0,1,0,0,0,0,0
212,2026-04-14 15:50,패,덴젤 둠프리스,CB,8,6.2,0,0,0,0,0,0,0,0,0,0,0,0,7,6,85.7,0,1,1,3,4,3,0,0,3,3,3,0,3,0,0,0
213,2026-04-14 15:50,패,M. 브로조비치,LCM,11,7.7,1,0,1,1,0,0,0,0,0,0,0,0,20,18,90,0,13,13,211,6,3,2,0,1,1,1,0,1,0,0,0
214,2026-04-14 15:50,패,로빈 고젠스,LM,11,6.2,0,0,0,0,0,0,0,0,0,0,0,0,12,11,91.7,0,7,7,166,2,1,1,0,1,0,1,0,0,0,0,0
215,2026-04-14 15:50,패,M. 디 그레고리오,GK,9,5.4,0,0,0,0,0,0,0,0,0,0,0,0,1,1,100,0,1,1,6,0,0,0,0,0,0,0,0,0,0,0,0
216,2026-04-14 15:38,패,하칸 찰하놀루,RCM,9,6.2,0,0,2,2,0,0,0,0,0,0,0,0,14,12,85.7,0,13,10,167,5,0,1,0,0,0,0,0,0,0,0,0
217,2026-04-14 15:38,패,덴젤 둠프리스,CB,8,6.2,0,0,0,0,0,0,0,0,0,0,0,0,10,10,100,0,4,3,63,2,1,0,0,2,2,1,0,2,0,0,0
218,2026-04-14 15:38,패,M. 디 그레고리오,GK,9,4.4,0,0,0,0,0,0,0,0,0,0,0,0,3,2,66.7,0,0,0,0,2,1,0,0,0,0,0,0,0,0,0,0
219,2026-04-14 15:38,패,뱅자맹 파바르,RM,11,7,0,1,0,0,0,0,0,0,0,0,0,0,7,6,85.7,0,6,6,66,4,3,0,0,2,1,0,0,1,0,0,0
220,2026-04-14 15:38,패,마이콘,LDM,9,7.4,0,0,0,0,0,0,0,0,0,0,0,0,25,23,92,0,18,18,328,2,1,0,0,1,1,1,0,1,0,0,0
221,2026-04-14 15:38,패,M. 브로조비치,LCM,11,6.7,0,0,1,1,0,0,0,0,0,0,0,0,18,16,88.9,0,9,9,165,5,3,0,0,3,1,0,0,1,0,0,0
222,2026-04-14 15:38,패,마르쿠스 튀람,LW,9,9.2,2,1,4,2,0,0,0,0,0,0,0,0,20,20,100,0,14,12,324,6,0,3,0,0,0,1,0,0,0,0,0
223,2026-04-14 15:38,패,로베르토 바조,RF,5,7.4,1,0,2,1,0,0,0,0,0,0,0,0,10,9,90,0,6,6,228,6,3,1,0,0,0,0,0,0,0,0,0
224,2026-04-14 15:38,패,헨릭 미키타리안,LF,10,7.1,0,1,0,0,0,0,0,0,0,0,0,0,18,16,88.9,0,10,10,193,3,1,0,0,0,0,0,0,0,0,0,0
225,2026-04-14 15:38,패,로빈 고젠스,LM,11,5.6,0,0,0,0,0,0,0,0,0,0,0,0,9,8,88.9,0,4,3,51,5,3,0,0,1,0,0,0,0,0,0,0
226,2026-04-14 15:38,패,파트리크 비에이라,RDM,9,6,0,0,0,0,0,0,0,0,0,0,0,0,8,8,100,0,6,5,66,5,4,0,0,2,1,0,0,1,0,0,0
227,2026-04-14 15:26,승,하칸 찰하놀루,RCM,9,6.6,0,0,1,1,0,0,0,0,0,0,0,0,13,12,92.3,0,8,5,195,7,3,0,0,1,1,0,0,1,0,0,0
228,2026-04-14 15:26,승,마이콘,CDM,9,7.8,0,0,0,0,0,0,0,0,0,0,0,0,28,25,89.3,0,16,14,172,7,2,0,0,2,1,1,0,1,0,0,0
229,2026-04-14 15:26,승,헨릭 미키타리안,LS,10,9,0,2,0,0,0,0,0,0,0,0,0,0,20,14,70,0,11,10,466,5,1,1,0,0,0,0,0,0,0,0,0
230,2026-04-14 15:26,승,M. 브로조비치,LCM,11,7.2,0,0,1,1,0,0,0,0,0,0,0,0,21,20,95.2,0,16,14,207,4,2,1,1,0,0,0,0,0,0,0,0
231,2026-04-14 15:26,승,로빈 고젠스,LWB,11,7.6,0,0,0,0,0,0,0,0,0,0,0,0,23,22,95.7,0,13,13,231,8,7,1,0,0,0,0,0,0,0,0,0
232,2026-04-14 15:26,승,M. 디 그레고리오,GK,9,6.2,0,0,0,0,0,0,0,0,0,0,0,0,1,1,100,0,1,1,37,0,0,0,0,0,0,0,0,0,0,0,0
233,2026-04-14 15:26,승,뱅자맹 파바르,RWB,11,6.2,0,0,0,0,0,0,0,0,0,0,0,0,10,9,90,0,8,8,155,1,0,0,0,0,0,0,0,0,0,0,0
234,2026-04-14 15:26,승,마르쿠스 튀람,LW,9,8.1,2,0,4,2,0,0,0,0,0,0,0,0,16,16,100,0,10,6,136,7,0,4,1,0,0,0,0,0,0,0,0
235,2026-04-14 15:26,승,로베르토 바조,RW,5,6.3,0,0,0,0,0,0,0,0,0,0,0,0,11,9,81.8,0,5,5,68,3,1,1,0,0,0,0,0,0,0,0,0
236,2026-04-14 15:26,승,파트리크 비에이라,LCB,9,6.5,0,0,0,0,0,0,0,0,0,0,0,0,10,10,100,0,5,5,84,2,2,1,0,0,0,0,0,0,0,0,0
237,2026-04-14 15:26,승,덴젤 둠프리스,RCB,8,7.3,0,0,0,0,0,0,0,0,0,0,0,0,10,10,100,0,3,3,28,4,4,1,0,2,2,0,0,2,0,0,0
238,2026-04-14 15:13,패,마르쿠스 튀람,LW,9,6,0,0,0,0,0,0,0,0,0,0,0,0,0,0,0,0,0,0,0,0,0,0,0,0,0,0,0,0,0,0,0
239,2026-04-14 15:13,패,파트리크 비에이라,LCB,9,6,0,0,0,0,0,0,0,0,0,0,0,0,0,0,0,0,0,0,0,0,0,0,0,0,0,0,0,0,0,0,0
240,2026-04-14 15:13,패,덴젤 둠프리스,RCB,8,6,0,0,0,0,0,0,0,0,0,0,0,0,0,0,0,0,0,0,0,0,0,0,0,0,0,0,0,0,0,0,0
241,2026-04-14 15:13,패,뱅자맹 파바르,RWB,11,6,0,0,0,0,0,0,0,0,0,0,0,0,0,0,0,0,0,0,0,0,0,0,0,0,0,0,0,0,0,0,0
242,2026-04-14 15:13,패,하칸 찰하놀루,RCM,9,6,0,0,0,0,0,0,0,0,0,0,0,0,0,0,0,0,0,0,0,0,0,0,0,0,0,0,0,0,0,0,0
243,2026-04-14 15:13,패,로빈 고젠스,LWB,11,6,0,0,0,0,0,0,0,0,0,0,0,0,0,0,0,0,0,0,0,0,0,0,0,0,0,0,0,0,0,0,0
244,2026-04-14 15:13,패,M. 디 그레고리오,GK,9,10,0,0,0,0,0,0,0,0,0,0,0,0,0,0,0,0,0,0,0,0,0,0,0,0,0,0,0,0,0,0,0
245,2026-04-14 15:13,패,로베르토 바조,RW,5,6,0,0,0,0,0,0,0,0,0,0,0,0,0,0,0,0,0,0,0,0,0,0,0,0,0,0,0,0,0,0,0
246,2026-04-14 15:13,패,M. 브로조비치,LCM,11,6,0,0,0,0,0,0,0,0,0,0,0,0,0,0,0,0,0,0,0,0,0,0,0,0,0,0,0,0,0,0,0
247,2026-04-14 15:13,패,마이콘,CDM,9,6.1,0,0,0,0,0,0,0,0,0,0,0,0,0,0,0,0,1,0,2,2,1,0,0,0,0,0,0,0,0,0,0
248,2026-04-14 15:13,패,헨릭 미키타리안,LS,10,6,0,0,0,0,0,0,0,0,0,0,0,0,0,0,0,0,0,0,0,0,0,0,0,0,0,0,0,0,0,0,0
249,2026-04-14 3:21,패,헨릭 미키타리안,LF,10,7.9,0,2,0,0,0,0,0,0,0,0,0,0,17,14,82.4,0,9,7,298,5,0,0,0,1,1,1,0,1,0,0,0
250,2026-04-14 3:21,패,파트리크 비에이라,RDM,9,6.5,0,0,0,0,0,0,0,0,0,0,0,0,8,6,75,0,5,5,40,7,4,0,0,5,2,1,1,3,0,1,0
251,2026-04-14 3:21,패,로빈 고젠스,LM,11,5.8,0,0,0,0,0,0,0,0,0,0,0,0,9,8,88.9,0,2,2,50,1,1,0,0,1,1,0,0,1,0,0,0
252,2026-04-14 3:21,패,M. 브로조비치,LCM,11,6.6,0,0,0,0,0,0,0,0,0,0,0,0,20,18,90,0,14,13,175,5,1,0,0,0,0,1,0,0,0,0,0
253,2026-04-14 3:21,패,마르쿠스 튀람,LW,9,8.8,2,0,3,2,0,0,0,0,0,0,0,0,20,20,100,0,8,7,204,4,0,2,1,0,0,0,0,0,0,0,0
254,2026-04-14 3:21,패,뱅자맹 파바르,RM,11,4.8,0,0,0,0,0,0,0,0,0,0,0,0,4,4,100,0,1,1,30,3,3,0,0,1,0,1,0,0,0,0,0
255,2026-04-14 3:21,패,마이콘,LDM,9,6.3,0,0,0,0,0,0,0,0,0,0,0,0,12,11,91.7,0,9,7,103,7,6,1,0,4,2,0,0,2,0,1,0
256,2026-04-14 3:21,패,로베르토 바조,RF,5,6.9,1,0,1,1,0,0,0,0,0,0,0,0,7,6,85.7,0,4,3,200,3,0,1,0,0,0,0,0,0,0,0,0
257,2026-04-14 3:21,패,M. 디 그레고리오,GK,9,5.7,0,0,0,0,0,0,0,0,0,0,0,0,1,1,100,0,0,0,0,1,1,0,0,0,0,0,0,0,0,0,0
258,2026-04-14 3:21,패,덴젤 둠프리스,CB,8,5.3,0,0,0,0,0,0,0,0,0,0,0,0,6,3,50,0,3,3,27,6,2,0,0,2,1,2,1,2,0,0,0
259,2026-04-14 3:21,패,하칸 찰하놀루,RCM,9,6.7,0,1,0,0,0,0,0,0,0,0,0,0,11,9,81.8,0,10,8,162,5,1,0,0,3,2,0,0,2,0,0,0
260,2026-04-14 3:09,패,로베르토 바조,RF,5,5.3,0,0,0,0,0,0,0,0,0,0,0,0,10,9,90,0,6,3,68,5,1,0,0,1,1,0,0,1,0,0,0
261,2026-04-14 3:09,패,M. 디 그레고리오,GK,9,3.1,0,0,0,0,0,0,0,0,0,0,0,0,4,3,75,0,2,2,21,1,0,0,0,0,0,0,0,0,0,0,0
262,2026-04-14 3:09,패,뱅자맹 파바르,RM,11,6.2,0,0,0,0,0,0,0,0,0,0,0,0,12,12,100,0,6,6,133,4,4,1,0,1,1,0,0,1,0,0,0
263,2026-04-14 3:09,패,헨릭 미키타리안,LF,10,5.6,0,0,0,0,0,0,0,0,0,0,0,0,11,11,100,0,5,4,89,1,0,1,0,0,0,0,0,0,0,0,0
264,2026-04-14 3:09,패,마이콘,LDM,9,6.6,0,0,0,0,0,0,0,0,0,0,0,0,26,21,80.8,0,11,10,198,8,3,1,0,3,2,0,0,2,0,0,0
265,2026-04-14 3:09,패,M. 브로조비치,LCM,11,5.5,0,0,0,0,0,0,0,0,0,0,0,0,19,14,73.7,0,15,13,143,8,1,0,0,1,0,2,0,0,0,0,0
266,2026-04-14 3:09,패,로빈 고젠스,LM,11,6.5,0,1,0,0,0,0,0,0,0,0,0,0,11,10,90.9,0,9,8,273,4,2,1,0,2,0,1,0,0,0,0,0
267,2026-04-14 3:09,패,파트리크 비에이라,RDM,9,6.3,0,0,0,0,0,0,0,0,0,0,0,0,11,11,100,0,3,3,51,5,5,0,0,1,1,1,0,1,0,0,0
268,2026-04-14 3:09,패,덴젤 둠프리스,CB,8,6.3,1,0,1,1,0,0,0,0,0,0,0,0,7,7,100,0,3,2,45,5,3,3,2,0,0,0,0,0,0,0,0
269,2026-04-14 3:09,패,마르쿠스 튀람,LW,9,8.9,2,0,3,3,0,0,0,0,0,0,0,0,24,23,95.8,0,11,9,328,5,0,2,0,0,0,0,0,0,0,0,0
270,2026-04-14 3:09,패,하칸 찰하놀루,RCM,9,6.8,0,2,0,0,0,0,0,0,0,0,0,0,15,13,86.7,0,11,9,97,6,2,0,0,2,1,1,0,1,0,0,0
271,2026-04-14 2:57,무,파트리크 비에이라,LCB,9,6.5,0,0,0,0,0,0,0,0,0,0,0,0,6,6,100,0,4,3,45,0,0,1,0,0,0,2,1,1,0,0,0
272,2026-04-14 2:57,무,덴젤 둠프리스,RCB,8,6.1,0,0,0,0,0,0,0,0,0,0,0,0,5,5,100,0,4,3,44,1,1,0,0,0,0,0,0,0,0,0,0
273,2026-04-14 2:57,무,로베르토 바조,RW,5,7.1,0,0,0,0,0,0,0,0,0,0,0,0,9,9,100,0,5,5,61,2,2,0,0,1,1,0,0,1,0,0,0
274,2026-04-14 2:57,무,N. 잘레프스키,RWB,10,6.4,0,0,0,0,0,0,0,0,0,0,0,0,0,0,0,0,0,0,0,0,0,0,0,0,0,0,0,0,0,0,0
275,2026-04-14 2:57,무,마르쿠스 튀람,LW,9,7.2,1,0,2,1,0,0,0,0,0,0,0,0,11,10,90.9,0,8,7,187,4,0,1,0,0,0,0,0,0,0,0,0
276,2026-04-14 2:57,무,로빈 고젠스,??,11,6.7,0,0,0,0,0,0,0,0,0,0,0,0,11,10,90.9,0,9,8,161,2,1,0,0,2,1,0,0,1,0,0,0
277,2026-04-14 2:57,무,M. 브로조비치,LCM,11,5.7,0,0,1,0,0,0,0,0,0,0,0,0,14,12,85.7,0,7,6,71,4,1,2,1,0,0,0,0,0,0,0,0
278,2026-04-14 2:57,무,마테오 다르미안,LWB,10,6.3,0,0,0,0,0,0,0,0,0,0,0,0,1,1,100,0,2,1,72,2,1,0,0,0,0,0,0,0,0,0,0
279,2026-04-14 2:57,무,마이콘,CDM,9,7.5,0,1,0,0,0,0,0,0,0,0,0,0,20,18,90,0,10,9,98,4,1,0,0,0,0,0,0,0,0,0,0
280,2026-04-14 2:57,무,M. 디 그레고리오,GK,9,7.2,0,0,0,0,0,0,0,0,0,0,0,0,4,4,100,0,1,1,12,1,1,0,0,0,0,0,0,0,0,0,0
281,2026-04-14 2:57,무,헨릭 미키타리안,LS,10,6,0,0,0,0,0,0,0,0,0,0,0,0,8,7,87.5,0,4,3,68,4,2,0,0,0,0,0,0,0,0,0,0
282,2026-04-14 2:57,무,뱅자맹 파바르,??,11,6.5,0,0,0,0,0,0,0,0,0,0,0,0,15,12,80,0,12,11,246,7,4,0,0,3,2,0,0,2,0,0,0
283,2026-04-14 2:57,무,하칸 찰하놀루,RCM,9,6.5,0,0,2,1,0,0,0,0,0,0,0,0,17,13,76.5,0,11,11,213,5,1,0,0,0,0,1,0,0,0,0,0
284,2026-04-14 2:44,패,M. 브로조비치,LCM,11,5.8,0,0,0,0,0,0,0,0,0,0,0,0,10,9,90,0,7,7,178,1,0,0,0,1,1,0,0,1,0,0,0
285,2026-04-14 2:44,패,M. 디 그레고리오,GK,9,5.3,0,0,0,0,0,0,0,0,0,0,0,0,4,4,100,0,0,0,0,3,2,0,0,0,0,0,0,0,0,0,0
286,2026-04-14 2:44,패,로빈 고젠스,LWB,11,5.2,0,0,0,0,0,0,0,0,0,0,0,0,4,3,75,0,3,2,74,2,1,0,0,0,0,0,0,0,0,0,0
287,2026-04-14 2:44,패,뱅자맹 파바르,RWB,11,6,0,0,0,0,0,0,0,0,0,0,0,0,13,12,92.3,0,9,9,425,4,3,0,0,0,0,0,0,0,0,0,0
288,2026-04-14 2:44,패,마이콘,CDM,9,6.8,0,1,0,0,0,0,0,0,0,0,0,0,13,13,100,0,6,5,92,0,0,2,0,0,0,0,0,0,0,0,0
289,2026-04-14 2:44,패,로베르토 바조,RW,5,5.6,0,0,0,0,0,0,0,0,0,0,0,0,7,7,100,0,6,5,92,2,1,1,0,1,0,0,0,0,0,0,0
290,2026-04-14 2:44,패,파트리크 비에이라,LCB,9,6.1,0,0,0,0,0,0,0,0,0,0,0,0,8,7,87.5,0,3,3,39,3,2,1,0,2,0,3,1,1,0,0,0
291,2026-04-14 2:44,패,덴젤 둠프리스,RCB,8,5.3,0,0,1,0,0,0,0,0,0,0,0,0,7,7,100,0,1,0,0,3,2,5,3,0,0,0,0,0,0,0,0
292,2026-04-14 2:44,패,마르쿠스 튀람,LW,9,7.5,1,0,3,2,0,0,0,0,0,0,0,0,13,13,100,0,11,7,252,5,0,11,0,1,1,0,0,1,0,0,0
293,2026-04-14 2:44,패,헨릭 미키타리안,LS,10,5.2,0,0,0,0,0,0,0,0,0,0,0,0,6,5,83.3,0,3,2,33,1,0,0,0,0,0,0,0,0,0,0,0
294,2026-04-14 2:44,패,하칸 찰하놀루,RCM,9,6.7,0,0,1,1,0,0,0,0,0,0,0,0,25,19,76,0,14,14,234,6,1,0,0,0,0,0,0,0,0,0,0
295,2026-04-14 2:32,패,헨릭 미키타리안,LF,10,6,0,0,1,0,0,0,0,0,0,0,0,0,9,9,100,0,6,5,80,4,1,1,0,0,0,0,0,0,0,0,0
296,2026-04-14 2:32,패,M. 브로조비치,LCM,11,6.1,0,0,0,0,0,0,0,0,0,0,0,0,11,9,81.8,0,8,8,87,2,0,1,0,2,1,0,0,1,0,0,0
297,2026-04-14 2:32,패,덴젤 둠프리스,CB,8,6.9,1,0,1,1,0,0,0,0,0,0,0,0,4,4,100,0,2,2,9,2,1,4,4,0,0,0,0,0,0,0,0
298,2026-04-14 2:32,패,로빈 고젠스,LM,11,6.5,0,0,0,0,0,0,0,0,0,0,0,0,12,9,75,0,8,7,144,5,4,3,0,0,0,0,0,0,0,0,0
299,2026-04-14 2:32,패,하칸 찰하놀루,RCM,9,7.3,0,1,1,1,0,0,0,0,0,0,0,0,11,10,90.9,0,11,8,143,4,1,0,0,0,0,0,0,0,0,0,0
300,2026-04-14 2:32,패,파트리크 비에이라,RDM,9,6.7,0,0,0,0,0,0,0,0,0,0,0,0,11,10,90.9,0,7,7,155,4,3,3,0,1,1,2,0,1,0,0,0
301,2026-04-14 2:32,패,로베르토 바조,RF,5,7.6,0,1,0,0,0,0,0,0,0,0,0,0,16,14,87.5,0,11,10,240,5,2,1,0,0,0,1,0,0,0,0,0
302,2026-04-14 2:32,패,뱅자맹 파바르,RM,11,7,0,0,0,0,0,0,0,0,0,0,0,0,11,9,81.8,0,10,9,147,4,2,2,0,1,1,2,1,2,0,0,0
303,2026-04-14 2:32,패,M. 디 그레고리오,GK,9,6.2,0,0,0,0,0,0,0,0,0,0,0,0,4,3,75,0,1,1,10,2,1,0,0,1,1,0,0,1,0,0,0
304,2026-04-14 2:32,패,마르쿠스 튀람,LW,9,7.9,1,0,2,2,0,0,0,0,0,0,0,0,15,13,86.7,0,8,7,100,5,1,12,1,0,0,0,0,0,0,0,0
305,2026-04-14 2:32,패,마이콘,LDM,9,6.3,0,0,0,0,0,0,0,0,0,0,0,0,17,16,94.1,0,11,8,84,5,2,0,0,0,0,0,0,0,0,0,0
306,2026-04-14 2:20,승,로빈 고젠스,LWB,11,7.5,0,1,0,0,0,0,0,0,0,0,0,0,4,4,100,0,1,1,18,1,1,0,0,0,0,0,0,0,0,0,0
307,2026-04-14 2:20,승,마르쿠스 튀람,LW,9,8,2,0,2,2,0,0,0,0,0,0,0,0,5,5,100,0,4,3,55,3,0,1,0,0,0,1,0,0,0,0,0
308,2026-04-14 2:20,승,M. 디 그레고리오,GK,9,6.4,0,0,0,0,0,0,0,0,0,0,0,0,3,3,100,0,1,1,35,1,1,0,0,0,0,0,0,0,0,0,0
309,2026-04-14 2:20,승,뱅자맹 파바르,RWB,11,6.2,0,0,0,0,0,0,0,0,0,0,0,0,4,4,100,0,1,1,29,0,0,0,0,0,0,0,0,0,0,0,0
310,2026-04-14 2:20,승,M. 브로조비치,LCM,11,6,0,0,0,0,0,0,0,0,0,0,0,0,4,4,100,0,5,4,55,1,0,0,0,0,0,0,0,0,0,0,0
311,2026-04-14 2:20,승,헨릭 미키타리안,LS,10,8,0,1,0,0,0,0,0,0,0,0,0,0,8,8,100,0,4,4,114,0,0,0,0,0,0,0,0,0,0,0,0
312,2026-04-14 2:20,승,덴젤 둠프리스,RCB,8,6.7,0,0,0,0,0,0,0,0,0,0,0,0,2,2,100,0,1,1,19,4,3,0,0,2,2,2,0,2,0,0,0
313,2026-04-14 2:20,승,파트리크 비에이라,LCB,9,5.8,0,0,0,0,0,0,0,0,0,0,0,0,0,0,0,0,0,0,0,0,0,0,0,0,0,1,0,0,0,0,0
314,2026-04-14 2:20,승,로베르토 바조,RW,5,7.3,1,0,1,1,0,0,0,0,0,0,0,0,3,2,66.7,0,2,2,36,2,0,0,0,0,0,1,0,0,0,0,0
315,2026-04-14 2:20,승,하칸 찰하놀루,RCM,9,7.4,0,1,0,0,0,0,0,0,0,0,0,0,4,4,100,0,3,3,57,0,0,0,0,0,0,0,0,0,0,0,0
316,2026-04-14 2:20,승,마이콘,CDM,9,6.5,0,0,0,0,0,0,0,0,0,0,0,0,6,5,83.3,0,2,2,48,1,0,0,0,1,0,0,0,0,0,0,0
317,2026-04-13 3:41,승,M. 브로조비치,LCM,11,6.3,0,0,0,0,0,0,0,0,0,0,0,0,21,16,76.2,0,15,14,303,7,1,0,0,1,1,0,0,1,0,0,0
318,2026-04-13 3:41,승,헨릭 미키타리안,LS,10,7.7,0,2,0,0,0,0,0,0,0,0,0,0,11,9,81.8,0,9,7,299,6,2,0,0,0,0,2,0,0,0,0,0
319,2026-04-13 3:41,승,마르쿠스 튀람,LW,9,8.7,3,0,4,4,0,0,0,0,0,0,0,0,19,18,94.7,0,12,11,204,11,2,2,0,0,0,0,0,0,0,0,0
320,2026-04-13 3:41,승,로빈 고젠스,LWB,11,6.5,0,0,0,0,0,0,0,0,0,0,0,0,8,6,75,0,4,2,57,5,4,6,0,2,1,0,0,1,0,0,0
321,2026-04-13 3:41,승,로타어 마테우스,RW,6,5.7,0,0,0,0,0,0,0,0,0,0,0,0,1,1,100,0,0,0,0,0,0,0,0,0,0,0,0,0,0,0,0
322,2026-04-13 3:41,승,M. 디 그레고리오,GK,8,7,0,0,0,0,0,0,0,0,0,0,0,0,6,4,66.7,0,0,0,0,5,4,0,0,0,0,0,0,0,0,0,0
323,2026-04-13 3:41,승,N. 잘레프스키,RWB,10,5.5,0,0,1,1,0,0,0,0,0,0,0,0,7,7,100,0,6,5,139,7,4,1,0,2,0,2,0,0,0,0,0
324,2026-04-13 3:41,승,로베르토 바조,??,5,5.5,0,0,0,0,0,0,0,0,0,0,0,0,7,6,85.7,0,5,5,52,1,0,1,0,0,0,0,0,0,0,0,0
325,2026-04-13 3:41,승,덴젤 둠프리스,RCB,8,7.3,0,0,0,0,0,0,0,0,0,0,0,0,11,10,90.9,0,5,5,70,8,5,3,0,1,0,5,1,1,0,0,0
326,2026-04-13 3:41,승,하칸 찰하놀루,RCM,9,7,0,1,1,1,0,0,0,0,0,0,0,0,13,9,69.2,0,9,8,119,8,2,1,0,2,2,1,0,2,0,0,0
327,2026-04-13 3:41,승,파트리크 비에이라,LCB,9,5.6,0,0,0,0,0,0,0,0,0,0,0,0,8,8,100,0,3,3,33,2,1,1,0,1,1,1,0,1,0,0,0
328,2026-04-13 3:41,승,마이콘,CDM,9,7.2,0,0,0,0,0,0,0,0,0,0,0,0,21,20,95.2,0,17,16,344,3,2,3,0,1,0,1,0,0,0,0,0
329,2026-04-13 3:23,패,덴젤 둠프리스,CB,8,6.3,0,0,0,0,0,0,0,0,0,0,0,0,8,6,75,0,3,3,59,4,3,4,0,2,0,0,0,0,0,0,0
330,2026-04-13 3:23,패,하칸 찰하놀루,RCM,9,5.6,0,0,0,0,0,0,0,0,0,0,0,0,8,6,75,0,9,3,133,9,2,0,0,1,1,0,0,1,0,0,0
331,2026-04-13 3:23,패,파트리크 비에이라,RDM,9,5.5,0,0,0,0,0,0,0,0,0,0,0,0,2,2,100,0,1,1,31,1,1,0,0,1,1,1,1,2,0,0,0
332,2026-04-13 3:23,패,마이콘,LDM,9,6.5,0,0,0,0,0,0,0,0,0,0,0,0,12,12,100,0,7,7,94,2,2,0,0,0,0,0,0,0,0,0,0
333,2026-04-13 3:23,패,M. 디 그레고리오,GK,8,5.7,0,0,0,0,0,0,0,0,0,0,0,0,3,3,100,0,0,0,0,2,2,0,0,1,1,0,0,1,0,0,0
334,2026-04-13 3:23,패,N. 잘레프스키,RM,10,5.6,0,0,0,0,0,0,0,0,0,0,0,0,3,3,100,0,4,3,90,2,1,0,0,1,1,1,0,1,0,0,0
335,2026-04-13 3:23,패,마르쿠스 튀람,LW,9,8,1,1,2,1,0,0,0,0,0,0,0,0,15,13,86.7,0,11,10,145,6,1,1,0,1,0,0,0,0,0,0,0
336,2026-04-13 3:23,패,M. 브로조비치,LCM,11,6.5,0,1,0,0,0,0,0,0,0,0,0,0,9,7,77.8,0,10,8,126,5,1,0,0,1,0,0,0,0,0,0,0
337,2026-04-13 3:23,패,로베르토 바조,RF,5,6.5,0,0,0,0,0,0,0,0,0,0,0,0,8,8,100,0,5,5,208,0,0,0,0,2,1,1,0,1,0,0,0
338,2026-04-13 3:23,패,헨릭 미키타리안,LF,10,8.1,1,0,1,1,0,0,0,0,0,0,0,0,12,11,91.7,0,5,5,263,3,1,0,0,0,0,0,0,0,0,0,0
339,2026-04-13 3:23,패,로빈 고젠스,LM,11,6,0,0,0,0,0,0,0,0,0,0,0,0,6,6,100,0,3,3,112,0,0,0,0,0,0,0,0,0,0,0,0
340,2026-04-13 3:07,패,마이콘,LDM,9,6.3,0,0,0,0,0,0,0,0,0,0,0,0,9,9,100,0,6,5,84,2,2,1,0,0,0,0,0,0,0,0,0
341,2026-04-13 3:07,패,로빈 고젠스,LM,11,7.3,0,1,0,0,0,0,0,0,0,0,0,0,13,9,69.2,0,9,8,225,9,5,2,0,0,0,0,0,0,0,0,0
342,2026-04-13 3:07,패,M. 브로조비치,LCM,11,6.9,0,0,0,0,0,0,0,0,0,0,0,0,15,14,93.3,0,11,10,128,4,2,0,0,1,1,0,0,1,0,0,0
343,2026-04-13 3:07,패,마르쿠스 튀람,LW,9,7.2,1,0,1,1,0,0,0,0,0,0,0,0,9,8,88.9,0,5,2,124,5,0,2,0,1,1,1,0,1,0,0,0
344,2026-04-13 3:07,패,헨릭 미키타리안,LF,10,7.1,0,1,0,0,0,0,0,0,0,0,0,0,16,11,68.8,0,11,9,322,7,1,2,0,1,1,0,0,1,0,0,0
345,2026-04-13 3:07,패,덴젤 둠프리스,CB,8,6.2,0,0,0,0,0,0,0,0,0,0,0,0,8,7,87.5,0,7,6,57,5,4,0,0,0,0,2,1,1,0,0,0
346,2026-04-13 3:07,패,M. 디 그레고리오,GK,8,5.6,0,0,0,0,0,0,0,0,0,0,0,0,3,2,66.7,0,0,0,0,1,0,0,0,1,1,0,0,1,0,0,0
347,2026-04-13 3:07,패,하칸 찰하놀루,RCM,9,5.7,0,0,1,1,0,0,0,0,0,0,0,0,12,8,66.7,0,13,11,121,7,0,0,0,0,0,0,0,0,0,0,0
348,2026-04-13 3:07,패,파트리크 비에이라,RDM,9,5.6,0,0,0,0,0,0,0,0,0,0,0,0,6,6,100,0,5,5,98,3,3,0,0,3,1,0,0,1,0,0,0
349,2026-04-13 3:07,패,N. 잘레프스키,RM,10,6.1,0,0,0,0,0,0,0,0,0,0,0,0,5,5,100,0,2,2,32,3,3,1,0,1,1,0,0,1,0,0,0
350,2026-04-13 3:07,패,로베르토 바조,RF,5,7.1,1,0,1,1,0,0,0,0,0,0,0,0,7,7,100,0,3,3,93,3,2,1,1,0,0,0,0,0,0,0,0
351,2026-04-13 2:55,패,파트리크 비에이라,LCB,9,5.3,0,0,0,0,0,0,0,0,0,0,0,0,3,2,66.7,0,3,3,33,2,1,2,0,0,0,2,0,0,0,0,0
352,2026-04-13 2:55,패,N. 잘레프스키,RWB,10,5.3,0,0,0,0,0,0,0,0,0,0,0,0,5,4,80,0,4,4,87,2,1,1,0,1,1,0,0,1,0,0,0
353,2026-04-13 2:55,패,로빈 고젠스,LWB,11,6,0,0,0,0,0,0,0,0,0,0,0,0,6,3,50,0,5,4,90,7,4,2,0,1,1,2,0,1,0,0,0
354,2026-04-13 2:55,패,하칸 찰하놀루,RCM,9,6.5,0,0,0,0,0,0,0,0,0,0,0,0,13,9,69.2,0,11,7,154,11,3,1,0,0,0,0,0,0,0,0,0
355,2026-04-13 2:55,패,마이콘,CDM,9,6.2,0,0,0,0,0,0,0,0,0,0,0,0,9,8,88.9,0,7,5,136,5,2,3,0,2,1,0,0,1,0,0,0
356,2026-04-13 2:55,패,M. 디 그레고리오,GK,8,8.8,0,0,0,0,0,0,0,0,0,0,0,0,5,5,100,0,2,2,28,0,0,0,0,0,0,0,0,0,0,0,0
357,2026-04-13 2:55,패,마르쿠스 튀람,LW,9,6.4,0,0,0,0,0,0,0,0,0,0,0,0,13,11,84.6,0,6,6,170,1,0,3,0,1,0,0,0,0,0,0,0
358,2026-04-13 2:55,패,로베르토 바조,RW,5,6.8,1,0,1,1,0,0,0,0,0,0,0,0,5,4,80,0,3,3,74,2,0,1,0,0,0,0,0,0,0,0,0
359,2026-04-13 2:55,패,M. 브로조비치,LCM,11,6.7,0,0,0,0,0,0,0,0,0,0,0,0,6,6,100,0,4,4,108,2,2,1,0,0,0,1,0,0,0,0,0
360,2026-04-13 2:55,패,덴젤 둠프리스,RCB,8,5,0,0,0,0,0,0,0,0,0,0,0,0,2,2,100,0,1,1,3,1,1,0,0,2,1,0,0,1,0,0,0
361,2026-04-13 2:55,패,헨릭 미키타리안,LS,10,6.8,0,1,0,0,0,0,0,0,0,0,0,0,10,8,80,0,7,4,97,7,2,2,0,1,0,0,0,0,0,0,0
362,2026-04-12 3:17,승,앙드레 오나나,GK,9,8,0,0,0,0,0,0,0,0,0,0,0,0,5,4,80,0,4,4,64,4,3,0,0,0,0,0,0,0,0,0,0
363,2026-04-12 3:17,승,마이콘,??,9,6.5,0,0,0,0,0,0,0,0,0,0,0,0,4,4,100,0,3,3,56,0,0,0,0,4,3,1,1,4,0,0,0
364,2026-04-12 3:17,승,하칸 찰하놀루,RDM,9,7,0,0,0,0,0,0,0,0,0,0,0,0,9,7,77.8,0,7,6,139,6,4,0,0,1,1,1,0,1,0,0,0
365,2026-04-12 3:17,승,마르쿠스 튀람,LW,9,8.5,2,0,3,2,0,0,0,0,0,0,0,0,5,5,100,0,6,4,203,5,0,0,0,1,1,1,0,1,0,0,0
366,2026-04-12 3:17,승,파트리크 비에이라,LCB,9,6.4,0,0,0,0,0,0,0,0,0,0,0,0,0,0,0,0,0,0,0,0,0,0,0,0,0,1,0,0,0,0,0
367,2026-04-12 3:17,승,M. 브로조비치,LDM,9,6.7,0,0,0,0,0,0,0,0,0,0,0,0,6,6,100,0,4,4,104,0,0,1,0,2,1,0,0,1,0,0,0
368,2026-04-12 3:17,승,라울 벨라노바,??,9,6.6,0,0,1,1,0,0,0,0,0,0,0,0,3,3,100,0,6,5,58,2,2,2,0,0,0,0,0,0,0,0,0
369,2026-04-12 3:17,승,로빈 고젠스,??,11,6.7,0,0,0,0,0,0,0,0,0,0,0,0,3,3,100,0,2,2,109,2,1,1,1,0,0,0,0,0,0,0,0
370,2026-04-12 3:17,승,마테오 다르미안,LWB,9,7.1,1,0,1,1,0,0,0,0,0,0,0,0,1,1,100,0,0,0,0,1,0,1,1,0,0,0,0,0,0,0,0
371,2026-04-12 3:17,승,하비에르 사네티,CDM,10,5.9,0,0,0,0,0,0,0,0,0,0,0,0,2,2,100,0,2,2,9,1,1,0,0,2,0,1,0,0,0,0,0
372,2026-04-12 3:17,승,헨릭 미키타리안,LM,10,7.7,0,1,0,0,0,0,0,0,0,0,0,0,12,9,75,0,7,6,385,4,1,1,0,0,0,0,0,0,0,0,0
373,2026-04-12 3:17,승,루이스 피구,RM,9,8.1,0,2,0,0,0,0,0,0,0,0,0,0,9,7,77.8,0,9,7,290,5,1,0,0,1,1,1,0,0,0,0,0
374,2026-04-12 3:17,승,덴젤 둠프리스,RCB,8,7.5,0,0,1,1,0,0,0,0,0,0,0,0,6,5,83.3,0,5,5,32,6,4,1,1,1,1,2,1,2,0,0,0
375,2026-04-12 3:17,승,애슐리 영,RWB,9,6.6,0,0,0,0,0,0,0,0,0,0,0,0,3,3,100,0,2,2,66,1,1,0,0,1,1,0,0,1,0,0,0
376,2026-04-12 3:05,무,파트리크 비에이라,LCB,9,6.4,0,0,0,0,0,0,0,0,0,0,0,0,11,10,90.9,0,8,7,88,6,4,0,0,1,1,0,0,1,0,0,0
377,2026-04-12 3:05,무,덴젤 둠프리스,RCB,8,5.5,0,0,0,0,0,0,0,0,0,0,0,0,7,7,100,0,5,4,52,5,4,0,0,3,1,0,0,0,0,0,0
378,2026-04-12 3:05,무,마이콘,CDM,9,6.5,0,0,0,0,0,0,0,0,0,0,0,0,17,17,100,0,16,15,224,2,1,0,0,0,0,1,0,0,0,0,0
379,2026-04-12 3:05,무,M. 브로조비치,LCM,9,6.6,0,0,0,0,0,0,0,0,0,0,0,0,12,12,100,0,11,9,108,3,2,0,0,0,0,2,0,0,0,0,0
380,2026-04-12 3:05,무,로빈 고젠스,LWB,11,6.3,0,0,0,0,0,0,0,0,0,0,0,0,8,7,87.5,0,5,5,123,2,2,1,0,1,0,0,0,0,0,0,0
381,2026-04-12 3:05,무,라울 벨라노바,RWB,9,6.5,0,0,0,0,0,0,0,0,0,0,0,0,12,11,91.7,0,5,5,80,4,3,3,0,2,1,0,0,1,0,0,0
382,2026-04-12 3:05,무,마르쿠스 튀람,LW,9,8.2,2,0,5,3,0,0,0,0,0,0,0,0,12,11,91.7,0,11,7,150,10,1,5,1,0,0,0,0,0,0,0,0
383,2026-04-12 3:05,무,하칸 찰하놀루,RCM,9,6.2,0,0,0,0,0,0,0,0,0,0,0,0,23,20,87,0,14,14,182,1,1,0,0,0,0,0,0,0,0,0,0
384,2026-04-12 3:05,무,앙드레 오나나,GK,9,4.8,0,0,0,0,0,0,0,0,0,0,0,0,1,1,100,0,1,0,8,1,1,0,0,0,0,0,0,0,0,0,0
385,2026-04-12 3:05,무,루이스 피구,RW,9,7,0,1,0,0,0,0,0,0,0,0,0,0,12,11,91.7,0,9,7,127,3,0,1,0,0,0,2,0,0,0,0,0
386,2026-04-12 3:05,무,헨릭 미키타리안,LS,10,7.5,0,1,0,0,0,0,0,0,0,0,0,0,14,11,78.6,0,11,10,302,4,0,0,0,0,0,0,0,0,0,0,0
387,2026-04-12 2:54,패,마르쿠스 튀람,LW,9,7.7,1,0,2,1,0,0,0,0,0,0,0,0,18,17,94.4,0,16,11,239,12,2,2,1,0,0,0,0,0,0,0,0
388,2026-04-12 2:54,패,로빈 고젠스,LM,11,5.4,0,0,0,0,0,0,0,0,0,0,0,0,4,3,75,0,3,3,69,3,2,0,0,0,0,0,0,0,0,0,0
389,2026-04-12 2:54,패,마이콘,LDM,9,6.5,0,0,0,0,0,0,0,0,0,0,0,0,22,22,100,0,13,13,204,0,0,0,0,1,0,0,0,0,0,0,0
390,2026-04-12 2:54,패,헨릭 미키타리안,LF,10,6.4,0,0,1,1,0,0,0,0,0,0,0,0,10,9,90,0,8,7,153,4,1,0,0,0,0,0,0,0,0,0,0
391,2026-04-12 2:54,패,덴젤 둠프리스,CB,8,6.8,0,0,0,0,0,0,0,0,0,0,0,0,11,10,90.9,0,6,6,120,5,4,1,0,2,1,1,0,1,0,0,0
392,2026-04-12 2:54,패,M. 브로조비치,LCM,9,6.4,0,0,1,0,0,0,0,0,0,0,0,0,15,13,86.7,0,12,12,190,4,0,0,0,0,0,0,0,0,0,0,0
393,2026-04-12 2:54,패,루이스 피구,RF,9,5.4,0,0,0,0,0,0,0,0,0,0,0,0,7,6,85.7,0,6,5,138,3,1,0,0,0,0,0,0,0,0,0,0
394,2026-04-12 2:54,패,파트리크 비에이라,RDM,9,6.3,0,0,0,0,0,0,0,0,0,0,0,0,10,9,90,0,6,4,50,7,5,0,0,1,0,0,0,0,0,0,0
395,2026-04-12 2:54,패,하칸 찰하놀루,RCM,9,7.1,0,0,0,0,0,0,0,0,0,0,0,0,20,19,95,0,13,13,204,2,2,0,0,1,1,0,0,1,0,0,0
396,2026-04-12 2:54,패,앙드레 오나나,GK,9,6.4,0,0,0,0,0,0,0,0,0,0,0,0,3,3,100,0,1,1,18,1,1,0,0,0,0,0,0,0,0,0,0
397,2026-04-12 2:54,패,라울 벨라노바,RM,9,7.3,0,1,0,0,0,0,0,0,0,0,0,0,11,9,81.8,0,9,7,448,8,4,1,0,0,0,1,0,0,0,0,0
398,2026-04-12 2:42,무,마이콘,CDM,9,7.2,1,0,1,1,0,0,0,0,0,0,0,0,16,11,68.8,0,11,11,240,8,2,0,0,2,1,0,0,1,0,0,0
399,2026-04-12 2:42,무,헨릭 미키타리안,LS,10,6,0,0,0,0,0,0,0,0,0,0,0,0,6,5,83.3,0,4,3,98,3,1,1,0,1,0,0,0,0,0,0,0
400,2026-04-12 2:42,무,하칸 찰하놀루,RCM,9,8.4,0,1,0,0,0,0,0,0,0,0,0,0,19,18,94.7,0,12,12,218,6,4,0,0,1,0,0,0,0,0,0,0
401,2026-04-12 2:42,무,마르쿠스 튀람,LW,9,6.4,0,0,2,1,0,0,0,0,0,0,0,0,10,10,100,0,9,6,184,3,0,10,0,0,0,0,0,0,0,0,0
402,2026-04-12 2:42,무,파트리크 비에이라,LCB,9,6.4,0,0,0,0,0,0,0,0,0,0,0,0,5,5,100,0,4,3,52,4,3,1,0,1,1,1,0,1,0,0,0
403,2026-04-12 2:42,무,M. 브로조비치,LCM,9,6.3,0,0,1,1,0,0,0,0,0,0,0,0,12,9,75,0,11,9,268,7,2,1,1,1,0,0,0,0,0,0,0
404,2026-04-12 2:42,무,로빈 고젠스,LWB,11,6.3,0,0,0,0,0,0,0,0,0,0,0,0,5,5,100,0,4,3,212,2,1,0,0,0,0,1,0,0,0,0,0
405,2026-04-12 2:42,무,앙드레 오나나,GK,9,7.6,0,0,0,0,0,0,0,0,0,0,0,0,4,4,100,0,0,0,0,3,3,0,0,0,0,0,0,0,0,0,0
406,2026-04-12 2:42,무,루이스 피구,RW,9,6.8,0,0,0,0,0,0,0,0,0,0,0,0,7,6,85.7,0,6,6,182,1,0,0,0,0,0,1,0,0,0,0,0
407,2026-04-12 2:42,무,라울 벨라노바,RWB,9,6.4,0,0,1,1,0,0,0,0,0,0,0,0,6,6,100,0,3,3,109,1,0,2,2,0,0,1,0,0,0,0,0
408,2026-04-12 2:42,무,덴젤 둠프리스,RCB,8,6.4,0,0,0,0,0,0,0,0,0,0,0,0,8,8,100,0,5,5,58,6,5,0,0,1,1,0,0,1,0,0,0
409,2026-04-12 2:30,패,마르쿠스 튀람,LW,9,9.1,3,1,6,4,0,0,0,0,0,0,0,0,18,16,88.9,0,13,8,190,14,3,9,0,1,0,0,0,0,0,0,0
410,2026-04-12 2:30,패,하비에르 사네티,CDM,10,5.5,0,0,2,1,0,0,0,0,0,0,0,0,5,5,100,0,5,5,73,0,0,1,1,1,0,1,0,0,0,0,0
411,2026-04-12 2:30,패,라울 벨라노바,??,9,5.6,0,0,0,0,0,0,0,0,0,0,0,0,9,7,77.8,0,6,5,222,3,0,0,0,0,0,0,0,0,0,0,0
412,2026-04-12 2:30,패,파트리크 비에이라,LCB,9,6.9,0,0,0,0,0,0,0,0,0,0,0,0,17,16,94.1,0,10,9,133,9,6,0,0,4,4,0,0,4,0,0,0
413,2026-04-12 2:30,패,루이스 피구,RW,9,6.2,0,0,0,0,0,0,0,0,0,0,0,0,16,12,75,0,7,6,299,6,1,1,0,0,0,0,0,0,0,0,0
414,2026-04-12 2:30,패,마이콘,??,9,7.4,0,1,0,0,0,0,0,0,0,0,0,0,16,14,87.5,0,11,11,143,3,2,1,0,1,0,0,0,0,0,0,0
415,2026-04-12 2:30,패,로빈 고젠스,??,11,6.7,0,0,0,0,0,0,0,0,0,0,0,0,12,12,100,0,7,7,137,1,1,1,0,0,0,1,0,0,0,0,0
416,2026-04-12 2:30,패,앙드레 오나나,GK,9,6.5,0,0,0,0,0,0,0,0,0,0,0,0,8,8,100,0,3,3,69,4,4,0,0,0,0,0,0,0,0,0,0
417,2026-04-12 2:30,패,덴젤 둠프리스,RCB,8,5.6,0,0,0,0,0,0,0,0,0,0,0,0,14,14,100,0,5,5,56,0,0,2,0,1,0,1,0,0,0,1,0
418,2026-04-12 2:30,패,마테오 다르미안,LWB,9,5.1,0,0,0,0,0,0,0,0,0,0,0,0,6,5,83.3,0,5,5,92,2,1,4,0,0,0,0,0,0,0,0,0
419,2026-04-12 2:30,패,하칸 찰하놀루,RCM,9,6.5,0,0,0,0,0,0,0,0,0,0,0,0,20,18,90,0,13,12,238,7,3,0,0,1,0,1,0,0,0,0,0
420,2026-04-12 2:30,패,헨릭 미키타리안,LS,10,7.2,0,1,0,0,0,0,0,0,0,0,0,0,9,9,100,0,10,9,294,3,1,0,0,0,0,0,0,0,0,0,0
421,2026-04-12 2:30,패,M. 브로조비치,LCM,9,7.4,1,1,1,1,0,0,0,0,0,0,0,0,20,18,90,0,18,15,229,7,2,0,0,0,0,1,0,0,0,0,0
422,2026-04-12 2:30,패,애슐리 영,RWB,9,6.1,0,0,0,0,0,0,0,0,0,0,0,0,10,10,100,0,7,7,268,1,1,0,0,2,0,0,0,0,0,0,0
423,2026-04-12 2:13,승,루이스 피구,RW,9,10,1,0,1,1,0,0,0,0,0,0,0,0,0,0,0,0,1,1,90,1,0,0,0,0,0,0,0,0,0,0,0
424,2026-04-12 2:13,승,M. 브로조비치,LCM,9,6.3,0,0,0,0,0,0,0,0,0,0,0,0,1,1,100,0,0,0,0,1,1,0,0,0,0,0,0,0,0,0,0
425,2026-04-12 2:13,승,라울 벨라노바,RWB,9,6.3,0,0,0,0,0,0,0,0,0,0,0,0,0,0,0,0,0,0,0,0,0,0,0,0,0,0,0,0,0,0,0
426,2026-04-12 2:13,승,덴젤 둠프리스,RCB,8,6.3,0,0,0,0,0,0,0,0,0,0,0,0,0,0,0,0,0,0,0,0,0,0,0,0,0,0,0,0,0,0,0
427,2026-04-12 2:13,승,헨릭 미키타리안,LS,10,10,1,0,1,1,0,0,0,0,0,0,0,0,0,0,0,0,1,1,128,1,0,0,0,0,0,0,0,0,0,0,0
428,2026-04-12 2:13,승,앙드레 오나나,GK,9,6.3,0,0,0,0,0,0,0,0,0,0,0,0,0,0,0,0,0,0,0,0,0,0,0,0,0,0,0,0,0,0,0
429,2026-04-12 2:13,승,마르쿠스 튀람,LW,9,10,0,1,0,0,0,0,0,0,0,0,0,0,1,1,100,0,0,0,0,0,0,0,0,0,0,0,0,0,0,0,0
430,2026-04-12 2:13,승,파트리크 비에이라,LCB,9,6.5,0,0,0,0,0,0,0,0,0,0,0,0,0,0,0,0,0,0,0,0,0,0,0,1,1,0,0,1,0,0,0
431,2026-04-12 2:13,승,로빈 고젠스,LWB,11,6.1,0,0,0,0,0,0,0,0,0,0,0,0,1,0,0,0,0,0,0,1,0,0,0,0,0,0,0,0,0,0,0
432,2026-04-12 2:13,승,하칸 찰하놀루,RCM,9,10,0,0,0,0,0,0,0,0,0,0,0,0,1,1,100,0,1,1,17,1,1,0,0,0,0,1,0,0,0,0,0
433,2026-04-12 2:13,승,마이콘,CDM,9,6.5,0,1,0,0,0,0,0,0,0,0,0,0,1,1,100,0,2,1,18,1,1,0,0,0,0,0,0,0,0,0,0
434,2026-04-12 2:10,승,M. 브로조비치,LCM,9,5.8,0,0,1,0,0,0,0,0,0,0,0,0,11,9,81.8,0,6,6,136,2,0,1,0,1,0,0,0,0,0,0,0
435,2026-04-12 2:10,승,로빈 고젠스,??,11,6.8,0,0,0,0,0,0,0,0,0,0,0,0,7,6,85.7,0,3,3,96,3,3,0,0,1,1,0,0,1,0,0,0
436,2026-04-12 2:10,승,헨릭 미키타리안,LS,10,6.3,0,0,0,0,0,0,0,0,0,0,0,0,7,6,85.7,0,5,4,190,3,1,0,0,0,0,0,0,0,0,0,0
437,2026-04-12 2:10,승,루이스 피구,RW,9,8.1,0,1,0,0,0,0,0,0,0,0,0,0,11,10,90.9,0,8,7,290,3,3,0,0,0,0,0,0,0,0,0,0
438,2026-04-12 2:10,승,마테오 다르미안,LWB,9,5.2,0,0,0,0,0,0,0,0,0,0,0,0,5,4,80,0,2,2,77,3,2,0,0,0,0,0,0,0,0,0,0
439,2026-04-12 2:10,승,마르쿠스 튀람,LW,9,8.4,2,0,2,2,0,0,0,0,0,0,0,0,7,6,85.7,0,5,4,68,4,0,1,1,0,1,0,0,1,0,0,0
440,2026-04-12 2:10,승,하비에르 사네티,CDM,10,5.5,0,0,0,0,0,0,0,0,0,0,0,0,3,2,66.7,0,4,3,45,2,0,0,0,0,0,0,0,0,0,0,0
441,2026-04-12 2:10,승,마이콘,??,9,6.5,0,0,0,0,0,0,0,0,0,0,0,0,7,7,100,0,6,6,69,3,2,0,0,0,0,0,0,0,0,0,0
442,2026-04-12 2:10,승,하칸 찰하놀루,RCM,9,6.7,0,1,0,0,0,0,0,0,0,0,0,0,14,12,85.7,0,11,7,167,6,1,0,0,2,0,1,0,0,0,0,0
443,2026-04-12 2:10,승,덴젤 둠프리스,RCB,8,6.6,0,0,0,0,0,0,0,0,0,0,0,0,7,5,71.4,0,5,5,45,3,1,1,0,1,1,0,0,1,0,0,0
444,2026-04-12 2:10,승,앙드레 오나나,GK,9,6.9,0,0,0,0,0,0,0,0,0,0,0,0,3,3,100,0,1,1,12,1,1,0,0,0,0,0,0,0,0,0,0
445,2026-04-12 2:10,승,파트리크 비에이라,LCB,9,6.6,0,0,0,0,0,0,0,0,0,0,0,0,5,5,100,0,2,2,26,0,0,0,0,1,1,2,1,2,0,0,0
446,2026-04-12 2:10,승,애슐리 영,RWB,9,6.1,0,0,0,0,0,0,0,0,0,0,0,0,2,2,100,0,1,1,5,1,1,0,0,1,0,0,0,0,0,0,0
447,2026-04-12 2:10,승,라울 벨라노바,??,9,6.3,0,0,0,0,0,0,0,0,0,0,0,0,3,3,100,0,2,2,40,1,1,1,0,2,1,0,0,1,0,0,0
448,2026-04-12 1:58,패,마르쿠스 튀람,LW,9,8.3,2,0,2,2,0,0,0,0,0,0,0,0,11,11,100,0,9,5,371,6,0,1,0,1,1,0,0,1,0,0,0
449,2026-04-12 1:58,패,M. 브로조비치,LCM,9,6.3,0,0,0,0,0,0,0,0,0,0,0,0,13,13,100,0,10,8,177,2,0,0,0,1,1,0,0,1,0,0,0
450,2026-04-12 1:58,패,라울 벨라노바,??,9,5.4,0,0,0,0,0,0,0,0,0,0,0,0,5,5,100,0,4,4,117,3,2,0,0,0,0,0,0,0,0,0,0
451,2026-04-12 1:58,패,덴젤 둠프리스,CB,8,4.3,0,0,0,0,0,0,0,0,0,0,0,0,6,6,100,0,4,4,75,1,1,3,0,1,0,1,0,0,0,0,0
452,2026-04-12 1:58,패,마이콘,??,9,7.1,0,1,0,0,0,0,0,0,0,0,0,0,11,11,100,0,8,8,57,0,0,0,0,1,0,0,0,0,0,0,0
453,2026-04-12 1:58,패,마테오 다르미안,LM,9,3.6,0,0,0,0,0,0,0,0,0,0,0,0,1,1,100,0,1,1,3,1,1,0,0,0,0,0,0,0,0,0,0
454,2026-04-12 1:58,패,루이스 피구,RF,9,7.2,0,1,0,0,0,0,0,0,0,0,0,0,7,7,100,0,9,7,89,4,2,0,0,1,1,0,0,1,0,0,0
455,2026-04-12 1:58,패,애슐리 영,RM,9,6,0,0,0,0,0,0,0,0,0,0,0,0,6,5,83.3,0,6,6,165,2,1,0,0,0,0,0,0,0,0,0,0
456,2026-04-12 1:58,패,파트리크 비에이라,RDM,9,5.9,0,0,0,0,0,0,0,0,0,0,0,0,8,8,100,0,0,0,0,1,1,5,0,1,1,0,0,1,0,0,0
457,2026-04-12 1:58,패,하비에르 사네티,LDM,10,5.9,0,0,0,0,0,0,0,0,0,0,0,0,6,5,83.3,0,2,2,57,1,0,0,0,0,0,1,0,0,0,0,0
458,2026-04-12 1:58,패,로빈 고젠스,??,11,5.2,0,0,0,0,0,0,0,0,0,0,0,0,4,3,75,0,3,3,116,1,0,0,0,1,0,0,0,0,0,0,0
459,2026-04-12 1:58,패,앙드레 오나나,GK,9,6.5,0,0,0,0,0,0,0,0,0,0,0,0,2,2,100,0,0,0,0,1,1,0,0,1,1,0,0,1,0,0,0
460,2026-04-12 1:58,패,헨릭 미키타리안,LF,10,6.7,0,0,2,2,0,0,0,0,0,0,0,0,10,10,100,0,7,7,117,1,0,1,1,0,0,0,0,0,0,0,0
461,2026-04-12 1:58,패,하칸 찰하놀루,RCM,9,6.3,0,0,1,1,0,0,0,0,0,0,0,0,22,19,86.4,0,10,10,165,8,4,1,0,0,0,0,0,0,0,0,0
462,2026-04-11 23:26,패,앙드레 오나나,GK,9,5.3,0,0,0,0,0,0,0,0,0,0,0,0,0,0,0,0,0,0,0,0,0,0,0,1,0,0,0,0,0,0,0
463,2026-04-11 23:26,패,루이스 피구,RF,9,5.8,0,0,1,1,0,0,0,0,0,0,0,0,6,4,66.7,0,4,2,132,5,1,1,1,0,0,0,0,0,0,0,0
464,2026-04-11 23:26,패,하칸 찰하놀루,RCM,9,6.3,0,0,0,0,0,0,0,0,0,0,0,0,16,14,87.5,0,5,5,99,2,0,0,0,0,0,0,0,0,0,0,0
465,2026-04-11 23:26,패,M. 브로조비치,LCM,9,6.4,0,0,0,0,0,0,0,0,0,0,0,0,14,12,85.7,0,12,10,212,9,4,0,0,1,1,0,0,1,0,0,0
466,2026-04-11 23:26,패,라울 벨라노바,RM,9,5.5,0,0,0,0,0,0,0,0,0,0,0,0,3,3,100,0,2,2,26,1,1,0,0,3,2,0,0,2,0,0,0
467,2026-04-11 23:26,패,로빈 고젠스,LM,11,6.3,0,1,0,0,0,0,0,0,0,0,0,0,9,7,77.8,0,6,6,161,7,4,0,0,0,0,0,0,0,0,0,0
468,2026-04-11 23:26,패,마르쿠스 튀람,LW,9,8,1,0,2,2,0,0,0,0,0,0,0,0,20,20,100,0,13,9,197,4,0,3,1,0,0,0,0,0,0,0,0
469,2026-04-11 23:26,패,파트리크 비에이라,RDM,9,6.4,0,0,0,0,0,0,0,0,0,0,0,0,8,8,100,0,5,5,61,2,2,4,0,1,0,1,0,0,0,0,0
470,2026-04-11 23:26,패,마이콘,LDM,9,7.6,1,0,2,2,0,0,0,0,0,0,0,0,16,16,100,0,15,15,186,3,1,2,0,2,1,0,0,1,0,0,0
471,2026-04-11 23:26,패,헨릭 미키타리안,LF,10,7.3,0,1,0,0,0,0,0,0,0,0,0,0,12,10,83.3,0,10,9,175,2,0,1,0,0,0,0,0,0,0,0,0
472,2026-04-11 23:26,패,덴젤 둠프리스,CB,8,6.2,0,0,0,0,0,0,0,0,0,0,0,0,8,8,100,0,1,1,3,4,4,2,0,2,1,4,0,1,0,0,0
473,2026-04-11 23:13,무,덴젤 둠프리스,RCB,8,6,0,0,0,0,0,0,0,0,0,0,0,0,9,9,100,0,6,6,91,5,5,1,0,2,2,1,0,2,0,0,0
474,2026-04-11 23:13,무,앙드레 오나나,GK,9,4.4,0,0,0,0,0,0,0,0,0,0,0,0,2,2,100,0,0,0,0,0,0,0,0,0,0,0,0,0,0,0,0
475,2026-04-11 23:13,무,하칸 찰하놀루,RDM,9,7.1,0,0,0,0,0,0,0,0,0,0,0,0,15,15,100,0,12,9,263,4,1,0,0,0,0,0,0,0,0,0,0
476,2026-04-11 23:13,무,마이콘,??,9,7.9,1,0,1,1,0,0,0,0,0,0,0,0,16,15,93.8,0,13,12,135,7,4,0,0,0,0,0,0,0,0,0,0
477,2026-04-11 23:13,무,헨릭 미키타리안,LM,10,5.6,0,0,0,0,0,0,0,0,0,0,0,0,6,5,83.3,0,1,1,55,1,0,0,0,0,0,0,0,0,0,0,0
478,2026-04-11 23:13,무,루이스 피구,RM,9,7.4,0,1,0,0,0,0,0,0,0,0,0,0,11,11,100,0,9,7,202,2,0,0,0,0,0,1,0,0,0,0,0
479,2026-04-11 23:13,무,M. 브로조비치,LDM,9,7,0,0,0,0,0,0,0,0,0,0,0,0,14,11,78.6,0,14,14,266,8,5,0,0,1,1,0,0,1,0,0,0
480,2026-04-11 23:13,무,파트리크 비에이라,LCB,9,5.3,0,0,0,0,0,0,0,0,0,0,0,0,6,6,100,0,4,3,30,2,1,0,0,1,0,0,0,0,0,0,0
481,2026-04-11 23:13,무,라울 벨라노바,??,9,5.7,0,0,0,0,0,0,0,0,0,0,0,0,9,9,100,0,6,5,263,2,0,0,0,1,0,0,0,0,0,0,0
482,2026-04-11 23:13,무,로빈 고젠스,??,11,5.1,0,0,0,0,0,0,0,0,0,0,0,0,3,3,100,0,3,2,240,1,0,0,0,2,0,0,0,0,0,0,0
483,2026-04-11 23:13,무,마르쿠스 튀람,LW,9,8.2,1,1,1,1,0,0,0,0,0,0,0,0,14,14,100,0,8,4,161,5,0,0,0,0,0,0,0,0,0,0,0
484,2026-04-11 23:13,무,마테오 다르미안,LWB,9,5.6,0,0,0,0,0,0,0,0,0,0,0,0,0,0,0,0,1,0,0,1,0,0,0,1,1,0,0,1,0,0,0
485,2026-04-11 23:13,무,하비에르 사네티,CDM,10,6.5,0,0,0,0,0,0,0,0,0,0,0,0,1,1,100,0,1,1,29,1,1,0,0,1,1,0,0,1,0,0,0
486,2026-04-11 23:13,무,애슐리 영,RWB,9,6.4,0,0,0,0,0,0,0,0,0,0,0,0,0,0,0,0,0,0,0,0,0,0,0,0,0,0,0,0,0,0,0
487,2026-04-11 23:02,패,M. 브로조비치,LCM,9,6.2,0,0,1,0,0,0,0,0,0,0,0,0,19,18,94.7,0,14,13,333,3,1,1,0,0,0,1,0,0,0,0,0
488,2026-04-11 23:02,패,하칸 찰하놀루,RCM,9,6.9,0,0,0,0,0,0,0,0,0,0,0,0,17,16,94.1,0,8,8,146,3,2,0,0,2,2,0,0,2,0,0,0
489,2026-04-11 23:02,패,덴젤 둠프리스,CB,8,5.1,0,0,0,0,0,0,0,0,0,0,0,0,3,3,100,0,4,2,46,5,4,0,0,1,0,1,0,0,0,0,0
490,2026-04-11 23:02,패,파트리크 비에이라,RDM,9,5.1,0,0,1,1,0,0,0,0,0,0,0,0,7,7,100,0,5,5,39,2,2,1,0,1,0,0,0,0,0,0,0
491,2026-04-11 23:02,패,앙드레 오나나,GK,9,5.4,0,0,0,0,0,0,0,0,0,0,0,0,2,2,100,0,0,0,0,0,0,0,0,0,0,0,0,0,0,0,0
492,2026-04-11 23:02,패,마르쿠스 튀람,LW,9,8.1,0,2,1,1,0,0,0,0,0,0,0,0,23,22,95.7,0,13,10,124,5,1,2,0,2,0,0,0,0,0,0,0
493,2026-04-11 23:02,패,헨릭 미키타리안,LF,10,7,1,0,1,1,0,0,0,0,0,0,0,0,15,12,80,0,11,9,205,7,1,0,0,0,0,2,0,0,0,0,0
494,2026-04-11 23:02,패,라울 벨라노바,RM,9,5.1,0,0,0,0,0,0,0,0,0,0,0,0,4,2,50,0,6,4,127,3,1,0,0,0,0,1,0,0,0,0,0
495,2026-04-11 23:02,패,마이콘,LDM,9,6,0,0,0,0,0,0,0,0,0,0,0,0,14,13,92.9,0,8,8,142,2,1,0,0,1,0,0,0,0,0,0,0
496,2026-04-11 23:02,패,루이스 피구,RF,9,6.1,0,0,0,0,0,0,0,0,0,0,0,0,10,8,80,0,8,6,221,4,1,0,0,0,0,0,0,0,0,0,0
497,2026-04-11 23:02,패,로빈 고젠스,LM,11,6.2,1,0,2,1,0,0,0,0,0,0,0,0,2,2,100,0,5,4,353,2,0,0,0,0,0,0,0,0,0,0,0
498,2026-04-11 22:49,승,파트리크 비에이라,LCB,9,6.1,0,0,0,0,0,0,0,0,0,0,0,0,8,6,75,0,4,3,37,4,2,2,0,1,0,0,0,0,0,0,0
499,2026-04-11 22:49,승,헨릭 미키타리안,LS,10,6.8,0,0,0,0,0,0,0,0,0,0,0,0,10,10,100,0,5,4,227,2,1,1,0,1,1,0,0,1,0,0,0
500,2026-04-11 22:49,승,로빈 고젠스,??,11,7.2,0,0,0,0,0,0,0,0,0,0,0,0,12,11,91.7,0,8,8,392,2,1,1,0,2,2,0,0,1,0,1,0
501,2026-04-11 22:49,승,하칸 찰하놀루,RCM,9,8.2,1,0,3,3,0,0,0,0,0,0,0,0,16,14,87.5,0,13,12,134,8,2,4,0,1,0,0,0,0,0,0,0
502,2026-04-11 22:49,승,마이콘,??,9,6.6,0,0,0,0,0,0,0,0,0,0,0,0,8,7,87.5,0,2,2,18,3,2,0,0,0,0,0,0,0,0,0,0
503,2026-04-11 22:49,승,애슐리 영,RWB,9,5.4,0,0,0,0,0,0,0,0,0,0,0,0,1,1,100,0,1,1,69,0,0,0,0,0,0,0,0,0,0,0,0
504,2026-04-11 22:49,승,마테오 다르미안,LWB,9,5.2,0,0,0,0,0,0,0,0,0,0,0,0,1,1,100,0,1,1,11,1,1,0,0,0,0,0,0,0,0,0,0
505,2026-04-11 22:49,승,M. 브로조비치,LCM,9,7.1,0,1,1,0,0,0,0,0,0,0,0,0,14,11,78.6,0,10,10,145,3,0,0,0,0,0,1,0,0,0,0,0
506,2026-04-11 22:49,승,앙드레 오나나,GK,9,7.5,0,0,0,0,0,0,0,0,0,0,0,0,9,8,88.9,0,1,1,1,2,1,0,0,0,0,0,0,0,0,0,0
507,2026-04-11 22:49,승,하비에르 사네티,CDM,10,7.3,1,0,1,1,0,0,0,0,0,0,0,0,3,2,66.7,0,2,2,22,4,2,0,0,0,0,1,0,0,0,0,0
508,2026-04-11 22:49,승,마르쿠스 튀람,LW,9,8.6,2,0,4,3,0,0,0,0,0,0,0,0,10,10,100,0,5,5,98,5,1,2,0,0,0,0,0,0,0,0,0
509,2026-04-11 22:49,승,루이스 피구,RW,9,6.7,0,0,1,1,0,0,0,0,0,0,0,0,6,5,83.3,0,4,4,93,1,0,0,0,1,0,0,0,0,0,0,0
510,2026-04-11 22:49,승,덴젤 둠프리스,RCB,8,6.5,0,0,0,0,0,0,0,0,0,0,0,0,9,9,100,0,9,6,138,8,5,1,0,3,3,2,1,3,0,0,0
511,2026-04-11 22:49,승,라울 벨라노바,??,9,6.2,0,0,0,0,0,0,0,0,0,0,0,0,3,2,66.7,0,3,2,49,4,2,1,0,1,1,0,0,1,0,0,0
512,2026-04-11 22:37,패,마이콘,LDM,9,7.3,0,0,2,2,0,0,0,0,0,0,0,0,20,19,95,0,17,17,347,7,5,1,1,2,0,0,0,0,0,0,0
513,2026-04-11 22:37,패,M. 브로조비치,LCM,9,7.7,0,1,0,0,0,0,0,0,0,0,0,0,13,10,76.9,0,10,9,131,6,2,1,0,2,1,0,0,1,0,0,0
514,2026-04-11 22:37,패,마르쿠스 튀람,LW,9,6.6,0,0,1,1,0,0,0,0,0,0,0,0,13,12,92.3,0,9,7,87,4,0,3,1,1,1,1,0,1,0,0,0
515,2026-04-11 22:37,패,헨릭 미키타리안,LF,10,6.5,0,0,0,0,0,0,0,0,0,0,0,0,12,8,66.7,0,8,7,333,6,2,0,0,2,1,0,0,1,0,0,0
516,2026-04-11 22:37,패,파트리크 비에이라,RDM,9,6.9,0,0,0,0,0,0,0,0,0,0,0,0,9,6,66.7,0,5,5,35,7,4,1,0,3,3,0,0,3,0,0,0
517,2026-04-11 22:37,패,앙드레 오나나,GK,9,6.1,0,0,0,0,0,0,0,0,0,0,0,0,0,0,0,0,0,0,0,0,0,0,0,0,0,0,0,0,0,0,0
518,2026-04-11 22:37,패,덴젤 둠프리스,CB,8,5.4,0,0,0,0,0,0,0,0,0,0,0,0,4,4,100,0,3,3,28,3,3,5,0,0,0,1,0,0,0,0,0
519,2026-04-11 22:37,패,라울 벨라노바,RM,9,6.9,0,0,2,2,0,0,0,0,0,0,0,0,6,6,100,0,3,3,79,2,1,2,1,2,1,1,0,1,0,0,0
520,2026-04-11 22:37,패,로빈 고젠스,LM,11,6.2,0,0,0,0,0,0,0,0,0,0,0,0,6,6,100,0,5,5,112,3,2,0,0,1,0,1,0,0,0,0,0
521,2026-04-11 22:37,패,루이스 피구,RF,9,6.6,0,0,0,0,0,0,0,0,0,0,0,0,9,7,77.8,0,8,7,194,3,1,0,0,0,0,1,0,0,0,0,0
522,2026-04-11 22:37,패,하칸 찰하놀루,RCM,9,7.6,1,0,3,3,0,0,0,0,0,0,0,0,15,12,80,0,11,11,227,8,2,1,0,0,0,0,0,0,0,0,0
523,2026-04-11 22:25,승,마이콘,CDM,9,9,1,1,1,1,0,0,0,0,0,0,0,0,29,28,96.6,0,22,22,284,3,2,0,0,1,1,0,0,1,0,0,0
524,2026-04-11 22:25,승,라울 벨라노바,RWB,9,7.1,0,0,0,0,0,0,0,0,0,0,0,0,13,13,100,0,9,9,187,2,2,1,0,4,2,0,0,2,0,0,0
525,2026-04-11 22:25,승,헨릭 미키타리안,LS,10,8.3,0,1,0,0,0,0,0,0,0,0,0,0,8,8,100,0,6,6,161,2,2,0,0,0,0,0,0,0,0,0,0
526,2026-04-11 22:25,승,덴젤 둠프리스,RCB,8,5.9,0,0,0,0,0,0,0,0,0,0,0,0,8,8,100,0,2,2,12,0,0,0,0,0,0,1,0,0,0,0,0
527,2026-04-11 22:25,승,하칸 찰하놀루,RCM,9,9.8,3,0,3,3,0,0,0,0,0,0,0,0,20,20,100,0,17,17,440,4,1,0,0,1,1,0,0,1,0,0,0
528,2026-04-11 22:25,승,루이스 피구,RW,9,7.6,0,0,1,1,0,0,0,0,0,0,0,0,15,12,80,0,11,11,306,5,2,0,0,0,0,0,0,0,0,0,0
529,2026-04-11 22:25,승,마르쿠스 튀람,LW,9,8.6,0,2,4,3,0,0,0,0,0,0,0,0,12,12,100,0,10,8,189,4,0,3,1,0,0,0,0,0,0,0,0
530,2026-04-11 22:25,승,파트리크 비에이라,LCB,9,5.5,0,0,0,0,0,0,0,0,0,0,0,0,4,4,100,0,2,2,8,1,1,0,0,2,0,1,0,0,0,0,0
531,2026-04-11 22:25,승,M. 브로조비치,LCM,9,8.2,1,0,1,1,0,0,0,0,0,0,0,0,17,14,82.4,0,12,12,246,6,2,1,1,0,0,1,0,0,0,0,0
532,2026-04-11 22:25,승,앙드레 오나나,GK,9,5.8,0,0,0,0,0,0,0,0,0,0,0,0,1,1,100,0,0,0,0,1,1,0,0,1,0,0,0,0,0,0,0
533,2026-04-11 22:25,승,로빈 고젠스,LWB,11,5.8,0,0,0,0,0,0,0,0,0,0,0,0,1,1,100,0,1,1,18,0,0,0,0,0,0,0,0,0,0,0,0
534,2026-04-11 22:13,패,M. 브로조비치,LCM,9,6.3,0,0,1,1,0,0,0,0,0,0,0,0,20,18,90,0,16,12,211,5,0,2,0,0,0,0,0,0,0,0,0
535,2026-04-11 22:13,패,마이콘,LDM,9,8.3,0,3,0,0,0,0,0,0,0,0,0,0,31,28,90.3,0,24,22,500,7,2,1,0,0,0,1,0,0,0,0,0
536,2026-04-11 22:13,패,덴젤 둠프리스,CB,8,7.1,1,0,1,1,0,0,0,0,0,0,0,0,8,8,100,0,5,5,105,3,2,4,3,3,2,0,0,2,0,0,0
537,2026-04-11 22:13,패,마르쿠스 튀람,LW,9,8.4,2,0,5,5,0,0,0,0,0,0,0,0,17,17,100,0,9,8,229,5,0,1,0,0,0,0,0,0,0,0,0
538,2026-04-11 22:13,패,파트리크 비에이라,RDM,9,6.1,0,0,0,0,0,0,0,0,0,0,0,0,11,11,100,0,8,7,192,5,3,2,0,0,0,0,0,0,0,0,0
539,2026-04-11 22:13,패,라울 벨라노바,RM,9,5.5,0,0,0,0,0,0,0,0,0,0,0,0,7,6,85.7,0,5,5,159,3,2,0,0,1,0,0,0,0,0,0,0
540,2026-04-11 22:13,패,헨릭 미키타리안,LF,10,6.4,0,0,0,0,0,0,0,0,0,0,0,0,13,12,92.3,0,10,10,468,2,0,0,0,0,0,1,0,0,0,0,0
541,2026-04-11 22:13,패,앙드레 오나나,GK,9,5.7,0,0,0,0,0,0,0,0,0,0,0,0,5,3,60,0,1,1,10,4,2,0,0,0,0,0,0,0,0,0,0
542,2026-04-11 22:13,패,루이스 피구,RF,9,6.6,0,0,0,0,0,0,0,0,0,0,0,0,12,11,91.7,0,8,7,131,4,3,0,0,0,0,3,0,0,0,0,0
543,2026-04-11 22:13,패,하칸 찰하놀루,RCM,9,7.9,1,1,1,1,0,0,0,0,0,0,0,0,23,20,87,0,16,16,160,5,0,0,0,1,1,1,0,1,0,0,0
544,2026-04-11 22:13,패,로빈 고젠스,LM,11,6.6,0,0,0,0,0,0,0,0,0,0,0,0,17,16,94.1,0,14,14,386,3,2,3,0,0,0,0,0,0,0,0,0
545,2026-04-11 21:56,무,헨릭 미키타리안,LS,10,6.5,0,0,0,0,0,0,0,0,0,0,0,0,6,6,100,0,5,4,195,1,0,1,0,1,1,0,0,1,0,0,0
546,2026-04-11 21:56,무,로빈 고젠스,??,11,6.7,0,0,0,0,0,0,0,0,0,0,0,0,7,6,85.7,0,4,4,142,2,1,1,0,1,1,1,1,2,0,0,0
547,2026-04-11 21:56,무,하칸 찰하놀루,RCM,9,6.3,0,0,0,0,0,0,0,0,0,0,0,0,7,5,71.4,0,4,4,74,3,1,1,0,0,0,2,1,1,0,0,0
548,2026-04-11 21:56,무,마이콘,??,9,7.5,0,0,0,0,0,0,0,0,0,0,0,0,16,14,87.5,0,12,12,255,4,3,1,0,2,2,2,0,2,0,0,0
549,2026-04-11 21:56,무,마테오 다르미안,LWB,9,6.4,0,0,0,0,0,0,0,0,0,0,0,0,0,0,0,0,0,0,0,0,0,0,0,0,0,0,0,0,0,0,0
550,2026-04-11 21:56,무,M. 브로조비치,LCM,9,6.2,0,0,1,0,0,0,0,0,0,0,0,0,10,8,80,0,6,5,147,6,2,2,0,0,0,0,0,0,0,0,0
551,2026-04-11 21:56,무,라울 벨라노바,??,9,7.1,0,0,0,0,0,0,0,0,0,0,0,0,11,8,72.7,0,11,10,491,4,0,0,0,3,2,0,0,2,0,0,0
552,2026-04-11 21:56,무,애슐리 영,RWB,9,6.5,0,0,0,0,0,0,0,0,0,0,0,0,1,1,100,0,1,1,25,0,0,0,0,0,0,0,0,0,0,0,0
553,2026-04-11 21:56,무,파트리크 비에이라,LCB,9,6.7,0,0,0,0,0,0,0,0,0,0,0,0,10,9,90,0,6,6,110,5,4,0,0,0,0,1,1,1,0,0,0
554,2026-04-11 21:56,무,덴젤 둠프리스,RCB,8,6.9,0,0,0,0,0,0,0,0,0,0,0,0,7,7,100,0,3,3,40,2,2,0,0,0,0,2,1,1,0,0,0
555,2026-04-11 21:56,무,앙드레 오나나,GK,9,6.9,0,0,0,0,0,0,0,0,0,0,0,0,9,8,88.9,0,2,2,54,3,2,0,0,0,0,0,0,0,0,0,0
556,2026-04-11 21:56,무,마르쿠스 튀람,LW,9,6.2,0,0,0,0,0,0,0,0,0,0,0,0,9,7,77.8,0,7,5,151,6,1,1,0,0,0,0,0,0,0,0,0
557,2026-04-11 21:56,무,루이스 피구,RW,9,6.3,0,0,0,0,0,0,0,0,0,0,0,0,9,5,55.6,0,9,8,300,3,1,0,0,0,0,0,0,0,0,0,0
558,2026-04-11 21:56,무,하비에르 사네티,CDM,10,6.2,0,0,1,0,0,0,0,0,0,0,0,0,0,0,0,0,0,0,0,2,1,0,0,0,0,0,0,0,0,0,0
559,2026-04-11 21:45,무,헨릭 미키타리안,LS,10,6.5,0,0,0,0,0,0,0,0,0,0,0,0,14,12,85.7,0,10,10,250,3,0,0,0,0,0,0,0,0,0,0,0
560,2026-04-11 21:45,무,루이스 피구,RW,9,6.1,0,0,0,0,0,0,0,0,0,0,0,0,9,7,77.8,0,3,3,128,2,1,1,0,1,0,0,0,0,0,0,0
561,2026-04-11 21:45,무,하비에르 사네티,CDM,10,4.5,0,0,0,0,0,0,0,0,0,0,0,0,2,2,100,0,3,2,47,2,1,0,0,0,0,0,0,0,0,0,0
562,2026-04-11 21:45,무,라울 벨라노바,??,9,6.8,0,1,0,0,0,0,0,0,0,0,0,0,6,5,83.3,0,4,4,137,2,1,1,0,0,0,1,0,0,0,0,0
563,2026-04-11 21:45,무,마이콘,??,9,6.9,0,0,0,0,0,0,0,0,0,0,0,0,12,12,100,0,7,7,77,3,3,2,0,1,1,0,0,1,0,0,0
564,2026-04-11 21:45,무,파트리크 비에이라,LCB,9,5.6,0,0,0,0,0,0,0,0,0,0,0,0,6,6,100,0,5,5,45,1,1,1,0,1,1,1,0,1,0,0,0
565,2026-04-11 21:45,무,로빈 고젠스,??,11,5.7,0,0,0,0,0,0,0,0,0,0,0,0,9,9,100,0,6,5,153,2,1,0,0,1,0,0,0,0,0,0,0
566,2026-04-11 21:45,무,앙드레 오나나,GK,9,5.8,0,0,0,0,0,0,0,0,0,0,0,0,5,5,100,0,2,2,47,1,1,0,0,0,0,0,0,0,0,0,0
567,2026-04-11 21:45,무,M. 브로조비치,LCM,9,7.9,0,2,0,0,0,0,0,0,0,0,0,0,16,14,87.5,0,6,6,99,2,0,0,0,1,1,0,0,1,0,0,0
568,2026-04-11 21:45,무,마테오 다르미안,LWB,9,6,0,0,0,0,0,0,0,0,0,0,0,0,4,3,75,0,2,2,63,2,1,3,0,0,0,0,0,0,0,0,0
569,2026-04-11 21:45,무,하칸 찰하놀루,RCM,9,5.4,0,0,0,0,0,0,0,0,0,0,0,0,8,7,87.5,0,6,5,77,2,0,0,0,0,0,1,0,0,0,0,0
570,2026-04-11 21:45,무,덴젤 둠프리스,RCB,8,6.6,0,0,0,0,0,0,0,0,0,0,0,0,12,11,91.7,0,4,4,57,5,4,5,0,0,0,5,1,1,0,0,0
571,2026-04-11 21:45,무,마르쿠스 튀람,LW,9,9.2,3,0,4,3,0,0,0,0,0,0,0,0,14,13,92.9,0,9,8,119,8,1,1,0,0,0,0,0,0,0,0,0
572,2026-04-11 21:45,무,애슐리 영,RWB,9,4.4,0,0,0,0,0,0,0,0,0,0,0,0,0,0,0,0,0,0,0,0,0,0,0,0,0,0,0,0,0,0,0
573,2026-04-11 21:30,승,덴젤 둠프리스,RCB,8,6.1,0,0,0,0,0,0,0,0,0,0,0,0,11,11,100,0,7,6,52,2,2,5,0,1,1,2,1,2,0,0,0
574,2026-04-11 21:30,승,라울 벨라노바,RWB,9,5.7,0,0,0,0,0,0,0,0,0,0,0,0,4,4,100,0,3,2,116,1,1,0,0,2,0,1,0,0,0,1,0
575,2026-04-11 21:30,승,하칸 찰하놀루,RDM,9,6.1,0,0,1,1,0,0,0,0,0,0,0,0,14,11,78.6,0,11,11,189,3,0,0,0,1,1,3,0,1,0,0,0
576,2026-04-11 21:30,승,마이콘,CDM,9,7,0,0,0,0,0,0,0,0,0,0,0,0,25,24,96,0,13,13,261,3,2,2,0,0,0,1,0,0,0,0,0
577,2026-04-11 21:30,승,루이스 피구,RM,9,7.1,1,0,1,1,0,0,0,0,0,0,0,0,8,8,100,0,10,8,201,3,1,2,0,0,0,1,0,0,0,0,0
578,2026-04-11 21:30,승,파트리크 비에이라,LCB,9,6.5,0,0,0,0,0,0,0,0,0,0,0,0,20,18,90,0,8,8,145,4,4,1,0,1,0,0,0,0,0,0,0
579,2026-04-11 21:30,승,M. 브로조비치,LDM,9,8.3,2,1,2,2,0,0,0,0,0,0,0,0,15,14,93.3,0,9,7,111,8,3,0,0,1,1,0,0,1,0,0,0
580,2026-04-11 21:30,승,앙드레 오나나,GK,9,5.9,0,0,0,0,0,0,0,0,0,0,0,0,4,4,100,0,1,0,5,4,3,0,0,0,0,0,0,0,0,0,0
581,2026-04-11 21:30,승,로빈 고젠스,LWB,11,8.6,0,3,0,0,0,0,0,0,0,0,0,0,13,11,84.6,0,9,9,392,4,2,2,1,1,0,0,0,0,0,0,0
582,2026-04-11 21:30,승,마르쿠스 튀람,LW,9,9.3,3,0,4,4,0,0,0,0,0,0,0,0,25,23,92,0,9,7,129,9,0,4,0,0,0,0,0,0,0,0,0
583,2026-04-11 21:30,승,헨릭 미키타리안,LM,10,8,0,2,0,0,0,0,0,0,0,0,0,0,21,17,81,0,10,10,233,2,0,9,0,0,0,0,0,0,0,0,0
584,2026-04-11 21:12,패,마르쿠스 튀람,LW,9,7.7,1,0,1,1,0,0,0,0,0,0,0,0,15,15,100,0,10,8,186,5,1,2,0,0,0,0,0,0,0,0,0
585,2026-04-11 21:12,패,루이스 피구,RF,9,6,0,0,0,0,0,0,0,0,0,0,0,0,7,6,85.7,0,4,4,109,2,1,0,0,1,0,1,0,0,0,0,0
586,2026-04-11 21:12,패,덴젤 둠프리스,CB,8,6,0,0,0,0,0,0,0,0,0,0,0,0,6,4,66.7,0,3,1,6,4,3,1,0,3,1,0,0,1,0,0,0
587,2026-04-11 21:12,패,로빈 고젠스,LM,11,5.5,0,0,0,0,0,0,0,0,0,0,0,0,7,5,71.4,0,5,5,107,3,2,0,0,1,0,1,0,0,0,0,0
588,2026-04-11 21:12,패,파트리크 비에이라,RDM,9,5,0,0,0,0,0,0,0,0,0,0,0,0,6,3,50,0,2,2,13,4,1,0,0,0,0,0,0,0,0,0,0
589,2026-04-11 21:12,패,라울 벨라노바,RM,9,5.8,0,0,0,0,0,0,0,0,0,0,0,0,6,5,83.3,0,4,4,92,2,1,0,0,1,1,0,0,1,0,0,0
590,2026-04-11 21:12,패,하칸 찰하놀루,RCM,9,6.5,0,1,1,1,0,0,0,0,0,0,0,0,10,9,90,0,8,7,98,4,1,0,0,0,0,0,0,0,0,0,0
591,2026-04-11 21:12,패,M. 브로조비치,LCM,9,6.2,0,0,0,0,0,0,0,0,0,0,0,0,9,9,100,0,9,9,154,0,0,1,0,1,0,0,0,0,0,0,0
592,2026-04-11 21:12,패,앙드레 오나나,GK,9,5.9,0,0,0,0,0,0,0,0,0,0,0,0,2,2,100,0,0,0,0,2,2,0,0,0,0,0,0,0,0,0,0
593,2026-04-11 21:12,패,헨릭 미키타리안,LF,10,6.6,0,0,0,0,0,0,0,0,0,0,0,0,10,8,80,0,6,6,200,4,2,1,0,0,0,0,0,0,0,0,0
594,2026-04-11 21:12,패,마이콘,LDM,9,6,0,0,0,0,0,0,0,0,0,0,0,0,13,10,76.9,0,9,8,151,5,1,1,0,1,0,1,0,0,0,0,0
595,2026-04-11 20:59,승,덴젤 둠프리스,RCB,8,5.9,0,0,1,0,0,0,0,0,0,0,0,0,6,6,100,0,6,6,89,3,2,6,5,0,0,0,0,0,0,0,0
596,2026-04-11 20:59,승,하비에르 사네티,CDM,10,6.4,0,0,0,0,0,0,0,0,0,0,0,0,0,0,0,0,0,0,0,0,0,0,0,0,0,0,0,0,0,0,0
597,2026-04-11 20:59,승,파트리크 비에이라,LCB,9,6.5,0,0,0,0,0,0,0,0,0,0,0,0,10,10,100,0,4,4,37,2,2,0,0,2,2,1,0,2,0,0,0
598,2026-04-11 20:59,승,로빈 고젠스,??,11,6.9,0,0,0,0,0,0,0,0,0,0,0,0,15,13,86.7,0,13,12,222,5,2,0,0,0,0,0,0,0,0,0,0
599,2026-04-11 20:59,승,라울 벨라노바,??,9,5.9,0,0,0,0,0,0,0,0,0,0,0,0,8,6,75,0,6,5,189,5,2,2,0,2,1,1,0,1,0,0,0
600,2026-04-11 20:59,승,헨릭 미키타리안,??,10,5.9,0,0,1,0,0,0,0,0,0,0,0,0,8,8,100,0,7,6,217,2,1,2,1,0,0,0,0,0,0,0,0
601,2026-04-11 20:59,승,앙드레 오나나,GK,9,7.3,0,0,0,0,0,0,0,0,0,0,0,0,2,2,100,0,1,1,34,1,1,0,0,0,0,0,0,0,0,0,0
602,2026-04-11 20:59,승,루이스 피구,??,9,8,1,0,1,1,0,0,0,0,0,0,0,0,14,11,78.6,0,8,8,589,6,2,0,0,0,0,0,0,0,0,0,0
603,2026-04-11 20:59,승,마이콘,??,9,6.6,0,0,0,0,0,0,0,0,0,0,0,0,15,14,93.3,0,4,4,61,5,4,0,0,2,1,0,0,1,0,0,0
604,2026-04-11 20:59,승,마테오 다르미안,LWB,9,6.4,0,0,0,0,0,0,0,0,0,0,0,0,0,0,0,0,0,0,0,0,0,0,0,0,0,0,0,0,0,0,0
605,2026-04-11 20:59,승,마르쿠스 튀람,LW,9,6.6,0,0,3,3,0,0,0,0,0,0,0,0,10,10,100,0,4,2,44,3,1,13,1,0,0,0,0,0,0,0,0
606,2026-04-11 20:59,승,로베르토 바조,LM,10,6.4,0,0,0,0,0,0,0,0,0,0,0,0,0,0,0,0,0,0,0,0,0,0,0,0,0,0,0,0,0,0,0
607,2026-04-11 20:59,승,사뮈엘 에토,RM,8,6.4,0,0,0,0,0,0,0,0,0,0,0,0,0,0,0,0,0,0,0,0,0,0,0,0,0,0,0,0,0,0,0
608,2026-04-11 20:59,승,애슐리 영,RWB,9,6.4,0,0,0,0,0,0,0,0,0,0,0,0,0,0,0,0,0,0,0,0,0,0,0,0,0,0,0,0,0,0,0
609,2026-04-11 20:59,승,하칸 찰하놀루,RDM,9,6.7,0,0,0,0,0,0,0,0,0,0,0,0,10,9,90,0,8,7,174,3,1,2,0,0,0,1,0,0,0,0,0
610,2026-04-11 20:59,승,M. 브로조비치,LDM,9,7.9,2,0,2,2,0,0,0,0,0,0,0,0,14,10,71.4,0,9,9,154,6,2,0,0,1,1,1,0,1,0,0,0
611,2026-04-11 20:47,승,덴젤 둠프리스,RCB,8,6.5,0,0,0,0,0,0,0,0,0,0,0,0,3,3,100,0,1,1,1,2,2,0,0,0,0,1,0,0,0,0,0
612,2026-04-11 20:47,승,마이콘,CDM,9,6.5,0,0,0,0,0,0,0,0,0,0,0,0,1,1,100,0,1,1,52,0,0,0,0,0,0,0,0,0,0,0,0
613,2026-04-11 20:47,승,로빈 고젠스,LWB,11,6.5,0,0,0,0,0,0,0,0,0,0,0,0,1,1,100,0,1,1,39,0,0,0,0,0,0,0,0,0,0,0,0
614,2026-04-11 20:47,승,마르쿠스 튀람,LW,9,7.4,2,1,2,2,0,0,0,0,0,0,0,0,2,2,100,0,3,3,122,2,0,1,0,1,0,0,0,0,0,0,0
615,2026-04-11 20:47,승,파트리크 비에이라,LCB,9,6.7,0,0,0,0,0,0,0,0,0,0,0,0,0,0,0,0,0,0,0,0,0,0,0,1,1,0,0,1,0,0,0
616,2026-04-11 20:47,승,앙드레 오나나,GK,9,6.3,0,0,0,0,0,0,0,0,0,0,0,0,0,0,0,0,0,0,0,0,0,0,0,0,0,0,0,0,0,0,0
617,2026-04-11 20:47,승,M. 브로조비치,LCM,9,7.4,1,0,1,1,0,0,0,0,0,0,0,0,2,2,100,0,3,3,73,2,1,0,0,0,0,0,0,0,0,0,0
618,2026-04-11 20:47,승,루이스 피구,RW,9,6.4,0,0,0,0,0,0,0,0,0,0,0,0,1,1,100,0,0,0,0,0,0,0,0,0,0,0,0,0,0,0,0
619,2026-04-11 20:47,승,하칸 찰하놀루,RCM,9,7.3,0,1,0,0,0,0,0,0,0,0,0,0,4,3,75,0,4,4,108,1,0,0,0,0,0,0,0,0,0,0,0
620,2026-04-11 20:47,승,헨릭 미키타리안,LS,10,6.8,0,0,0,0,0,0,0,0,0,0,0,0,4,4,100,0,3,3,64,0,0,0,0,0,0,0,0,0,0,0,0
621,2026-04-11 20:47,승,라울 벨라노바,RWB,9,7.4,0,1,0,0,0,0,0,0,0,0,0,0,1,1,100,0,1,1,21,1,1,0,0,0,0,0,0,0,0,0,0
622,2026-04-11 20:44,패,M. 브로조비치,LCM,9,5.9,0,0,0,0,0,0,0,0,0,0,0,0,23,21,91.3,0,15,11,159,5,1,0,0,0,0,0,0,0,0,0,0
623,2026-04-11 20:44,패,마이콘,LDM,9,7.5,0,0,0,0,0,0,0,0,0,0,0,0,27,25,92.6,0,11,11,177,5,3,2,0,1,1,0,0,1,0,0,0
624,2026-04-11 20:44,패,하칸 찰하놀루,RCM,9,6.8,0,0,0,0,0,0,0,0,0,0,0,0,26,25,96.2,0,14,14,192,3,2,1,0,0,0,2,0,0,0,0,0
625,2026-04-11 20:44,패,로빈 고젠스,LM,11,7.5,0,1,0,0,0,0,0,0,0,0,0,0,17,13,76.5,0,11,11,171,7,4,2,0,0,0,1,0,0,0,0,0
626,2026-04-11 20:44,패,헨릭 미키타리안,LF,10,5.7,0,0,0,0,0,0,0,0,0,0,0,0,9,7,77.8,0,8,7,270,4,1,1,0,0,0,0,0,0,0,0,0
627,2026-04-11 20:44,패,덴젤 둠프리스,CB,8,6.2,0,0,0,0,0,0,0,0,0,0,0,0,10,10,100,0,6,5,43,4,3,0,0,2,2,2,1,3,0,0,0
628,2026-04-11 20:44,패,라울 벨라노바,RM,9,6.2,0,0,0,0,0,0,0,0,0,0,0,0,13,12,92.3,0,7,7,160,2,1,0,0,1,1,0,0,1,0,0,0
629,2026-04-11 20:44,패,마르쿠스 튀람,LW,9,7.9,1,0,2,1,0,0,0,0,0,0,0,0,22,22,100,0,11,10,82,5,2,5,0,0,0,1,0,0,0,0,0
630,2026-04-11 20:44,패,앙드레 오나나,GK,9,7.1,0,0,0,0,0,0,0,0,0,0,0,0,3,3,100,0,1,1,12,2,2,0,0,0,0,0,0,0,0,0,0
631,2026-04-11 20:44,패,루이스 피구,RF,9,6.4,0,0,0,0,0,0,0,0,0,0,0,0,14,10,71.4,0,12,10,319,6,1,1,0,0,0,0,0,0,0,0,0
632,2026-04-11 20:44,패,파트리크 비에이라,RDM,9,5.7,0,0,0,0,0,0,0,0,0,0,0,0,10,10,100,0,4,4,39,0,0,0,0,1,1,2,0,1,0,0,0
633,2026-04-11 20:33,승,로빈 고젠스,LWB,11,6.6,0,0,0,0,0,0,0,0,0,0,0,0,2,2,100,0,2,2,75,0,0,0,0,0,0,0,0,0,0,0,0
634,2026-04-11 20:33,승,라울 벨라노바,RWB,9,6.5,0,0,0,0,0,0,0,0,0,0,0,0,6,4,66.7,0,3,3,65,2,1,0,0,0,0,0,0,0,0,0,0
635,2026-04-11 20:33,승,루이스 피구,RW,9,6.2,0,0,0,0,0,0,0,0,0,0,0,0,5,5,100,0,4,3,261,1,0,0,0,0,0,0,0,0,0,0,0
636,2026-04-11 20:33,승,마르쿠스 튀람,LW,9,7.4,1,0,1,1,0,0,0,0,0,0,0,0,1,1,100,0,0,0,0,1,0,2,1,0,0,0,0,0,0,0,0
637,2026-04-11 20:33,승,덴젤 둠프리스,RCB,8,6.1,0,0,0,0,0,0,0,0,0,0,0,0,4,3,75,0,2,2,9,2,2,0,0,1,0,0,0,0,0,0,0
638,2026-04-11 20:33,승,앙드레 오나나,GK,9,6.9,0,0,0,0,0,0,0,0,0,0,0,0,2,2,100,0,0,0,0,2,2,0,0,0,0,0,0,0,0,0,0
639,2026-04-11 20:33,승,M. 브로조비치,LCM,9,6.2,0,0,0,0,0,0,0,0,0,0,0,0,4,3,75,0,2,2,65,1,0,0,0,0,0,0,0,0,0,0,0
640,2026-04-11 20:33,승,하칸 찰하놀루,RCM,9,6.3,0,0,0,0,0,0,0,0,0,0,0,0,8,8,100,0,6,6,94,1,0,0,0,1,0,1,0,0,0,0,0
641,2026-04-11 20:33,승,헨릭 미키타리안,LS,10,7.3,0,1,0,0,0,0,0,0,0,0,0,0,1,1,100,0,1,1,17,0,0,0,0,0,0,0,0,0,0,0,0
642,2026-04-11 20:33,승,마이콘,CDM,9,6.1,0,0,0,0,0,0,0,0,0,0,0,0,4,4,100,0,3,3,60,0,0,0,0,0,0,1,0,0,0,0,0
643,2026-04-11 20:33,승,파트리크 비에이라,LCB,9,6.5,0,0,0,0,0,0,0,0,0,0,0,0,3,3,100,0,2,2,17,0,0,0,0,0,0,1,1,1,0,0,0
644,2026-04-11 20:27,승,하칸 찰하놀루,RCM,9,6.7,0,0,0,0,0,0,0,0,0,0,0,0,17,13,76.5,0,10,10,181,4,0,3,0,0,0,0,0,0,0,0,0
645,2026-04-11 20:27,승,루이스 피구,??,9,7.7,1,0,1,1,0,0,0,0,0,0,0,0,8,6,75,0,6,5,344,4,1,0,0,0,0,0,0,0,0,0,0
646,2026-04-11 20:27,승,파트리크 비에이라,LCB,9,5.9,0,0,0,0,0,0,0,0,0,0,0,0,10,10,100,0,5,5,65,2,2,1,0,0,0,1,0,0,0,0,0
647,2026-04-11 20:27,승,덴젤 둠프리스,RCB,8,5.9,0,0,0,0,0,0,0,0,0,0,0,0,9,8,88.9,0,6,6,57,9,5,2,1,0,0,1,1,1,0,0,0
648,2026-04-11 20:27,승,애슐리 영,RWB,9,6.5,0,0,0,0,0,0,0,0,0,0,0,0,2,1,50,0,2,1,15,2,1,0,0,0,0,0,0,0,0,0,0
649,2026-04-11 20:27,승,마르쿠스 튀람,LW,9,7.7,1,0,4,2,0,0,0,0,0,0,0,0,7,7,100,0,5,2,219,6,0,5,1,0,0,0,0,0,0,0,0
650,2026-04-11 20:27,승,앙드레 오나나,GK,9,5.8,0,0,0,0,0,0,0,0,0,0,0,0,6,6,100,0,2,2,64,1,1,0,0,0,0,0,0,0,0,0,0
651,2026-04-11 20:27,승,M. 브로조비치,LCM,9,6.5,0,0,1,1,0,0,0,0,0,0,0,0,11,9,81.8,0,7,7,69,3,1,0,0,0,0,0,0,0,0,0,0
652,2026-04-11 20:27,승,헨릭 미키타리안,??,10,7.4,0,1,0,0,0,0,0,0,0,0,0,0,8,8,100,0,6,4,186,2,1,1,0,0,0,0,0,0,0,0,0
653,2026-04-11 20:27,승,로베르토 바조,LS,10,6.4,0,0,0,0,0,0,0,0,0,0,0,0,3,3,100,0,4,3,137,2,1,0,0,1,1,0,0,1,0,0,0
654,2026-04-11 20:27,승,로빈 고젠스,??,11,6.4,0,0,0,0,0,0,0,0,0,0,0,0,8,8,100,0,5,5,140,0,0,0,0,0,0,0,0,0,0,0,0
655,2026-04-11 20:27,승,마이콘,??,9,8.2,1,1,1,1,0,0,0,0,0,0,0,0,13,10,76.9,0,6,5,58,5,2,1,1,2,2,1,0,2,0,0,0
656,2026-04-11 20:27,승,라울 벨라노바,??,9,7.3,0,0,0,0,0,0,0,0,0,0,0,0,7,6,85.7,0,4,2,131,9,6,4,1,1,1,0,0,1,0,0,0
657,2026-04-11 20:27,승,사뮈엘 에토,RW,8,3.3,0,0,0,0,0,0,0,0,0,0,0,0,2,2,100,0,2,1,14,1,0,0,0,0,0,0,0,0,0,0,0
658,2026-04-11 20:27,승,하비에르 사네티,CDM,10,6.5,0,0,0,0,0,0,0,0,0,0,0,0,1,1,100,0,0,0,0,2,1,1,0,1,1,0,0,1,0,0,0
659,2026-04-11 20:27,승,마테오 다르미안,LWB,9,6.5,0,0,0,0,0,0,0,0,0,0,0,0,4,4,100,0,1,1,24,0,0,0,0,0,0,0,0,0,0,0,0
660,2026-04-11 20:15,승,앙드레 오나나,GK,9,6.5,0,0,0,0,0,0,0,0,0,0,0,0,1,1,100,0,0,0,0,1,1,0,0,0,0,0,0,0,0,0,0
661,2026-04-11 20:15,승,마르쿠스 튀람,LW,9,8.8,2,0,8,6,0,0,0,0,0,0,0,0,10,9,90,0,9,7,201,7,0,6,1,0,0,0,0,0,0,0,0
662,2026-04-11 20:15,승,하칸 찰하놀루,RCM,9,7,0,0,0,0,0,0,0,0,0,0,0,0,17,13,76.5,0,9,9,177,4,0,0,0,0,0,0,0,0,0,0,0
663,2026-04-11 20:15,승,M. 브로조비치,LCM,9,7.6,0,0,0,0,0,0,0,0,0,0,0,0,16,15,93.8,0,9,9,211,1,0,0,0,2,2,1,0,2,0,0,0
664,2026-04-11 20:15,승,헨릭 미키타리안,LS,10,8.7,0,2,0,0,0,0,0,0,0,0,0,0,17,16,94.1,0,7,7,323,1,0,0,0,0,0,0,0,0,0,0,0
665,2026-04-11 20:15,승,로빈 고젠스,LWB,11,8.6,0,1,0,0,0,0,0,0,0,0,0,0,10,10,100,0,6,6,216,4,4,1,0,0,0,0,0,0,0,0,0
666,2026-04-11 20:15,승,파트리크 비에이라,LCB,9,7,0,0,0,0,0,0,0,0,0,0,0,0,6,6,100,0,3,3,17,3,3,13,0,1,1,1,0,1,0,0,0
667,2026-04-11 20:15,승,루이스 피구,RW,9,7.3,0,0,0,0,0,0,0,0,0,0,0,0,7,7,100,0,6,5,181,4,3,0,0,3,2,0,0,2,0,0,0
668,2026-04-11 20:15,승,마이콘,CDM,9,9.2,2,0,2,2,0,0,0,0,0,0,0,0,19,19,100,0,15,13,231,7,4,1,1,2,2,1,0,2,0,0,0
669,2026-04-11 20:15,승,라울 벨라노바,RWB,9,6.2,0,0,0,0,0,0,0,0,0,0,0,0,5,5,100,0,1,1,15,1,1,0,0,3,1,0,0,1,0,0,0
670,2026-04-11 20:15,승,덴젤 둠프리스,RCB,8,7.6,0,0,0,0,0,0,0,0,0,0,0,0,5,4,80,0,5,3,34,4,2,2,0,2,2,0,0,2,0,0,0
671,2026-04-11 20:03,승,로빈 고젠스,LWB,11,7.5,0,0,1,0,0,0,0,0,0,0,0,0,5,5,100,0,4,4,31,2,1,3,3,0,0,2,0,0,0,0,0
672,2026-04-11 20:03,승,마르쿠스 튀람,LW,9,9.3,3,0,4,3,0,0,0,0,0,0,0,0,13,12,92.3,0,8,7,95,5,1,13,1,0,0,0,0,0,0,0,0
673,2026-04-11 20:03,승,앙드레 오나나,GK,9,7.1,0,0,0,0,0,0,0,0,0,0,0,0,5,4,80,0,1,1,12,2,1,0,0,0,0,0,0,0,0,0,0
674,2026-04-11 20:03,승,헨릭 미키타리안,LS,10,9.1,1,2,1,1,0,0,0,0,0,0,0,0,10,8,80,0,11,9,248,6,1,2,1,0,0,0,0,0,0,0,0
675,2026-04-11 20:03,승,마이콘,CDM,9,7.9,0,0,0,0,0,0,0,0,0,0,0,0,18,15,83.3,0,12,12,202,6,3,1,0,3,2,0,0,2,0,0,0
676,2026-04-11 20:03,승,라울 벨라노바,RWB,9,6.8,0,0,0,0,0,0,0,0,0,0,0,0,9,8,88.9,0,7,7,157,3,2,0,0,1,1,0,0,1,0,0,0
677,2026-04-11 20:03,승,덴젤 둠프리스,RCB,8,7.8,0,1,0,0,0,0,0,0,0,0,0,0,11,9,81.8,0,4,3,24,8,6,0,0,1,1,0,0,1,0,0,0
678,2026-04-11 20:03,승,파트리크 비에이라,LCB,9,7.5,0,0,0,0,0,0,0,0,0,0,0,0,4,4,100,0,4,3,33,3,2,3,1,0,0,2,1,1,0,0,0
679,2026-04-11 20:03,승,루이스 피구,RW,9,8.1,0,0,0,0,0,0,0,0,0,0,0,0,13,11,84.6,0,9,9,495,7,4,1,0,0,0,1,0,0,0,0,0
680,2026-04-11 20:03,승,M. 브로조비치,LCM,9,7.3,0,0,0,0,0,0,0,0,0,0,0,0,16,15,93.8,0,10,10,134,1,0,1,0,0,0,1,0,0,0,0,0
681,2026-04-11 20:03,승,하칸 찰하놀루,RCM,9,8.1,0,1,1,1,0,0,0,0,0,0,0,0,18,18,100,0,10,8,132,3,1,0,0,1,1,0,0,1,0,0,0
682,2026-04-11 19:50,승,마르쿠스 튀람,LW,9,8.1,2,0,4,2,0,0,0,0,0,0,0,0,13,12,92.3,0,11,10,295,5,0,0,0,0,0,0,0,0,0,0,0
683,2026-04-11 19:50,승,덴젤 둠프리스,RCB,8,6.7,0,0,0,0,0,0,0,0,0,0,0,0,10,10,100,0,3,3,15,4,4,1,0,0,0,1,1,1,0,0,0
684,2026-04-11 19:50,승,루이스 피구,??,9,6.7,0,0,0,0,0,0,0,0,0,0,0,0,8,7,87.5,0,5,5,156,3,2,0,0,0,0,1,0,0,0,0,0
685,2026-04-11 19:50,승,앙드레 오나나,GK,9,6.6,0,0,0,0,0,0,0,0,0,0,0,0,3,3,100,0,0,0,0,1,1,0,0,0,0,0,0,0,0,0,0
686,2026-04-11 19:50,승,로빈 고젠스,??,11,7.1,0,1,0,0,0,0,0,0,0,0,0,0,4,4,100,0,3,3,222,0,0,0,0,0,0,0,0,0,0,0,0
687,2026-04-11 19:50,승,하칸 찰하놀루,RCM,9,6.8,0,0,0,0,0,0,0,0,0,0,0,0,20,17,85,0,13,13,204,3,0,0,0,0,0,0,0,0,0,0,0
688,2026-04-11 19:50,승,헨릭 미키타리안,??,10,5.8,0,0,0,0,0,0,0,0,0,0,0,0,1,1,100,0,1,1,55,0,0,0,0,0,0,0,0,0,0,0,0
689,2026-04-11 19:50,승,마테오 다르미안,LWB,9,6.4,0,0,0,0,0,0,0,0,0,0,0,0,1,1,100,0,1,1,21,0,0,0,0,0,0,0,0,0,0,0,0
690,2026-04-11 19:50,승,라울 벨라노바,??,9,6.9,0,1,0,0,0,0,0,0,0,0,0,0,3,3,100,0,2,2,73,1,1,0,0,0,0,1,0,0,0,0,0
691,2026-04-11 19:50,승,파트리크 비에이라,LCB,9,6.5,0,0,0,0,0,0,0,0,0,0,0,0,4,4,100,0,0,0,0,3,2,1,0,2,1,1,1,2,0,0,0
692,2026-04-11 19:50,승,애슐리 영,RWB,9,6.5,0,0,0,0,0,0,0,0,0,0,0,0,4,4,100,0,2,2,59,1,1,0,0,0,0,0,0,0,0,0,0
693,2026-04-11 19:50,승,마이콘,??,9,6.7,0,0,0,0,0,0,0,0,0,0,0,0,16,13,81.2,0,10,9,154,6,2,0,0,2,2,1,0,2,0,0,0
694,2026-04-11 19:50,승,사뮈엘 에토,RW,8,6.4,0,0,0,0,0,0,0,0,0,0,0,0,1,1,100,0,1,1,42,0,0,0,0,0,0,0,0,0,0,0,0
695,2026-04-11 19:50,승,로베르토 바조,LS,10,6.6,0,0,0,0,0,0,0,0,0,0,0,0,2,2,100,0,1,1,21,0,0,0,0,0,0,0,0,0,0,0,0
696,2026-04-11 19:50,승,M. 브로조비치,LCM,9,7,0,0,1,0,0,0,0,0,0,0,0,0,20,19,95,0,12,11,174,4,1,3,1,0,0,2,0,0,0,0,0
697,2026-04-11 19:50,승,하비에르 사네티,CDM,10,6.5,0,0,0,0,0,0,0,0,0,0,0,0,6,5,83.3,0,5,5,137,1,0,0,0,0,0,0,0,0,0,0,0
698,2026-04-11 19:39,승,M. 브로조비치,LCM,9,7.5,0,0,0,0,0,0,0,0,0,0,0,0,26,24,92.3,0,17,17,341,3,2,1,0,0,0,1,0,0,0,0,0
699,2026-04-11 19:39,승,하칸 찰하놀루,RCM,9,8.3,2,0,3,2,0,0,0,0,0,0,0,0,13,10,76.9,0,2,2,24,6,0,0,0,0,0,0,0,0,0,0,0
700,2026-04-11 19:39,승,마테오 다르미안,LWB,9,6,0,0,0,0,0,0,0,0,0,0,0,0,0,0,0,0,0,0,0,0,0,0,0,0,0,0,0,0,0,0,0
701,2026-04-11 19:39,승,헨릭 미키타리안,??,10,7.3,1,0,1,1,0,0,0,0,0,0,0,0,12,11,91.7,0,10,10,226,2,0,1,0,0,0,0,0,0,0,0,0
702,2026-04-11 19:39,승,앙드레 오나나,GK,9,7.4,0,0,0,0,0,0,0,0,0,0,0,0,5,4,80,0,3,3,59,3,2,0,0,0,0,0,0,0,0,0,0
703,2026-04-11 19:39,승,사뮈엘 에토,RW,8,6,0,0,0,0,0,0,0,0,0,0,0,0,0,0,0,0,0,0,0,0,0,0,0,0,0,0,0,0,0,0,0
704,2026-04-11 19:39,승,애슐리 영,RWB,9,6,0,0,0,0,0,0,0,0,0,0,0,0,0,0,0,0,0,0,0,0,0,0,0,0,0,0,0,0,0,0,0
705,2026-04-11 19:39,승,로빈 고젠스,??,11,6.5,0,0,0,0,0,0,0,0,0,0,0,0,9,9,100,0,6,6,183,2,2,17,0,0,0,1,0,0,0,0,0
706,2026-04-11 19:39,승,루이스 피구,??,9,7.2,0,0,0,0,0,0,0,0,0,0,0,0,11,10,90.9,0,6,5,181,3,1,2,0,0,0,1,0,0,0,0,0
707,2026-04-11 19:39,승,하비에르 사네티,CDM,10,6,0,0,0,0,0,0,0,0,0,0,0,0,0,0,0,0,0,0,0,0,0,0,0,0,0,0,0,0,0,0,0
708,2026-04-11 19:39,승,마르쿠스 튀람,LW,9,8.1,0,2,4,1,0,0,0,0,0,0,0,0,19,17,89.5,0,13,10,281,8,2,5,1,0,0,0,0,0,0,0,0
709,2026-04-11 19:39,승,로베르토 바조,LS,10,6,0,0,0,0,0,0,0,0,0,0,0,0,0,0,0,0,0,0,0,0,0,0,0,0,0,0,0,0,0,0,0
710,2026-04-11 19:39,승,라울 벨라노바,??,9,6.3,0,0,0,0,0,0,0,0,0,0,0,0,12,12,100,0,6,6,176,0,0,2,0,0,0,0,0,0,0,0,0
711,2026-04-11 19:39,승,덴젤 둠프리스,RCB,8,6.3,0,0,0,0,0,0,0,0,0,0,0,0,10,10,100,0,5,5,47,2,2,9,0,1,0,2,1,1,0,0,0
712,2026-04-11 19:39,승,마이콘,??,9,7.3,0,0,0,0,0,0,0,0,0,0,0,0,25,22,88,0,15,15,146,8,5,2,0,2,1,0,0,1,0,0,0
713,2026-04-11 19:39,승,파트리크 비에이라,LCB,9,6.7,0,0,0,0,0,0,0,0,0,0,0,0,10,10,100,0,7,7,114,3,3,4,0,2,2,3,0,2,0,0,0
714,2026-04-11 17:06,패,마이콘,LDM,9,7.7,1,0,1,1,0,0,0,0,0,0,0,0,22,19,86.4,0,13,12,230,8,3,0,0,0,0,2,0,0,0,0,0
715,2026-04-11 17:06,패,헨릭 미키타리안,LF,10,6.3,0,0,0,0,0,0,0,0,0,0,0,0,13,11,84.6,0,8,7,348,4,1,1,0,3,1,0,0,1,0,0,0
716,2026-04-11 17:06,패,루이스 피구,RF,9,6,0,0,0,0,0,0,0,0,0,0,0,0,11,9,81.8,0,11,8,164,6,1,2,0,0,0,0,0,0,0,0,0
717,2026-04-11 17:06,패,M. 브로조비치,LCM,9,5.9,0,0,0,0,0,0,0,0,0,0,0,0,11,10,90.9,0,8,6,144,4,1,0,0,0,0,0,0,0,0,0,0
718,2026-04-11 17:06,패,로빈 고젠스,LM,11,6.8,0,0,0,0,0,0,0,0,0,0,0,0,9,9,100,0,7,5,102,7,5,0,0,1,1,0,0,1,0,0,0
719,2026-04-11 17:06,패,마르쿠스 튀람,LW,9,6.1,0,0,0,0,0,0,0,0,0,0,0,0,14,13,92.9,0,7,4,48,3,0,1,0,0,0,0,0,0,0,0,0
720,2026-04-11 17:06,패,앙드레 오나나,GK,9,6.4,0,0,0,0,0,0,0,0,0,0,0,0,1,1,100,0,0,0,0,1,1,0,0,0,0,0,0,0,0,0,0
721,2026-04-11 17:06,패,파트리크 비에이라,RDM,9,6.3,0,0,0,0,0,0,0,0,0,0,0,0,14,12,85.7,0,10,8,148,9,6,0,0,4,2,1,0,2,0,0,0
722,2026-04-11 17:06,패,하칸 찰하놀루,RCM,9,6.2,0,1,0,0,0,0,0,0,0,0,0,0,10,9,90,0,8,6,76,2,0,0,0,0,0,1,0,0,0,0,0
723,2026-04-11 17:06,패,라울 벨라노바,RM,9,6.2,0,0,0,0,0,0,0,0,0,0,0,0,9,9,100,0,6,6,92,2,2,0,0,0,0,1,0,0,0,0,0
724,2026-04-11 17:06,패,덴젤 둠프리스,CB,8,6.1,0,0,0,0,0,0,0,0,0,0,0,0,11,10,90.9,0,4,3,50,7,5,0,0,3,3,2,0,3,0,0,0
725,2026-04-11 16:55,무,라울 벨라노바,RWB,9,6.3,0,0,0,0,0,0,0,0,0,0,0,0,10,10,100,0,9,8,288,2,1,1,0,1,0,0,0,0,0,0,0
726,2026-04-11 16:55,무,루이스 피구,RM,9,7.1,0,1,0,0,0,0,0,0,0,0,0,0,10,8,80,0,7,6,218,5,3,0,0,1,1,0,0,1,0,0,0
727,2026-04-11 16:55,무,마이콘,CDM,9,6.8,0,0,1,0,0,0,0,0,0,0,0,0,17,16,94.1,0,14,14,200,2,1,0,0,2,2,0,0,2,0,0,0
728,2026-04-11 16:55,무,하칸 찰하놀루,RDM,9,6.7,0,0,2,2,0,0,0,0,0,0,0,0,16,13,81.2,0,8,8,114,7,2,0,0,0,0,0,0,0,0,0,0
729,2026-04-11 16:55,무,앙드레 오나나,GK,9,7.4,0,0,0,0,0,0,0,0,0,0,0,0,6,6,100,0,2,1,21,1,1,0,0,0,0,0,0,0,0,0,0
730,2026-04-11 16:55,무,덴젤 둠프리스,RCB,8,5.6,0,0,0,0,0,0,0,0,0,0,0,0,8,8,100,0,5,4,81,2,1,3,0,0,0,0,0,0,0,0,0
731,2026-04-11 16:55,무,헨릭 미키타리안,LM,10,6.3,0,0,0,0,0,0,0,0,0,0,0,0,10,10,100,0,7,7,220,0,0,0,0,0,0,0,0,0,0,0,0
732,2026-04-11 16:55,무,M. 브로조비치,LDM,9,7.4,0,1,0,0,0,0,0,0,0,0,0,0,17,14,82.4,0,13,13,208,5,2,0,0,0,0,0,0,0,0,0,0
733,2026-04-11 16:55,무,파트리크 비에이라,LCB,9,5.4,0,0,0,0,0,0,0,0,0,0,0,0,9,9,100,0,5,5,42,5,5,0,0,0,0,0,0,0,0,0,0
734,2026-04-11 16:55,무,마르쿠스 튀람,LW,9,8.4,2,0,3,2,0,0,0,0,0,0,0,0,12,11,91.7,0,9,6,171,6,0,7,0,0,0,0,0,0,0,0,0
735,2026-04-11 16:55,무,로빈 고젠스,LWB,11,6.3,0,0,0,0,0,0,0,0,0,0,0,0,13,10,76.9,0,9,9,203,4,1,1,0,0,0,0,0,0,0,0,0
736,2026-04-11 16:44,패,마르쿠스 튀람,LW,9,8.5,2,0,4,3,0,0,0,0,0,0,0,0,13,13,100,0,7,7,180,3,0,2,0,0,0,0,0,0,0,0,0
737,2026-04-11 16:44,패,루이스 피구,RW,9,6,0,0,0,0,0,0,0,0,0,0,0,0,8,4,50,0,7,6,259,4,0,0,0,1,1,0,0,1,0,0,0
738,2026-04-11 16:44,패,헨릭 미키타리안,LS,10,6.7,0,1,0,0,0,0,0,0,0,0,0,0,10,10,100,0,7,6,146,1,0,2,0,0,0,0,0,0,0,0,0
739,2026-04-11 16:44,패,하칸 찰하놀루,RCM,9,7.8,1,1,1,1,0,0,0,0,0,0,0,0,13,11,84.6,0,9,9,210,3,0,0,0,1,1,0,0,1,0,0,0
740,2026-04-11 16:44,패,덴젤 둠프리스,RCB,8,5.4,0,0,2,0,0,0,0,0,0,0,0,0,5,4,80,0,1,1,11,4,2,3,3,1,1,1,0,1,0,0,0
741,2026-04-11 16:44,패,파트리크 비에이라,LCB,9,4.9,0,0,0,0,0,0,0,0,0,0,0,0,5,5,100,0,4,4,42,1,1,0,0,0,0,0,0,0,0,0,0
742,2026-04-11 16:44,패,라울 벨라노바,RWB,9,7.3,0,1,0,0,0,0,0,0,0,0,0,0,12,12,100,0,8,8,331,2,2,0,0,1,0,1,0,0,0,0,0
743,2026-04-11 16:44,패,M. 브로조비치,LCM,9,5.8,0,0,0,0,0,0,0,0,0,0,0,0,15,12,80,0,9,9,223,4,1,0,0,0,0,1,0,0,0,0,0
744,2026-04-11 16:44,패,마이콘,CDM,9,6.5,0,0,0,0,0,0,0,0,0,0,0,0,19,16,84.2,0,10,10,106,5,2,3,0,1,0,2,0,0,0,0,0
745,2026-04-11 16:44,패,로빈 고젠스,LWB,11,6.1,0,0,0,0,0,0,0,0,0,0,0,0,8,8,100,0,3,3,22,3,3,1,0,0,0,0,0,0,0,0,0
746,2026-04-11 16:44,패,앙드레 오나나,GK,9,5.4,0,0,0,0,0,0,0,0,0,0,0,0,2,2,100,0,1,1,10,1,1,0,0,0,0,0,0,0,0,0,0
747,2026-04-11 16:31,승,앙드레 오나나,GK,9,5.7,0,0,0,0,0,0,0,0,0,0,0,0,4,4,100,0,2,2,43,1,1,0,0,0,0,0,0,0,0,0,0
748,2026-04-11 16:31,승,하비에르 사네티,CDM,10,6.2,0,0,0,0,0,0,0,0,0,0,0,0,2,0,0,0,2,2,25,2,0,0,0,0,0,0,0,0,0,0,0
749,2026-04-11 16:31,승,마이콘,??,9,8.5,2,0,2,2,0,0,0,0,0,0,0,0,15,13,86.7,0,14,13,167,5,0,1,0,1,1,0,0,1,0,0,0
750,2026-04-11 16:31,승,하칸 찰하놀루,RCM,9,7,0,1,0,0,0,0,0,0,0,0,0,0,17,14,82.4,0,13,13,248,8,5,0,0,2,0,0,0,0,0,0,0
751,2026-04-11 16:31,승,로빈 고젠스,??,11,6.1,0,0,0,0,0,0,0,0,0,0,0,0,8,8,100,0,6,5,155,3,2,1,0,0,0,0,0,0,0,0,0
752,2026-04-11 16:31,승,마르쿠스 튀람,LW,9,8.2,1,1,1,1,0,0,0,0,0,0,0,0,11,10,90.9,0,5,4,120,3,0,10,0,0,0,1,0,0,0,0,0
753,2026-04-11 16:31,승,파트리크 비에이라,LCB,9,6.7,0,0,0,0,0,0,0,0,0,0,0,0,11,10,90.9,0,5,5,56,4,3,1,0,2,2,0,0,2,0,0,0
754,2026-04-11 16:31,승,루이스 피구,RW,9,5.7,0,0,0,0,0,0,0,0,0,0,0,0,5,3,60,0,6,4,200,5,1,1,0,0,0,0,0,0,0,0,0
755,2026-04-11 16:31,승,M. 브로조비치,LCM,9,6.7,0,0,0,0,0,0,0,0,0,0,0,0,12,10,83.3,0,11,8,103,7,2,6,0,1,1,1,0,1,0,0,0
756,2026-04-11 16:31,승,헨릭 미키타리안,LS,10,7.7,0,1,0,0,0,0,0,0,0,0,0,0,16,14,87.5,0,10,10,292,4,2,0,0,0,0,0,0,0,0,0,0
757,2026-04-11 16:31,승,마테오 다르미안,LWB,9,6.4,0,0,0,0,0,0,0,0,0,0,0,0,1,1,100,0,1,1,15,1,1,0,0,0,0,0,0,0,0,0,0
758,2026-04-11 16:31,승,라울 벨라노바,??,9,6.5,0,0,0,0,0,0,0,0,0,0,0,0,8,8,100,0,6,5,164,1,1,1,0,1,0,0,0,0,0,0,0
759,2026-04-11 16:31,승,덴젤 둠프리스,RCB,8,6.8,0,0,0,0,0,0,0,0,0,0,0,0,13,12,92.3,0,6,6,114,4,3,0,0,0,0,2,1,1,0,0,0
760,2026-04-11 16:31,승,애슐리 영,RWB,9,6.4,0,0,0,0,0,0,0,0,0,0,0,0,1,1,100,0,2,2,79,1,1,0,0,0,0,0,0,0,0,0,0
761,2026-04-10 20:15,패,라울 벨라노바,RM,9,7.3,0,1,0,0,0,0,0,0,0,0,0,0,6,5,83.3,0,5,5,108,1,0,0,0,1,2,0,0,2,0,0,0
762,2026-04-10 20:15,패,파트리크 비에이라,RDM,9,4.1,0,0,0,0,0,0,0,0,0,0,0,0,5,4,80,0,3,3,83,1,0,0,0,1,0,1,0,0,0,0,0
763,2026-04-10 20:15,패,루이스 피구,RF,9,7.3,1,0,1,1,0,0,0,0,0,0,0,0,10,8,80,0,6,4,165,6,1,0,0,1,1,1,0,1,0,0,0
764,2026-04-10 20:15,패,덴젤 둠프리스,CB,8,5.7,0,0,0,0,0,0,0,0,0,0,0,0,3,3,100,0,0,0,0,1,1,1,1,4,1,1,0,1,0,0,0
765,2026-04-10 20:15,패,M. 브로조비치,LCM,9,6.5,0,0,0,0,0,0,0,0,0,0,0,0,25,24,96,0,13,13,140,4,3,0,0,1,0,0,0,0,0,0,0
766,2026-04-10 20:15,패,헨릭 미키타리안,LF,10,5.9,0,0,0,0,0,0,0,0,0,0,0,0,5,5,100,0,3,2,70,1,0,0,0,0,0,0,0,0,0,0,0
767,2026-04-10 20:15,패,얀 조머,GK,8,6,0,0,0,0,0,0,0,0,0,0,0,0,3,3,100,0,0,0,0,0,0,0,0,0,0,0,0,0,0,0,0
768,2026-04-10 20:15,패,마이콘,LDM,9,7.3,0,0,0,0,0,0,0,0,0,0,0,0,18,17,94.4,0,9,9,146,4,3,0,0,3,3,1,0,3,0,0,0
769,2026-04-10 20:15,패,마르쿠스 튀람,LW,9,8.3,1,1,2,2,0,0,0,0,0,0,0,0,17,16,94.1,0,16,9,216,10,2,4,1,1,1,0,0,1,0,0,0
770,2026-04-10 20:15,패,로빈 고젠스,LM,11,6.7,0,0,0,0,0,0,0,0,0,0,0,0,12,9,75,0,5,5,54,10,7,3,0,0,0,1,0,0,0,0,0
771,2026-04-10 20:15,패,하칸 찰하놀루,RCM,9,6.4,0,0,0,0,0,0,0,0,0,0,0,0,17,12,70.6,0,9,8,191,7,2,3,0,3,2,0,0,2,0,0,0
772,2026-04-10 20:03,패,얀 조머,GK,8,5.1,0,0,0,0,0,0,0,0,0,0,0,0,4,3,75,0,1,1,16,3,2,0,0,0,0,0,0,0,0,0,0
773,2026-04-10 20:03,패,마이콘,LDM,9,6.8,0,0,0,0,0,0,0,0,0,0,0,0,19,19,100,0,15,13,138,4,4,1,0,2,2,1,0,2,0,0,0
774,2026-04-10 20:03,패,M. 브로조비치,LCM,9,7,0,1,0,0,0,0,0,0,0,0,0,0,11,11,100,0,6,4,192,3,1,0,0,1,1,0,0,1,0,0,0
775,2026-04-10 20:03,패,라울 벨라노바,RM,9,6.1,0,0,0,0,0,0,0,0,0,0,0,0,10,8,80,0,9,9,398,3,1,1,0,0,0,1,0,0,0,0,0
776,2026-04-10 20:03,패,로빈 고젠스,LM,11,6,0,0,0,0,0,0,0,0,0,0,0,0,12,8,66.7,0,11,7,130,7,1,1,0,1,1,2,0,1,0,0,0
777,2026-04-10 20:03,패,루이스 피구,RF,9,7.1,0,0,0,0,0,0,0,0,0,0,0,0,15,13,86.7,0,14,12,436,8,3,0,0,0,0,0,0,0,0,0,0
778,2026-04-10 20:03,패,마르쿠스 튀람,LW,9,7.7,1,0,1,1,0,0,0,0,0,0,0,0,13,13,100,0,10,7,196,3,0,2,0,0,0,0,0,0,0,0,0
779,2026-04-10 20:03,패,파트리크 비에이라,RDM,9,4.7,0,0,0,0,0,0,0,0,0,0,0,0,5,3,60,0,2,2,25,2,1,0,0,1,1,0,0,0,0,0,0
780,2026-04-10 20:03,패,하칸 찰하놀루,RCM,9,6.6,0,0,1,1,0,0,0,0,0,0,0,0,22,20,90.9,0,13,10,215,9,4,1,1,1,0,1,0,0,0,0,0
781,2026-04-10 20:03,패,헨릭 미키타리안,LF,10,6.8,0,0,0,0,0,0,0,0,0,0,0,0,17,16,94.1,0,12,12,264,2,1,0,0,0,0,0,0,0,0,0,0
782,2026-04-10 20:03,패,덴젤 둠프리스,CB,8,5.4,0,0,0,0,0,0,0,0,0,0,0,0,9,8,88.9,0,4,4,16,4,3,0,0,1,0,0,0,0,0,0,0
783,2026-04-10 19:52,패,하칸 찰하놀루,RCM,9,7.2,0,1,0,0,0,0,0,0,0,0,0,0,19,17,89.5,0,14,14,285,4,2,10,0,0,0,1,0,0,0,0,0
784,2026-04-10 19:52,패,마이콘,LDM,9,6.9,0,0,0,0,0,0,0,0,0,0,0,0,22,21,95.5,0,20,19,246,8,6,5,0,3,0,0,0,0,0,0,0
785,2026-04-10 19:52,패,로빈 고젠스,LM,11,6.5,0,0,1,0,0,0,0,0,0,0,0,0,11,9,81.8,0,5,5,105,7,4,0,0,0,0,1,0,0,0,0,0
786,2026-04-10 19:52,패,루이스 피구,RF,9,5.4,0,0,0,0,0,0,0,0,0,0,0,0,8,7,87.5,0,5,4,99,2,0,0,0,0,0,1,0,0,0,0,0
787,2026-04-10 19:52,패,M. 브로조비치,LCM,9,6,0,0,0,0,0,0,0,0,0,0,0,0,17,13,76.5,0,12,11,194,6,1,0,0,1,1,1,0,1,0,0,0
788,2026-04-10 19:52,패,얀 조머,GK,8,5.5,0,0,0,0,0,0,0,0,0,0,0,0,3,3,100,0,1,1,6,1,1,0,0,0,0,0,0,0,0,0,0
789,2026-04-10 19:52,패,헨릭 미키타리안,LF,10,6.1,0,0,0,0,0,0,0,0,0,0,0,0,13,12,92.3,0,9,7,162,4,1,0,0,0,0,1,0,0,0,0,0
790,2026-04-10 19:52,패,파트리크 비에이라,RDM,9,5.4,0,0,0,0,0,0,0,0,0,0,0,0,8,8,100,0,4,4,29,2,2,3,0,1,0,0,0,0,0,0,0
791,2026-04-10 19:52,패,마르쿠스 튀람,LW,9,7.5,1,0,4,3,0,0,0,0,0,0,0,0,15,12,80,0,14,10,348,11,0,5,0,0,0,0,0,0,0,0,0
792,2026-04-10 19:52,패,덴젤 둠프리스,CB,8,5.9,0,0,0,0,0,0,0,0,0,0,0,0,8,6,75,0,5,4,31,9,5,2,0,1,1,0,0,1,0,0,0
793,2026-04-10 19:52,패,라울 벨라노바,RM,9,5.8,0,0,0,0,0,0,0,0,0,0,0,0,8,8,100,0,7,6,311,2,2,0,0,1,1,0,0,1,0,0,0
794,2026-04-10 19:40,패,루이스 피구,RF,9,6.3,0,0,0,0,0,0,0,0,0,0,0,0,10,10,100,0,6,5,91,3,1,0,0,1,0,0,0,0,0,0,0
795,2026-04-10 19:40,패,로빈 고젠스,LM,11,6,0,0,0,0,0,0,0,0,0,0,0,0,9,7,77.8,0,8,5,104,6,2,0,0,0,0,0,0,0,0,0,0
796,2026-04-10 19:40,패,파트리크 비에이라,RDM,9,6.2,0,0,0,0,0,0,0,0,0,0,0,0,8,7,87.5,0,4,4,61,3,2,3,0,2,1,0,0,1,0,0,0
797,2026-04-10 19:40,패,마르쿠스 튀람,LW,9,8.6,2,0,3,3,0,0,0,0,0,0,0,0,14,14,100,0,2,1,14,4,0,3,1,0,0,0,0,0,0,0,0
798,2026-04-10 19:40,패,M. 브로조비치,LCM,9,6.9,0,1,1,0,0,0,0,0,0,0,0,0,13,13,100,0,12,11,155,2,1,0,0,0,0,2,0,0,0,0,0
799,2026-04-10 19:40,패,하칸 찰하놀루,RCM,9,8.3,1,1,1,1,0,0,0,0,0,0,0,0,22,20,90.9,0,12,11,156,5,1,2,1,1,1,0,0,1,0,0,0
800,2026-04-10 19:40,패,헨릭 미키타리안,LF,10,6.4,0,0,1,1,0,0,0,0,0,0,0,0,14,12,85.7,0,10,6,322,7,2,0,0,1,1,0,0,1,0,0,0
801,2026-04-10 19:40,패,얀 조머,GK,8,6.3,0,0,0,0,0,0,0,0,0,0,0,0,1,1,100,0,0,0,0,1,1,0,0,0,0,0,0,0,0,0,0
802,2026-04-10 19:40,패,라울 벨라노바,RM,9,7.7,0,1,0,0,0,0,0,0,0,0,0,0,15,12,80,0,8,8,205,6,4,3,0,1,1,1,0,1,0,0,0
803,2026-04-10 19:40,패,마이콘,LDM,9,6.5,0,0,0,0,0,0,0,0,0,0,0,0,22,20,90.9,0,10,9,72,4,2,0,0,1,0,4,0,0,0,0,0
804,2026-04-10 19:40,패,덴젤 둠프리스,CB,8,6.5,0,0,0,0,0,0,0,0,0,0,0,0,9,9,100,0,4,4,53,4,4,7,1,1,1,0,0,1,0,0,0
805,2026-04-10 19:29,패,라울 벨라노바,RM,9,6.2,0,0,0,0,0,0,0,0,0,0,0,0,6,5,83.3,0,7,4,47,4,2,1,0,1,1,2,0,1,0,0,0
806,2026-04-10 19:29,패,M. 브로조비치,LCM,9,6.3,0,0,0,0,0,0,0,0,0,0,0,0,18,14,77.8,0,14,12,214,7,2,0,0,0,0,1,0,0,0,0,0
807,2026-04-10 19:29,패,하칸 찰하놀루,RCM,9,6.4,0,1,0,0,0,0,0,0,0,0,0,0,12,12,100,0,5,5,91,0,0,0,0,0,0,2,0,0,0,0,0
808,2026-04-10 19:29,패,마이콘,LDM,9,6.3,0,0,0,0,0,0,0,0,0,0,0,0,18,15,83.3,0,13,12,90,5,2,1,0,3,2,1,0,2,0,0,0
809,2026-04-10 19:29,패,마르쿠스 튀람,LW,9,8.1,2,0,2,2,0,0,0,0,0,0,0,0,19,18,94.7,0,11,6,155,9,1,1,1,0,0,0,0,0,0,0,0
810,2026-04-10 19:29,패,루이스 피구,RF,9,6.8,0,1,0,0,0,0,0,0,0,0,0,0,13,11,84.6,0,6,6,220,4,2,2,1,0,0,0,0,0,0,0,0
811,2026-04-10 19:29,패,덴젤 둠프리스,CB,8,6.6,0,0,0,0,0,0,0,0,0,0,0,0,4,2,50,0,3,2,21,6,4,2,0,3,3,1,0,3,0,0,0
812,2026-04-10 19:29,패,얀 조머,GK,8,5.6,0,0,0,0,0,0,0,0,0,0,0,0,2,2,100,0,0,0,0,1,1,0,0,0,0,0,0,0,0,0,0
813,2026-04-10 19:29,패,파트리크 비에이라,RDM,9,3.8,0,0,0,0,0,0,0,0,0,0,0,0,4,4,100,0,3,3,51,1,1,4,0,0,0,0,0,0,0,0,0
814,2026-04-10 19:29,패,로빈 고젠스,LM,11,5.2,0,0,0,0,0,0,0,0,0,0,0,0,9,8,88.9,0,9,8,159,4,2,0,0,0,0,0,0,0,0,0,0
815,2026-04-10 19:29,패,헨릭 미키타리안,LF,10,6,0,0,0,0,0,0,0,0,0,0,0,0,13,10,76.9,0,10,8,276,7,3,0,0,1,1,1,0,1,0,0,0
816,2026-04-10 16:48,승,마이콘,??,9,7.6,0,0,0,0,0,0,0,0,0,0,0,0,16,16,100,0,9,9,87,3,3,2,0,0,0,1,0,0,0,0,0
817,2026-04-10 16:48,승,덴젤 둠프리스,RCB,8,6.3,0,0,0,0,0,0,0,0,0,0,0,0,9,9,100,0,8,7,65,6,5,0,0,1,1,0,0,0,0,0,0
818,2026-04-10 16:48,승,M. 브로조비치,LCM,9,7.6,0,1,0,0,0,0,0,0,0,0,0,0,12,11,91.7,0,8,6,224,3,1,0,0,1,1,1,0,1,0,0,0
819,2026-04-10 16:48,승,하칸 찰하놀루,RCM,9,7,0,1,0,0,0,0,0,0,0,0,0,0,15,14,93.3,0,13,10,120,3,0,1,0,0,0,0,0,0,0,0,0
820,2026-04-10 16:48,승,마르쿠스 튀람,LW,9,9.7,3,0,4,4,0,0,0,0,0,0,0,0,16,16,100,0,11,8,225,8,1,3,0,2,2,0,0,2,0,0,0
821,2026-04-10 16:48,승,얀 조머,GK,8,5.5,0,0,0,0,0,0,0,0,0,0,0,0,1,1,100,0,0,0,0,0,0,0,0,0,0,0,0,0,0,0,0
822,2026-04-10 16:48,승,하비에르 사네티,CDM,10,6,0,0,0,0,0,0,0,0,0,0,0,0,1,1,100,0,0,0,0,1,1,0,0,1,0,0,0,0,0,0,0
823,2026-04-10 16:48,승,파트리크 비에이라,LCB,9,6.4,0,0,0,0,0,0,0,0,0,0,0,0,6,6,100,0,4,3,62,5,4,2,0,0,0,1,0,0,0,0,0
824,2026-04-10 16:48,승,마테오 다르미안,LWB,9,4.1,0,0,0,0,0,0,0,0,0,0,0,0,0,0,0,0,0,0,0,0,0,0,0,0,0,0,0,0,0,0,0
825,2026-04-10 16:48,승,라울 벨라노바,??,9,6.7,0,0,0,0,0,0,0,0,0,0,0,0,11,10,90.9,0,7,6,181,3,1,0,0,1,1,0,0,1,0,0,0
826,2026-04-10 16:48,승,애슐리 영,RWB,9,4.1,0,0,0,0,0,0,0,0,0,0,0,0,0,0,0,0,0,0,0,0,0,0,0,0,0,0,0,0,0,0,0
827,2026-04-10 16:48,승,헨릭 미키타리안,LS,10,7.7,1,0,1,1,0,0,0,0,0,0,0,0,9,8,88.9,0,5,5,267,2,0,0,0,0,0,0,0,0,0,0,0
828,2026-04-10 16:48,승,루이스 피구,RW,9,8.5,0,2,1,0,0,0,0,0,0,0,0,0,18,15,83.3,0,10,9,336,8,3,2,1,1,0,1,0,0,0,0,0
829,2026-04-10 16:48,승,로빈 고젠스,??,11,5.8,0,0,0,0,0,0,0,0,0,0,0,0,2,2,100,0,1,1,1,1,1,0,0,0,0,0,0,0,0,0,0
830,2026-04-10 16:36,패,M. 브로조비치,LCM,9,5.7,0,0,0,0,0,0,0,0,0,0,0,0,11,11,100,0,7,7,85,0,0,1,0,0,0,1,0,0,0,0,0
831,2026-04-10 16:36,패,덴젤 둠프리스,CB,8,6.1,0,0,0,0,0,0,0,0,0,0,0,0,5,4,80,0,2,2,24,3,2,3,1,0,0,4,1,1,0,0,0
832,2026-04-10 16:36,패,루이스 피구,RF,9,5.9,0,0,0,0,0,0,0,0,0,0,0,0,9,7,77.8,0,6,6,200,3,1,0,0,2,1,0,0,1,0,0,0
833,2026-04-10 16:36,패,마이콘,LDM,9,6.5,0,1,0,0,0,0,0,0,0,0,0,0,14,12,85.7,0,8,8,123,2,1,1,0,1,0,0,0,0,0,0,0
834,2026-04-10 16:36,패,마르쿠스 튀람,LW,9,7.5,1,0,4,2,0,0,0,0,0,0,0,0,12,11,91.7,0,8,7,266,5,2,4,0,0,0,1,0,0,0,0,0
835,2026-04-10 16:36,패,라울 벨라노바,RM,9,5.3,0,0,0,0,0,0,0,0,0,0,0,0,3,3,100,0,3,1,117,3,1,1,0,1,1,1,0,1,0,0,0
836,2026-04-10 16:36,패,얀 조머,GK,8,6.3,0,0,0,0,0,0,0,0,0,0,0,0,4,4,100,0,0,0,0,1,1,0,0,0,0,0,0,0,0,0,0
837,2026-04-10 16:36,패,로빈 고젠스,LM,11,5.7,0,0,0,0,0,0,0,0,0,0,0,0,6,6,100,0,3,3,55,1,1,4,0,1,0,0,0,0,0,0,0
838,2026-04-10 16:36,패,헨릭 미키타리안,LF,10,6.4,0,0,0,0,0,0,0,0,0,0,0,0,11,7,63.6,0,8,8,485,6,2,1,0,1,1,0,0,1,0,0,0
839,2026-04-10 16:36,패,파트리크 비에이라,RDM,9,3.8,0,0,0,0,0,0,0,0,0,0,0,0,1,1,100,0,1,1,13,0,0,1,0,0,0,1,0,0,0,0,0
840,2026-04-10 16:36,패,하칸 찰하놀루,RCM,9,7.1,1,0,1,1,0,0,0,0,0,0,0,0,16,14,87.5,0,13,12,188,6,1,0,0,0,0,0,0,0,0,0,0
841,2026-04-10 16:23,승,덴젤 둠프리스,RCB,8,6.3,0,0,0,0,0,0,0,0,0,0,0,0,1,1,100,0,1,1,1,0,0,0,0,0,0,0,0,0,0,0,0
842,2026-04-10 16:23,승,마이콘,CDM,9,6.7,0,0,0,0,0,0,0,0,0,0,0,0,6,6,100,0,5,5,37,0,0,0,0,0,0,0,0,0,0,0,0
843,2026-04-10 16:23,승,M. 브로조비치,LDM,9,6.9,0,2,0,0,0,0,0,0,0,0,0,0,5,5,100,0,4,4,53,0,0,0,0,0,0,0,0,0,0,0,0
844,2026-04-10 16:23,승,파트리크 비에이라,LCB,9,6.2,0,0,0,0,0,0,0,0,0,0,0,0,0,0,0,0,0,0,0,0,0,0,0,0,0,0,0,0,0,0,0
845,2026-04-10 16:23,승,루이스 피구,RM,9,6.3,0,0,0,0,0,0,0,0,0,0,0,0,1,1,100,0,0,0,0,0,0,0,0,0,0,0,0,0,0,0,0
846,2026-04-10 16:23,승,헨릭 미키타리안,LM,10,6.3,0,0,0,0,0,0,0,0,0,0,0,0,2,1,50,0,1,1,33,1,0,0,0,0,0,0,0,0,0,0,0
847,2026-04-10 16:23,승,하칸 찰하놀루,RDM,9,6.3,0,0,0,0,0,0,0,0,0,0,0,0,2,2,100,0,1,1,2,0,0,0,0,0,0,0,0,0,0,0,0
848,2026-04-10 16:23,승,마르쿠스 튀람,LW,9,7,2,0,2,2,0,0,0,0,0,0,0,0,5,5,100,0,5,5,69,4,1,0,0,0,0,0,0,0,0,0,0
849,2026-04-10 16:23,승,얀 조머,GK,8,6.3,0,0,0,0,0,0,0,0,0,0,0,0,2,2,100,0,1,1,5,0,0,0,0,0,0,0,0,0,0,0,0
850,2026-04-10 16:23,승,로빈 고젠스,LWB,11,6.5,0,0,0,0,0,0,0,0,0,0,0,0,4,4,100,0,2,2,63,1,1,0,0,0,0,0,0,0,0,0,0
851,2026-04-10 16:23,승,라울 벨라노바,RWB,9,6.5,0,0,0,0,0,0,0,0,0,0,0,0,4,4,100,0,3,3,115,1,1,0,0,0,0,0,0,0,0,0,0
852,2026-04-10 16:13,패,앙드레 오나나,GK,9,6.4,0,0,0,0,0,0,0,0,0,0,0,0,4,4,100,0,0,0,0,1,1,0,0,0,0,0,0,0,0,0,0
853,2026-04-10 16:13,패,루이스 피구,RF,9,5.9,0,0,0,0,0,0,0,0,0,0,0,0,10,8,80,0,4,4,77,2,1,0,0,1,1,0,0,1,0,0,0
854,2026-04-10 16:13,패,헨릭 미키타리안,LF,10,5.8,0,0,0,0,0,0,0,0,0,0,0,0,6,6,100,0,6,4,70,1,0,0,0,0,0,0,0,0,0,0,0
855,2026-04-10 16:13,패,파트리크 비에이라,RDM,9,4.3,0,0,0,0,0,0,0,0,0,0,0,0,8,7,87.5,0,3,3,48,1,0,0,0,1,0,1,0,0,0,0,0
856,2026-04-10 16:13,패,마이콘,LDM,9,6.2,0,0,0,0,0,0,0,0,0,0,0,0,18,16,88.9,0,10,10,138,3,1,0,0,1,1,1,0,1,0,0,0
857,2026-04-10 16:13,패,하칸 찰하놀루,RCM,9,5.9,0,0,0,0,0,0,0,0,0,0,0,0,21,17,81,0,11,9,97,6,1,3,0,0,0,1,0,0,0,0,0
858,2026-04-10 16:13,패,라울 벨라노바,RM,9,5.3,0,0,1,1,0,0,0,0,0,0,0,0,4,2,50,0,4,3,118,5,1,1,1,1,1,3,0,1,0,0,0
859,2026-04-10 16:13,패,덴젤 둠프리스,CB,8,6.3,0,0,0,0,0,0,0,0,0,0,0,0,8,7,87.5,0,4,4,85,5,5,9,0,0,0,0,0,0,0,0,0
860,2026-04-10 16:13,패,로빈 고젠스,LM,11,5.6,0,0,0,0,0,0,0,0,0,0,0,0,9,6,66.7,0,9,8,157,7,3,1,0,0,0,0,0,0,0,0,0
861,2026-04-10 16:13,패,마르쿠스 튀람,LW,9,5.9,0,0,3,2,0,0,0,0,0,0,0,0,14,13,92.9,0,12,9,179,5,0,3,0,1,1,0,0,1,0,1,0
862,2026-04-10 16:13,패,M. 브로조비치,LCM,9,6.8,0,0,1,1,0,0,0,0,0,0,0,0,19,17,89.5,0,12,12,227,2,2,1,0,2,1,0,0,1,0,0,0
863,2026-04-10 16:00,무,헨릭 미키타리안,LM,10,6.8,0,0,0,0,0,0,0,0,0,0,0,0,12,10,83.3,0,6,6,201,4,2,0,0,0,0,0,0,0,0,0,0
864,2026-04-10 16:00,무,로빈 고젠스,LWB,11,5.5,0,0,0,0,0,0,0,0,0,0,0,0,5,4,80,0,4,4,185,2,1,0,0,0,0,0,0,0,0,0,0
865,2026-04-10 16:00,무,마이콘,CDM,9,6.9,0,0,0,0,0,0,0,0,0,0,0,0,21,18,85.7,0,11,11,146,6,2,0,0,1,1,0,0,1,0,0,0
866,2026-04-10 16:00,무,파트리크 비에이라,LCB,9,5.6,0,0,0,0,0,0,0,0,0,0,0,0,7,5,71.4,0,4,4,34,1,1,0,0,0,0,2,0,0,0,0,0
867,2026-04-10 16:00,무,하칸 찰하놀루,RDM,9,6.4,0,0,1,1,0,0,0,0,0,0,0,0,14,12,85.7,0,8,8,96,5,2,1,0,0,0,1,0,0,0,0,0
868,2026-04-10 16:00,무,앙드레 오나나,GK,9,6.6,0,0,0,0,0,0,0,0,0,0,0,0,5,4,80,0,2,2,26,2,1,0,0,0,0,0,0,0,0,0,0
869,2026-04-10 16:00,무,M. 브로조비치,LDM,9,6.8,1,0,2,1,0,0,0,0,0,0,0,0,9,9,100,0,10,9,116,3,1,1,0,0,0,1,0,0,0,0,0
870,2026-04-10 16:00,무,루이스 피구,RM,9,6.9,0,0,0,0,0,0,0,0,0,0,0,0,12,10,83.3,0,9,8,369,5,2,0,0,0,0,0,0,0,0,0,0
871,2026-04-10 16:00,무,덴젤 둠프리스,RCB,8,6.4,0,0,0,0,0,0,0,0,0,0,0,0,11,11,100,0,6,6,99,4,4,3,0,1,1,1,1,2,0,0,0
872,2026-04-10 16:00,무,라울 벨라노바,RWB,9,7.5,0,1,0,0,0,0,0,0,0,0,0,0,13,12,92.3,0,10,10,281,3,2,1,0,2,2,0,0,2,0,0,0
873,2026-04-10 16:00,무,마르쿠스 튀람,LW,9,8.4,1,1,3,3,0,0,0,0,0,0,0,0,18,17,94.4,0,12,9,347,9,1,2,0,3,0,0,0,0,0,0,0
874,2026-04-10 15:47,승,앙드레 오나나,GK,9,6.9,0,0,0,0,0,0,0,0,0,0,0,0,2,2,100,0,1,1,41,0,0,0,0,1,1,0,0,1,0,0,0
875,2026-04-10 15:47,승,루이스 피구,RF,9,8.4,0,1,0,0,0,0,0,0,0,0,0,0,18,16,88.9,0,10,10,290,3,1,1,0,0,0,0,0,0,0,0,0
876,2026-04-10 15:47,승,M. 브로조비치,LCM,9,7.5,0,0,0,0,0,0,0,0,0,0,0,0,17,15,88.2,0,10,10,255,3,1,0,0,0,0,1,0,0,0,0,0
877,2026-04-10 15:47,승,덴젤 둠프리스,CB,8,6.9,0,0,0,0,0,0,0,0,0,0,0,0,7,7,100,0,3,3,25,1,1,0,0,2,1,0,0,1,0,0,0
878,2026-04-10 15:47,승,마르쿠스 튀람,LW,9,9.4,2,1,4,3,0,0,0,0,0,0,0,0,15,13,86.7,0,15,13,302,9,1,1,0,1,1,0,0,1,0,0,0
879,2026-04-10 15:47,승,마이콘,LDM,9,8.2,0,1,0,0,0,0,0,0,0,0,0,0,21,15,71.4,0,15,15,225,8,2,0,0,0,0,0,0,0,0,0,0
880,2026-04-10 15:47,승,헨릭 미키타리안,LF,10,8.2,0,0,0,0,0,0,0,0,0,0,0,0,14,13,92.9,0,5,5,82,1,1,0,0,0,0,0,0,0,0,0,0
881,2026-04-10 15:47,승,하칸 찰하놀루,RCM,9,8.4,1,0,1,1,0,0,0,0,0,0,0,0,18,17,94.4,0,14,12,242,5,3,0,0,2,1,0,0,1,0,0,0
882,2026-04-10 15:47,승,로빈 고젠스,LM,11,6.8,0,0,0,0,0,0,0,0,0,0,0,0,8,8,100,0,5,5,34,3,3,0,0,0,0,0,0,0,0,0,0
883,2026-04-10 15:47,승,파트리크 비에이라,RDM,9,8,0,0,0,0,0,0,0,0,0,0,0,0,11,11,100,0,5,5,51,4,4,4,0,1,1,0,0,1,0,0,0
884,2026-04-10 15:47,승,라울 벨라노바,RM,9,7.6,0,0,0,0,0,0,0,0,0,0,0,0,10,9,90,0,2,2,152,2,1,2,0,0,0,0,0,0,0,0,0
885,2026-04-10 15:37,패,파트리크 비에이라,RDM,9,6.2,0,0,0,0,0,0,0,0,0,0,0,0,19,18,94.7,0,9,9,94,3,2,0,0,0,0,0,0,0,0,0,0
886,2026-04-10 15:37,패,앙드레 오나나,GK,9,6.4,0,0,0,0,0,0,0,0,0,0,0,0,3,3,100,0,2,2,28,1,1,0,0,0,0,0,0,0,0,0,0
887,2026-04-10 15:37,패,마르쿠스 튀람,LW,9,5.9,0,0,2,1,0,0,0,0,0,0,0,0,16,12,75,0,17,12,336,10,1,4,0,0,0,0,0,0,0,0,0
888,2026-04-10 15:37,패,라울 벨라노바,RM,9,6.6,0,0,0,0,0,0,0,0,0,0,0,0,8,8,100,0,8,7,256,5,4,0,0,3,3,0,0,3,0,0,0
889,2026-04-10 15:37,패,덴젤 둠프리스,CB,8,6.1,0,0,0,0,0,0,0,0,0,0,0,0,6,6,100,0,2,2,19,7,5,0,0,3,3,1,0,3,0,0,0
890,2026-04-10 15:37,패,하칸 찰하놀루,RCM,9,6.2,0,0,0,0,0,0,0,0,0,0,0,0,20,19,95,0,13,12,173,2,1,0,0,0,0,0,0,0,0,0,0
891,2026-04-10 15:37,패,M. 브로조비치,LCM,9,6.3,0,0,1,1,0,0,0,0,0,0,0,0,17,17,100,0,14,12,168,4,1,0,0,0,0,0,0,0,0,0,0
892,2026-04-10 15:37,패,로빈 고젠스,LM,11,5.8,0,0,0,0,0,0,0,0,0,0,0,0,8,7,87.5,0,5,5,84,3,2,0,0,0,0,0,0,0,0,0,0
893,2026-04-10 15:37,패,루이스 피구,RF,9,6.9,0,0,0,0,0,0,0,0,0,0,0,0,17,14,82.4,0,11,11,329,4,1,1,0,0,0,0,0,0,0,0,0
894,2026-04-10 15:37,패,마이콘,LDM,9,6.7,0,0,0,0,0,0,0,0,0,0,0,0,19,19,100,0,12,12,160,1,1,1,0,4,1,1,0,1,0,0,0
895,2026-04-10 15:37,패,헨릭 미키타리안,LF,10,5,0,0,0,0,0,0,0,0,0,0,0,0,4,3,75,0,5,4,64,2,0,0,0,0,0,1,0,0,0,0,0
896,2026-04-10 15:27,패,앙드레 오나나,GK,9,5.9,0,0,0,0,0,0,0,0,0,0,0,0,3,3,100,0,2,2,18,1,1,0,0,1,1,0,0,1,0,0,0
897,2026-04-10 15:27,패,덴젤 둠프리스,CB,8,5.9,0,0,0,0,0,0,0,0,0,0,0,0,6,6,100,0,3,2,48,5,5,0,0,2,2,0,0,2,0,0,0
898,2026-04-10 15:27,패,헨릭 미키타리안,LF,10,6.8,0,0,0,0,0,0,0,0,0,0,0,0,10,10,100,0,7,6,234,1,1,0,0,0,0,0,0,0,0,0,0
899,2026-04-10 15:27,패,M. 브로조비치,LCM,9,8.1,0,2,1,0,0,0,0,0,0,0,0,0,27,24,88.9,0,12,11,251,6,1,1,0,0,0,0,0,0,0,0,0
900,2026-04-10 15:27,패,파트리크 비에이라,RDM,9,5,0,0,0,0,0,0,0,0,0,0,0,0,7,6,85.7,0,4,3,29,2,2,1,0,0,0,0,0,0,0,0,0
901,2026-04-10 15:27,패,하칸 찰하놀루,RCM,9,6.6,0,0,0,0,0,0,0,0,0,0,0,0,20,20,100,0,14,12,132,2,1,0,0,0,0,3,0,0,0,0,0
902,2026-04-10 15:27,패,루이스 피구,RF,9,5.8,0,0,1,0,0,0,0,0,0,0,0,0,14,13,92.9,0,8,5,188,4,0,1,1,0,0,0,0,0,0,0,0
903,2026-04-10 15:27,패,로빈 고젠스,LM,11,6.5,0,0,0,0,0,0,0,0,0,0,0,0,12,9,75,0,8,7,144,8,4,0,0,0,0,0,0,0,0,0,0
904,2026-04-10 15:27,패,마르쿠스 튀람,LW,9,8.6,2,0,4,3,0,0,0,0,0,0,0,0,19,18,94.7,0,13,9,258,9,0,2,1,1,0,0,0,0,0,0,0
905,2026-04-10 15:27,패,라울 벨라노바,RM,9,6.4,0,0,0,0,0,0,0,0,0,0,0,0,10,10,100,0,3,3,37,3,3,1,0,1,1,1,0,1,0,0,0
906,2026-04-10 15:27,패,마이콘,LDM,9,8.2,0,0,0,0,0,0,0,0,0,0,0,0,25,22,88,0,14,14,235,8,5,0,0,3,3,0,0,3,0,0,0
907,2026-04-10 14:04,승,마르쿠스 튀람,LW,9,9.5,4,0,7,6,0,0,0,0,0,0,0,0,16,16,100,0,11,7,100,10,1,6,0,1,1,0,0,1,0,0,0
908,2026-04-10 14:04,승,하비에르 사네티,CDM,10,6.3,0,0,0,0,0,0,0,0,0,0,0,0,6,6,100,0,5,4,63,2,1,0,0,0,0,0,0,0,0,0,0
909,2026-04-10 14:04,승,라울 벨라노바,??,9,6,0,0,0,0,0,0,0,0,0,0,0,0,7,6,85.7,0,4,4,107,4,4,0,0,2,1,0,0,1,0,0,0
910,2026-04-10 14:04,승,덴젤 둠프리스,RCB,8,5.5,0,0,0,0,0,0,0,0,0,0,0,0,4,4,100,0,2,1,24,0,0,1,0,2,1,1,0,1,0,0,0
911,2026-04-10 14:04,승,파트리크 비에이라,LCB,9,6,0,0,0,0,0,0,0,0,0,0,0,0,12,12,100,0,4,4,57,3,3,0,0,1,1,1,0,1,0,0,0
912,2026-04-10 14:04,승,하칸 찰하놀루,RDM,9,7.2,0,1,0,0,0,0,0,0,0,0,0,0,22,20,90.9,0,14,11,155,10,4,0,0,1,0,2,0,0,0,0,0
913,2026-04-10 14:04,승,루이스 피구,RM,9,7.5,0,1,0,0,0,0,0,0,0,0,0,0,15,11,73.3,0,13,9,334,9,3,0,0,0,0,0,0,0,0,0,0
914,2026-04-10 14:04,승,마이콘,??,9,6.5,0,0,0,0,0,0,0,0,0,0,0,0,15,14,93.3,0,12,11,169,4,2,1,0,1,1,1,0,1,0,0,0
915,2026-04-10 14:04,승,애슐리 영,RWB,9,6.8,0,0,0,0,0,0,0,0,0,0,0,0,4,4,100,0,3,3,182,1,1,0,0,1,1,0,0,1,0,0,0
916,2026-04-10 14:04,승,헨릭 미키타리안,LM,10,7.7,0,1,0,0,0,0,0,0,0,0,0,0,16,13,81.2,0,11,11,362,3,0,0,0,0,0,1,0,0,0,0,0
917,2026-04-10 14:04,승,앙드레 오나나,GK,9,5.8,0,0,0,0,0,0,0,0,0,0,0,0,4,4,100,0,2,2,33,1,1,0,0,0,0,0,0,0,0,0,0
918,2026-04-10 14:04,승,로빈 고젠스,??,11,5.9,0,0,0,0,0,0,0,0,0,0,0,0,8,6,75,0,3,3,93,2,1,1,0,0,0,0,0,0,0,0,0
919,2026-04-10 14:04,승,M. 브로조비치,LDM,9,7.7,0,1,0,0,0,0,0,0,0,0,0,0,25,23,92,0,14,13,176,5,3,0,0,0,0,2,0,0,0,0,0
920,2026-04-10 14:04,승,마테오 다르미안,LWB,9,7,0,0,0,0,0,0,0,0,0,0,0,0,4,4,100,0,3,3,61,2,2,0,0,2,2,0,0,2,0,0,0
921,2026-04-10 13:49,패,라울 벨라노바,RM,9,6.4,0,0,0,0,0,0,0,0,0,0,0,0,11,10,90.9,0,3,3,52,3,3,4,0,2,0,0,0,0,0,0,0
922,2026-04-10 13:49,패,로빈 고젠스,LM,11,7,0,1,1,1,0,0,0,0,0,0,0,0,5,5,100,0,3,3,134,3,3,2,0,1,1,0,0,1,0,0,0
923,2026-04-10 13:49,패,덴젤 둠프리스,CB,8,5.8,0,0,0,0,0,0,0,0,0,0,0,0,6,6,100,0,3,3,27,1,1,1,0,1,0,2,1,1,0,0,0
924,2026-04-10 13:49,패,헨릭 미키타리안,LF,10,6.4,0,0,0,0,0,0,0,0,0,0,0,0,12,9,75,0,8,8,153,3,0,1,0,0,0,0,0,0,0,0,0
925,2026-04-10 13:49,패,파트리크 비에이라,RDM,9,5.7,0,0,0,0,0,0,0,0,0,0,0,0,5,5,100,0,3,3,91,1,1,1,0,0,0,0,0,0,0,0,0
926,2026-04-10 13:49,패,마르쿠스 튀람,LW,9,7,1,0,2,1,0,0,0,0,0,0,0,0,8,8,100,0,6,4,144,4,0,1,1,0,0,0,0,0,0,0,0
927,2026-04-10 13:49,패,앙드레 오나나,GK,9,6.6,0,0,0,0,0,0,0,0,0,0,0,0,3,3,100,0,2,2,37,1,1,0,0,0,0,0,0,0,0,0,0
928,2026-04-10 13:49,패,하칸 찰하놀루,RCM,9,6.8,0,0,0,0,0,0,0,0,0,0,0,0,16,16,100,0,9,9,147,1,1,0,0,0,0,0,0,0,0,0,0
929,2026-04-10 13:49,패,마이콘,LDM,9,6.8,0,0,0,0,0,0,0,0,0,0,0,0,24,22,91.7,0,18,17,298,4,1,1,0,0,0,0,0,0,0,0,0
930,2026-04-10 13:49,패,루이스 피구,RF,9,5.4,0,0,1,0,0,0,0,0,0,0,0,0,11,6,54.5,0,8,7,266,8,1,4,1,0,0,1,0,0,0,0,0
931,2026-04-10 13:49,패,M. 브로조비치,LCM,9,5.6,0,0,0,0,0,0,0,0,0,0,0,0,14,13,92.9,0,8,8,63,0,0,1,0,1,0,1,0,0,0,0,0
932,2026-04-10 13:36,승,M. 브로조비치,LCM,9,6.8,0,0,1,1,0,0,0,0,0,0,0,0,17,16,94.1,0,10,8,90,5,3,1,1,1,0,1,0,0,0,0,0
933,2026-04-10 13:36,승,앙드레 오나나,GK,9,6.9,0,0,0,0,0,0,0,0,0,0,0,0,6,4,66.7,0,0,0,0,5,3,0,0,0,0,0,0,0,0,0,0
934,2026-04-10 13:36,승,하칸 찰하놀루,RCM,9,6.6,1,0,1,1,0,0,0,0,0,0,0,0,15,13,86.7,0,8,6,64,6,1,0,0,0,0,1,0,0,0,0,0
935,2026-04-10 13:36,승,헨릭 미키타리안,LS,10,8.6,0,2,2,0,0,0,0,0,0,0,0,0,17,16,94.1,0,9,9,558,4,2,3,1,0,0,2,0,0,0,0,0
936,2026-04-10 13:36,승,애슐리 영,RWB,9,5.7,0,0,0,0,0,0,0,0,0,0,0,0,1,1,100,0,1,0,0,1,0,0,0,0,0,0,0,0,0,0,0
937,2026-04-10 13:36,승,라울 벨라노바,??,9,6.8,0,1,0,0,0,0,0,0,0,0,0,0,6,6,100,0,3,3,220,0,0,0,0,0,0,0,0,0,0,0,0
938,2026-04-10 13:36,승,덴젤 둠프리스,RCB,8,6,0,0,0,0,0,0,0,0,0,0,0,0,10,10,100,0,9,9,125,2,2,1,0,3,2,0,0,2,0,0,0
939,2026-04-10 13:36,승,파트리크 비에이라,LCB,9,5.9,0,0,0,0,0,0,0,0,0,0,0,0,8,6,75,0,4,3,31,4,2,2,1,2,1,2,0,1,0,0,0
940,2026-04-10 13:36,승,마이콘,??,9,6.5,0,0,0,0,0,0,0,0,0,0,0,0,21,16,76.2,0,10,10,100,5,1,0,0,1,1,1,0,1,0,0,0
941,2026-04-10 13:36,승,로빈 고젠스,??,11,7.6,0,1,0,0,0,0,0,0,0,0,0,0,14,13,92.9,0,9,9,271,5,4,3,0,0,0,0,0,0,0,0,0
942,2026-04-10 13:36,승,마르쿠스 튀람,LW,9,8.7,3,0,6,4,0,0,0,0,0,0,0,0,18,18,100,0,8,6,130,9,2,6,2,0,0,1,0,0,0,0,0
943,2026-04-10 13:36,승,마테오 다르미안,LWB,9,4.1,0,0,0,0,0,0,0,0,0,0,0,0,2,0,0,0,2,0,38,3,1,0,0,1,0,1,0,0,0,0,0
944,2026-04-10 13:36,승,하비에르 사네티,CDM,10,6.5,0,0,0,0,0,0,0,0,0,0,0,0,4,4,100,0,1,1,7,0,0,0,0,0,0,0,0,0,0,0,0
945,2026-04-10 13:36,승,루이스 피구,RW,9,6.9,0,0,0,0,0,0,0,0,0,0,0,0,12,10,83.3,0,8,7,180,4,2,1,0,0,0,1,0,0,0,0,0
946,2026-04-10 13:17,승,파트리크 비에이라,LCB,9,7.3,0,0,0,0,0,0,0,0,0,0,0,0,9,8,88.9,0,7,7,58,5,4,2,0,2,1,1,0,1,0,0,0
947,2026-04-10 13:17,승,헨릭 미키타리안,LM,10,7.9,0,1,0,0,0,0,0,0,0,0,0,0,15,13,86.7,0,10,10,221,3,1,0,0,1,1,1,0,1,0,0,0
948,2026-04-10 13:17,승,앙드레 오나나,GK,9,6.1,0,0,0,0,0,0,0,0,0,0,0,0,3,2,66.7,0,0,0,0,2,1,0,0,0,0,0,0,0,0,0,0
949,2026-04-10 13:17,승,라울 벨라노바,RB,9,6.3,0,0,0,0,0,0,0,0,0,0,0,0,6,6,100,0,3,3,34,1,1,0,0,0,0,1,0,0,0,0,0
950,2026-04-10 13:17,승,하칸 찰하놀루,RDM,9,6.7,0,0,0,0,0,0,0,0,0,0,0,0,18,17,94.4,0,11,10,132,3,1,0,0,4,1,0,0,1,0,0,0
951,2026-04-10 13:17,승,마이콘,CB,9,6.9,0,0,0,0,0,0,0,0,0,0,0,0,19,19,100,0,15,13,181,5,1,0,0,3,1,2,0,1,0,0,0
952,2026-04-10 13:17,승,루이스 피구,RM,9,7.6,0,1,0,0,0,0,0,0,0,0,0,0,8,7,87.5,0,6,6,145,3,2,0,0,1,0,0,0,0,0,0,0
953,2026-04-10 13:17,승,M. 브로조비치,LDM,9,6.4,0,0,0,0,0,0,0,0,0,0,0,0,23,20,87,0,9,9,75,6,3,0,0,1,1,1,0,1,0,0,0
954,2026-04-10 13:17,승,덴젤 둠프리스,RCB,8,6.1,0,0,0,0,0,0,0,0,0,0,0,0,4,4,100,0,2,2,8,2,2,1,0,2,1,1,1,2,0,1,0
955,2026-04-10 13:17,승,로빈 고젠스,LB,11,6.8,0,0,0,0,0,0,0,0,0,0,0,0,10,10,100,0,5,5,78,1,1,2,1,0,0,3,1,1,0,0,0
956,2026-04-10 13:17,승,마르쿠스 튀람,CF,9,8.3,2,0,3,3,0,0,0,0,0,0,0,0,15,13,86.7,0,14,9,160,9,1,2,1,0,0,0,0,0,0,0,0
957,2026-04-09 14:52,승,헨릭 미키타리안,LM,10,8.3,0,1,0,0,0,0,0,0,0,0,0,0,10,9,90,0,8,7,353,3,1,0,0,0,0,1,0,0,0,0,0
958,2026-04-09 14:52,승,파트리크 비에이라,LCB,9,5.1,0,0,0,0,0,0,0,0,0,0,0,0,3,2,66.7,0,3,3,33,4,3,0,0,0,0,2,0,0,0,0,0
959,2026-04-09 14:52,승,루이스 피구,RM,9,6.6,0,0,0,0,0,0,0,0,0,0,0,0,10,9,90,0,7,5,145,6,3,1,0,0,0,0,0,0,0,0,0
960,2026-04-09 14:52,승,라울 벨라노바,RB,9,6.7,0,0,1,0,0,0,0,0,0,0,0,0,12,9,75,0,5,5,183,8,4,1,0,1,0,1,0,0,0,0,0
961,2026-04-09 14:52,승,M. 브로조비치,LDM,9,8.1,0,2,0,0,0,0,0,0,0,0,0,0,19,17,89.5,0,12,10,136,5,2,0,0,0,0,0,0,0,0,0,0
962,2026-04-09 14:52,승,마이콘,CB,9,8.1,1,0,1,1,0,0,0,0,0,0,0,0,21,20,95.2,0,15,14,106,7,4,1,0,2,2,1,0,2,0,0,0
963,2026-04-09 14:52,승,로빈 고젠스,LB,11,6.6,0,0,0,0,0,0,0,0,0,0,0,0,6,5,83.3,0,2,1,39,3,1,3,0,1,1,1,1,2,0,0,0
964,2026-04-09 14:52,승,마르쿠스 튀람,CF,9,8.5,2,0,3,3,0,0,0,0,0,0,0,0,19,17,89.5,0,11,9,83,7,1,2,0,0,0,0,0,0,0,0,0
965,2026-04-09 14:52,승,하칸 찰하놀루,RDM,9,7.4,1,0,1,1,0,0,0,0,0,0,0,0,15,12,80,0,11,9,203,7,2,0,0,0,0,0,0,0,0,0,0
966,2026-04-09 14:52,승,덴젤 둠프리스,RCB,8,6.6,0,0,0,0,0,0,0,0,0,0,0,0,9,9,100,0,7,5,106,5,4,2,0,2,1,1,0,1,0,0,1
967,2026-04-09 14:52,승,앙드레 오나나,GK,9,7.3,0,0,0,0,0,0,0,0,0,0,0,0,4,3,75,0,2,2,18,1,0,0,0,0,0,0,0,0,0,0,0
968,2026-04-09 14:39,승,라울 벨라노바,RWB,9,6.8,0,0,0,0,0,0,0,0,0,0,0,0,13,12,92.3,0,10,9,194,7,4,0,0,0,0,0,0,0,0,0,0
969,2026-04-09 14:39,승,M. 브로조비치,LCM,9,8.9,1,1,1,1,0,0,0,0,0,0,0,0,16,16,100,0,12,11,105,6,3,2,0,2,2,0,0,2,0,0,0
970,2026-04-09 14:39,승,헨릭 미키타리안,LS,10,6.9,0,0,0,0,0,0,0,0,0,0,0,0,8,8,100,0,4,2,104,2,0,1,0,0,0,1,0,0,0,0,0
971,2026-04-09 14:39,승,루이스 피구,RW,9,7.8,0,1,0,0,0,0,0,0,0,0,0,0,12,9,75,0,5,5,120,5,2,1,0,0,0,0,0,0,0,0,0
972,2026-04-09 14:39,승,파트리크 비에이라,LCB,9,7,0,0,0,0,0,0,0,0,0,0,0,0,15,11,73.3,0,4,4,32,12,8,0,0,1,1,3,1,2,0,0,0
973,2026-04-09 14:39,승,앙드레 오나나,GK,9,7.3,0,0,0,0,0,0,0,0,0,0,0,0,4,3,75,0,1,1,24,2,1,0,0,0,0,0,0,0,0,0,0
974,2026-04-09 14:39,승,하칸 찰하놀루,RCM,9,8.7,2,0,3,2,0,0,0,0,0,0,0,0,14,13,92.9,0,10,9,134,7,1,0,0,0,0,0,0,0,0,0,0
975,2026-04-09 14:39,승,덴젤 둠프리스,RCB,8,6.2,0,0,0,0,0,0,0,0,0,0,0,0,5,4,80,0,1,1,1,3,2,0,0,2,1,1,0,1,0,0,0
976,2026-04-09 14:39,승,마이콘,CDM,9,7.9,0,1,0,0,0,0,0,0,0,0,0,0,19,18,94.7,0,15,13,298,4,2,1,0,1,1,0,0,1,0,0,0
977,2026-04-09 14:39,승,마르쿠스 튀람,LW,9,9.7,2,1,5,4,0,0,0,0,0,0,0,0,17,15,88.2,0,13,11,319,8,1,7,1,1,0,0,0,0,0,0,0
978,2026-04-09 14:39,승,로빈 고젠스,LWB,11,6.9,0,0,0,0,0,0,0,0,0,0,0,0,10,10,100,0,8,8,179,1,1,0,0,0,0,0,0,0,0,0,0
979,2026-04-09 14:27,패,마이콘,??,9,6.9,0,0,1,1,0,0,0,0,0,0,0,0,22,20,90.9,0,9,8,68,7,4,1,1,3,1,0,0,1,0,0,0
980,2026-04-09 14:27,패,마테오 다르미안,LM,9,5.9,0,0,0,0,0,0,0,0,0,0,0,0,5,3,60,0,4,3,123,2,1,1,0,0,0,0,0,0,0,0,0
981,2026-04-09 14:27,패,루이스 피구,??,9,7.5,0,1,0,0,0,0,0,0,0,0,0,0,12,10,83.3,0,5,5,220,4,2,0,0,1,0,0,0,0,0,0,0
982,2026-04-09 14:27,패,앙드레 오나나,??,9,6,0,0,0,0,0,0,0,0,0,0,0,0,3,2,66.7,0,2,2,52,2,1,0,0,0,0,0,0,0,0,0,0
983,2026-04-09 14:27,패,하비에르 사네티,LDM,8,6,0,0,0,0,0,0,0,0,0,0,0,0,7,7,100,0,5,5,110,1,1,0,0,1,0,0,0,0,0,0,0
984,2026-04-09 14:27,패,애슐리 영,RM,9,2.4,0,0,0,0,0,0,0,0,0,0,0,0,1,0,0,0,1,1,9,1,0,0,0,0,0,0,0,0,0,0,0
985,2026-04-09 14:27,패,얀 조머,GK,8,1,0,0,0,0,0,0,0,0,0,0,0,0,1,1,100,0,0,0,0,0,0,0,0,1,0,0,0,0,0,0,0
986,2026-04-09 14:27,패,덴젤 둠프리스,RDM,8,6,0,0,1,0,0,0,0,0,0,0,0,0,12,11,91.7,0,6,6,139,7,5,6,2,0,0,0,0,0,0,0,0
987,2026-04-09 14:27,패,로빈 고젠스,??,11,6.7,0,0,0,0,0,0,0,0,0,0,0,0,11,11,100,0,4,4,109,3,3,0,0,1,1,1,0,1,0,0,0
988,2026-04-09 14:27,패,로베르토 바조,RF,10,5.7,0,0,0,0,0,0,0,0,0,0,0,0,4,3,75,0,2,2,23,1,0,0,0,0,0,0,0,0,0,0,0
989,2026-04-09 14:27,패,파트리크 비에이라,CB,9,5.3,0,0,0,0,0,0,0,0,0,0,0,0,8,7,87.5,0,6,5,89,4,2,1,0,1,1,0,0,1,0,0,0
990,2026-04-09 14:27,패,헨릭 미키타리안,LF,10,7.2,0,1,0,0,0,0,0,0,0,0,0,0,20,17,85,0,13,13,236,4,1,0,0,0,0,0,0,0,0,0,0
991,2026-04-09 14:27,패,M. 브로조비치,LCM,9,6.6,0,0,0,0,0,0,0,0,0,0,0,0,18,16,88.9,0,14,10,89,7,4,0,0,2,2,3,0,2,0,0,0
992,2026-04-09 14:27,패,하칸 찰하놀루,RCM,9,6.8,0,0,0,0,0,0,0,0,0,0,0,0,28,24,85.7,0,13,13,195,6,3,1,0,1,0,1,0,0,0,0,0
993,2026-04-09 14:27,패,마르쿠스 튀람,LW,9,7.6,2,0,4,2,0,0,0,0,0,0,0,0,24,19,79.2,0,13,9,234,11,0,12,1,0,0,0,0,0,0,0,0
994,2026-04-09 14:27,패,라울 벨라노바,??,9,6.5,0,0,0,0,0,0,0,0,0,0,0,0,12,10,83.3,0,8,8,183,5,3,0,0,1,0,1,0,0,0,0,0
995,2026-04-09 14:10,패,M. 브로조비치,LCM,9,7.3,1,0,1,1,0,0,0,0,0,0,0,0,15,13,86.7,0,14,11,220,9,3,1,1,0,0,0,0,0,0,0,0
996,2026-04-09 14:10,패,덴젤 둠프리스,RDM,8,5.9,0,0,0,0,0,0,0,0,0,0,0,0,7,7,100,0,3,3,27,3,3,1,0,3,1,0,0,1,0,0,0
997,2026-04-09 14:10,패,루이스 피구,RF,9,7.1,0,1,0,0,0,0,0,0,0,0,0,0,12,12,100,0,6,3,235,3,1,0,0,0,0,1,0,0,0,0,0
998,2026-04-09 14:10,패,하칸 찰하놀루,RCM,9,4.9,0,0,0,0,0,0,0,0,0,0,0,0,8,8,100,0,3,2,24,2,1,0,0,0,0,0,0,0,0,0,0
999,2026-04-09 14:10,패,파트리크 비에이라,CB,9,5.5,0,0,0,0,0,0,0,0,0,0,0,0,5,5,100,0,2,2,21,3,3,1,0,1,0,1,0,0,0,0,0
1000,2026-04-09 14:10,패,헨릭 미키타리안,LF,10,5.4,0,0,0,0,0,0,0,0,0,0,0,0,11,8,72.7,0,8,5,198,6,0,0,0,1,0,0,0,0,0,0,0
1001,2026-04-09 14:10,패,앙드레 오나나,GK,9,1.4,0,0,0,0,0,0,0,0,0,0,0,0,2,2,100,0,1,1,4,2,1,0,0,0,0,0,0,0,0,0,0
1002,2026-04-09 14:10,패,마르쿠스 튀람,LW,9,6.2,0,0,0,0,0,0,0,0,0,0,0,0,13,12,92.3,0,3,2,32,3,0,3,0,0,0,0,0,0,0,0,0
1003,2026-04-09 14:10,패,마이콘,LDM,9,6.4,0,0,0,0,0,0,0,0,0,0,0,0,15,13,86.7,0,14,13,240,4,2,0,0,4,2,0,0,2,0,0,0
1004,2026-04-09 14:10,패,라울 벨라노바,RM,9,5.8,0,0,0,0,0,0,0,0,0,0,0,0,7,6,85.7,0,4,4,172,3,2,0,0,1,1,0,0,1,0,0,0
1005,2026-04-09 14:10,패,로빈 고젠스,LM,11,5.8,0,0,0,0,0,0,0,0,0,0,0,0,9,7,77.8,0,6,5,74,4,2,1,0,0,0,0,0,0,0,0,0
1006,2026-04-09 13:58,무,마이콘,CDM,9,7.1,0,0,0,0,0,0,0,0,0,0,0,0,29,24,82.8,0,15,15,156,5,1,1,0,1,1,0,0,1,0,0,0
1007,2026-04-09 13:58,무,마르쿠스 튀람,LW,9,7.5,1,0,2,1,0,0,0,0,0,0,0,0,12,12,100,0,11,9,340,4,0,2,1,0,0,0,0,0,0,0,0
1008,2026-04-09 13:58,무,루이스 피구,RW,9,5.6,0,0,0,0,0,0,0,0,0,0,0,0,6,5,83.3,0,3,2,109,1,0,2,0,0,0,0,0,0,0,0,0
1009,2026-04-09 13:58,무,덴젤 둠프리스,RCB,8,6.7,0,0,0,0,0,0,0,0,0,0,0,0,11,11,100,0,8,7,70,5,5,0,0,2,2,5,0,2,0,0,0
1010,2026-04-09 13:58,무,로빈 고젠스,LWB,11,5.9,0,0,0,0,0,0,0,0,0,0,0,0,13,13,100,0,4,4,85,4,4,0,0,0,0,0,0,0,0,0,0
1011,2026-04-09 13:58,무,M. 브로조비치,LCM,9,7.8,0,1,1,1,0,0,0,0,0,0,0,0,27,24,88.9,0,15,14,213,8,3,0,0,3,0,2,1,1,0,0,0
1012,2026-04-09 13:58,무,헨릭 미키타리안,LS,10,6.7,0,1,0,0,0,0,0,0,0,0,0,0,9,7,77.8,0,9,8,199,3,0,0,0,0,0,0,0,0,0,0,0
1013,2026-04-09 13:58,무,파트리크 비에이라,LCB,9,6.5,0,0,0,0,0,0,0,0,0,0,0,0,11,9,81.8,0,7,7,91,6,4,0,0,1,1,0,0,1,0,0,0
1014,2026-04-09 13:58,무,라울 벨라노바,RWB,9,5.9,0,0,0,0,0,0,0,0,0,0,0,0,7,6,85.7,0,2,2,47,5,3,0,0,0,0,0,0,0,0,0,0
1015,2026-04-09 13:58,무,하칸 찰하놀루,RCM,9,7,1,0,1,1,0,0,0,0,0,0,0,0,17,16,94.1,0,9,6,86,6,1,1,0,0,0,0,0,0,0,0,0
1016,2026-04-09 13:58,무,얀 조머,GK,8,6.2,0,0,0,0,0,0,0,0,0,0,0,0,5,5,100,0,0,0,0,1,1,0,0,0,0,0,0,0,0,0,0
1017,2026-04-09 13:47,패,얀 조머,GK,8,5.1,0,0,0,0,0,0,0,0,0,0,0,0,3,3,100,0,0,0,0,0,0,0,0,0,0,0,0,0,0,0,0
1018,2026-04-09 13:47,패,덴젤 둠프리스,RDM,8,5.4,0,0,0,0,0,0,0,0,0,0,0,0,11,11,100,0,6,6,76,2,2,0,0,0,0,1,0,0,0,0,0
1019,2026-04-09 13:47,패,사뮈엘 에토,RF,8,3.8,0,0,0,0,0,0,0,0,0,0,0,0,1,1,100,0,0,0,0,0,0,0,0,0,0,0,0,0,0,0,0
1020,2026-04-09 13:47,패,하비에르 사네티,LDM,8,5.3,0,0,0,0,0,0,0,0,0,0,0,0,3,3,100,0,3,3,20,1,1,0,0,0,0,0,0,0,0,0,0
1021,2026-04-09 13:47,패,로베르토 바조,LF,10,1,0,0,0,0,0,0,0,0,0,0,0,0,0,0,0,0,1,0,6,0,0,0,0,0,0,0,0,0,0,0,0
1022,2026-04-09 13:47,패,루이스 피구,??,9,7.1,0,1,0,0,0,0,0,0,0,0,0,0,9,7,77.8,0,4,3,208,3,0,0,0,0,0,0,0,0,0,0,0
1023,2026-04-09 13:47,패,라울 벨라노바,??,9,7.2,1,0,1,1,0,0,0,0,0,0,0,0,6,6,100,0,5,5,268,1,0,1,1,0,0,0,0,0,0,0,0
1024,2026-04-09 13:47,패,마테오 다르미안,LM,9,1,0,0,0,0,0,0,0,0,0,0,0,0,0,0,0,0,0,0,0,0,0,0,0,0,0,0,0,0,0,0,0
1025,2026-04-09 13:47,패,로빈 고젠스,??,11,5.3,0,0,0,0,0,0,0,0,0,0,0,0,7,5,71.4,0,1,1,14,4,2,1,0,1,0,2,0,0,0,0,0
1026,2026-04-09 13:47,패,파트리크 비에이라,CB,9,6.9,0,0,0,0,0,0,0,0,0,0,0,0,11,11,100,0,7,7,117,4,4,2,0,3,3,0,0,3,0,0,0
1027,2026-04-09 13:47,패,하칸 찰하놀루,RCM,9,6.1,0,0,0,0,0,0,0,0,0,0,0,0,19,18,94.7,0,9,9,122,4,1,0,0,0,0,0,0,0,0,0,0
1028,2026-04-09 13:47,패,M. 브로조비치,LCM,9,7.4,0,1,0,0,0,0,0,0,0,0,0,0,15,14,93.3,0,5,4,62,2,1,0,0,0,0,0,0,0,0,0,0
1029,2026-04-09 13:47,패,애슐리 영,RM,9,1,0,0,0,0,0,0,0,0,0,0,0,0,0,0,0,0,0,0,0,0,0,0,0,0,0,0,0,0,0,0,0
1030,2026-04-09 13:47,패,마이콘,??,9,6.9,0,0,0,0,0,0,0,0,0,0,0,0,14,13,92.9,0,13,11,112,4,1,0,0,2,1,1,0,1,0,0,0
1031,2026-04-09 13:47,패,헨릭 미키타리안,??,10,7.6,0,1,0,0,0,0,0,0,0,0,0,0,8,8,100,0,5,4,83,0,0,0,0,0,0,1,0,0,0,0,0
1032,2026-04-09 13:47,패,마르쿠스 튀람,LW,9,8.2,2,0,5,4,0,0,0,0,0,0,0,0,14,14,100,0,8,4,201,7,1,2,1,0,0,0,0,0,0,0,0
1033,2026-04-07 21:39,패,M. 브로조비치,LCM,9,7,1,0,1,1,0,0,0,0,0,0,0,0,16,14,87.5,0,3,3,17,4,1,0,0,1,1,0,0,1,0,0,0
1034,2026-04-07 21:39,패,덴젤 둠프리스,RDM,8,5.6,0,0,0,0,0,0,0,0,0,0,0,0,11,9,81.8,0,3,2,28,8,6,0,0,1,1,0,0,1,0,0,0
1035,2026-04-07 21:39,패,얀 조머,GK,8,5.6,0,0,0,0,0,0,0,0,0,0,0,0,2,2,100,0,0,0,0,0,0,0,0,0,0,0,0,0,0,0,0
1036,2026-04-07 21:39,패,마이콘,LDM,9,6.2,0,0,0,0,0,0,0,0,0,0,0,0,18,16,88.9,0,10,10,192,4,2,1,0,3,1,1,0,1,0,0,0
1037,2026-04-07 21:39,패,라울 벨라노바,RM,9,6.9,0,1,0,0,0,0,0,0,0,0,0,0,13,10,76.9,0,6,6,145,5,2,1,0,0,0,0,0,0,0,0,0
1038,2026-04-07 21:39,패,파트리크 비에이라,CB,9,5.1,0,0,0,0,0,0,0,0,0,0,0,0,10,10,100,0,1,1,7,1,1,0,0,0,0,1,0,0,0,0,0
1039,2026-04-07 21:39,패,헨릭 미키타리안,LF,10,6.1,0,0,0,0,0,0,0,0,0,0,0,0,17,14,82.4,0,6,6,78,2,0,1,0,0,0,0,0,0,0,0,0
1040,2026-04-07 21:39,패,하칸 찰하놀루,RCM,9,8,1,0,2,1,0,0,0,0,0,0,0,0,20,19,95,0,9,9,131,6,3,4,0,1,0,0,0,0,0,0,0
1041,2026-04-07 21:39,패,루이스 피구,RF,9,6.1,0,0,0,0,0,0,0,0,0,0,0,0,13,9,69.2,0,10,8,235,6,1,1,0,1,0,0,0,0,0,0,0
1042,2026-04-07 21:39,패,마르쿠스 튀람,LW,9,8.7,2,0,4,4,0,0,0,0,0,0,0,0,20,20,100,0,11,8,125,6,1,3,0,1,1,0,0,1,0,0,0
1043,2026-04-07 21:39,패,로빈 고젠스,LM,11,6.7,0,1,0,0,0,0,0,0,0,0,0,0,10,10,100,0,11,8,218,4,1,0,0,1,0,0,0,0,0,0,0
1044,2026-04-07 21:25,패,루이스 피구,RF,9,7.7,1,0,1,1,0,0,0,0,0,0,0,0,13,11,84.6,0,10,8,99,7,3,0,0,1,1,0,0,1,0,0,0
1045,2026-04-07 21:25,패,라울 벨라노바,RM,9,5.5,0,0,0,0,0,0,0,0,0,0,0,0,11,10,90.9,0,6,4,173,4,1,0,0,0,0,0,0,0,0,0,0
1046,2026-04-07 21:25,패,헨릭 미키타리안,LF,10,8.9,1,2,1,1,0,0,0,0,0,0,0,0,19,18,94.7,0,11,9,127,3,0,2,1,0,0,0,0,0,0,0,0
1047,2026-04-07 21:25,패,하칸 찰하놀루,RCM,9,6.9,0,0,0,0,0,0,0,0,0,0,0,0,27,23,85.2,0,17,15,196,10,4,1,0,4,1,0,0,1,0,0,0
1048,2026-04-07 21:25,패,M. 브로조비치,LCM,9,7,0,0,0,0,0,0,0,0,0,0,0,0,28,28,100,0,16,16,299,2,2,0,0,2,1,0,0,1,0,0,0
1049,2026-04-07 21:25,패,로빈 고젠스,LM,11,8,0,1,0,0,0,0,0,0,0,0,0,0,16,15,93.8,0,12,11,247,4,2,0,0,0,0,0,0,0,0,0,0
1050,2026-04-07 21:25,패,덴젤 둠프리스,RDM,8,5.9,0,0,0,0,0,0,0,0,0,0,0,0,9,9,100,0,3,3,67,2,2,2,0,1,0,1,0,0,0,0,0
1051,2026-04-07 21:25,패,마이콘,LDM,9,6.5,0,0,0,0,0,0,0,0,0,0,0,0,16,14,87.5,0,11,11,86,4,3,1,0,8,4,0,0,4,0,0,0
1052,2026-04-07 21:25,패,마르쿠스 튀람,LW,9,7.7,1,0,3,3,0,0,0,0,0,0,0,0,15,11,73.3,0,5,4,124,8,1,13,1,0,0,0,0,0,0,0,0
1053,2026-04-07 21:25,패,파트리크 비에이라,CB,9,6.1,0,0,0,0,0,0,0,0,0,0,0,0,7,7,100,0,6,6,48,2,2,0,0,3,2,0,0,2,0,0,0
1054,2026-04-07 21:25,패,얀 조머,GK,8,5.6,0,0,0,0,0,0,0,0,0,0,0,0,3,3,100,0,1,1,1,0,0,0,0,2,0,0,0,0,0,0,0
1055,2026-04-07 21:13,패,M. 브로조비치,??,9,6,0,0,0,0,0,0,0,0,0,0,0,0,19,15,78.9,0,9,9,74,3,0,0,0,2,0,0,0,0,0,0,0
1056,2026-04-07 21:13,패,하칸 찰하놀루,??,9,7,0,0,0,0,0,0,0,0,0,0,0,0,28,24,85.7,0,19,18,345,7,2,0,0,1,1,1,0,1,0,0,0
1057,2026-04-07 21:13,패,사뮈엘 에토,LW,8,6.4,0,0,0,0,0,0,0,0,0,0,0,0,1,1,100,0,0,0,0,0,0,0,0,0,0,0,0,0,0,0,0
1058,2026-04-07 21:13,패,하비에르 사네티,RCM,8,1,0,0,0,0,0,0,0,0,0,0,0,0,1,1,100,0,0,0,0,0,0,0,0,0,0,0,0,0,0,0,0
1059,2026-04-07 21:13,패,마테오 다르미안,LCM,9,1,0,0,0,0,0,0,0,0,0,0,0,0,0,0,0,0,0,0,0,0,0,0,0,0,0,0,0,0,0,0,0
1060,2026-04-07 21:13,패,파트리크 비에이라,CB,9,5.3,0,0,0,0,0,0,0,0,0,0,0,0,14,14,100,0,3,3,35,1,1,1,0,0,0,0,0,0,0,0,0
1061,2026-04-07 21:13,패,애슐리 영,RM,9,5,0,0,0,0,0,0,0,0,0,0,0,0,2,2,100,0,2,2,49,0,0,0,0,0,0,0,0,0,0,0,0
1062,2026-04-07 21:13,패,덴젤 둠프리스,RDM,8,5.8,0,0,0,0,0,0,0,0,0,0,0,0,12,12,100,0,6,5,53,2,2,1,0,1,0,0,0,0,0,0,0
1063,2026-04-07 21:13,패,마르쿠스 튀람,??,9,6.5,0,1,2,1,0,0,0,0,0,0,0,0,17,14,82.4,0,13,8,164,9,0,2,1,0,0,0,0,0,0,0,0
1064,2026-04-07 21:13,패,로베르토 바조,RF,10,6,0,0,0,0,0,0,0,0,0,0,0,0,0,0,0,0,0,0,0,0,0,0,0,0,0,0,0,0,0,0,0
1065,2026-04-07 21:13,패,루이스 피구,??,9,8.6,2,0,5,4,0,0,0,0,0,0,0,0,13,12,92.3,0,17,15,270,10,3,0,0,0,0,0,0,0,0,0,0
1066,2026-04-07 21:13,패,로빈 고젠스,LM,11,7.3,0,1,0,0,0,0,0,0,0,0,0,0,15,15,100,0,11,11,246,2,1,0,0,1,1,0,0,1,0,0,0
1067,2026-04-07 21:13,패,얀 조머,GK,8,4.9,0,0,0,0,0,0,0,0,0,0,0,0,5,5,100,0,2,2,59,0,0,0,0,0,0,0,0,0,0,0,0
1068,2026-04-07 21:13,패,라울 벨라노바,??,9,6.4,0,0,0,0,0,0,0,0,0,0,0,0,13,13,100,0,8,8,103,2,2,3,0,2,2,1,0,2,0,0,0
1069,2026-04-07 21:13,패,마이콘,LDM,9,6.5,0,0,0,0,0,0,0,0,0,0,0,0,29,28,96.6,0,18,17,217,7,5,0,0,3,3,1,0,3,0,0,0
1070,2026-04-07 21:13,패,헨릭 미키타리안,LF,10,6.5,0,0,0,0,0,0,0,0,0,0,0,0,14,13,92.9,0,9,9,154,4,3,0,0,0,0,0,0,0,0,0,0
1071,2026-04-07 20:56,승,애슐리 영,RWB,9,2.9,0,0,0,0,0,0,0,0,0,0,0,0,1,1,100,0,0,0,0,0,0,0,0,0,0,0,0,0,0,0,0
1072,2026-04-07 20:56,승,로빈 고젠스,??,11,6.9,0,0,0,0,0,0,0,0,0,0,0,0,16,14,87.5,0,7,7,224,8,6,0,0,1,0,1,0,0,0,0,0
1073,2026-04-07 20:56,승,하비에르 사네티,CDM,8,6.2,0,0,0,0,0,0,0,0,0,0,0,0,3,3,100,0,2,2,6,0,0,0,0,1,1,0,0,1,0,0,0
1074,2026-04-07 20:56,승,사뮈엘 에토,RM,8,4.4,0,0,0,0,0,0,0,0,0,0,0,0,1,1,100,0,0,0,0,0,0,0,0,0,0,1,0,0,0,0,0
1075,2026-04-07 20:56,승,로베르토 바조,LM,10,5.2,0,0,0,0,0,0,0,0,0,0,0,0,3,3,100,0,2,2,36,1,1,0,0,0,0,0,0,0,0,0,0
1076,2026-04-07 20:56,승,라울 벨라노바,??,9,7.7,1,0,1,1,0,0,0,0,0,0,0,0,10,9,90,0,7,7,185,9,5,5,0,2,1,1,0,1,0,0,0
1077,2026-04-07 20:56,승,얀 조머,GK,8,5.4,0,0,0,0,0,0,0,0,0,0,0,0,5,3,60,0,4,4,33,3,1,0,0,0,0,0,0,0,0,0,0
1078,2026-04-07 20:56,승,루이스 피구,??,9,6.4,0,0,0,0,0,0,0,0,0,0,0,0,5,5,100,0,3,3,120,1,0,0,0,0,0,0,0,0,0,0,0
1079,2026-04-07 20:56,승,마이콘,??,9,8.4,0,2,0,0,0,0,0,0,0,0,0,0,15,11,73.3,0,5,5,39,5,2,0,0,3,1,0,0,1,0,0,0
1080,2026-04-07 20:56,승,M. 브로조비치,LDM,9,7,0,0,1,1,0,0,0,0,0,0,0,0,17,15,88.2,0,10,9,153,4,1,0,0,0,0,2,0,0,0,0,0
1081,2026-04-07 20:56,승,파트리크 비에이라,LCB,9,6.1,0,0,1,1,0,0,0,0,0,0,0,0,8,8,100,0,4,4,72,2,2,1,1,2,0,0,0,0,0,0,0
1082,2026-04-07 20:56,승,마테오 다르미안,LWB,9,4.3,0,0,0,0,0,0,0,0,0,0,0,0,2,2,100,0,1,1,25,0,0,0,0,1,0,1,0,0,0,0,0
1083,2026-04-07 20:56,승,하칸 찰하놀루,RDM,9,7.9,0,2,0,0,0,0,0,0,0,0,0,0,13,10,76.9,0,9,8,75,3,1,1,0,1,0,1,0,0,0,0,0
1084,2026-04-07 20:56,승,마르쿠스 튀람,LW,9,9,2,0,4,4,0,0,0,0,0,0,0,0,17,14,82.4,0,12,11,227,10,2,5,1,2,1,1,0,1,0,0,0
1085,2026-04-07 20:56,승,덴젤 둠프리스,RCB,8,6.8,0,0,0,0,0,0,0,0,0,0,0,0,11,10,90.9,0,5,5,50,3,2,1,1,1,1,0,0,1,0,0,0
1086,2026-04-07 20:56,승,헨릭 미키타리안,??,10,7.1,1,0,1,1,0,0,0,0,0,0,0,0,5,5,100,0,2,2,28,1,0,0,0,0,0,1,0,0,0,0,0
1087,2026-04-07 20:41,승,라울 벨라노바,??,9,6,0,0,0,0,0,0,0,0,0,0,0,0,9,9,100,0,7,4,58,2,1,0,0,1,0,1,0,0,0,0,0
1088,2026-04-07 20:41,승,덴젤 둠프리스,RCB,8,6.1,0,0,0,0,0,0,0,0,0,0,0,0,23,20,87,0,9,9,131,6,4,0,0,3,0,2,0,0,0,0,0
1089,2026-04-07 20:41,승,애슐리 영,RWB,9,5.4,0,0,0,0,0,0,0,0,0,0,0,0,2,2,100,0,1,1,4,0,0,0,0,0,0,0,0,0,0,0,0
1090,2026-04-07 20:41,승,얀 조머,GK,8,4.1,0,0,0,0,0,0,0,0,0,0,0,0,2,2,100,0,0,0,0,0,0,0,0,0,0,0,0,0,0,0,0
1091,2026-04-07 20:41,승,M. 브로조비치,??,9,5.7,0,0,0,0,0,0,0,0,0,0,0,0,9,9,100,0,2,2,31,1,0,1,0,0,0,0,0,0,0,0,0
1092,2026-04-07 20:41,승,하칸 찰하놀루,RCM,9,8.9,2,1,2,2,0,0,0,0,0,0,0,0,28,25,89.3,0,13,13,153,7,1,0,0,0,0,0,0,0,0,0,0
1093,2026-04-07 20:41,승,마르쿠스 튀람,LW,9,9.5,3,1,6,4,0,0,0,0,0,0,0,0,25,23,92,0,12,10,203,12,2,2,0,0,0,0,0,0,0,0,0
1094,2026-04-07 20:41,승,마이콘,LCB,9,6,0,0,0,0,0,0,0,0,0,0,0,0,24,20,83.3,0,10,10,81,5,2,1,0,3,1,1,0,1,0,0,0
1095,2026-04-07 20:41,승,루이스 피구,RF,9,8.5,0,2,0,0,0,0,0,0,0,0,0,0,21,21,100,0,14,12,483,7,4,1,0,4,1,0,0,1,0,0,0
1096,2026-04-07 20:41,승,하비에르 사네티,LCM,8,5.7,0,0,0,0,0,0,0,0,0,0,0,0,4,3,75,0,4,3,41,2,1,1,0,0,0,0,0,0,0,0,0
1097,2026-04-07 20:41,승,헨릭 미키타리안,LF,10,5.9,0,0,0,0,0,0,0,0,0,0,0,0,8,7,87.5,0,7,5,120,5,1,0,0,0,0,0,0,0,0,0,0
1098,2026-04-07 20:41,승,파트리크 비에이라,CB,9,5.4,0,0,0,0,0,0,0,0,0,0,0,0,12,11,91.7,0,3,3,29,3,2,0,0,3,1,2,0,1,0,0,0
1099,2026-04-07 20:41,승,로빈 고젠스,??,11,5.6,0,0,0,0,0,0,0,0,0,0,0,0,8,7,87.5,0,5,5,136,1,0,0,0,0,0,0,0,0,0,0,0
1100,2026-04-07 20:41,승,마테오 다르미안,LWB,9,5.8,0,0,0,0,0,0,0,0,0,0,0,0,4,4,100,0,4,4,194,1,1,0,0,0,0,0,0,0,0,0,0
1101,2026-04-07 20:23,승,라울 벨라노바,RWB,9,6.3,0,0,0,0,0,0,0,0,0,0,0,0,8,6,75,0,5,4,118,7,4,0,0,1,1,0,0,1,0,0,0
1102,2026-04-07 20:23,승,덴젤 둠프리스,RCB,8,7.2,0,0,0,0,0,0,0,0,0,0,0,0,4,4,100,0,2,2,5,2,2,1,0,1,1,0,0,1,0,0,0
1103,2026-04-07 20:23,승,마이콘,CDM,9,8.4,0,1,0,0,0,0,0,0,0,0,0,0,19,19,100,0,11,11,131,4,3,1,0,2,1,0,0,1,0,0,0
1104,2026-04-07 20:23,승,루이스 피구,RW,9,6.7,0,0,2,2,0,0,0,0,0,0,0,0,11,10,90.9,0,9,8,78,4,0,0,0,0,0,0,0,0,0,0,0
1105,2026-04-07 20:23,승,파트리크 비에이라,LCB,9,7,0,0,0,0,0,0,0,0,0,0,0,0,7,7,100,0,2,2,40,3,3,1,0,0,0,0,0,0,0,0,0
1106,2026-04-07 20:23,승,마르쿠스 튀람,LW,9,7.7,0,1,1,0,0,0,0,0,0,0,0,0,13,13,100,0,7,5,83,3,0,3,1,0,0,0,0,0,0,0,0
1107,2026-04-07 20:23,승,M. 브로조비치,LCM,9,8.6,2,0,2,2,0,0,0,0,0,0,0,0,16,14,87.5,0,11,10,264,4,0,0,0,0,0,0,0,0,0,0,0
1108,2026-04-07 20:23,승,얀 조머,GK,8,6.7,0,0,0,0,0,0,0,0,0,0,0,0,2,2,100,0,0,0,0,1,1,0,0,0,0,0,0,0,0,0,0
1109,2026-04-07 20:23,승,로빈 고젠스,LWB,11,5.9,0,0,0,0,0,0,0,0,0,0,0,0,9,8,88.9,0,8,6,129,5,2,1,0,2,0,1,0,0,0,0,0
1110,2026-04-07 20:23,승,하칸 찰하놀루,RCM,9,7.9,0,0,1,1,0,0,0,0,0,0,0,0,14,13,92.9,0,9,9,219,2,1,0,0,1,1,2,0,1,0,0,0
1111,2026-04-07 20:23,승,헨릭 미키타리안,LS,10,6.4,0,0,0,0,0,0,0,0,0,0,0,0,6,6,100,0,5,4,150,1,1,0,0,0,0,0,0,0,0,0,0
1112,2026-04-07 20:12,승,얀 조머,GK,8,6.8,0,0,0,0,0,0,0,0,0,0,0,0,2,2,100,0,0,0,0,0,0,0,0,0,0,0,0,0,0,0,0
1113,2026-04-07 20:12,승,마르쿠스 튀람,LW,9,9.2,3,0,3,3,0,0,0,0,0,0,0,0,7,7,100,0,1,1,20,3,0,3,0,0,0,0,0,0,0,0,0
1114,2026-04-07 20:12,승,덴젤 둠프리스,RCB,8,6.1,0,0,0,0,0,0,0,0,0,0,0,0,9,7,77.8,0,6,6,152,6,3,2,0,1,1,0,0,1,0,0,0
1115,2026-04-07 20:12,승,하칸 찰하놀루,RCM,9,7,0,1,0,0,0,0,0,0,0,0,0,0,9,8,88.9,0,7,7,138,1,0,0,0,0,0,0,0,0,0,0,0
1116,2026-04-07 20:12,승,로빈 고젠스,LWB,11,6.4,0,0,0,0,0,0,0,0,0,0,0,0,7,7,100,0,2,2,62,4,3,1,0,2,1,0,0,1,0,0,0
1117,2026-04-07 20:12,승,헨릭 미키타리안,LS,10,7.2,0,0,0,0,0,0,0,0,0,0,0,0,10,8,80,0,5,5,121,5,3,0,0,3,3,0,0,3,0,0,0
1118,2026-04-07 20:12,승,루이스 피구,RW,9,7.1,0,1,0,0,0,0,0,0,0,0,0,0,13,10,76.9,0,11,9,235,6,2,1,0,2,2,0,0,1,0,0,0
1119,2026-04-07 20:12,승,라울 벨라노바,RWB,9,7.5,0,1,0,0,0,0,0,0,0,0,0,0,10,10,100,0,10,9,126,2,2,1,0,0,0,0,0,0,0,0,0
1120,2026-04-07 20:12,승,파트리크 비에이라,CB,9,6.8,0,0,0,0,0,0,0,0,0,0,0,0,11,9,81.8,0,8,7,107,5,3,1,1,2,2,0,0,2,0,0,0
1121,2026-04-07 20:12,승,마이콘,LCB,9,5.6,0,0,0,0,0,0,0,0,0,0,0,0,8,8,100,0,7,5,183,2,0,0,0,1,0,0,0,0,0,0,0
1122,2026-04-07 20:12,승,M. 브로조비치,LCM,9,5.8,0,0,0,0,0,0,0,0,0,0,0,0,11,9,81.8,0,8,7,100,5,1,0,0,1,0,0,0,0,0,0,0
1123,2026-04-07 19:57,승,마이콘,CDM,9,7.7,0,1,0,0,0,0,0,0,0,0,0,0,7,7,100,0,5,5,72,1,1,0,0,0,0,0,0,0,0,0,0
1124,2026-04-07 19:57,승,루이스 피구,RW,9,7.7,1,0,1,1,0,0,0,0,0,0,0,0,3,3,100,0,2,2,63,1,0,0,0,0,0,0,0,0,0,0,0
1125,2026-04-07 19:57,승,마르쿠스 튀람,LW,9,7.7,1,0,1,1,0,0,0,0,0,0,0,0,2,2,100,0,1,1,1,1,0,2,0,0,0,0,0,0,0,0,0
1126,2026-04-07 19:57,승,얀 조머,GK,8,7.5,0,0,0,0,0,0,0,0,0,0,0,0,2,2,100,0,0,0,0,2,2,0,0,0,0,0,0,0,0,0,0
1127,2026-04-07 19:57,승,라울 벨라노바,RWB,9,7,0,0,0,0,0,0,0,0,0,0,0,0,5,4,80,0,4,3,53,2,1,0,0,1,1,0,0,1,0,0,0
1128,2026-04-07 19:57,승,덴젤 둠프리스,RCB,8,7,0,0,0,0,0,0,0,0,0,0,0,0,3,3,100,0,0,0,0,1,1,0,0,0,0,0,0,0,0,0,0
1129,2026-04-07 19:57,승,M. 브로조비치,LCM,9,7.6,0,1,1,0,0,0,0,0,0,0,0,0,7,7,100,0,7,5,124,3,1,0,0,0,0,0,0,0,0,0,0
1130,2026-04-07 19:57,승,헨릭 미키타리안,LS,10,7,0,0,0,0,0,0,0,0,0,0,0,0,2,1,50,0,4,2,97,3,1,0,0,0,0,0,0,0,0,0,0
1131,2026-04-07 19:57,승,로빈 고젠스,LWB,11,7.5,1,0,1,1,0,0,0,0,0,0,0,0,2,2,100,0,2,2,31,2,1,13,0,0,0,0,0,0,0,0,0
1132,2026-04-07 19:57,승,하칸 찰하놀루,RCM,9,7.6,0,0,1,1,0,0,0,0,0,0,0,0,11,9,81.8,0,5,5,81,3,1,0,0,1,0,0,0,0,0,0,0
1133,2026-04-07 19:57,승,파트리크 비에이라,LCB,9,6.2,0,0,0,0,0,0,0,0,0,0,0,0,1,1,100,0,0,0,0,0,0,0,0,1,0,0,0,0,0,0,0
1134,2026-04-07 19:52,패,라울 벨라노바,??,9,6.1,0,0,0,0,0,0,0,0,0,0,0,0,10,8,80,0,7,6,202,4,2,1,0,1,1,0,0,1,0,0,0
1135,2026-04-07 19:52,패,파트리크 비에이라,CB,9,6.3,0,0,0,0,0,0,0,0,0,0,0,0,8,8,100,0,5,4,39,4,4,5,1,4,2,1,1,3,0,0,0
1136,2026-04-07 19:52,패,로베르토 바조,LF,10,6.5,0,0,0,0,0,0,0,0,0,0,0,0,2,2,100,0,2,2,20,1,1,0,0,0,0,0,0,0,0,0,0
1137,2026-04-07 19:52,패,덴젤 둠프리스,RDM,8,5.9,0,0,0,0,0,0,0,0,0,0,0,0,8,7,87.5,0,3,2,36,6,4,3,0,2,1,3,1,2,0,0,0
1138,2026-04-07 19:52,패,마테오 다르미안,RM,9,6.1,0,0,0,0,0,0,0,0,0,0,0,0,8,7,87.5,0,3,3,127,1,1,0,0,0,0,0,0,0,0,0,0
1139,2026-04-07 19:52,패,애슐리 영,LM,9,6.5,0,0,0,0,0,0,0,0,0,0,0,0,2,2,100,0,2,2,22,0,0,0,0,0,0,1,0,0,0,0,0
1140,2026-04-07 19:52,패,사뮈엘 에토,LW,8,6,0,0,1,1,0,0,0,0,0,0,0,0,1,1,100,0,3,2,76,1,0,3,0,0,0,0,0,0,0,0,0
1141,2026-04-07 19:52,패,루이스 피구,RF,9,6.7,0,0,0,0,0,0,0,0,0,0,0,0,17,15,88.2,0,11,11,266,2,0,0,0,0,0,0,0,0,0,0,0
1142,2026-04-07 19:52,패,얀 조머,GK,8,6.3,0,0,0,0,0,0,0,0,0,0,0,0,4,4,100,0,2,2,56,2,2,0,0,0,0,0,0,0,0,0,0
1143,2026-04-07 19:52,패,마이콘,LDM,9,7.3,0,1,0,0,0,0,0,0,0,0,0,0,33,28,84.8,0,18,17,245,6,2,2,0,3,0,0,0,0,0,0,0
1144,2026-04-07 19:52,패,하칸 찰하놀루,??,9,7.7,0,2,0,0,0,0,0,0,0,0,0,0,22,20,90.9,0,8,8,63,4,2,6,0,1,0,1,0,0,0,0,0
1145,2026-04-07 19:52,패,마르쿠스 튀람,??,9,9.1,2,0,6,6,0,0,0,0,0,0,0,0,24,24,100,0,10,10,233,4,0,3,1,0,0,0,0,0,0,0,0
1146,2026-04-07 19:52,패,M. 브로조비치,LCM,9,7.6,2,0,2,2,0,0,0,0,0,0,0,0,27,23,85.2,0,14,14,287,6,0,2,1,2,1,0,0,1,0,0,0
1147,2026-04-07 19:52,패,로빈 고젠스,??,11,7.3,1,0,1,1,0,0,0,0,0,0,0,0,13,10,76.9,0,5,5,103,7,4,3,1,0,0,0,0,0,0,0,0
1148,2026-04-07 19:52,패,헨릭 미키타리안,??,10,6.9,0,1,0,0,0,0,0,0,0,0,0,0,10,8,80,0,8,7,267,4,0,0,0,0,0,1,0,0,0,0,0
1149,2026-04-07 19:52,패,하비에르 사네티,RCM,8,3,0,0,0,0,0,0,0,0,0,0,0,0,2,2,100,0,1,0,6,1,0,0,0,0,0,0,0,0,0,0,0
1150,2026-04-07 19:34,승,루이스 피구,RW,9,7.5,0,0,1,1,0,0,0,0,0,0,0,0,9,7,77.8,0,6,6,169,4,2,0,0,1,1,0,0,1,0,0,0
1151,2026-04-07 19:34,승,덴젤 둠프리스,RCB,8,7.2,0,0,0,0,0,0,0,0,0,0,0,0,5,5,100,0,3,3,34,1,1,1,0,0,0,0,0,0,0,0,0
1152,2026-04-07 19:34,승,얀 조머,GK,8,6.4,0,0,0,0,0,0,0,0,0,0,0,0,2,2,100,0,1,1,50,0,0,0,0,0,0,0,0,0,0,0,0
1153,2026-04-07 19:34,승,파트리크 비에이라,LCB,9,7.8,0,0,0,0,0,0,0,0,0,0,0,0,2,2,100,0,0,0,0,1,1,0,0,3,3,0,0,3,0,0,0
1154,2026-04-07 19:34,승,라울 벨라노바,RWB,9,7,0,0,0,0,0,0,0,0,0,0,0,0,4,4,100,0,2,2,43,2,2,0,0,1,1,0,0,1,0,0,0
1155,2026-04-07 19:34,승,로빈 고젠스,LWB,11,6.5,0,0,0,0,0,0,0,0,0,0,0,0,4,4,100,0,0,0,0,1,1,0,0,0,0,0,0,0,0,0,0
1156,2026-04-07 19:34,승,하칸 찰하놀루,RCM,9,8.4,0,2,0,0,0,0,0,0,0,0,0,0,10,9,90,0,9,8,262,3,1,0,0,1,0,0,0,0,0,0,0
1157,2026-04-07 19:34,승,M. 브로조비치,LCM,9,8.1,1,0,1,1,0,0,0,0,0,0,0,0,13,12,92.3,0,5,5,59,6,3,0,0,0,0,0,0,0,0,0,0
1158,2026-04-07 19:34,승,헨릭 미키타리안,LS,10,7.8,1,0,1,1,0,0,0,0,0,0,0,0,5,5,100,0,3,3,43,1,0,3,1,0,0,0,0,0,0,0,0
1159,2026-04-07 19:34,승,마르쿠스 튀람,LW,9,8.3,1,1,1,1,0,0,0,0,0,0,0,0,11,8,72.7,0,7,4,55,8,1,2,1,1,0,0,0,0,0,0,0
1160,2026-04-07 19:34,승,마이콘,CDM,9,7.3,0,0,0,0,0,0,0,0,0,0,0,0,9,9,100,0,4,4,45,2,2,0,0,1,2,1,0,2,0,0,0
1161,2026-04-07 19:27,승,루이스 피구,RW,9,8.7,0,2,0,0,0,0,0,0,0,0,0,0,6,6,100,0,4,4,189,4,3,1,1,1,1,1,0,1,0,0,0
1162,2026-04-07 19:27,승,하칸 찰하놀루,RCM,9,8.3,1,0,1,1,0,0,0,0,0,0,0,0,12,10,83.3,0,3,3,34,4,1,0,0,1,0,0,0,0,0,0,0
1163,2026-04-07 19:27,승,마르쿠스 튀람,LW,9,9.7,4,0,7,5,0,0,0,0,0,0,0,0,8,8,100,0,11,6,408,12,1,5,0,2,2,0,0,2,0,0,0
1164,2026-04-07 19:27,승,헨릭 미키타리안,LS,10,7.4,0,0,0,0,0,0,0,0,0,0,0,0,13,12,92.3,0,10,8,447,2,0,0,0,1,1,0,0,1,0,0,0
1165,2026-04-07 19:27,승,얀 조머,GK,8,6.8,0,0,0,0,0,0,0,0,0,0,0,0,2,2,100,0,1,1,34,1,1,0,0,0,0,0,0,0,0,0,0
1166,2026-04-07 19:27,승,M. 브로조비치,LCM,9,7.2,0,0,1,1,0,0,0,0,0,0,0,0,12,11,91.7,0,6,6,94,2,1,1,0,0,0,0,0,0,0,0,0
1167,2026-04-07 19:27,승,덴젤 둠프리스,RCB,8,6.4,0,0,0,0,0,0,0,0,0,0,0,0,3,3,100,0,0,0,0,0,0,0,0,1,1,0,0,1,0,0,0
1168,2026-04-07 19:27,승,라울 벨라노바,RWB,9,7,0,0,0,0,0,0,0,0,0,0,0,0,5,5,100,0,3,3,48,1,1,2,0,0,0,0,0,0,0,0,0
1169,2026-04-07 19:27,승,로빈 고젠스,LWB,11,6.7,0,0,0,0,0,0,0,0,0,0,0,0,11,11,100,0,7,7,110,2,2,0,0,2,1,1,0,1,0,0,0
1170,2026-04-07 19:27,승,마이콘,CDM,9,9.2,0,3,0,0,0,0,0,0,0,0,0,0,15,15,100,0,8,8,94,3,3,2,0,2,2,0,0,2,0,0,0
1171,2026-04-07 19:27,승,파트리크 비에이라,LCB,9,6.7,0,0,0,0,0,0,0,0,0,0,0,0,8,8,100,0,3,3,19,2,2,4,1,0,0,1,0,0,0,0,0
1172,2026-04-07 18:54,패,마르쿠스 튀람,LW,9,9.7,2,2,3,2,0,0,0,0,0,0,0,0,17,16,94.1,0,13,12,202,9,3,1,0,0,0,0,0,0,0,0,0
1173,2026-04-07 18:54,패,M. 브로조비치,LCM,9,6.1,0,0,0,0,0,0,0,0,0,0,0,0,13,13,100,0,9,9,154,0,0,0,0,1,0,1,0,0,0,0,0
1174,2026-04-07 18:54,패,루이스 피구,RF,9,8.2,2,0,2,2,0,0,0,0,0,0,0,0,10,8,80,0,10,7,116,6,0,0,0,0,0,0,0,0,0,0,0
1175,2026-04-07 18:54,패,마이콘,LDM,9,6,0,0,0,0,0,0,0,0,0,0,0,0,15,13,86.7,0,10,9,157,3,1,0,0,1,0,0,0,0,0,0,0
1176,2026-04-07 18:54,패,덴젤 둠프리스,RDM,8,5.5,0,0,0,0,0,0,0,0,0,0,0,0,9,9,100,0,5,5,108,1,1,0,0,2,1,0,0,1,0,0,0
1177,2026-04-07 18:54,패,로빈 고젠스,LM,11,5.6,0,0,0,0,0,0,0,0,0,0,0,0,8,7,87.5,0,4,4,77,2,1,4,0,0,0,0,0,0,0,0,0
1178,2026-04-07 18:54,패,하칸 찰하놀루,RCM,9,6,0,0,0,0,0,0,0,0,0,0,0,0,19,16,84.2,0,9,9,94,5,2,0,0,1,0,0,0,0,0,0,0
1179,2026-04-07 18:54,패,얀 조머,GK,8,6.3,0,0,0,0,0,0,0,0,0,0,0,0,4,4,100,0,0,0,0,1,1,0,0,1,0,0,0,0,0,0,0
1180,2026-04-07 18:54,패,파트리크 비에이라,CB,9,5.9,0,0,1,0,0,0,0,0,0,0,0,0,13,12,92.3,0,10,9,131,6,3,0,0,3,1,2,0,1,0,0,0
1181,2026-04-07 18:54,패,헨릭 미키타리안,LF,10,7.3,0,1,0,0,0,0,0,0,0,0,0,0,13,13,100,0,4,4,104,0,0,0,0,1,0,0,0,0,0,0,0
1182,2026-04-07 18:54,패,라울 벨라노바,RM,9,5.3,0,0,0,0,0,0,0,0,0,0,0,0,4,4,100,0,1,1,49,1,1,1,0,1,0,0,0,0,0,0,0
1183,2026-04-07 18:41,패,로빈 고젠스,LM,11,5.5,0,0,0,0,0,0,0,0,0,0,0,0,6,5,83.3,0,6,5,42,2,1,0,0,1,0,1,0,0,0,0,0
1184,2026-04-07 18:41,패,헨릭 미키타리안,LF,10,6.4,0,0,0,0,0,0,0,0,0,0,0,0,9,7,77.8,0,7,6,233,4,1,0,0,2,2,0,0,2,0,0,0
1185,2026-04-07 18:41,패,라울 벨라노바,RM,9,6.2,0,0,0,0,0,0,0,0,0,0,0,0,7,6,85.7,0,6,5,184,3,2,0,0,1,1,1,0,1,0,0,0
1186,2026-04-07 18:41,패,하칸 찰하놀루,RCM,9,7.1,0,1,1,1,0,0,0,0,0,0,0,0,12,11,91.7,0,8,8,45,2,0,0,0,1,1,0,0,1,0,0,0
1187,2026-04-07 18:41,패,얀 조머,GK,8,3.6,0,0,0,0,0,0,0,0,0,0,0,0,1,0,0,0,0,0,0,1,0,0,0,0,0,0,0,0,0,0,0
1188,2026-04-07 18:41,패,덴젤 둠프리스,RDM,8,7.7,1,0,1,1,0,0,0,0,0,0,0,0,10,9,90,0,4,4,42,5,4,3,3,1,1,1,0,1,0,0,0
1189,2026-04-07 18:41,패,M. 브로조비치,LCM,9,6.2,0,0,0,0,0,0,0,0,0,0,0,0,16,13,81.2,0,10,8,129,10,4,0,0,2,1,1,0,0,0,0,0
1190,2026-04-07 18:41,패,마이콘,LDM,9,6.5,0,0,0,0,0,0,0,0,0,0,0,0,10,10,100,0,5,4,21,1,1,0,0,1,1,2,0,1,0,0,0
1191,2026-04-07 18:41,패,파트리크 비에이라,CB,9,5.9,0,0,0,0,0,0,0,0,0,0,0,0,12,12,100,0,5,5,78,2,2,1,0,3,0,0,0,0,0,0,0
1192,2026-04-07 18:41,패,마르쿠스 튀람,LW,9,6.2,0,0,1,1,0,0,0,0,0,0,0,0,13,12,92.3,0,7,4,45,4,0,8,0,1,0,0,0,0,0,0,0
1193,2026-04-07 18:41,패,루이스 피구,RF,9,5.9,0,0,0,0,0,0,0,0,0,0,0,0,8,6,75,0,2,2,5,3,1,1,0,0,0,0,0,0,0,0,0
1194,2026-04-07 18:18,패,라울 벨라노바,RWB,9,6.1,0,0,0,0,0,0,0,0,0,0,0,0,12,11,91.7,0,9,9,299,2,1,0,0,0,0,0,0,0,0,0,0
1195,2026-04-07 18:18,패,마르쿠스 튀람,LW,9,8.5,2,0,2,2,0,0,0,0,0,0,0,0,19,18,94.7,0,10,7,223,5,0,2,0,0,0,0,0,0,0,0,0
1196,2026-04-07 18:18,패,마이콘,LCB,9,7.6,0,1,0,0,0,0,0,0,0,0,0,0,21,21,100,0,15,15,144,4,4,0,0,2,1,1,0,1,0,0,0
1197,2026-04-07 18:18,패,로빈 고젠스,LWB,11,5.8,0,0,0,0,0,0,0,0,0,0,0,0,13,11,84.6,0,7,7,206,4,1,0,0,1,0,0,0,0,0,0,0
1198,2026-04-07 18:18,패,하칸 찰하놀루,RCM,9,6.2,0,1,0,0,0,0,0,0,0,0,0,0,17,16,94.1,0,10,7,147,4,1,0,0,0,0,0,0,0,0,0,0
1199,2026-04-07 18:18,패,M. 브로조비치,LCM,9,5.7,0,0,0,0,0,0,0,0,0,0,0,0,21,18,85.7,0,12,12,213,2,1,0,0,2,0,0,0,0,0,0,0
1200,2026-04-07 18:18,패,덴젤 둠프리스,RCB,8,5.6,0,0,0,0,0,0,0,0,0,0,0,0,12,12,100,0,8,8,103,0,0,0,0,1,1,0,0,1,0,0,0
1201,2026-04-07 18:18,패,루이스 피구,RF,9,5.2,0,0,0,0,0,0,0,0,0,0,0,0,13,10,76.9,0,7,6,52,3,0,0,0,0,0,0,0,0,0,0,0
1202,2026-04-07 18:18,패,파트리크 비에이라,CB,9,6.5,0,0,0,0,0,0,0,0,0,0,0,0,16,16,100,0,9,9,131,3,3,0,0,2,1,2,0,1,0,0,0
1203,2026-04-07 18:18,패,헨릭 미키타리안,LF,10,5.8,0,0,0,0,0,0,0,0,0,0,0,0,11,10,90.9,0,5,5,139,1,0,0,0,0,0,0,0,0,0,0,0
1204,2026-04-07 18:18,패,얀 조머,GK,8,4.2,0,0,0,0,0,0,0,0,0,0,0,0,2,2,100,0,0,0,0,1,1,0,0,0,0,0,0,0,0,0,0
1205,2026-04-07 18:04,승,로베르토 바조,LS,10,3.5,0,0,0,0,0,0,0,0,0,0,0,0,4,2,50,0,3,3,18,1,0,0,0,0,0,0,0,0,0,0,0
1206,2026-04-07 18:04,승,마이콘,??,9,7.8,0,0,0,0,0,0,0,0,0,0,0,0,11,10,90.9,0,6,6,108,2,1,0,0,1,1,0,0,1,0,0,0
1207,2026-04-07 18:04,승,헨릭 미키타리안,??,10,7.6,1,0,1,1,0,0,0,0,0,0,0,0,7,5,71.4,0,5,5,58,3,0,1,1,0,0,0,0,0,0,0,0
1208,2026-04-07 18:04,승,M. 브로조비치,LCM,9,6.4,0,0,0,0,0,0,0,0,0,0,0,0,14,13,92.9,0,4,4,43,2,1,1,0,1,0,0,0,0,0,0,0
1209,2026-04-07 18:04,승,하비에르 사네티,CDM,8,5.1,0,0,0,0,0,0,0,0,0,0,0,0,6,4,66.7,0,4,4,94,1,0,0,0,0,0,0,0,0,0,0,0
1210,2026-04-07 18:04,승,마르쿠스 튀람,LW,9,7.5,1,0,1,1,0,0,0,0,0,0,0,0,13,13,100,0,11,9,186,4,1,1,0,0,0,0,0,0,0,0,0
1211,2026-04-07 18:04,승,루이스 피구,??,9,8.6,1,1,1,1,0,0,0,0,0,0,0,0,7,7,100,0,5,5,209,1,0,0,0,0,0,0,0,0,0,0,0
1212,2026-04-07 18:04,승,덴젤 둠프리스,RCB,8,6.6,0,0,0,0,0,0,0,0,0,0,0,0,10,10,100,0,6,6,84,2,2,0,0,0,0,2,0,0,0,0,0
1213,2026-04-07 18:04,승,로빈 고젠스,??,11,7.1,0,0,0,0,0,0,0,0,0,0,0,0,9,8,88.9,0,8,7,397,1,0,0,0,0,0,0,0,0,0,0,0
1214,2026-04-07 18:04,승,하칸 찰하놀루,RCM,9,9.1,1,2,1,1,0,0,0,0,0,0,0,0,21,19,90.5,0,11,11,164,3,0,0,0,1,0,0,0,0,0,0,0
1215,2026-04-07 18:04,승,얀 조머,GK,8,6.6,0,0,0,0,0,0,0,0,0,0,0,0,4,4,100,0,0,0,0,2,2,0,0,0,0,0,0,0,0,0,0
1216,2026-04-07 18:04,승,마테오 다르미안,LWB,9,5.4,0,0,0,0,0,0,0,0,0,0,0,0,2,2,100,0,0,0,0,1,1,0,0,1,1,0,0,1,0,0,0
1217,2026-04-07 18:04,승,애슐리 영,RWB,9,1,0,0,0,0,0,0,0,0,0,0,0,0,0,0,0,0,0,0,0,0,0,0,0,0,0,0,0,0,0,0,0
1218,2026-04-07 18:04,승,사뮈엘 에토,RW,8,1,0,0,0,0,0,0,0,0,0,0,0,0,0,0,0,0,0,0,0,0,0,0,0,0,0,0,0,0,0,0,0
1219,2026-04-07 18:04,승,파트리크 비에이라,LCB,9,7,0,0,0,0,0,0,0,0,0,0,0,0,14,13,92.9,0,7,7,187,5,5,0,0,3,1,0,0,1,0,0,0
1220,2026-04-07 18:04,승,라울 벨라노바,??,9,7.8,0,0,0,0,0,0,0,0,0,0,0,0,11,11,100,0,7,7,158,1,1,0,0,2,1,0,0,1,0,0,0
1221,2026-04-07 17:54,패,로빈 고젠스,??,11,6.8,0,1,0,0,0,0,0,0,0,0,0,0,8,7,87.5,0,5,5,161,0,0,0,0,0,0,1,0,0,0,0,0
1222,2026-04-07 17:54,패,애슐리 영,RM,9,5,0,0,0,0,0,0,0,0,0,0,0,0,2,2,100,0,2,2,8,1,1,0,0,1,0,0,0,0,0,0,0
1223,2026-04-07 17:54,패,마이콘,LDM,9,8,0,1,0,0,0,0,0,0,0,0,0,0,27,25,92.6,0,15,15,129,4,2,4,0,1,1,0,0,1,0,0,0
1224,2026-04-07 17:54,패,얀 조머,GK,8,6.2,0,0,0,0,0,0,0,0,0,0,0,0,1,1,100,0,0,0,0,0,0,0,0,0,0,0,0,0,0,0,0
1225,2026-04-07 17:54,패,마테오 다르미안,LM,9,4.3,0,0,0,0,0,0,0,0,0,0,0,0,3,3,100,0,1,1,0,0,0,0,0,0,0,0,0,0,0,0,0
1226,2026-04-07 17:54,패,마르쿠스 튀람,LW,9,8.7,2,0,4,3,0,0,0,0,0,0,0,0,14,14,100,0,6,5,57,5,0,4,1,0,0,0,0,0,0,0,0
1227,2026-04-07 17:54,패,M. 브로조비치,LCM,9,7.3,0,0,0,0,0,0,0,0,0,0,0,0,29,26,89.7,0,22,19,249,10,4,0,0,1,0,2,0,0,0,0,0
1228,2026-04-07 17:54,패,파트리크 비에이라,CB,9,6.1,0,0,0,0,0,0,0,0,0,0,0,0,17,15,88.2,0,8,8,70,5,3,2,0,0,0,1,0,0,0,0,0
1229,2026-04-07 17:54,패,하칸 찰하놀루,RCM,9,6.1,0,0,0,0,0,0,0,0,0,0,0,0,18,17,94.4,0,15,13,194,4,1,0,0,1,0,0,0,0,0,0,0
1230,2026-04-07 17:54,패,루이스 피구,RF,9,6.4,0,0,0,0,0,0,0,0,0,0,0,0,14,13,92.9,0,10,8,155,5,3,1,0,0,0,0,0,0,0,0,0
1231,2026-04-07 17:54,패,헨릭 미키타리안,LF,10,5.6,0,0,0,0,0,0,0,0,0,0,0,0,8,7,87.5,0,6,4,101,2,0,0,0,1,1,1,0,1,0,0,0
1232,2026-04-07 17:54,패,덴젤 둠프리스,RDM,8,5.9,0,0,0,0,0,0,0,0,0,0,0,0,11,11,100,0,7,7,106,2,2,0,0,2,0,3,0,0,0,0,0
1233,2026-04-07 17:54,패,라울 벨라노바,??,9,6.5,0,0,0,0,0,0,0,0,0,0,0,0,13,12,92.3,0,10,10,103,2,1,0,0,1,0,0,0,0,0,0,0
1234,2026-04-07 17:41,승,얀 조머,GK,8,6.8,0,0,0,0,0,0,0,0,0,0,0,0,3,3,100,0,0,0,0,1,1,0,0,0,0,0,0,0,0,0,0
1235,2026-04-07 17:41,승,마르쿠스 튀람,LW,9,8.9,2,0,3,2,0,0,0,0,0,0,0,0,9,8,88.9,0,8,6,164,6,0,2,1,0,0,0,0,0,0,0,0
1236,2026-04-07 17:41,승,헨릭 미키타리안,LS,10,7.7,0,1,0,0,0,0,0,0,0,0,0,0,8,5,62.5,0,5,5,194,3,0,0,0,0,0,0,0,0,0,0,0
1237,2026-04-07 17:41,승,로빈 고젠스,LWB,11,7.4,0,0,0,0,0,0,0,0,0,0,0,0,6,6,100,0,6,5,94,2,0,0,0,0,0,0,0,0,0,0,0
1238,2026-04-07 17:41,승,하칸 찰하놀루,RCM,9,7.8,0,1,0,0,0,0,0,0,0,0,0,0,11,11,100,0,8,7,200,1,0,0,0,0,0,0,0,0,0,0,0
1239,2026-04-07 17:41,승,파트리크 비에이라,LCB,9,7.2,0,0,0,0,0,0,0,0,0,0,0,0,10,8,80,0,6,6,105,5,4,1,0,0,0,0,0,0,0,0,0
1240,2026-04-07 17:41,승,덴젤 둠프리스,RCB,8,7.5,0,0,0,0,0,0,0,0,0,0,0,0,9,9,100,0,2,2,18,5,4,2,0,2,2,0,0,2,0,0,0
1241,2026-04-07 17:41,승,M. 브로조비치,LCM,9,8.9,1,0,1,1,0,0,0,0,0,0,0,0,15,15,100,0,11,11,144,2,1,0,0,1,1,0,0,1,0,0,0
1242,2026-04-07 17:41,승,마이콘,CDM,9,8,0,1,0,0,0,0,0,0,0,0,0,0,15,14,93.3,0,9,9,93,3,2,0,0,2,0,0,0,0,0,0,0
1243,2026-04-07 17:41,승,라울 벨라노바,RWB,9,7.8,0,0,0,0,0,0,0,0,0,0,0,0,9,8,88.9,0,7,7,139,5,3,0,0,1,1,0,0,1,0,0,0
1244,2026-04-07 17:41,승,루이스 피구,RW,9,7.4,0,0,0,0,0,0,0,0,0,0,0,0,5,5,100,0,4,4,75,1,0,1,0,0,0,0,0,0,0,0,0
1245,2026-04-07 17:33,패,헨릭 미키타리안,LF,10,7,1,0,1,1,0,0,0,0,0,0,0,0,10,6,60,0,7,6,348,4,1,0,0,0,0,0,0,0,0,0,0
1246,2026-04-07 17:33,패,하칸 찰하놀루,RCM,9,7.2,1,0,1,1,0,0,0,0,0,0,0,0,13,13,100,0,11,10,96,6,3,1,0,1,1,1,0,1,0,0,0
1247,2026-04-07 17:33,패,덴젤 둠프리스,RDM,8,5.2,0,0,0,0,0,0,0,0,0,0,0,0,4,4,100,0,2,2,35,4,3,1,0,1,0,1,0,0,0,0,0
1248,2026-04-07 17:33,패,루이스 피구,RF,9,6.5,0,0,1,1,0,0,0,0,0,0,0,0,11,9,81.8,0,5,4,231,4,1,0,0,0,0,1,0,0,0,0,0
1249,2026-04-07 17:33,패,M. 브로조비치,LCM,9,8.3,0,2,0,0,0,0,0,0,0,0,0,0,21,20,95.2,0,15,14,209,5,3,0,0,1,1,0,0,1,0,0,0
1250,2026-04-07 17:33,패,로빈 고젠스,LM,11,5.6,0,0,0,0,0,0,0,0,0,0,0,0,9,7,77.8,0,7,5,97,5,1,1,0,1,0,1,0,0,0,0,0
1251,2026-04-07 17:33,패,라울 벨라노바,RM,9,6,0,0,0,0,0,0,0,0,0,0,0,0,9,8,88.9,0,4,4,37,3,2,0,0,2,0,0,0,0,0,0,0
1252,2026-04-07 17:33,패,파트리크 비에이라,CB,9,5,0,0,0,0,0,0,0,0,0,0,0,0,6,6,100,0,3,3,36,0,0,0,0,1,0,1,0,0,0,0,0
1253,2026-04-07 17:33,패,얀 조머,GK,8,5,0,0,0,0,0,0,0,0,0,0,0,0,1,1,100,0,1,1,3,0,0,0,0,0,0,0,0,0,0,0,0
1254,2026-04-07 17:33,패,마이콘,LDM,9,6.3,0,0,0,0,0,0,0,0,0,0,0,0,24,23,95.8,0,13,12,139,7,3,0,0,5,1,0,0,1,0,0,0
1255,2026-04-07 17:33,패,마르쿠스 튀람,LW,9,8.2,1,0,1,1,0,0,0,0,0,0,0,0,20,19,95,0,9,8,118,3,1,2,0,1,1,0,0,1,0,0,0
1256,2026-04-07 17:21,패,애슐리 영,RM,9,5.5,0,0,0,0,0,0,0,0,0,0,0,0,4,4,100,0,1,1,39,1,1,0,0,0,0,0,0,0,0,0,0
1257,2026-04-07 17:21,패,사뮈엘 에토,RF,8,7.2,1,0,2,2,0,0,0,0,0,0,0,0,3,3,100,0,7,5,129,4,0,2,1,0,0,0,0,0,0,0,0
1258,2026-04-07 17:21,패,루이스 피구,??,9,6.9,1,0,1,1,0,0,0,0,0,0,0,0,8,6,75,0,4,4,37,4,2,0,0,0,0,0,0,0,0,0,0
1259,2026-04-07 17:21,패,마르쿠스 튀람,LW,9,8.4,2,0,4,4,0,0,0,0,0,0,0,0,24,21,87.5,0,14,12,172,7,0,3,0,0,0,0,0,0,0,0,0
1260,2026-04-07 17:21,패,하비에르 사네티,LDM,8,6.5,0,1,0,0,0,0,0,0,0,0,0,0,7,7,100,0,6,6,122,0,0,0,0,1,0,1,0,0,0,0,0
1261,2026-04-07 17:21,패,얀 조머,GK,8,5.5,0,0,0,0,0,0,0,0,0,0,0,0,4,4,100,0,1,1,6,2,2,0,0,1,0,0,0,0,0,0,0
1262,2026-04-07 17:21,패,마테오 다르미안,LM,9,5.2,0,0,0,0,0,0,0,0,0,0,0,0,5,5,100,0,3,3,263,1,1,0,0,0,0,0,0,0,0,0,0
1263,2026-04-07 17:21,패,하칸 찰하놀루,RCM,9,6.2,0,0,0,0,0,0,0,0,0,0,0,0,26,22,84.6,0,17,15,131,7,2,0,0,1,0,0,0,0,0,0,0
1264,2026-04-07 17:21,패,마이콘,??,9,5.9,0,0,0,0,0,0,0,0,0,0,0,0,14,11,78.6,0,8,8,84,5,2,0,0,0,0,0,0,0,0,0,0
1265,2026-04-07 17:21,패,로빈 고젠스,??,11,7.5,0,1,0,0,0,0,0,0,0,0,0,0,14,13,92.9,0,5,5,135,5,4,0,0,2,2,0,0,2,0,0,0
1266,2026-04-07 17:21,패,로베르토 바조,LF,10,6.5,0,0,0,0,0,0,0,0,0,0,0,0,8,7,87.5,0,7,7,95,2,1,0,0,0,0,0,0,0,0,0,0
1267,2026-04-07 17:21,패,M. 브로조비치,LCM,9,6.6,0,1,0,0,0,0,0,0,0,0,0,0,26,24,92.3,0,12,12,108,2,0,0,0,0,0,2,0,0,0,0,0
1268,2026-04-07 17:21,패,파트리크 비에이라,CB,9,5.7,0,0,0,0,0,0,0,0,0,0,0,0,13,13,100,0,10,10,150,1,1,3,0,2,1,1,1,2,0,0,0
1269,2026-04-07 17:21,패,헨릭 미키타리안,??,10,7.5,0,1,0,0,0,0,0,0,0,0,0,0,11,10,90.9,0,4,4,161,1,0,0,0,0,0,0,0,0,0,0,0
1270,2026-04-07 17:21,패,덴젤 둠프리스,RDM,8,6.3,0,0,0,0,0,0,0,0,0,0,0,0,17,16,94.1,0,8,8,106,3,2,0,0,2,2,3,1,3,0,0,0
1271,2026-04-07 17:21,패,라울 벨라노바,??,9,6.1,0,0,0,0,0,0,0,0,0,0,0,0,8,7,87.5,0,7,7,254,2,1,0,0,0,0,1,0,0,0,0,0
1272,2026-04-07 5:27,승,덴젤 둠프리스,RCB,8,6.9,0,0,0,0,0,0,0,0,0,0,0,0,8,8,100,0,2,2,36,3,3,0,0,3,3,0,0,3,0,0,0
1273,2026-04-07 5:27,승,마르쿠스 튀람,CF,9,9.6,3,0,4,3,0,0,0,0,0,0,0,0,15,13,86.7,0,12,10,266,8,1,2,0,1,0,0,0,0,0,0,0
1274,2026-04-07 5:27,승,하칸 찰하놀루,RDM,9,7.3,0,2,1,0,0,0,0,0,0,0,0,0,13,11,84.6,0,10,9,134,4,0,0,0,0,0,1,0,0,0,0,0
1275,2026-04-07 5:27,승,얀 조머,GK,8,7,0,0,0,0,0,0,0,0,0,0,0,0,5,4,80,0,2,2,37,5,4,0,0,0,0,0,0,0,0,0,0
1276,2026-04-07 5:27,승,루이스 피구,RM,9,5.6,0,0,0,0,0,0,0,0,0,0,0,0,6,6,100,0,2,1,16,1,0,0,0,0,0,0,0,0,0,0,0
1277,2026-04-07 5:27,승,로빈 고젠스,LB,11,7.8,0,0,0,0,0,0,0,0,0,0,0,0,17,14,82.4,0,17,15,465,6,3,0,0,5,4,0,0,4,0,0,0
1278,2026-04-07 5:27,승,마이콘,CB,9,7,0,0,0,0,0,0,0,0,0,0,0,0,20,18,90,0,8,8,73,2,0,1,0,0,0,0,0,0,0,0,0
1279,2026-04-07 5:27,승,M. 브로조비치,LDM,9,6.5,0,0,0,0,0,0,0,0,0,0,0,0,20,16,80,0,18,18,256,6,2,1,0,0,0,0,0,0,0,0,0
1280,2026-04-07 5:27,승,파트리크 비에이라,LCB,9,6.7,0,0,0,0,0,0,0,0,0,0,0,0,11,10,90.9,0,5,5,25,8,6,0,0,0,0,3,0,0,0,0,0
1281,2026-04-07 5:27,승,라울 벨라노바,RB,9,5.9,0,0,0,0,0,0,0,0,0,0,0,0,8,8,100,0,6,6,91,1,1,0,0,0,0,0,0,0,0,0,0
1282,2026-04-07 5:27,승,헨릭 미키타리안,LM,10,7.5,0,1,0,0,0,0,0,0,0,0,0,0,14,14,100,0,10,9,179,3,2,2,0,2,0,1,0,0,0,0,0
1283,2026-04-07 5:15,승,헨릭 미키타리안,LF,10,7.6,0,0,0,0,0,0,0,0,0,0,0,0,12,11,91.7,0,9,9,172,2,0,0,0,0,0,0,0,0,0,0,0
1284,2026-04-07 5:15,승,루이스 피구,RF,9,5.6,0,0,1,0,0,0,0,0,0,0,0,0,4,2,50,0,3,3,35,3,0,0,0,0,0,0,0,0,0,0,0
1285,2026-04-07 5:15,승,마이콘,LCB,9,4,0,0,0,0,0,0,0,0,0,0,0,0,5,5,100,0,3,3,21,0,0,0,0,2,0,0,0,0,0,0,0
1286,2026-04-07 5:15,승,파트리크 비에이라,CB,9,5.3,0,0,0,0,0,0,0,0,0,0,0,0,8,6,75,0,5,4,81,4,2,0,0,2,0,0,0,0,0,0,0
1287,2026-04-07 5:15,승,덴젤 둠프리스,RCB,8,6.9,0,0,0,0,0,0,0,0,0,0,0,0,4,4,100,0,2,1,5,2,2,0,0,3,3,0,0,3,0,0,0
1288,2026-04-07 5:15,승,라울 벨라노바,RWB,9,5.4,0,0,0,0,0,0,0,0,0,0,0,0,5,4,80,0,1,1,14,1,1,8,0,2,1,0,0,1,0,0,0
1289,2026-04-07 5:15,승,마르쿠스 튀람,LW,9,6.8,1,0,3,1,0,0,0,0,0,0,0,0,5,4,80,0,5,4,88,3,0,1,0,0,0,0,0,0,0,0,0
1290,2026-04-07 5:15,승,로빈 고젠스,LWB,11,6.7,0,0,0,0,0,0,0,0,0,0,0,0,12,12,100,0,10,10,179,2,2,4,0,1,0,0,0,0,0,0,0
1291,2026-04-07 5:15,승,M. 브로조비치,LCM,9,7,0,1,0,0,0,0,0,0,0,0,0,0,14,13,92.9,0,12,11,159,2,1,0,0,1,0,1,0,0,0,0,0
1292,2026-04-07 5:15,승,얀 조머,GK,8,6.9,0,0,0,0,0,0,0,0,0,0,0,0,4,4,100,0,1,1,48,2,2,0,0,0,0,0,0,0,0,0,0
1293,2026-04-07 5:15,승,하칸 찰하놀루,RCM,9,6,0,0,0,0,0,0,0,0,0,0,0,0,11,10,90.9,0,5,5,67,1,0,0,0,1,0,0,0,0,0,0,0
1294,2026-04-07 5:03,승,마테오 다르미안,LB,9,5.3,0,0,0,0,0,0,0,0,0,0,0,0,0,0,0,0,0,0,0,0,0,0,0,1,0,1,0,0,0,0,0
1295,2026-04-07 5:03,승,마이콘,??,9,6.1,0,0,0,0,0,0,0,0,0,0,0,0,12,10,83.3,0,5,5,77,2,0,0,0,1,1,0,0,1,0,0,0
1296,2026-04-07 5:03,승,하비에르 사네티,CB,8,6.7,0,0,0,0,0,0,0,0,0,0,0,0,2,2,100,0,0,0,0,0,0,0,0,1,1,0,0,1,0,0,0
1297,2026-04-07 5:03,승,라울 벨라노바,??,9,6,0,0,0,0,0,0,0,0,0,0,0,0,11,10,90.9,0,6,6,86,3,2,1,0,1,0,0,0,0,0,0,0
1298,2026-04-07 5:03,승,로빈 고젠스,??,11,6,0,0,0,0,0,0,0,0,0,0,0,0,9,8,88.9,0,4,4,44,1,0,0,0,0,1,0,0,1,0,0,0
1299,2026-04-07 5:03,승,하칸 찰하놀루,RDM,9,8.6,1,2,1,1,0,0,0,0,0,0,0,0,13,10,76.9,0,10,9,147,5,0,1,0,0,0,0,0,0,0,0,0
1300,2026-04-07 5:03,승,얀 조머,GK,8,6.4,0,0,0,0,0,0,0,0,0,0,0,0,4,4,100,0,0,0,0,1,1,0,0,0,0,0,0,0,0,0,0
1301,2026-04-07 5:03,승,애슐리 영,RB,9,6.6,0,0,0,0,0,0,0,0,0,0,0,0,2,2,100,0,1,1,6,1,1,1,1,0,0,0,0,0,0,0,0
1302,2026-04-07 5:03,승,헨릭 미키타리안,??,10,6.5,0,0,0,0,0,0,0,0,0,0,0,0,12,11,91.7,0,6,6,421,1,0,0,0,1,1,0,0,1,0,0,0
1303,2026-04-07 5:03,승,마르쿠스 튀람,CF,9,8.7,2,0,2,2,0,0,0,0,0,0,0,0,18,17,94.4,0,9,9,174,3,0,0,0,0,0,0,0,0,0,0,0
1304,2026-04-07 5:03,승,M. 브로조비치,LDM,9,6.3,0,0,0,0,0,0,0,0,0,0,0,0,19,17,89.5,0,14,14,192,2,1,0,0,2,0,0,0,0,0,0,0
1305,2026-04-07 5:03,승,루이스 피구,??,9,7.2,1,0,2,2,0,0,0,0,0,0,0,0,6,6,100,0,5,5,86,2,1,2,0,1,1,1,0,1,0,0,0
1306,2026-04-07 5:03,승,로베르토 바조,LM,10,6.5,0,0,0,0,0,0,0,0,0,0,0,0,2,2,100,0,1,1,37,1,1,0,0,0,0,0,0,0,0,0,0
1307,2026-04-07 5:03,승,덴젤 둠프리스,RCB,8,5.2,0,0,0,0,0,0,0,0,0,0,0,0,5,5,100,0,1,1,3,0,0,1,0,0,0,0,0,0,0,0,0
1308,2026-04-07 5:03,승,사뮈엘 에토,RM,8,6.5,0,0,0,0,0,0,0,0,0,0,0,0,2,2,100,0,1,0,0,2,1,0,0,1,1,0,0,1,0,0,0
1309,2026-04-07 5:03,승,파트리크 비에이라,LCB,9,5.8,0,0,0,0,0,0,0,0,0,0,0,0,8,7,87.5,0,5,5,48,3,3,1,0,3,2,0,0,2,0,0,0
1310,2026-04-07 4:50,패,헨릭 미키타리안,LF,10,6.1,0,0,0,0,0,0,0,0,0,0,0,0,14,14,100,0,9,8,163,1,0,0,0,0,0,0,0,0,0,0,0
1311,2026-04-07 4:50,패,마이콘,LDM,9,7.1,0,0,0,0,0,0,0,0,0,0,0,0,26,24,92.3,0,16,13,209,5,2,0,0,4,3,1,0,3,0,0,0
1312,2026-04-07 4:50,패,로빈 고젠스,LM,11,5.9,0,0,0,0,0,0,0,0,0,0,0,0,9,9,100,0,5,4,51,3,2,1,0,1,0,0,0,0,0,0,0
1313,2026-04-07 4:50,패,덴젤 둠프리스,RDM,8,6.5,0,0,0,0,0,0,0,0,0,0,0,0,11,9,81.8,0,8,8,181,8,6,0,0,1,1,0,0,1,0,0,0
1314,2026-04-07 4:50,패,루이스 피구,RF,9,6.1,0,0,1,1,0,0,0,0,0,0,0,0,9,9,100,0,5,5,61,3,2,1,1,0,0,0,0,0,0,0,0
1315,2026-04-07 4:50,패,얀 조머,GK,8,4.5,0,0,0,0,0,0,0,0,0,0,0,0,2,2,100,0,0,0,0,1,1,0,0,0,0,0,0,0,0,0,0
1316,2026-04-07 4:50,패,파트리크 비에이라,CB,9,6.1,0,0,0,0,0,0,0,0,0,0,0,0,7,7,100,0,4,4,51,5,5,1,0,3,1,0,0,1,0,0,0
1317,2026-04-07 4:50,패,라울 벨라노바,RM,9,5.5,0,0,0,0,0,0,0,0,0,0,0,0,6,6,100,0,3,3,11,1,1,0,0,3,1,0,0,1,0,0,0
1318,2026-04-07 4:50,패,M. 브로조비치,LCM,9,6,0,0,0,0,0,0,0,0,0,0,0,0,17,13,76.5,0,11,11,213,5,1,0,0,3,0,1,0,0,0,0,0
1319,2026-04-07 4:50,패,하칸 찰하놀루,RCM,9,6.4,0,1,0,0,0,0,0,0,0,0,0,0,22,17,77.3,0,12,11,164,7,1,0,0,0,0,1,0,0,0,0,0
1320,2026-04-07 4:50,패,마르쿠스 튀람,LW,9,8.5,2,0,3,3,0,0,0,0,0,0,0,0,17,15,88.2,0,12,9,308,9,1,0,0,0,0,0,0,0,0,0,0
1321,2026-04-07 4:32,승,파트리크 비에이라,LCB,9,6.5,0,0,0,0,0,0,0,0,0,0,0,0,13,12,92.3,0,7,7,54,6,5,6,0,0,0,3,0,0,0,0,0
1322,2026-04-07 4:32,승,마르쿠스 튀람,CF,9,9.9,3,2,6,4,0,0,0,0,0,0,0,0,24,22,91.7,0,18,16,500,8,0,13,0,1,1,1,0,1,0,0,0
1323,2026-04-07 4:32,승,하칸 찰하놀루,RDM,9,6.6,0,0,2,2,0,0,0,0,0,0,0,0,22,19,86.4,0,12,11,120,7,2,0,0,1,0,0,0,0,0,0,0
1324,2026-04-07 4:32,승,M. 브로조비치,LDM,9,7.7,1,0,2,1,0,0,0,0,0,0,0,0,28,26,92.9,0,20,19,170,9,5,2,0,2,0,0,0,0,0,0,0
1325,2026-04-07 4:32,승,덴젤 둠프리스,RCB,8,6,0,0,0,0,0,0,0,0,0,0,0,0,9,9,100,0,5,4,43,3,3,1,0,0,0,0,0,0,0,0,0
1326,2026-04-07 4:32,승,사뮈엘 에토,RM,8,7.6,1,0,1,1,0,0,0,0,0,0,0,0,10,8,80,0,6,6,87,5,2,0,0,0,0,0,0,0,0,0,0
1327,2026-04-07 4:32,승,루이스 피구,??,9,6.6,0,0,0,0,0,0,0,0,0,0,0,0,11,9,81.8,0,4,4,67,2,0,1,0,1,0,0,0,0,0,0,0
1328,2026-04-07 4:32,승,하비에르 사네티,CB,8,6.3,0,0,0,0,0,0,0,0,0,0,0,0,14,13,92.9,0,4,3,24,0,0,0,0,1,1,0,0,1,0,0,0
1329,2026-04-07 4:32,승,애슐리 영,RB,9,5.8,0,0,0,0,0,0,0,0,0,0,0,0,7,6,85.7,0,4,4,67,1,1,0,0,0,0,1,0,0,0,0,0
1330,2026-04-07 4:32,승,마테오 다르미안,LB,9,6.1,0,0,0,0,0,0,0,0,0,0,0,0,4,4,100,0,2,2,31,1,0,1,0,0,0,0,0,0,0,0,0
1331,2026-04-07 4:32,승,헨릭 미키타리안,??,10,6.9,0,0,0,0,0,0,0,0,0,0,0,0,12,11,91.7,0,8,7,114,1,0,1,0,0,0,0,0,0,0,0,0
1332,2026-04-07 4:32,승,라울 벨라노바,??,9,6.1,0,0,0,0,0,0,0,0,0,0,0,0,8,7,87.5,0,4,4,43,2,1,2,0,0,0,0,0,0,0,0,0
1333,2026-04-07 4:32,승,로빈 고젠스,??,11,6.6,0,0,0,0,0,0,0,0,0,0,0,0,16,13,81.2,0,14,13,236,8,5,0,0,2,2,0,0,2,0,0,0
1334,2026-04-07 4:32,승,로베르토 바조,LM,10,8.3,0,2,0,0,0,0,0,0,0,0,0,0,13,10,76.9,0,10,10,330,4,0,0,0,0,0,0,0,0,0,0,0
1335,2026-04-07 4:32,승,얀 조머,GK,8,5.9,0,0,0,0,0,0,0,0,0,0,0,0,8,7,87.5,0,2,2,64,4,3,0,0,0,0,0,0,0,0,0,0
1336,2026-04-07 4:32,승,마이콘,??,9,6.9,0,1,0,0,0,0,0,0,0,0,0,0,15,13,86.7,0,9,8,66,3,1,0,0,2,0,0,0,0,0,0,0
1337,2026-04-07 4:17,패,파트리크 비에이라,CB,9,6.1,0,0,0,0,0,0,0,0,0,0,0,0,10,9,90,0,5,4,99,5,4,4,0,3,1,0,0,1,0,0,0
1338,2026-04-07 4:17,패,라울 벨라노바,RM,9,5.4,0,0,0,0,0,0,0,0,0,0,0,0,4,3,75,0,3,3,72,3,1,1,0,2,1,0,0,1,0,0,0
1339,2026-04-07 4:17,패,마르쿠스 튀람,LW,9,7.3,1,0,4,1,0,0,0,0,0,0,0,0,13,11,84.6,0,10,8,299,7,1,9,1,0,0,0,0,0,0,0,0
1340,2026-04-07 4:17,패,하칸 찰하놀루,RCM,9,7,0,0,0,0,0,0,0,0,0,0,0,0,21,20,95.2,0,13,13,202,5,3,1,0,0,0,0,0,0,0,0,0
1341,2026-04-07 4:17,패,마이콘,LDM,9,5.5,0,0,0,0,0,0,0,0,0,0,0,0,9,9,100,0,5,5,69,1,1,1,0,1,0,0,0,0,0,0,0
1342,2026-04-07 4:17,패,루이스 피구,RF,9,7.4,0,1,0,0,0,0,0,0,0,0,0,0,13,10,76.9,0,12,10,383,7,2,2,0,0,0,0,0,0,0,0,0
1343,2026-04-07 4:17,패,덴젤 둠프리스,RDM,8,6,0,0,0,0,0,0,0,0,0,0,0,0,8,7,87.5,0,4,4,55,6,4,3,1,0,0,0,0,0,0,0,0
1344,2026-04-07 4:17,패,얀 조머,GK,8,5.5,0,0,0,0,0,0,0,0,0,0,0,0,2,2,100,0,1,1,14,0,0,0,0,0,0,0,0,0,0,0,0
1345,2026-04-07 4:17,패,로빈 고젠스,LM,11,6,0,0,0,0,0,0,0,0,0,0,0,0,8,8,100,0,7,6,278,2,1,10,0,0,0,0,0,0,0,0,0
1346,2026-04-07 4:17,패,M. 브로조비치,LCM,9,6.9,0,0,0,0,0,0,0,0,0,0,0,0,17,17,100,0,12,11,112,3,2,2,0,0,0,0,0,0,0,0,0
1347,2026-04-07 4:17,패,헨릭 미키타리안,LF,10,6.9,0,0,0,0,0,0,0,0,0,0,0,0,15,8,53.3,0,14,13,445,9,2,1,0,0,0,0,0,0,0,0,0
1348,2026-04-07 4:06,무,마이콘,??,9,6.7,0,0,0,0,0,0,0,0,0,0,0,0,8,8,100,0,5,5,41,1,1,6,0,1,1,0,0,1,0,0,0
1349,2026-04-07 4:06,무,애슐리 영,??,9,6.8,0,0,0,0,0,0,0,0,0,0,0,0,9,8,88.9,0,4,4,32,3,2,1,0,0,0,0,0,0,0,0,0
1350,2026-04-07 4:06,무,하칸 찰하놀루,RCM,9,6.9,0,1,0,0,0,0,0,0,0,0,0,0,13,11,84.6,0,10,7,153,5,1,9,0,0,0,2,0,0,0,0,0
1351,2026-04-07 4:06,무,로빈 고젠스,LWB,11,3.4,0,0,0,0,0,0,0,0,0,0,0,0,5,2,40,0,1,1,30,2,0,0,0,0,0,0,0,0,0,0,0
1352,2026-04-07 4:06,무,라울 벨라노바,RWB,9,5.7,0,0,0,0,0,0,0,0,0,0,0,0,7,6,85.7,0,6,6,155,1,1,1,0,0,0,0,0,0,0,0,0
1353,2026-04-07 4:06,무,얀 조머,GK,8,5.4,0,0,0,0,0,0,0,0,0,0,0,0,2,1,50,0,0,0,0,1,1,0,0,0,0,0,0,0,0,0,0
1354,2026-04-07 4:06,무,마테오 다르미안,??,9,6.5,0,0,0,0,0,0,0,0,0,0,0,0,9,9,100,0,6,6,133,0,0,0,0,0,0,0,0,0,0,0,0
1355,2026-04-07 4:06,무,마르쿠스 튀람,LW,9,5.9,0,0,2,1,0,0,0,0,0,0,0,0,12,11,91.7,0,7,6,84,4,0,3,0,0,0,1,0,0,0,0,0
1356,2026-04-07 4:06,무,헨릭 미키타리안,LS,10,6,0,0,0,0,0,0,0,0,0,0,0,0,11,8,72.7,0,9,9,189,3,1,0,0,0,0,0,0,0,0,0,0
1357,2026-04-07 4:06,무,하비에르 사네티,CDM,8,5.5,0,0,0,0,0,0,0,0,0,0,0,0,6,6,100,0,5,5,63,0,0,0,0,1,0,1,1,1,0,0,0
1358,2026-04-07 4:06,무,파트리크 비에이라,LCB,9,6.9,0,0,0,0,0,0,0,0,0,0,0,0,9,8,88.9,0,3,3,25,4,3,2,0,1,1,1,1,2,0,0,0
1359,2026-04-07 4:06,무,루이스 피구,RW,9,7.6,0,1,0,0,0,0,0,0,0,0,0,0,18,15,83.3,0,9,8,422,5,1,2,0,0,0,0,0,0,0,0,0
1360,2026-04-07 4:06,무,덴젤 둠프리스,RCB,8,8.2,1,0,1,1,0,0,0,0,0,0,0,0,10,9,90,0,2,2,37,9,7,5,2,3,2,1,0,2,0,0,0
1361,2026-04-07 4:06,무,M. 브로조비치,LCM,9,7.4,1,0,3,2,0,0,0,0,0,0,0,0,16,15,93.8,0,12,11,222,5,2,0,0,0,0,0,0,0,0,0,0
1362,2026-04-07 3:47,승,마르쿠스 튀람,CF,9,7.8,1,0,3,2,0,0,0,0,0,0,0,0,11,11,100,0,3,2,30,3,0,2,1,0,0,0,0,0,0,0,0
1363,2026-04-07 3:47,승,로베르토 바조,LM,10,3.2,0,0,0,0,0,0,0,0,0,0,0,0,1,1,100,0,1,1,9,0,0,0,0,0,0,0,0,0,0,0,0
1364,2026-04-07 3:47,승,하칸 찰하놀루,RDM,9,9,1,1,2,1,0,0,0,0,0,0,0,0,26,25,96.2,0,13,13,199,4,2,0,0,2,1,0,0,1,0,0,0
1365,2026-04-07 3:47,승,애슐리 영,RB,9,1,0,0,0,0,0,0,0,0,0,0,0,0,0,0,0,0,0,0,0,0,0,0,0,0,0,0,0,0,0,0,0
1366,2026-04-07 3:47,승,마이콘,??,9,5.6,0,0,0,0,0,0,0,0,0,0,0,0,7,7,100,0,3,3,39,0,0,0,0,1,0,1,0,0,0,0,0
1367,2026-04-07 3:47,승,루이스 피구,??,9,8.3,1,0,1,1,0,0,0,0,0,0,0,0,15,12,80,0,9,9,218,3,0,1,1,0,0,1,0,0,0,0,0
1368,2026-04-07 3:47,승,라울 벨라노바,??,9,7.7,0,1,0,0,0,0,0,0,0,0,0,0,9,9,100,0,5,5,194,2,2,10,0,0,0,0,0,0,0,0,0
1369,2026-04-07 3:47,승,M. 브로조비치,LDM,9,7.5,1,0,1,1,0,0,0,0,0,0,0,0,17,16,94.1,0,9,8,134,4,1,0,0,0,0,0,0,0,0,0,0
1370,2026-04-07 3:47,승,헨릭 미키타리안,??,10,8,0,1,0,0,0,0,0,0,0,0,0,0,8,7,87.5,0,8,6,156,2,0,0,0,0,0,0,0,0,0,0,0
1371,2026-04-07 3:47,승,사뮈엘 에토,RM,8,1,0,0,0,0,0,0,0,0,0,0,0,0,0,0,0,0,0,0,0,0,0,0,0,0,0,0,0,0,0,0,0
1372,2026-04-07 3:47,승,덴젤 둠프리스,RCB,8,6.9,0,0,0,0,0,0,0,0,0,0,0,0,9,9,100,0,7,7,78,3,3,3,0,1,1,0,0,1,0,0,0
1373,2026-04-07 3:47,승,로빈 고젠스,??,11,7.4,0,1,0,0,0,0,0,0,0,0,0,0,4,4,100,0,5,4,233,1,0,0,0,1,1,0,0,1,0,0,0
1374,2026-04-07 3:47,승,마테오 다르미안,LB,9,1,0,0,0,0,0,0,0,0,0,0,0,0,0,0,0,0,0,0,0,0,0,0,0,0,0,0,0,0,0,0,0
1375,2026-04-07 3:47,승,얀 조머,GK,8,6.3,0,0,0,0,0,0,0,0,0,0,0,0,2,2,100,0,0,0,0,1,1,0,0,0,0,0,0,0,0,0,0
1376,2026-04-07 3:47,승,하비에르 사네티,CB,8,1,0,0,0,0,0,0,0,0,0,0,0,0,0,0,0,0,0,0,0,0,0,0,0,0,0,0,0,0,0,0,0
1377,2026-04-07 3:47,승,파트리크 비에이라,LCB,9,6,0,0,0,0,0,0,0,0,0,0,0,0,7,7,100,0,3,3,33,1,1,1,0,0,0,2,0,0,0,0,0
1378,2026-04-07 3:34,패,로빈 고젠스,LM,11,6.4,0,0,0,0,0,0,0,0,0,0,0,0,16,14,87.5,0,9,9,118,6,3,2,1,0,0,0,0,0,0,0,0
1379,2026-04-07 3:34,패,라울 벨라노바,RM,9,5.1,0,0,0,0,0,0,0,0,0,0,0,0,8,6,75,0,4,4,105,2,0,3,0,3,0,2,0,0,0,0,0
1380,2026-04-07 3:34,패,마르쿠스 튀람,LW,9,8,1,0,1,1,0,0,0,0,0,0,0,0,19,17,89.5,0,8,7,59,4,0,11,0,0,0,0,0,0,0,0,0
1381,2026-04-07 3:34,패,M. 브로조비치,LCM,9,7,0,0,0,0,0,0,0,0,0,0,0,0,23,22,95.7,0,13,11,130,6,4,1,0,2,2,0,0,2,0,0,0
1382,2026-04-07 3:34,패,파트리크 비에이라,CB,9,5.4,0,0,0,0,0,0,0,0,0,0,0,0,8,8,100,0,4,4,45,2,2,1,0,0,0,0,0,0,0,0,0
1383,2026-04-07 3:34,패,덴젤 둠프리스,RDM,8,5.7,0,0,0,0,0,0,0,0,0,0,0,0,11,10,90.9,0,6,6,94,5,4,1,0,2,1,0,0,0,0,0,0
1384,2026-04-07 3:34,패,하칸 찰하놀루,RCM,9,6.2,0,0,2,2,0,0,0,0,0,0,0,0,20,17,85,0,14,14,153,4,1,4,0,1,0,1,0,0,0,0,0
1385,2026-04-07 3:34,패,헨릭 미키타리안,LF,10,6.2,0,0,0,0,0,0,0,0,0,0,0,0,22,18,81.8,0,13,12,250,6,2,0,0,0,0,0,0,0,0,0,0
1386,2026-04-07 3:34,패,얀 조머,GK,8,6.2,0,0,0,0,0,0,0,0,0,0,0,0,5,3,60,0,1,1,47,2,1,0,0,0,0,0,0,0,0,0,0
1387,2026-04-07 3:34,패,마이콘,LDM,9,5.7,0,0,0,0,0,0,0,0,0,0,0,0,17,15,88.2,0,9,8,80,10,5,1,0,1,0,0,0,0,0,0,0
1388,2026-04-07 3:34,패,루이스 피구,RF,9,6.9,0,1,0,0,0,0,0,0,0,0,0,0,16,14,87.5,0,11,10,307,4,1,4,0,0,0,0,0,0,0,0,0
1389,2026-04-07 3:07,패,M. 브로조비치,LCM,9,7.3,0,0,0,0,0,0,0,0,0,0,0,0,22,20,90.9,0,12,12,189,6,4,0,0,2,2,0,0,2,0,0,0
1390,2026-04-07 3:07,패,애슐리 영,RM,9,4.5,0,0,0,0,0,0,0,0,0,0,0,0,3,2,66.7,0,2,2,9,1,0,0,0,1,0,0,0,0,0,0,0
1391,2026-04-07 3:07,패,덴젤 둠프리스,RDM,8,5.8,0,0,0,0,0,0,0,0,0,0,0,0,15,14,93.3,0,6,6,69,4,3,1,0,1,0,0,0,0,0,0,0
1392,2026-04-07 3:07,패,로베르토 바조,LF,10,7.4,0,1,1,0,0,0,0,0,0,0,0,0,14,11,78.6,0,12,10,208,6,2,0,0,0,0,1,0,0,0,0,0
1393,2026-04-07 3:07,패,얀 조머,GK,8,6.1,0,0,0,0,0,0,0,0,0,0,0,0,0,0,0,0,0,0,0,1,1,0,0,0,0,0,0,0,0,0,0
1394,2026-04-07 3:07,패,헨릭 미키타리안,??,10,6.3,0,0,1,0,0,0,0,0,0,0,0,0,10,10,100,0,7,7,70,1,0,2,1,2,0,0,0,0,0,0,0
1395,2026-04-07 3:07,패,마테오 다르미안,LM,9,4.9,0,0,0,0,0,0,0,0,0,0,0,0,8,5,62.5,0,7,5,97,6,2,0,0,1,0,0,0,0,0,0,0
1396,2026-04-07 3:07,패,마르쿠스 튀람,LW,9,8.6,3,0,3,3,0,0,0,0,0,0,0,0,17,16,94.1,0,11,7,128,9,0,5,1,0,0,0,0,0,0,0,0
1397,2026-04-07 3:07,패,파트리크 비에이라,CB,9,6.1,0,0,0,0,0,0,0,0,0,0,0,0,14,13,92.9,0,8,8,107,7,6,2,0,1,1,0,0,1,0,0,0
1398,2026-04-07 3:07,패,루이스 피구,??,9,6.7,0,0,0,0,0,0,0,0,0,0,0,0,10,9,90,0,6,6,64,4,3,0,0,2,1,0,0,1,0,0,0
1399,2026-04-07 3:07,패,사뮈엘 에토,RF,8,6.1,0,0,1,1,0,0,0,0,0,0,0,0,6,6,100,0,6,6,215,0,0,0,0,0,0,0,0,0,0,0,0
1400,2026-04-07 3:07,패,마이콘,LDM,9,6.1,0,0,0,0,0,0,0,0,0,0,0,0,13,11,84.6,0,11,9,112,9,5,3,0,3,1,2,0,1,0,0,0
1401,2026-04-07 3:07,패,로빈 고젠스,??,11,6.5,0,1,0,0,0,0,0,0,0,0,0,0,7,7,100,0,8,6,283,3,1,0,0,1,0,1,0,0,0,0,0
1402,2026-04-07 3:07,패,라울 벨라노바,??,9,6.5,0,0,0,0,0,0,0,0,0,0,0,0,6,5,83.3,0,6,4,272,5,2,0,0,1,1,0,0,1,0,0,0
1403,2026-04-07 3:07,패,하칸 찰하놀루,RCM,9,6.2,0,1,0,0,0,0,0,0,0,0,0,0,15,12,80,0,9,8,101,6,2,0,0,3,1,0,0,1,0,0,0
1404,2026-04-07 2:49,승,마테오 다르미안,LB,9,5.4,0,0,0,0,0,0,0,0,0,0,0,0,5,4,80,0,3,3,55,1,0,0,0,0,0,0,0,0,0,0,0
1405,2026-04-07 2:49,승,애슐리 영,RB,9,5,0,0,0,0,0,0,0,0,0,0,0,0,1,1,100,0,1,1,1,0,0,0,0,0,0,1,0,0,0,0,0
1406,2026-04-07 2:49,승,덴젤 둠프리스,RCB,8,6.2,0,0,0,0,0,0,0,0,0,0,0,0,13,13,100,0,8,8,93,0,0,0,0,0,0,0,0,0,0,0,0
1407,2026-04-07 2:49,승,하칸 찰하놀루,RDM,9,6.3,0,0,0,0,0,0,0,0,0,0,0,0,14,10,71.4,0,9,9,236,4,0,2,0,1,1,0,0,1,0,0,0
1408,2026-04-07 2:49,승,루이스 피구,RM,9,7,0,1,0,0,0,0,0,0,0,0,0,0,12,10,83.3,0,10,9,111,2,0,0,0,1,1,0,0,1,0,0,0
1409,2026-04-07 2:49,승,마이콘,CB,9,7.5,0,1,0,0,0,0,0,0,0,0,0,0,18,17,94.4,0,12,12,205,4,4,5,0,1,1,1,0,1,0,0,0
1410,2026-04-07 2:49,승,헨릭 미키타리안,LM,10,7.3,1,0,1,1,0,0,0,0,0,0,0,0,10,7,70,0,8,8,335,7,2,1,1,2,1,1,0,1,0,0,0
1411,2026-04-07 2:49,승,로빈 고젠스,??,11,6.5,0,0,0,0,0,0,0,0,0,0,0,0,6,5,83.3,0,4,4,96,2,1,0,0,2,2,0,0,2,0,0,0
1412,2026-04-07 2:49,승,얀 조머,GK,8,6.8,0,0,0,0,0,0,0,0,0,0,0,0,5,5,100,0,1,1,7,2,2,0,0,0,0,0,0,0,0,0,0
1413,2026-04-07 2:49,승,파트리크 비에이라,LCB,9,5.6,0,0,0,0,0,0,0,0,0,0,0,0,9,9,100,0,4,4,22,1,1,6,0,2,1,1,0,0,0,0,0
1414,2026-04-07 2:49,승,마르쿠스 튀람,CF,9,7.9,2,0,2,2,0,0,0,0,0,0,0,0,10,10,100,0,4,2,63,4,0,3,0,0,0,0,0,0,0,0,0
1415,2026-04-07 2:49,승,라울 벨라노바,??,9,6.7,0,1,0,0,0,0,0,0,0,0,0,0,4,4,100,0,2,2,13,0,0,1,0,1,0,0,0,0,0,0,0
1416,2026-04-07 2:49,승,M. 브로조비치,LDM,9,6.1,0,0,0,0,0,0,0,0,0,0,0,0,11,11,100,0,8,8,114,0,0,0,0,3,0,0,0,0,0,0,0
1417,2026-04-07 2:34,패,라울 벨라노바,??,9,5.9,0,0,0,0,0,0,0,0,0,0,0,0,5,4,80,0,5,4,222,3,0,1,0,1,0,0,0,0,0,0,0
1418,2026-04-07 2:34,패,덴젤 둠프리스,RDM,8,6.6,0,0,0,0,0,0,0,0,0,0,0,0,12,10,83.3,0,9,6,139,8,4,2,0,2,2,1,0,2,0,0,0
1419,2026-04-07 2:34,패,M. 브로조비치,LCM,9,7.1,0,1,0,0,0,0,0,0,0,0,0,0,29,26,89.7,0,15,15,272,4,2,1,0,1,0,2,1,1,0,0,0
1420,2026-04-07 2:34,패,마이콘,LDM,9,5.8,0,0,0,0,0,0,0,0,0,0,0,0,12,11,91.7,0,6,4,20,5,3,0,0,2,1,0,0,1,0,0,0
1421,2026-04-07 2:34,패,헨릭 미키타리안,LF,10,7.6,1,0,1,1,0,0,0,0,0,0,0,0,19,17,89.5,0,12,10,193,6,3,3,0,0,0,0,0,0,0,0,0
1422,2026-04-07 2:34,패,파트리크 비에이라,CB,9,6.9,0,0,0,0,0,0,0,0,0,0,0,0,14,13,92.9,0,5,5,108,3,3,3,0,2,1,2,0,1,0,0,0
1423,2026-04-07 2:34,패,로빈 고젠스,??,11,6.3,0,0,0,0,0,0,0,0,0,0,0,0,8,6,75,0,5,4,144,4,1,3,0,1,1,0,0,1,0,0,0
1424,2026-04-07 2:34,패,얀 조머,GK,8,5.3,0,0,0,0,0,0,0,0,0,0,0,0,5,4,80,0,0,0,0,2,1,0,0,0,0,0,0,0,0,0,0
1425,2026-04-07 2:34,패,하칸 찰하놀루,RCM,9,6.6,0,0,2,1,0,0,0,0,0,0,0,0,26,24,92.3,0,14,14,187,5,2,0,0,1,0,0,0,0,0,0,0
1426,2026-04-07 2:34,패,루이스 피구,RF,9,6.4,0,0,0,0,0,0,0,0,0,0,0,0,17,15,88.2,0,12,11,171,3,1,0,0,0,0,1,0,0,0,0,0
1427,2026-04-07 2:34,패,마르쿠스 튀람,LW,9,6.8,0,0,2,2,0,0,0,0,0,0,0,0,18,18,100,0,11,10,173,3,0,3,0,1,1,0,0,1,0,0,0
1428,2026-04-07 2:34,패,마테오 다르미안,LM,9,4.3,0,0,0,0,0,0,0,0,0,0,0,0,4,3,75,0,2,2,68,2,1,0,0,0,0,0,0,0,0,0,0
1429,2026-04-07 2:34,패,애슐리 영,RM,9,6.6,0,0,0,0,0,0,0,0,0,0,0,0,5,5,100,0,4,4,290,1,1,0,0,1,1,0,0,1,0,0,0
1430,2026-04-05 4:20,패,파트리크 비에이라,CB,9,5.5,0,0,0,0,0,0,0,0,0,0,0,0,4,4,100,0,2,1,15,1,1,1,0,1,1,0,0,1,0,0,0
1431,2026-04-05 4:20,패,로빈 고젠스,LM,11,6.8,0,0,0,0,0,0,0,0,0,0,0,0,12,11,91.7,0,10,8,314,5,2,0,0,0,0,0,0,0,0,0,0
1432,2026-04-05 4:20,패,앙드레 오나나,GK,9,5,0,0,0,0,0,0,0,0,0,0,0,0,3,3,100,0,1,1,14,1,1,0,0,0,0,0,0,0,0,0,0
1433,2026-04-05 4:20,패,M. 브로조비치,LCM,9,7.2,1,0,2,2,0,0,0,0,0,0,0,0,15,13,86.7,0,13,11,257,6,0,3,2,0,0,1,0,0,0,0,0
1434,2026-04-05 4:20,패,덴젤 둠프리스,RDM,8,6.1,0,0,0,0,0,0,0,0,0,0,0,0,10,9,90,0,4,4,53,3,2,1,0,2,1,5,1,2,0,0,0
1435,2026-04-05 4:20,패,라울 벨라노바,RM,9,5.3,0,0,0,0,0,0,0,0,0,0,0,0,7,7,100,0,4,3,76,1,0,0,0,0,0,0,0,0,0,0,0
1436,2026-04-05 4:20,패,루이스 피구,RF,9,5.9,0,0,0,0,0,0,0,0,0,0,0,0,10,9,90,0,5,5,99,3,1,0,0,0,0,0,0,0,0,0,0
1437,2026-04-05 4:20,패,마이콘,LDM,9,7.3,0,0,0,0,0,0,0,0,0,0,0,0,20,19,95,0,16,15,310,5,3,2,0,2,1,1,1,2,0,0,0
1438,2026-04-05 4:20,패,하칸 찰하놀루,RCM,9,6.8,1,0,1,1,0,0,0,0,0,0,0,0,12,11,91.7,0,7,7,144,2,1,0,0,0,0,1,0,0,0,0,0
1439,2026-04-05 4:20,패,사뮈엘 에토,LW,8,8,0,1,1,1,0,0,0,0,0,0,0,0,19,17,89.5,0,14,11,208,7,2,0,0,0,0,0,0,0,0,0,0
1440,2026-04-05 4:20,패,로베르토 바조,LF,10,7,0,1,0,0,0,0,0,0,0,0,0,0,9,8,88.9,0,6,4,86,4,2,0,0,1,1,1,0,1,0,0,0
1441,2026-04-04 15:48,무,루이스 피구,RW,9,5.7,0,0,0,0,0,0,0,0,0,0,0,0,7,4,57.1,0,4,3,144,3,0,0,0,0,0,0,0,0,0,0,0
1442,2026-04-04 15:48,무,얀 조머,GK,8,6.2,0,0,0,0,0,0,0,0,0,0,0,0,4,4,100,0,1,1,28,0,0,0,0,0,0,0,0,0,0,0,0
1443,2026-04-04 15:48,무,덴젤 둠프리스,RCB,8,6.1,0,0,0,0,0,0,0,0,0,0,0,0,7,6,85.7,0,3,3,85,5,4,1,0,2,1,0,0,1,0,0,0
1444,2026-04-04 15:48,무,M. 브로조비치,LCM,9,6.9,0,0,0,0,0,0,0,0,0,0,0,0,18,15,83.3,0,11,11,189,2,0,0,0,0,0,1,0,0,0,0,0
1445,2026-04-04 15:48,무,로빈 고젠스,LWB,11,6.2,0,0,0,0,0,0,0,0,0,0,0,0,10,8,80,0,7,7,152,5,3,1,0,0,0,0,0,0,0,0,0
1446,2026-04-04 15:48,무,마이콘,CDM,9,7.9,0,1,0,0,0,0,0,0,0,0,0,0,28,26,92.9,0,20,20,261,3,1,0,0,2,1,0,0,1,0,0,0
1447,2026-04-04 15:48,무,하칸 찰하놀루,RCM,9,6.7,0,0,0,0,0,0,0,0,0,0,0,0,16,16,100,0,8,8,143,1,1,0,0,0,0,0,0,0,0,0,0
1448,2026-04-04 15:48,무,마르쿠스 튀람,LW,9,7,1,0,2,1,0,0,0,0,0,0,0,0,12,12,100,0,11,8,158,5,0,2,0,0,0,1,0,0,0,0,0
1449,2026-04-04 15:48,무,파트리크 비에이라,LCB,9,6.3,0,0,0,0,0,0,0,0,0,0,0,0,6,6,100,0,7,5,76,3,3,1,0,0,0,2,1,1,0,0,0
1450,2026-04-04 15:48,무,헨릭 미키타리안,LS,10,6.4,0,0,0,0,0,0,0,0,0,0,0,0,9,7,77.8,0,7,7,262,3,1,0,0,0,0,0,0,0,0,0,0
1451,2026-04-04 15:48,무,라울 벨라노바,RWB,9,7,0,0,0,0,0,0,0,0,0,0,0,0,14,13,92.9,0,8,8,255,7,4,0,0,1,2,0,0,2,0,0,0
1452,2026-04-04 7:25,패,마이콘,CDM,9,6.8,0,1,0,0,0,0,0,0,0,0,0,0,18,15,83.3,0,14,11,170,5,1,2,0,1,0,1,0,0,0,0,0
1453,2026-04-04 7:25,패,하칸 찰하놀루,RCM,9,5.8,0,0,0,0,0,0,0,0,0,0,0,0,18,15,83.3,0,10,10,239,3,0,1,0,0,0,0,0,0,0,0,0
1454,2026-04-04 7:25,패,덴젤 둠프리스,RCB,8,5.7,0,0,0,0,0,0,0,0,0,0,0,0,4,4,100,0,0,0,0,1,1,0,0,4,3,2,1,4,0,0,0
1455,2026-04-04 7:25,패,얀 조머,GK,8,5.3,0,0,0,0,0,0,0,0,0,0,0,0,3,3,100,0,1,1,6,0,0,0,0,0,0,0,0,0,0,0,0
1456,2026-04-04 7:25,패,루이스 피구,RW,9,4.8,0,0,0,0,0,0,0,0,0,0,0,0,6,6,100,0,6,4,141,2,0,0,0,0,0,0,0,0,0,0,0
1457,2026-04-04 7:25,패,로빈 고젠스,LWB,11,5.2,0,0,0,0,0,0,0,0,0,0,0,0,7,7,100,0,7,6,236,3,2,1,0,0,0,1,0,0,0,0,0
1458,2026-04-04 7:25,패,라울 벨라노바,RWB,9,5.5,0,0,0,0,0,0,0,0,0,0,0,0,6,6,100,0,5,4,119,3,3,1,0,1,1,0,0,1,0,0,0
1459,2026-04-04 7:25,패,마르쿠스 튀람,LW,9,7.2,1,0,1,1,0,0,0,0,0,0,0,0,20,18,90,0,6,3,89,8,2,2,0,0,0,0,0,0,0,0,0
1460,2026-04-04 7:25,패,파트리크 비에이라,LCB,9,5.4,0,0,0,0,0,0,0,0,0,0,0,0,6,5,83.3,0,4,4,46,4,3,2,0,2,0,1,0,0,0,0,0
1461,2026-04-04 7:25,패,헨릭 미키타리안,LS,10,5.2,0,0,0,0,0,0,0,0,0,0,0,0,16,13,81.2,0,5,5,134,3,0,0,0,0,0,0,0,0,0,0,0
1462,2026-04-04 7:25,패,M. 브로조비치,LCM,9,6.3,0,0,0,0,0,0,0,0,0,0,0,0,11,10,90.9,0,9,6,207,5,3,2,0,0,0,0,0,0,0,0,0
1463,2026-04-04 7:13,승,마이콘,CB,9,7.8,0,0,0,0,0,0,0,0,0,0,0,0,23,21,91.3,0,16,14,190,8,5,5,0,2,2,0,0,2,0,0,0
1464,2026-04-04 7:13,승,헨릭 미키타리안,LM,10,6.6,0,0,0,0,0,0,0,0,0,0,0,0,11,10,90.9,0,9,8,257,2,0,0,0,0,0,0,0,0,0,0,0
1465,2026-04-04 7:13,승,덴젤 둠프리스,RCB,8,6.8,0,0,0,0,0,0,0,0,0,0,0,0,8,8,100,0,6,6,81,1,1,0,0,3,2,1,1,3,0,0,0
1466,2026-04-04 7:13,승,M. 브로조비치,LDM,9,8.8,2,0,2,2,0,0,0,0,0,0,0,0,20,19,95,0,15,15,205,5,2,0,0,1,1,0,0,1,0,0,0
1467,2026-04-04 7:13,승,루이스 피구,RM,9,7.3,0,1,0,0,0,0,0,0,0,0,0,0,12,12,100,0,5,5,162,0,0,0,0,0,0,0,0,0,0,0,0
1468,2026-04-04 7:13,승,로빈 고젠스,LB,11,6.5,0,0,0,0,0,0,0,0,0,0,0,0,6,6,100,0,2,2,43,1,1,1,0,2,1,0,0,1,0,0,0
1469,2026-04-04 7:13,승,하칸 찰하놀루,RDM,9,7.8,0,1,1,0,0,0,0,0,0,0,0,0,20,19,95,0,11,10,108,4,1,0,0,3,2,0,0,2,0,0,0
1470,2026-04-04 7:13,승,라울 벨라노바,RB,9,6.6,0,0,0,0,0,0,0,0,0,0,0,0,10,8,80,0,10,8,204,9,5,0,0,2,1,2,0,1,0,0,0
1471,2026-04-04 7:13,승,얀 조머,GK,8,5.9,0,0,0,0,0,0,0,0,0,0,0,0,2,2,100,0,1,1,39,0,0,0,0,0,0,0,0,0,0,0,0
1472,2026-04-04 7:13,승,파트리크 비에이라,LCB,9,6.6,0,0,0,0,0,0,0,0,0,0,0,0,9,9,100,0,7,7,184,2,2,1,0,3,2,1,0,2,0,0,0
1473,2026-04-04 7:13,승,마르쿠스 튀람,CF,9,8.5,1,1,2,1,0,0,0,0,0,0,0,0,22,20,90.9,0,12,10,165,6,0,3,1,0,0,0,0,0,0,0,0
1474,2026-04-04 7:01,승,애슐리 영,RWB,9,6.5,0,0,0,0,0,0,0,0,0,0,0,0,2,1,50,0,2,2,11,2,1,0,0,0,0,0,0,0,0,0,0
1475,2026-04-04 7:01,승,마테오 다르미안,LWB,9,6.4,0,0,0,0,0,0,0,0,0,0,0,0,0,0,0,0,0,0,0,0,0,0,0,0,0,0,0,0,0,0,0
1476,2026-04-04 7:01,승,하칸 찰하놀루,RCM,9,8.5,0,1,1,1,0,0,0,0,0,0,0,0,23,22,95.7,0,13,12,234,7,4,1,1,2,1,1,0,1,0,0,0
1477,2026-04-04 7:01,승,로빈 고젠스,??,11,6.5,0,0,1,0,0,0,0,0,0,0,0,0,10,10,100,0,6,5,139,2,0,1,0,0,0,0,0,0,0,0,0
1478,2026-04-04 7:01,승,마르쿠스 튀람,LW,9,7.8,1,0,4,3,0,0,0,0,0,0,0,0,13,12,92.3,0,14,12,227,7,1,4,0,2,1,1,0,1,0,0,0
1479,2026-04-04 7:01,승,덴젤 둠프리스,RCB,8,6.9,0,0,0,0,0,0,0,0,0,0,0,0,10,9,90,0,7,5,58,7,5,0,0,2,2,1,1,3,0,0,0
1480,2026-04-04 7:01,승,얀 조머,GK,8,6.6,0,0,0,0,0,0,0,0,0,0,0,0,4,3,75,0,2,2,31,2,1,0,0,0,0,0,0,0,0,0,0
1481,2026-04-04 7:01,승,M. 브로조비치,LCM,9,6.7,0,0,1,1,0,0,0,0,0,0,0,0,17,14,82.4,0,13,11,149,8,3,0,0,0,0,0,0,0,0,0,0
1482,2026-04-04 7:01,승,파트리크 비에이라,LCB,9,6.9,0,0,1,0,0,0,0,0,0,0,0,0,7,7,100,0,4,4,68,3,3,1,0,1,1,1,0,1,0,0,0
1483,2026-04-04 7:01,승,마이콘,??,9,7.1,0,0,0,0,0,0,0,0,0,0,0,0,19,18,94.7,0,14,12,124,5,2,0,0,1,0,3,0,0,0,0,0
1484,2026-04-04 7:01,승,라울 벨라노바,??,9,7.4,0,0,0,0,0,0,0,0,0,0,0,0,11,11,100,0,3,3,26,3,3,1,0,1,1,0,0,1,0,0,0
1485,2026-04-04 7:01,승,루이스 피구,RW,9,6.1,0,0,0,0,0,0,0,0,0,0,0,0,6,5,83.3,0,4,3,68,1,0,0,0,0,0,1,0,0,0,0,0
1486,2026-04-04 7:01,승,하비에르 사네티,CDM,10,6.6,0,0,0,0,0,0,0,0,0,0,0,0,4,4,100,0,2,2,19,3,3,0,0,1,1,0,0,1,0,0,0
1487,2026-04-04 7:01,승,헨릭 미키타리안,LS,10,6.4,0,0,0,0,0,0,0,0,0,0,0,0,15,8,53.3,0,10,10,200,7,1,0,0,0,0,0,0,0,0,0,0
1488,2026-04-04 6:49,승,하칸 찰하놀루,RCM,9,6.6,0,0,1,0,0,0,0,0,0,0,0,0,14,14,100,0,9,9,128,1,0,0,0,0,0,0,0,0,0,0,0
1489,2026-04-04 6:49,승,덴젤 둠프리스,RCB,8,6,0,0,0,0,0,0,0,0,0,0,0,0,6,6,100,0,0,0,0,1,1,2,0,1,1,0,0,1,0,0,0
1490,2026-04-04 6:49,승,마르쿠스 튀람,LW,9,8.9,2,1,3,2,0,0,0,0,0,0,0,0,13,13,100,0,7,7,118,4,1,3,0,0,0,1,0,0,0,0,0
1491,2026-04-04 6:49,승,M. 브로조비치,LCM,9,8.2,2,0,2,2,0,0,0,0,0,0,0,0,14,11,78.6,0,11,11,253,6,1,2,1,0,0,0,0,0,0,0,0
1492,2026-04-04 6:49,승,얀 조머,GK,8,6.9,0,0,0,0,0,0,0,0,0,0,0,0,5,5,100,0,1,1,16,1,1,0,0,0,0,0,0,0,0,0,0
1493,2026-04-04 6:49,승,루이스 피구,RW,9,8.3,0,2,0,0,0,0,0,0,0,0,0,0,10,9,90,0,5,5,167,4,3,0,0,0,0,0,0,0,0,0,0
1494,2026-04-04 6:49,승,파트리크 비에이라,LCB,9,6.6,0,0,0,0,0,0,0,0,0,0,0,0,7,7,100,0,5,5,69,2,2,2,0,1,1,0,0,1,0,0,0
1495,2026-04-04 6:49,승,헨릭 미키타리안,LS,10,7.3,0,0,0,0,0,0,0,0,0,0,0,0,11,10,90.9,0,8,7,327,4,2,0,0,0,0,0,0,0,0,0,0
1496,2026-04-04 6:49,승,로빈 고젠스,LWB,11,6.4,0,0,0,0,0,0,0,0,0,0,0,0,8,6,75,0,7,6,132,2,0,2,0,0,0,0,0,0,0,0,0
1497,2026-04-04 6:49,승,마이콘,CDM,9,7.5,0,0,0,0,0,0,0,0,0,0,0,0,17,16,94.1,0,12,12,106,3,2,1,0,2,2,0,0,2,0,0,0
1498,2026-04-04 6:49,승,라울 벨라노바,RWB,9,6.5,0,0,0,0,0,0,0,0,0,0,0,0,7,5,71.4,0,6,5,129,5,2,1,0,0,0,0,0,0,0,0,0
1499,2026-04-04 6:38,승,하칸 찰하놀루,RCM,9,5.1,0,0,0,0,0,0,0,0,0,0,0,0,1,0,0,0,2,1,11,1,0,0,0,2,0,0,0,0,0,0,0
1500,2026-04-04 6:38,승,라울 벨라노바,RWB,9,6.2,0,0,0,0,0,0,0,0,0,0,0,0,2,2,100,0,2,2,74,1,1,0,0,1,1,0,0,1,0,0,0
1501,2026-04-04 6:38,승,루이스 피구,RW,9,5.5,0,0,0,0,0,0,0,0,0,0,0,0,1,0,0,0,1,1,30,1,0,0,0,1,0,0,0,0,0,0,0
1502,2026-04-04 6:38,승,헨릭 미키타리안,LS,10,5.9,0,0,0,0,0,0,0,0,0,0,0,0,3,3,100,0,1,1,23,0,0,1,0,0,0,0,0,0,0,0,0
1503,2026-04-04 6:38,승,마이콘,CDM,9,6.1,0,0,0,0,0,0,0,0,0,0,0,0,3,3,100,0,0,0,0,0,0,1,0,0,0,0,0,0,0,0,0
1504,2026-04-04 6:38,승,덴젤 둠프리스,RCB,8,5.2,0,0,0,0,0,0,0,0,0,0,0,0,1,1,100,0,0,0,0,0,0,2,0,0,0,1,0,0,0,0,0
1505,2026-04-04 6:38,승,로빈 고젠스,LWB,11,5.7,0,0,0,0,0,0,0,0,0,0,0,0,2,1,50,0,1,1,33,1,0,1,0,0,0,0,0,0,0,0,0
1506,2026-04-04 6:38,승,파트리크 비에이라,LCB,9,5.9,0,0,0,0,0,0,0,0,0,0,0,0,2,2,100,0,1,1,5,1,1,1,1,0,0,0,0,0,0,0,0
1507,2026-04-04 6:38,승,얀 조머,GK,8,6,0,0,0,0,0,0,0,0,0,0,0,0,0,0,0,0,0,0,0,0,0,0,0,0,0,0,0,0,0,0,0
1508,2026-04-04 6:38,승,마르쿠스 튀람,LW,9,6.3,0,0,1,1,0,0,0,0,0,0,0,0,3,3,100,0,4,1,30,5,2,0,0,2,2,0,0,2,0,0,0
1509,2026-04-04 6:38,승,M. 브로조비치,LCM,9,5.1,0,0,0,0,0,0,0,0,0,0,0,0,2,1,50,0,2,2,16,0,0,0,0,1,0,1,0,0,0,0,0
1510,2026-04-03 19:50,승,앙드레 오나나,GK,9,7,0,0,0,0,0,0,0,0,0,0,0,0,3,3,100,0,0,0,0,3,3,0,0,0,0,0,0,0,0,0,0
1511,2026-04-03 19:50,승,하칸 찰하놀루,RCM,9,7.1,0,1,0,0,0,0,0,0,0,0,0,0,9,6,66.7,0,7,7,155,3,0,0,0,0,0,0,0,0,0,0,0
1512,2026-04-03 19:50,승,헨릭 미키타리안,LS,10,7.7,0,2,0,0,0,0,0,0,0,0,0,0,5,5,100,0,3,3,86,0,0,0,0,0,0,0,0,0,0,0,0
1513,2026-04-03 19:50,승,로빈 고젠스,LWB,11,6.1,0,0,0,0,0,0,0,0,0,0,0,0,4,3,75,0,2,2,9,2,1,0,0,1,0,0,0,0,0,0,0
1514,2026-04-03 19:50,승,마르쿠스 튀람,LW,9,9.1,3,0,3,3,0,0,0,0,0,0,0,0,8,8,100,0,5,5,83,3,0,1,0,0,0,0,0,0,0,0,0
1515,2026-04-03 19:50,승,덴젤 둠프리스,RCB,8,6.1,0,0,0,0,0,0,0,0,0,0,0,0,1,1,100,0,0,0,0,0,0,0,0,1,0,1,1,1,0,0,0
1516,2026-04-03 19:50,승,파트리크 비에이라,LCB,9,6.3,0,0,0,0,0,0,0,0,0,0,0,0,7,6,85.7,0,4,4,37,3,2,3,0,1,1,0,0,1,0,0,0
1517,2026-04-03 19:50,승,라울 벨라노바,RWB,9,5.9,0,0,0,0,0,0,0,0,0,0,0,0,4,3,75,0,1,1,5,2,1,1,0,1,0,1,0,0,0,0,0
1518,2026-04-03 19:50,승,마이콘,CDM,9,6.5,0,0,0,0,0,0,0,0,0,0,0,0,12,11,91.7,0,8,6,46,4,1,0,0,2,1,0,0,1,0,0,0
1519,2026-04-03 19:50,승,루이스 피구,RW,9,6.8,0,0,0,0,0,0,0,0,0,0,0,0,7,6,85.7,0,4,4,70,2,1,2,0,0,0,1,0,0,0,0,0
1520,2026-04-03 19:50,승,M. 브로조비치,LCM,9,7.9,1,1,1,1,0,0,0,0,0,0,0,0,14,14,100,0,11,11,64,3,2,0,0,0,0,0,0,0,0,0,0
1521,2026-04-03 19:38,승,앙드레 오나나,GK,9,5.8,0,0,0,0,0,0,0,0,0,0,0,0,3,2,66.7,0,1,1,2,1,0,0,0,0,0,0,0,0,0,0,0
1522,2026-04-03 19:38,승,파트리크 비에이라,LCB,9,5.8,0,0,0,0,0,0,0,0,0,0,0,0,14,12,85.7,0,7,7,111,3,2,1,0,0,0,1,1,1,0,0,0
1523,2026-04-03 19:38,승,덴젤 둠프리스,RCB,8,6.7,0,0,0,0,0,0,0,0,0,0,0,0,13,12,92.3,0,7,7,98,5,4,1,0,4,2,1,0,2,0,0,0
1524,2026-04-03 19:38,승,마르쿠스 튀람,LW,9,8.7,3,0,5,5,0,0,0,0,0,0,0,0,17,15,88.2,0,12,11,216,9,0,5,0,1,0,0,0,0,0,0,0
1525,2026-04-03 19:38,승,로빈 고젠스,??,11,7.8,0,1,0,0,0,0,0,0,0,0,0,0,15,13,86.7,0,9,9,128,3,1,0,0,3,2,1,0,2,0,0,0
1526,2026-04-03 19:38,승,하칸 찰하놀루,RDM,9,8.2,0,1,0,0,0,0,0,0,0,0,0,0,24,24,100,0,12,11,142,5,4,1,0,2,2,2,0,2,0,0,0
1527,2026-04-03 19:38,승,마테오 다르미안,LWB,9,5.3,0,0,0,0,0,0,0,0,0,0,0,0,3,3,100,0,3,3,50,0,0,3,0,0,0,0,0,0,0,0,0
1528,2026-04-03 19:38,승,루이스 피구,RM,9,6.2,0,0,1,1,0,0,0,0,0,0,0,0,10,8,80,0,6,5,140,5,2,7,0,0,0,0,0,0,0,0,0
1529,2026-04-03 19:38,승,M. 브로조비치,LDM,9,7,0,1,0,0,0,0,0,0,0,0,0,0,18,16,88.9,0,14,13,185,4,1,0,0,1,1,2,0,1,0,0,0
1530,2026-04-03 19:38,승,마이콘,??,9,7,0,0,0,0,0,0,0,0,0,0,0,0,20,19,95,0,12,12,154,2,2,0,0,0,0,0,0,0,0,0,0
1531,2026-04-03 19:38,승,하비에르 사네티,CDM,10,8.6,1,1,1,1,0,0,0,0,0,0,0,0,9,9,100,0,9,7,106,4,2,0,0,4,3,0,0,3,0,0,0
1532,2026-04-03 19:38,승,라울 벨라노바,??,9,6.4,0,0,0,0,0,0,0,0,0,0,0,0,7,7,100,0,2,2,47,2,2,0,0,1,1,1,0,1,0,0,0
1533,2026-04-03 19:38,승,애슐리 영,RWB,9,6.2,0,0,0,0,0,0,0,0,0,0,0,0,8,6,75,0,5,4,132,7,4,0,0,1,1,1,0,1,0,0,0
1534,2026-04-03 19:38,승,헨릭 미키타리안,LM,10,6.7,0,0,0,0,0,0,0,0,0,0,0,0,18,13,72.2,0,14,11,578,7,1,1,0,1,1,0,0,1,0,0,0
1535,2026-04-03 19:22,패,헨릭 미키타리안,LS,10,6.6,0,1,0,0,0,0,0,0,0,0,0,0,15,13,86.7,0,10,8,206,3,0,1,0,0,0,3,0,0,0,0,0
1536,2026-04-03 19:22,패,마테오 다르미안,LWB,9,6.7,0,0,0,0,0,0,0,0,0,0,0,0,3,3,100,0,3,2,15,1,1,1,0,2,2,1,0,2,0,0,0
1537,2026-04-03 19:22,패,로빈 고젠스,??,11,6.7,0,0,0,0,0,0,0,0,0,0,0,0,16,16,100,0,8,8,131,1,1,0,0,0,0,0,0,0,0,0,0
1538,2026-04-03 19:22,패,덴젤 둠프리스,RCB,8,5.7,0,0,0,0,0,0,0,0,0,0,0,0,11,10,90.9,0,6,6,41,5,3,1,0,1,0,1,0,0,0,0,0
1539,2026-04-03 19:22,패,앙드레 오나나,GK,9,5.5,0,0,0,0,0,0,0,0,0,0,0,0,2,2,100,0,0,0,0,0,0,1,0,0,0,0,0,0,0,0,0
1540,2026-04-03 19:22,패,하칸 찰하놀루,RCM,9,7.3,0,0,0,0,0,0,0,0,0,0,0,0,27,27,100,0,15,15,206,3,3,2,0,0,0,0,0,0,0,0,0
1541,2026-04-03 19:22,패,하비에르 사네티,CDM,10,6.4,0,0,0,0,0,0,0,0,0,0,0,0,11,10,90.9,0,5,5,90,1,1,0,0,1,1,0,0,1,0,0,0
1542,2026-04-03 19:22,패,애슐리 영,RWB,9,5.6,0,0,0,0,0,0,0,0,0,0,0,0,4,3,75,0,4,3,30,1,0,0,0,0,0,0,0,0,0,0,0
1543,2026-04-03 19:22,패,라울 벨라노바,??,9,6.1,0,0,0,0,0,0,0,0,0,0,0,0,8,8,100,0,5,5,41,0,0,0,0,1,1,0,0,1,0,0,0
1544,2026-04-03 19:22,패,마이콘,??,9,7.6,0,1,0,0,0,0,0,0,0,0,0,0,25,22,88,0,11,11,110,3,1,0,0,1,1,2,0,1,0,0,0
1545,2026-04-03 19:22,패,마르쿠스 튀람,LW,9,7.5,2,0,3,2,0,0,0,0,0,0,0,0,12,12,100,0,10,5,106,9,0,5,0,0,0,0,0,0,0,0,0
1546,2026-04-03 19:22,패,루이스 피구,RW,9,6.2,0,0,0,0,0,0,0,0,0,0,0,0,12,8,66.7,0,6,6,141,7,3,2,0,1,1,1,0,1,0,0,0
1547,2026-04-03 19:22,패,M. 브로조비치,LCM,9,6.3,0,0,1,1,0,0,0,0,0,0,0,0,26,19,73.1,0,11,11,162,9,3,0,0,1,0,0,0,0,0,0,0
1548,2026-04-03 19:22,패,파트리크 비에이라,LCB,9,7,0,0,0,0,0,0,0,0,0,0,0,0,20,19,95,0,8,6,79,10,7,7,0,1,1,0,0,1,0,0,0
1549,2026-04-03 19:06,승,M. 브로조비치,LCM,9,9.6,1,2,1,1,0,0,0,0,0,0,0,0,16,16,100,0,12,11,183,2,0,0,0,1,1,0,0,1,0,0,0
1550,2026-04-03 19:06,승,마르쿠스 튀람,LW,9,9.4,3,0,4,3,0,0,0,0,0,0,0,0,9,7,77.8,0,9,7,457,12,2,3,1,0,0,0,0,0,0,0,0
1551,2026-04-03 19:06,승,헨릭 미키타리안,LS,10,7.6,0,1,0,0,0,0,0,0,0,0,0,0,11,7,63.6,0,8,8,397,3,0,0,0,0,0,0,0,0,0,0,0
1552,2026-04-03 19:06,승,애슐리 영,RWB,9,6.5,0,0,0,0,0,0,0,0,0,0,0,0,1,1,100,0,1,1,7,1,1,0,0,0,0,0,0,0,0,0,0
1553,2026-04-03 19:06,승,하칸 찰하놀루,RCM,9,7.3,0,0,1,0,0,0,0,0,0,0,0,0,17,16,94.1,0,9,9,195,1,0,0,0,0,0,0,0,0,0,0,0
1554,2026-04-03 19:06,승,로빈 고젠스,??,11,6.8,0,0,0,0,0,0,0,0,0,0,0,0,9,8,88.9,0,4,4,87,3,2,1,0,2,2,1,0,2,0,0,0
1555,2026-04-03 19:06,승,파트리크 비에이라,LCB,9,7,0,0,0,0,0,0,0,0,0,0,0,0,8,7,87.5,0,4,4,44,2,2,1,0,2,1,1,0,1,0,0,0
1556,2026-04-03 19:06,승,하비에르 사네티,CDM,10,6.7,0,0,0,0,0,0,0,0,0,0,0,0,4,4,100,0,3,3,103,1,1,0,0,0,0,0,0,0,0,0,0
1557,2026-04-03 19:06,승,루이스 피구,RW,9,6.7,0,0,0,0,0,0,0,0,0,0,0,0,4,4,100,0,4,4,49,1,1,0,0,0,0,0,0,0,0,0,0
1558,2026-04-03 19:06,승,라울 벨라노바,??,9,6.8,0,0,0,0,0,0,0,0,0,0,0,0,12,11,91.7,0,4,4,80,4,3,2,2,0,0,1,0,0,0,0,0
1559,2026-04-03 19:06,승,앙드레 오나나,GK,9,7,0,0,0,0,0,0,0,0,0,0,0,0,4,3,75,0,1,1,11,1,0,0,0,0,0,0,0,0,0,0,0
1560,2026-04-03 19:06,승,덴젤 둠프리스,RCB,8,6.8,0,0,0,0,0,0,0,0,0,0,0,0,4,4,100,0,4,4,49,2,2,1,0,0,0,0,0,0,0,0,0
1561,2026-04-03 19:06,승,마테오 다르미안,LWB,9,6.4,0,0,0,0,0,0,0,0,0,0,0,0,0,0,0,0,0,0,0,0,0,1,0,0,0,0,0,0,0,0,0
1562,2026-04-03 19:06,승,마이콘,??,9,8.7,0,1,0,0,0,0,0,0,0,0,0,0,17,17,100,0,10,10,208,1,1,1,0,0,0,0,0,0,0,0,0
1563,2026-04-03 18:54,패,마이콘,CDM,9,6.9,0,1,0,0,0,0,0,0,0,0,0,0,21,20,95.2,0,13,13,229,2,2,0,0,0,0,0,0,0,0,0,0
1564,2026-04-03 18:54,패,마르쿠스 튀람,LW,9,8.9,2,0,2,2,0,0,0,0,0,0,0,0,20,18,90,0,11,9,202,5,0,0,0,0,0,0,0,0,0,0,0
1565,2026-04-03 18:54,패,로빈 고젠스,LWB,11,5.8,0,0,0,0,0,0,0,0,0,0,0,0,8,8,100,0,4,4,84,0,0,1,0,1,1,0,0,1,0,0,0
1566,2026-04-03 18:54,패,앙드레 오나나,GK,9,4.6,0,0,0,0,0,0,0,0,0,0,0,0,0,0,0,0,0,0,0,0,0,0,0,0,0,0,0,0,0,0,0
1567,2026-04-03 18:54,패,파트리크 비에이라,LCB,9,5.4,0,0,0,0,0,0,0,0,0,0,0,0,6,5,83.3,0,3,3,67,1,0,4,0,1,1,1,0,1,0,0,0
1568,2026-04-03 18:54,패,루이스 피구,RW,9,7.6,0,1,0,0,0,0,0,0,0,0,0,0,16,15,93.8,0,12,10,196,5,3,0,0,0,0,0,0,0,0,0,0
1569,2026-04-03 18:54,패,헨릭 미키타리안,LS,10,6,0,0,0,0,0,0,0,0,0,0,0,0,13,12,92.3,0,8,7,199,5,3,1,0,1,0,0,0,0,0,0,0
1570,2026-04-03 18:54,패,덴젤 둠프리스,RCB,8,4.8,0,0,0,0,0,0,0,0,0,0,0,0,7,6,85.7,0,5,5,90,3,2,0,0,0,0,0,0,0,0,0,0
1571,2026-04-03 18:54,패,하칸 찰하놀루,RCM,9,6,0,0,2,1,0,0,0,0,0,0,0,0,14,12,85.7,0,9,9,116,3,0,1,1,1,1,0,0,1,0,0,0
1572,2026-04-03 18:54,패,라울 벨라노바,RWB,9,7.4,0,0,0,0,0,0,0,0,0,0,0,0,13,11,84.6,0,13,12,246,8,5,1,0,3,3,0,0,3,0,0,0
1573,2026-04-03 18:54,패,M. 브로조비치,LCM,9,5.3,0,0,0,0,0,0,0,0,0,0,0,0,14,13,92.9,0,10,8,140,3,0,0,0,2,0,0,0,0,0,0,0
1574,2026-04-03 18:38,승,로빈 고젠스,LWB,11,6.6,0,0,0,0,0,0,0,0,0,0,0,0,13,12,92.3,0,11,11,193,2,1,0,0,1,1,0,0,1,0,0,0
1575,2026-04-03 18:38,승,마르쿠스 튀람,LW,9,9.1,2,1,3,2,0,0,0,0,0,0,0,0,19,18,94.7,0,13,12,305,6,1,3,0,0,0,0,0,0,0,0,0
1576,2026-04-03 18:38,승,헨릭 미키타리안,LS,10,6.6,0,0,0,0,0,0,0,0,0,0,0,0,14,13,92.9,0,7,7,229,2,0,0,0,3,1,0,0,1,0,0,0
1577,2026-04-03 18:38,승,루이스 피구,RW,9,7.8,1,0,1,1,0,0,0,0,0,0,0,0,12,10,83.3,0,8,8,189,3,0,1,0,0,0,0,0,0,0,0,0
1578,2026-04-03 18:38,승,마이콘,CDM,9,7.6,0,0,0,0,0,0,0,0,0,0,0,0,23,21,91.3,0,14,14,205,5,3,0,0,3,2,1,0,2,0,0,0
1579,2026-04-03 18:38,승,하칸 찰하놀루,RCM,9,8,0,1,0,0,0,0,0,0,0,0,0,0,12,12,100,0,8,8,104,1,1,0,0,2,2,0,0,2,0,0,0
1580,2026-04-03 18:38,승,파트리크 비에이라,LCB,9,6,0,0,0,0,0,0,0,0,0,0,0,0,9,7,77.8,0,5,5,101,4,3,0,0,0,0,2,1,1,0,0,0
1581,2026-04-03 18:38,승,M. 브로조비치,LCM,9,7.1,0,1,0,0,0,0,0,0,0,0,0,0,17,13,76.5,0,12,11,164,5,1,0,0,2,2,0,0,2,0,0,0
1582,2026-04-03 18:38,승,앙드레 오나나,GK,9,5.5,0,0,0,0,0,0,0,0,0,0,0,0,2,2,100,0,0,0,0,0,0,0,0,1,1,0,0,1,0,0,0
1583,2026-04-03 18:38,승,라울 벨라노바,RWB,9,6.8,0,0,0,0,0,0,0,0,0,0,0,0,15,14,93.3,0,13,13,275,4,3,1,0,1,1,1,0,1,0,0,0
1584,2026-04-03 18:38,승,덴젤 둠프리스,RCB,8,6.1,0,0,0,0,0,0,0,0,0,0,0,0,8,8,100,0,4,4,21,1,1,1,0,1,0,0,0,0,0,0,0
1585,2026-04-03 18:02,승,라울 벨라노바,RWB,9,5.7,0,0,0,0,0,0,0,0,0,0,0,0,2,1,50,0,1,1,3,2,1,0,0,0,0,0,0,0,0,0,0
1586,2026-04-03 18:02,승,마이콘,CDM,9,8.1,0,1,0,0,0,0,0,0,0,0,0,0,14,13,92.9,0,8,8,98,3,2,0,0,1,1,0,0,1,0,0,0
1587,2026-04-03 18:02,승,하칸 찰하놀루,RCM,9,7.6,0,1,2,1,0,0,0,0,0,0,0,0,16,15,93.8,0,7,7,150,3,1,1,0,0,0,0,0,0,0,0,0
1588,2026-04-03 18:02,승,M. 브로조비치,LCM,9,7.6,0,0,0,0,0,0,0,0,0,0,0,0,10,10,100,0,8,8,173,0,0,0,0,0,0,1,0,0,0,0,0
1589,2026-04-03 18:02,승,덴젤 둠프리스,RCB,8,8,0,0,0,0,0,0,0,0,0,0,0,0,6,5,83.3,0,2,2,66,6,5,3,0,2,2,0,0,2,0,0,0
1590,2026-04-03 18:02,승,루이스 피구,RW,9,7.2,1,0,1,1,0,0,0,0,0,0,0,0,1,0,0,0,2,2,56,2,0,1,0,0,0,0,0,0,0,0,0
1591,2026-04-03 18:02,승,로빈 고젠스,LWB,11,6.6,0,0,0,0,0,0,0,0,0,0,0,0,2,2,100,0,2,2,22,1,1,0,0,1,1,1,0,1,0,0,0
1592,2026-04-03 18:02,승,헨릭 미키타리안,LS,10,5.9,0,0,0,0,0,0,0,0,0,0,0,0,7,6,85.7,0,3,2,43,1,0,0,0,0,0,0,0,0,0,0,0
1593,2026-04-03 18:02,승,마르쿠스 튀람,LW,9,7.9,1,0,1,1,0,0,0,0,0,0,0,0,10,10,100,0,8,6,157,2,0,1,0,1,0,0,0,0,0,0,0
1594,2026-04-03 18:02,승,앙드레 오나나,GK,9,7.1,0,0,0,0,0,0,0,0,0,0,0,0,1,0,0,0,0,0,0,2,1,0,0,0,0,0,0,0,0,0,0
1595,2026-04-03 18:02,승,파트리크 비에이라,LCB,9,6.9,0,0,0,0,0,0,0,0,0,0,0,0,1,1,100,0,0,0,0,0,0,0,0,1,1,2,1,2,0,0,0
1596,2026-04-03 16:20,패,덴젤 둠프리스,RCB,8,5.9,0,0,1,0,0,0,0,0,0,0,0,0,4,4,100,0,3,3,19,4,3,9,1,1,0,0,0,0,0,0,0
1597,2026-04-03 16:20,패,파트리크 비에이라,LCB,9,6.2,0,0,1,0,0,0,0,0,0,0,0,0,9,8,88.9,0,3,2,38,7,4,3,1,0,0,0,0,0,0,0,0
1598,2026-04-03 16:20,패,헨릭 미키타리안,LS,10,6.9,0,0,0,0,0,0,0,0,0,0,0,0,17,15,88.2,0,13,12,189,3,0,9,0,0,0,0,0,0,0,0,0
1599,2026-04-03 16:20,패,앙드레 오나나,GK,9,6.6,0,0,0,0,0,0,0,0,0,0,0,0,3,3,100,0,0,0,0,1,1,0,0,0,0,0,0,0,0,0,0
1600,2026-04-03 16:20,패,마르쿠스 튀람,LW,9,6.8,0,0,4,1,0,0,0,0,0,0,0,0,17,17,100,0,10,9,132,3,2,7,0,1,0,0,0,0,0,0,0
1601,2026-04-03 16:20,패,라울 벨라노바,RWB,9,5.8,0,0,0,0,0,0,0,0,0,0,0,0,9,5,55.6,0,9,9,400,4,0,0,0,1,0,0,0,0,0,0,0
1602,2026-04-03 16:20,패,루이스 피구,RW,9,7.4,1,0,2,1,0,0,0,0,0,0,0,0,13,11,84.6,0,10,8,161,4,0,2,0,0,0,0,0,0,0,0,0
1603,2026-04-03 16:20,패,M. 브로조비치,LCM,9,6.6,0,0,0,0,0,0,0,0,0,0,0,0,17,17,100,0,11,11,295,0,0,0,0,0,0,0,0,0,0,0,0
1604,2026-04-03 16:20,패,로빈 고젠스,LWB,11,6.1,0,0,0,0,0,0,0,0,0,0,0,0,9,7,77.8,0,7,7,138,1,0,0,0,0,0,0,0,0,0,0,0
1605,2026-04-03 16:20,패,마이콘,CDM,9,8.4,1,1,2,2,0,0,0,0,0,0,0,0,15,15,100,0,11,10,200,4,2,6,6,1,1,1,0,1,0,0,0
1606,2026-04-03 16:20,패,하칸 찰하놀루,RCM,9,7.5,0,1,0,0,0,0,0,0,0,0,0,0,18,15,83.3,0,7,6,51,7,3,0,0,2,2,0,0,2,0,0,0
1607,2026-04-02 19:15,패,하칸 찰하놀루,RCM,9,8,0,2,1,1,0,0,0,0,0,0,0,0,17,13,76.5,0,11,10,199,9,3,1,0,1,1,0,0,1,0,0,0
1608,2026-04-02 19:15,패,헨릭 미키타리안,LW,10,6.5,0,0,0,0,0,0,0,0,0,0,0,0,9,7,77.8,0,6,5,210,4,1,0,0,0,0,0,0,0,0,0,0
1609,2026-04-02 19:15,패,루이스 피구,RW,9,6,0,0,0,0,0,0,0,0,0,0,0,0,13,11,84.6,0,5,5,241,2,0,0,0,0,0,0,0,0,0,0,0
1610,2026-04-02 19:15,패,앙드레 오나나,GK,9,5.3,0,0,0,0,0,0,0,0,0,0,0,0,0,0,0,0,0,0,0,0,0,0,0,1,1,0,0,1,0,0,0
1611,2026-04-02 19:15,패,라울 벨라노바,RWB,9,5.8,0,0,0,0,0,0,0,0,0,0,0,0,8,6,75,0,5,5,77,5,3,2,0,0,0,0,0,0,0,0,0
1612,2026-04-02 19:15,패,덴젤 둠프리스,RCB,8,5.3,0,0,0,0,0,0,0,0,0,0,0,0,5,5,100,0,2,2,25,0,0,0,0,2,1,0,0,1,0,0,0
1613,2026-04-02 19:15,패,M. 브로조비치,LCM,9,6.7,0,0,1,1,0,0,0,0,0,0,0,0,12,12,100,0,7,6,99,2,1,0,0,2,2,0,0,2,0,0,0
1614,2026-04-02 19:15,패,마르쿠스 튀람,LS,9,9.8,3,0,4,4,0,0,0,0,0,0,0,0,16,15,93.8,0,8,6,171,8,1,8,0,0,0,0,0,0,0,0,0
1615,2026-04-02 19:15,패,마이콘,CDM,9,7.2,0,1,0,0,0,0,0,0,0,0,0,0,11,10,90.9,0,9,8,128,6,4,0,0,3,3,1,0,3,0,0,0
1616,2026-04-02 19:15,패,로빈 고젠스,LWB,11,5.8,0,0,0,0,0,0,0,0,0,0,0,0,9,8,88.9,0,4,4,69,5,4,0,0,0,0,1,0,0,0,0,0
1617,2026-04-02 19:15,패,파트리크 비에이라,LCB,9,4.2,0,0,0,0,0,0,0,0,0,0,0,0,3,3,100,0,2,1,17,2,1,1,0,0,0,2,0,0,0,0,0
1618,2026-04-02 19:04,패,앙드레 오나나,GK,9,4.9,0,0,0,0,0,0,0,0,0,0,0,0,4,2,50,0,3,3,17,1,0,0,0,0,0,0,0,0,0,0,0
1619,2026-04-02 19:04,패,루이스 피구,RW,9,6.5,0,0,1,1,0,0,0,0,0,0,0,0,10,9,90,0,7,7,283,1,0,0,0,0,0,1,0,0,0,0,0
1620,2026-04-02 19:04,패,파트리크 비에이라,LCB,9,5.6,0,0,0,0,0,0,0,0,0,0,0,0,7,7,100,0,5,5,103,1,1,0,0,2,1,1,0,1,0,0,0
1621,2026-04-02 19:04,패,라울 벨라노바,RWB,9,5.9,0,0,0,0,0,0,0,0,0,0,0,0,10,10,100,0,6,6,103,2,1,0,0,1,1,1,0,1,0,0,0
1622,2026-04-02 19:04,패,M. 브로조비치,LCM,9,8.1,0,2,0,0,0,0,0,0,0,0,0,0,17,13,76.5,0,13,12,293,6,1,0,0,0,0,2,0,0,0,0,0
1623,2026-04-02 19:04,패,마이콘,CDM,9,6.7,0,0,0,0,0,0,0,0,0,0,0,0,17,16,94.1,0,5,5,83,3,3,0,0,5,3,2,0,3,0,0,0
1624,2026-04-02 19:04,패,헨릭 미키타리안,LS,10,7.4,1,0,1,1,0,0,0,0,0,0,0,0,15,13,86.7,0,7,6,110,5,1,1,0,0,0,1,0,0,0,0,0
1625,2026-04-02 19:04,패,덴젤 둠프리스,RCB,8,5.7,0,0,0,0,0,0,0,0,0,0,0,0,7,6,85.7,0,5,5,87,3,3,0,0,2,1,1,0,1,0,0,0
1626,2026-04-02 19:04,패,하칸 찰하놀루,RCM,9,6.2,0,0,0,0,0,0,0,0,0,0,0,0,11,11,100,0,6,4,170,4,3,0,0,0,0,0,0,0,0,0,0
1627,2026-04-02 19:04,패,마르쿠스 튀람,LW,9,8.3,2,0,3,2,0,0,0,0,0,0,0,0,16,15,93.8,0,12,9,220,6,0,2,0,0,0,0,0,0,0,0,0
1628,2026-04-02 19:04,패,로빈 고젠스,LWB,11,5.6,0,0,0,0,0,0,0,0,0,0,0,0,11,9,81.8,0,6,5,56,3,1,0,0,2,0,2,0,0,0,0,0
1629,2026-04-02 18:51,패,마르쿠스 튀람,LW,9,7,0,0,1,1,0,0,0,0,0,0,0,0,20,20,100,0,10,9,222,2,1,2,0,0,0,1,0,0,0,0,0
1630,2026-04-02 18:51,패,파트리크 비에이라,LCB,9,2.4,0,0,0,0,0,0,0,0,0,0,0,0,2,2,100,0,1,1,6,1,1,0,0,2,0,3,0,0,0,0,0
1631,2026-04-02 18:51,패,마이콘,CF,9,6.5,0,0,0,0,0,0,0,0,0,0,0,0,26,24,92.3,0,17,14,247,7,2,0,0,0,0,1,0,0,0,0,0
1632,2026-04-02 18:51,패,M. 브로조비치,LCM,9,5.8,0,0,0,0,0,0,0,0,0,0,0,0,12,12,100,0,10,7,79,3,0,0,0,2,0,1,0,0,0,0,0
1633,2026-04-02 18:51,패,라울 벨라노바,RB,9,6.1,0,0,0,0,0,0,0,0,0,0,0,0,9,7,77.8,0,4,4,343,4,2,1,0,1,1,1,0,1,0,0,0
1634,2026-04-02 18:51,패,덴젤 둠프리스,RCB,8,6.2,0,0,0,0,0,0,0,0,0,0,0,0,7,7,100,0,3,3,64,5,5,3,0,1,0,0,0,0,0,0,0
1635,2026-04-02 18:51,패,로빈 고젠스,LB,11,4.2,0,0,0,0,0,0,0,0,0,0,0,0,4,3,75,0,4,3,129,1,0,0,0,1,0,2,0,0,0,0,0
1636,2026-04-02 18:51,패,헨릭 미키타리안,LM,10,4.7,0,0,0,0,0,0,0,0,0,0,0,0,6,5,83.3,0,4,2,59,2,0,1,0,0,0,1,0,0,0,0,0
1637,2026-04-02 18:51,패,루이스 피구,RM,9,5.9,0,0,0,0,0,0,0,0,0,0,0,0,13,11,84.6,0,7,6,79,5,2,0,0,0,0,1,0,0,0,0,0
1638,2026-04-02 18:51,패,하칸 찰하놀루,RCM,9,7.1,1,0,1,1,0,0,0,0,0,0,0,0,13,11,84.6,0,9,8,348,4,0,1,0,0,0,0,0,0,0,0,0
1639,2026-04-02 18:51,패,앙드레 오나나,GK,9,5.9,0,0,0,0,0,0,0,0,0,0,0,0,5,4,80,0,0,0,0,1,1,0,0,0,0,0,0,0,0,0,0
1640,2026-04-02 18:39,무,로빈 고젠스,LWB,11,6.1,0,0,0,0,0,0,0,0,0,0,0,0,10,8,80,0,9,7,313,4,2,0,0,3,1,0,0,1,0,0,0
1641,2026-04-02 18:39,무,라울 벨라노바,RWB,9,6,0,0,0,0,0,0,0,0,0,0,0,0,9,9,100,0,6,6,113,0,0,0,0,0,0,0,0,0,0,0,0
1642,2026-04-02 18:39,무,앙드레 오나나,GK,9,5.8,0,0,0,0,0,0,0,0,0,0,0,0,5,5,100,0,3,3,20,0,0,0,0,0,0,0,0,0,0,0,0
1643,2026-04-02 18:39,무,M. 브로조비치,LCM,9,6.5,0,0,0,0,0,0,0,0,0,0,0,0,13,12,92.3,0,5,3,147,3,1,0,0,2,1,0,0,1,0,0,0
1644,2026-04-02 18:39,무,하칸 찰하놀루,RCM,9,8.4,2,0,2,2,0,0,0,0,0,0,0,0,20,17,85,0,9,8,145,6,2,0,0,0,0,1,0,0,0,0,0
1645,2026-04-02 18:39,무,로베르토 바조,LS,10,6.5,0,0,0,0,0,0,0,0,0,0,0,0,2,2,100,0,1,1,31,0,0,0,0,0,0,0,0,0,0,0,0
1646,2026-04-02 18:39,무,파트리크 비에이라,LCB,9,5.9,0,0,0,0,0,0,0,0,0,0,0,0,10,9,90,0,6,6,101,6,4,0,0,0,0,4,0,0,0,0,0
1647,2026-04-02 18:39,무,루이스 피구,RW,9,6.6,0,0,0,0,0,0,0,0,0,0,0,0,9,9,100,0,7,7,100,1,1,0,0,1,1,0,0,1,0,0,0
1648,2026-04-02 18:39,무,헨릭 미키타리안,??,10,6.3,0,0,0,0,0,0,0,0,0,0,0,0,11,10,90.9,0,3,3,47,1,1,1,0,0,0,0,0,0,0,0,0
1649,2026-04-02 18:39,무,마이콘,CDM,9,6.3,0,0,0,0,0,0,0,0,0,0,0,0,24,21,87.5,0,11,11,148,5,1,0,0,0,0,1,0,0,0,0,0
1650,2026-04-02 18:39,무,덴젤 둠프리스,RCB,8,6.6,0,0,0,0,0,0,0,0,0,0,0,0,7,6,85.7,0,3,3,101,5,4,1,0,2,2,0,0,2,0,0,0
1651,2026-04-02 18:39,무,마르쿠스 튀람,LW,9,6.7,0,1,2,1,0,0,0,0,0,0,0,0,15,14,93.3,0,9,6,86,5,0,1,0,0,0,0,0,0,0,0,0
1652,2026-04-02 18:27,승,M. 브로조비치,LCM,9,7.6,0,1,1,0,0,0,0,0,0,0,0,0,15,14,93.3,0,8,7,116,6,4,0,0,0,0,0,0,0,0,0,0
1653,2026-04-02 18:27,승,라울 벨라노바,RWB,9,7.7,0,0,1,0,0,0,0,0,0,0,0,0,15,14,93.3,0,9,9,320,3,2,2,2,1,0,0,0,0,0,0,0
1654,2026-04-02 18:27,승,앙드레 오나나,GK,9,7.4,0,0,0,0,0,0,0,0,0,0,0,0,2,2,100,0,0,0,0,1,1,0,0,0,0,0,0,0,0,0,0
1655,2026-04-02 18:27,승,헨릭 미키타리안,LS,10,6.7,0,0,0,0,0,0,0,0,0,0,0,0,7,6,85.7,0,11,8,261,4,1,0,0,0,0,0,0,0,0,0,0
1656,2026-04-02 18:27,승,로빈 고젠스,LWB,11,6.7,0,0,0,0,0,0,0,0,0,0,0,0,10,7,70,0,5,5,82,4,1,4,0,0,0,1,1,1,0,0,0
1657,2026-04-02 18:27,승,루이스 피구,RW,9,8,1,0,2,1,0,0,0,0,0,0,0,0,15,14,93.3,0,11,11,299,2,0,0,0,0,0,1,0,0,0,0,0
1658,2026-04-02 18:27,승,파트리크 비에이라,LCB,9,7.1,0,0,0,0,0,0,0,0,0,0,0,0,3,3,100,0,0,0,0,1,1,0,0,2,2,1,1,3,0,0,0
1659,2026-04-02 18:27,승,마이콘,CDM,9,8.9,0,2,0,0,0,0,0,0,0,0,0,0,24,22,91.7,0,12,11,190,5,3,0,0,3,1,0,0,1,0,0,0
1660,2026-04-02 18:27,승,마르쿠스 튀람,LW,9,8.9,2,1,2,2,0,0,0,0,0,0,0,0,13,10,76.9,0,7,6,136,6,0,9,0,0,0,1,0,0,0,0,0
1661,2026-04-02 18:27,승,하칸 찰하놀루,RCM,9,8.4,1,0,2,2,0,0,0,0,0,0,0,0,23,19,82.6,0,17,16,176,5,2,1,0,1,0,2,0,0,0,0,0
1662,2026-04-02 18:27,승,덴젤 둠프리스,RCB,8,7.3,0,0,0,0,0,0,0,0,0,0,0,0,8,7,87.5,0,5,4,62,9,7,2,0,3,2,0,0,2,0,0,0
1663,2026-04-02 18:15,패,라울 벨라노바,RB,9,6.5,0,0,0,0,0,0,0,0,0,0,0,0,13,11,84.6,0,10,10,267,3,2,2,0,0,0,0,0,0,0,0,0
1664,2026-04-02 18:15,패,덴젤 둠프리스,RCB,8,5.6,0,0,0,0,0,0,0,0,0,0,0,0,5,5,100,0,3,3,12,1,1,0,0,2,1,1,0,1,0,0,0
1665,2026-04-02 18:15,패,마이콘,CF,9,6.3,0,0,0,0,0,0,0,0,0,0,0,0,18,18,100,0,8,7,89,1,1,0,0,0,0,0,0,0,0,0,0
1666,2026-04-02 18:15,패,로빈 고젠스,LB,11,5.9,0,0,0,0,0,0,0,0,0,0,0,0,9,9,100,0,4,4,51,0,0,0,0,1,1,1,0,1,0,0,0
1667,2026-04-02 18:15,패,하칸 찰하놀루,RCM,9,6.4,1,0,1,1,0,0,0,0,0,0,0,0,11,10,90.9,0,5,4,46,3,0,1,0,1,0,0,0,0,0,0,0
1668,2026-04-02 18:15,패,헨릭 미키타리안,LM,10,8,0,1,0,0,0,0,0,0,0,0,0,0,13,11,84.6,0,9,8,404,5,2,1,0,1,1,0,0,1,0,0,0
1669,2026-04-02 18:15,패,파트리크 비에이라,LCB,9,4.9,0,0,0,0,0,0,0,0,0,0,0,0,6,6,100,0,3,3,42,0,0,0,0,0,0,1,0,0,0,0,0
1670,2026-04-02 18:15,패,루이스 피구,RM,9,5.8,0,0,0,0,0,0,0,0,0,0,0,0,10,8,80,0,6,5,86,1,0,0,0,0,0,3,2,2,0,0,0
1671,2026-04-02 18:15,패,마르쿠스 튀람,LW,9,8.3,2,0,4,2,0,0,0,0,0,0,0,0,18,18,100,0,10,7,103,9,2,4,0,0,0,1,0,0,0,0,0
1672,2026-04-02 18:15,패,M. 브로조비치,LCM,9,6.9,0,1,1,1,0,0,0,0,0,0,0,0,16,15,93.8,0,11,10,124,3,1,0,0,1,0,1,0,0,0,0,0
1673,2026-04-02 18:15,패,앙드레 오나나,GK,9,5.3,0,0,0,0,0,0,0,0,0,0,0,0,2,2,100,0,0,0,0,1,1,0,0,0,0,0,0,0,0,0,0
1674,2026-04-02 18:03,패,마이콘,CDM,9,6.7,1,0,1,1,0,0,0,0,0,0,0,0,19,17,89.5,0,10,8,73,7,3,2,1,1,1,1,0,1,0,0,0
1675,2026-04-02 18:03,패,하칸 찰하놀루,RCM,9,6.7,0,1,0,0,0,0,0,0,0,0,0,0,17,17,100,0,9,8,126,2,1,1,0,1,0,1,0,0,0,0,0
1676,2026-04-02 18:03,패,라울 벨라노바,RWB,9,5.8,0,0,0,0,0,0,0,0,0,0,0,0,11,7,63.6,0,8,8,137,6,2,1,0,3,2,0,0,2,0,0,0
1677,2026-04-02 18:03,패,마르쿠스 튀람,??,9,8.3,1,1,3,3,0,0,0,0,0,0,0,0,19,19,100,0,9,7,77,6,1,5,1,2,1,0,0,1,0,0,0
1678,2026-04-02 18:03,패,사뮈엘 에토,LW,8,6.6,0,0,0,0,0,0,0,0,0,0,0,0,5,5,100,0,1,1,26,0,0,0,0,0,0,0,0,0,0,0,0
1679,2026-04-02 18:03,패,덴젤 둠프리스,RCB,8,6,0,0,0,0,0,0,0,0,0,0,0,0,5,5,100,0,3,3,60,3,3,0,0,4,3,3,0,3,0,0,0
1680,2026-04-02 18:03,패,헨릭 미키타리안,??,10,6.8,0,0,0,0,0,0,0,0,0,0,0,0,16,16,100,0,11,9,281,2,1,0,0,0,0,0,0,0,0,0,0
1681,2026-04-02 18:03,패,로빈 고젠스,LWB,11,6.7,0,0,0,0,0,0,0,0,0,0,0,0,14,13,92.9,0,7,7,248,3,3,1,0,2,2,0,0,2,0,0,0
1682,2026-04-02 18:03,패,로베르토 바조,LAM,10,5,0,0,0,0,0,0,0,0,0,0,0,0,2,1,50,0,2,2,17,1,0,0,0,0,0,0,0,0,0,0,0
1683,2026-04-02 18:03,패,파트리크 비에이라,LCB,9,6.1,0,0,0,0,0,0,0,0,0,0,0,0,8,7,87.5,0,7,6,166,2,1,0,0,3,2,3,1,3,0,0,0
1684,2026-04-02 18:03,패,루이스 피구,RAM,9,6.7,1,0,1,1,0,0,0,0,0,0,0,0,12,10,83.3,0,9,7,250,6,1,0,0,0,0,0,0,0,0,0,0
1685,2026-04-02 18:03,패,앙드레 오나나,GK,9,4.5,0,0,0,0,0,0,0,0,0,0,0,0,3,3,100,0,0,0,0,1,1,0,0,0,0,0,0,0,0,0,0
1686,2026-04-02 18:03,패,M. 브로조비치,LCM,9,7,0,1,0,0,0,0,0,0,0,0,0,0,27,23,85.2,0,17,17,271,4,1,0,0,0,0,1,0,0,0,0,0
1687,2026-04-02 17:46,승,파트리크 비에이라,LCB,9,7.1,0,0,0,0,0,0,0,0,0,0,0,0,6,6,100,0,4,4,20,2,2,1,0,0,0,3,1,1,0,0,0
1688,2026-04-02 17:46,승,로빈 고젠스,LWB,11,7.4,0,0,0,0,0,0,0,0,0,0,0,0,7,7,100,0,3,3,43,5,4,0,0,0,1,0,0,1,0,0,0
1689,2026-04-02 17:46,승,루이스 피구,RW,9,6.8,1,0,1,1,0,0,0,0,0,0,0,0,1,1,100,0,4,2,82,3,0,0,0,0,0,0,0,0,0,0,0
1690,2026-04-02 17:46,승,하칸 찰하놀루,RCM,9,7.6,0,2,0,0,0,0,0,0,0,0,0,0,10,7,70,0,5,5,81,4,0,0,0,0,0,0,0,0,0,0,0
1691,2026-04-02 17:46,승,마이콘,CDM,9,7.8,0,1,0,0,0,0,0,0,0,0,0,0,11,8,72.7,0,8,7,120,7,4,0,0,1,1,1,0,1,0,0,0
1692,2026-04-02 17:46,승,M. 브로조비치,LCM,9,7,0,0,0,0,0,0,0,0,0,0,0,0,8,8,100,0,7,5,64,2,1,0,0,0,0,1,0,0,0,0,0
1693,2026-04-02 17:46,승,라울 벨라노바,RWB,9,6.5,0,0,0,0,0,0,0,0,0,0,0,0,2,2,100,0,2,1,30,3,2,0,0,1,1,0,0,1,0,0,0
1694,2026-04-02 17:46,승,헨릭 미키타리안,LS,10,8.1,0,1,0,0,0,0,0,0,0,0,0,0,6,6,100,0,5,4,245,3,2,0,0,1,1,0,0,1,0,0,0
1695,2026-04-02 17:46,승,앙드레 오나나,GK,9,6.6,0,0,0,0,0,0,0,0,0,0,0,0,4,4,100,0,3,3,43,1,1,0,0,0,0,0,0,0,0,0,0
1696,2026-04-02 17:46,승,덴젤 둠프리스,RCB,8,6.7,0,0,0,0,0,0,0,0,0,0,0,0,4,4,100,0,1,1,50,0,0,0,0,1,1,1,0,1,0,0,0
1697,2026-04-02 17:46,승,마르쿠스 튀람,LW,9,9.1,3,0,3,3,0,0,0,0,0,0,0,0,7,6,85.7,0,6,5,169,5,0,2,0,0,0,0,0,0,0,0,0
1698,2026-04-02 17:34,패,헨릭 미키타리안,LM,10,5.6,0,0,0,0,0,0,0,0,0,0,0,0,8,7,87.5,0,5,4,74,4,2,2,0,1,0,1,0,0,0,0,0
1699,2026-04-02 17:34,패,M. 브로조비치,LCM,9,6.5,0,0,0,0,0,0,0,0,0,0,0,0,22,20,90.9,0,8,7,130,3,1,1,0,1,0,0,0,0,0,0,0
1700,2026-04-02 17:34,패,마르쿠스 튀람,LW,9,6,0,0,2,0,0,0,0,0,0,0,0,0,14,11,78.6,0,10,9,164,6,0,3,0,0,0,0,0,0,0,0,0
1701,2026-04-02 17:34,패,하칸 찰하놀루,RCM,9,6.9,0,0,0,0,0,0,0,0,0,0,0,0,17,14,82.4,0,8,8,153,5,3,1,0,0,0,0,0,0,0,0,0
1702,2026-04-02 17:34,패,덴젤 둠프리스,RCB,8,6.4,0,0,0,0,0,0,0,0,0,0,0,0,6,6,100,0,2,1,4,6,5,4,1,1,0,1,0,0,0,0,0
1703,2026-04-02 17:34,패,마이콘,CF,9,7.4,0,0,0,0,0,0,0,0,0,0,0,0,28,25,89.3,0,14,14,128,6,2,3,0,0,0,2,0,0,0,0,0
1704,2026-04-02 17:34,패,로빈 고젠스,LB,11,6.2,0,0,0,0,0,0,0,0,0,0,0,0,10,5,50,0,8,7,389,10,4,0,0,2,2,1,0,2,0,0,0
1705,2026-04-02 17:34,패,앙드레 오나나,GK,9,5.4,0,0,0,0,0,0,0,0,0,0,0,0,3,3,100,0,0,0,0,0,0,0,0,0,0,0,0,0,0,0,0
1706,2026-04-02 17:34,패,루이스 피구,RM,9,6.4,0,0,0,0,0,0,0,0,0,0,0,0,10,9,90,0,6,6,157,1,0,1,0,1,1,0,0,1,0,0,0
1707,2026-04-02 17:34,패,라울 벨라노바,RB,9,6.3,0,0,0,0,0,0,0,0,0,0,0,0,12,10,83.3,0,8,8,181,3,2,1,0,0,0,0,0,0,0,0,0
1708,2026-04-02 17:34,패,파트리크 비에이라,LCB,9,6.3,0,0,0,0,0,0,0,0,0,0,0,0,11,9,81.8,0,3,3,54,6,4,5,0,1,0,1,0,0,0,0,0
1709,2026-04-02 17:22,승,루이스 피구,RW,9,6.5,0,0,0,0,0,0,0,0,0,0,0,0,16,13,81.2,0,8,8,194,4,1,0,0,0,0,0,0,0,0,0,0
1710,2026-04-02 17:22,승,헨릭 미키타리안,LS,10,7.9,1,0,1,1,0,0,0,0,0,0,0,0,11,9,81.8,0,10,10,353,4,3,0,0,0,0,0,0,0,0,0,0
1711,2026-04-02 17:22,승,덴젤 둠프리스,RCB,8,6.6,0,0,0,0,0,0,0,0,0,0,0,0,7,7,100,0,5,4,70,2,2,1,0,0,0,0,0,0,0,0,0
1712,2026-04-02 17:22,승,로빈 고젠스,LWB,11,6.3,0,0,0,0,0,0,0,0,0,0,0,0,9,8,88.9,0,4,4,81,1,0,1,0,0,0,0,0,0,0,0,0
1713,2026-04-02 17:22,승,파트리크 비에이라,LCB,9,7.6,0,0,0,0,0,0,0,0,0,0,0,0,16,15,93.8,0,8,8,120,8,7,3,0,0,0,0,0,0,0,0,0
1714,2026-04-02 17:22,승,하칸 찰하놀루,RCM,9,6.8,0,0,0,0,0,0,0,0,0,0,0,0,30,27,90,0,13,11,187,9,4,2,0,1,1,1,0,1,0,0,0
1715,2026-04-02 17:22,승,마르쿠스 튀람,LW,9,6.8,0,1,0,0,0,0,0,0,0,0,0,0,13,10,76.9,0,9,8,139,4,0,2,0,1,0,0,0,0,0,0,0
1716,2026-04-02 17:22,승,M. 브로조비치,LCM,9,6.4,0,0,0,0,0,0,0,0,0,0,0,0,16,15,93.8,0,7,6,96,1,0,1,0,1,0,1,0,0,0,0,0
1717,2026-04-02 17:22,승,앙드레 오나나,GK,9,6,0,0,0,0,0,0,0,0,0,0,0,0,2,1,50,0,0,0,0,2,1,0,0,1,1,0,0,1,0,0,0
1718,2026-04-02 17:22,승,라울 벨라노바,RWB,9,7.4,0,1,0,0,0,0,0,0,0,0,0,0,11,10,90.9,0,9,9,308,3,2,0,0,0,0,0,0,0,0,0,0
1719,2026-04-02 17:22,승,마이콘,CDM,9,7.7,1,0,1,1,0,0,0,0,0,0,0,0,21,19,90.5,0,8,8,77,3,0,1,0,1,1,0,0,1,0,0,0
1720,2026-03-30 22:33,승,앙드레 오나나,GK,9,5.4,0,0,0,0,0,0,0,0,0,0,0,0,4,2,50,0,1,1,20,4,2,0,0,1,0,0,0,0,0,1,0
1721,2026-03-30 22:33,승,마테오 다르미안,LWB,10,6.7,0,0,0,0,0,0,0,0,0,0,0,0,13,12,92.3,0,9,9,214,1,1,0,0,0,0,1,1,1,0,0,0
1722,2026-03-30 22:33,승,하칸 찰하놀루,RCM,9,7.5,0,1,1,1,0,0,0,0,0,0,0,0,12,11,91.7,0,7,7,176,2,1,0,0,0,0,0,0,0,0,0,0
1723,2026-03-30 22:33,승,덴젤 둠프리스,RCB,8,5.9,0,0,0,0,0,0,0,0,0,0,0,0,5,4,80,0,2,2,21,2,1,0,0,0,0,2,1,1,0,0,0
1724,2026-03-30 22:33,승,마이콘,CDM,9,8.6,1,2,1,1,0,0,0,0,0,0,0,0,20,16,80,0,12,11,128,7,2,0,0,1,1,1,0,1,0,0,0
1725,2026-03-30 22:33,승,M. 브로조비치,LCM,9,6.5,0,0,0,0,0,0,0,0,0,0,0,0,18,17,94.4,0,11,11,135,2,2,0,0,0,0,0,0,0,0,0,0
1726,2026-03-30 22:33,승,헨릭 미키타리안,LS,10,6.3,0,0,0,0,0,0,0,0,0,0,0,0,10,8,80,0,9,7,205,4,1,0,0,0,0,0,0,0,0,0,0
1727,2026-03-30 22:33,승,루이스 피구,RW,9,8,0,1,0,0,0,0,0,0,0,0,0,0,13,13,100,0,6,6,178,0,0,0,0,0,0,1,0,0,0,0,0
1728,2026-03-30 22:33,승,라울 벨라노바,RWB,10,6.6,0,0,0,0,0,0,0,0,0,0,0,0,9,8,88.9,0,6,6,88,2,1,2,0,0,0,1,0,0,0,0,0
1729,2026-03-30 22:33,승,파트리크 비에이라,LCB,9,5.7,0,0,0,0,0,0,0,0,0,0,0,0,7,6,85.7,0,3,3,39,2,1,1,0,0,0,1,0,0,0,0,0
1730,2026-03-30 22:33,승,마르쿠스 튀람,LW,9,9.7,3,0,5,4,0,0,0,0,0,0,0,0,24,20,83.3,0,12,11,273,9,1,4,0,2,1,0,0,1,0,1,0
1731,2026-03-30 20:22,승,마르쿠스 튀람,LW,9,8.8,2,0,5,4,0,0,0,0,0,0,0,0,14,13,92.9,0,11,10,263,5,0,4,0,1,0,0,0,0,0,0,0
1732,2026-03-30 20:22,승,라울 벨라노바,RWB,10,6.6,0,0,0,0,0,0,0,0,0,0,0,0,9,8,88.9,0,5,5,107,3,2,0,0,2,1,2,0,1,0,0,0
1733,2026-03-30 20:22,승,파트리크 비에이라,LCB,9,7.8,0,0,0,0,0,0,0,0,0,0,0,0,6,5,83.3,0,2,1,3,6,4,3,0,3,3,0,0,3,0,0,0
1734,2026-03-30 20:22,승,덴젤 둠프리스,RCB,8,5.9,0,0,0,0,0,0,0,0,0,0,0,0,4,4,100,0,2,2,27,0,0,0,0,0,0,1,0,0,0,0,0
1735,2026-03-30 20:22,승,M. 브로조비치,LCM,9,8,0,1,0,0,0,0,0,0,0,0,0,0,17,15,88.2,0,8,8,174,5,3,0,0,0,0,1,0,0,0,0,0
1736,2026-03-30 20:22,승,앙드레 오나나,GK,9,6.6,0,0,0,0,0,0,0,0,0,0,0,0,2,2,100,0,0,0,0,1,1,0,0,0,0,0,0,0,0,0,0
1737,2026-03-30 20:22,승,마이콘,CDM,9,8.3,1,1,1,1,0,0,0,0,0,0,0,0,11,11,100,0,6,6,87,5,3,0,0,1,0,0,0,0,0,0,0
1738,2026-03-30 20:22,승,루이스 피구,RW,9,7.1,0,1,0,0,0,0,0,0,0,0,0,0,15,12,80,0,10,9,238,5,0,0,0,0,0,0,0,0,0,0,0
1739,2026-03-30 20:22,승,헨릭 미키타리안,LS,10,6.5,0,0,0,0,0,0,0,0,0,0,0,0,10,9,90,0,7,6,172,4,2,0,0,0,0,0,0,0,0,0,0
1740,2026-03-30 20:22,승,마테오 다르미안,LWB,10,6.6,0,0,0,0,0,0,0,0,0,0,0,0,6,6,100,0,4,4,78,4,3,2,1,0,0,0,0,0,0,0,0
1741,2026-03-30 20:22,승,하칸 찰하놀루,RCM,9,7.7,0,0,0,0,0,0,0,0,0,0,0,0,19,19,100,0,12,12,186,4,3,1,0,1,0,0,0,0,0,0,0
1742,2026-03-30 20:11,패,루이스 피구,RM,9,5.2,0,0,0,0,0,0,0,0,0,0,0,0,9,7,77.8,0,7,6,116,4,1,1,0,1,1,0,0,1,0,0,0
1743,2026-03-30 20:11,패,덴젤 둠프리스,RCB,8,5.2,0,0,0,0,0,0,0,0,0,0,0,0,4,4,100,0,1,1,3,2,2,0,0,1,1,2,0,1,0,0,0
1744,2026-03-30 20:11,패,파트리크 비에이라,LCB,9,4.1,0,0,0,0,0,0,0,0,0,0,0,0,5,3,60,0,2,2,8,7,4,4,0,0,0,0,0,0,0,0,0
1745,2026-03-30 20:11,패,마이콘,CF,9,5.1,0,0,0,0,0,0,0,0,0,0,0,0,10,9,90,0,8,7,78,3,1,1,0,3,1,0,0,1,0,0,0
1746,2026-03-30 20:11,패,헨릭 미키타리안,LM,10,4.4,0,0,0,0,0,0,0,0,0,0,0,0,6,4,66.7,0,4,2,104,5,1,7,0,0,0,0,0,0,0,0,0
1747,2026-03-30 20:11,패,라울 벨라노바,RB,10,5.9,0,0,0,0,0,0,0,0,0,0,0,0,8,6,75,0,4,4,41,5,4,2,0,1,1,0,0,1,0,0,0
1748,2026-03-30 20:11,패,마테오 다르미안,LB,10,5.3,0,0,0,0,0,0,0,0,0,0,0,0,3,2,66.7,0,2,2,46,2,1,0,0,1,1,0,0,1,0,0,0
1749,2026-03-30 20:11,패,M. 브로조비치,LCM,9,6,0,0,0,0,0,0,0,0,0,0,0,0,10,10,100,0,4,4,87,2,2,0,0,3,1,0,0,1,0,0,0
1750,2026-03-30 20:11,패,하칸 찰하놀루,RCM,9,5.8,0,0,0,0,0,0,0,0,0,0,0,0,12,11,91.7,0,7,6,118,3,1,0,0,2,1,0,0,1,0,0,0
1751,2026-03-30 20:11,패,앙드레 오나나,GK,9,5,0,0,0,0,0,0,0,0,0,0,0,0,1,0,0,0,0,0,0,1,0,0,0,0,0,0,0,0,0,0,0
1752,2026-03-30 20:11,패,마르쿠스 튀람,LW,9,6.4,0,0,1,1,0,0,0,0,0,0,0,0,16,13,81.2,0,10,8,251,6,0,1,0,0,0,0,0,0,0,0,0
1753,2026-03-30 19:59,패,하칸 찰하놀루,RCM,9,6.7,0,0,0,0,0,0,0,0,0,0,0,0,14,13,92.9,0,8,8,102,2,1,0,0,1,1,0,0,1,0,0,0
1754,2026-03-30 19:59,패,마르쿠스 튀람,LW,9,8.2,1,1,2,2,0,0,0,0,0,0,0,0,19,16,84.2,0,14,10,360,8,0,4,0,0,0,0,0,0,0,0,0
1755,2026-03-30 19:59,패,파트리크 비에이라,LCB,9,6.7,0,0,0,0,0,0,0,0,0,0,0,0,11,11,100,0,4,4,62,5,5,3,1,1,1,1,0,0,0,0,0
1756,2026-03-30 19:59,패,헨릭 미키타리안,LM,10,6.9,1,0,1,1,0,0,0,0,0,0,0,0,12,10,83.3,0,10,9,169,6,1,0,0,1,1,0,0,1,0,0,0
1757,2026-03-30 19:59,패,라울 벨라노바,RB,10,6.4,0,0,0,0,0,0,0,0,0,0,0,0,7,6,85.7,0,7,6,219,8,5,3,0,1,1,0,0,1,0,0,0
1758,2026-03-30 19:59,패,루이스 피구,RM,9,7.2,0,0,0,0,0,0,0,0,0,0,0,0,15,10,66.7,0,9,7,248,6,1,0,0,0,0,0,0,0,0,0,0
1759,2026-03-30 19:59,패,M. 브로조비치,LCM,9,6.4,0,0,0,0,0,0,0,0,0,0,0,0,17,16,94.1,0,6,6,127,1,0,0,0,0,0,1,0,0,0,0,0
1760,2026-03-30 19:59,패,앙드레 오나나,GK,9,6.6,0,0,0,0,0,0,0,0,0,0,0,0,5,4,80,0,2,2,12,2,1,0,0,1,1,0,0,1,0,0,0
1761,2026-03-30 19:59,패,덴젤 둠프리스,RCB,8,6.4,0,0,0,0,0,0,0,0,0,0,0,0,7,7,100,0,3,3,24,5,4,1,0,1,0,1,0,0,0,0,0
1762,2026-03-30 19:59,패,마이콘,CF,9,7.1,0,1,1,1,0,0,0,0,0,0,0,0,19,19,100,0,9,8,104,3,1,3,3,1,0,0,0,0,0,0,0
1763,2026-03-30 19:59,패,마테오 다르미안,LB,10,5.7,0,0,0,0,0,0,0,0,0,0,0,0,10,10,100,0,4,4,71,2,2,1,0,0,0,0,0,0,0,0,0
1764,2026-03-30 19:46,승,앙드레 오나나,GK,9,6.3,0,0,0,0,0,0,0,0,0,0,0,0,1,1,100,0,1,1,8,0,0,0,0,0,0,0,0,0,0,0,0
1765,2026-03-30 19:46,승,헨릭 미키타리안,LS,10,6.5,0,0,0,0,0,0,0,0,0,0,0,0,3,3,100,0,2,2,21,0,0,0,0,0,0,0,0,0,0,0,0
1766,2026-03-30 19:46,승,파트리크 비에이라,LCB,9,6.3,0,0,0,0,0,0,0,0,0,0,0,0,1,1,100,0,1,1,27,0,0,0,0,0,0,0,0,0,0,0,0
1767,2026-03-30 19:46,승,라울 벨라노바,RWB,10,6.6,0,0,0,0,0,0,0,0,0,0,0,0,1,1,100,0,0,0,0,1,1,0,0,0,0,0,0,0,0,0,0
1768,2026-03-30 19:46,승,덴젤 둠프리스,RCB,8,6,0,0,0,0,0,0,0,0,0,0,0,0,0,0,0,0,0,0,0,0,0,0,0,1,0,0,0,0,0,0,0
1769,2026-03-30 19:46,승,루이스 피구,RW,9,10,0,1,0,0,0,0,0,0,0,0,0,0,4,4,100,0,2,2,70,1,1,0,0,0,0,0,0,0,0,0,0
1770,2026-03-30 19:46,승,마르쿠스 튀람,LW,9,7.4,1,0,3,1,0,0,0,0,0,0,0,0,3,2,66.7,0,5,5,168,4,0,0,0,0,0,0,0,0,0,0,0
1771,2026-03-30 19:46,승,M. 브로조비치,LCM,9,6.9,0,0,0,0,0,0,0,0,0,0,0,0,4,3,75,0,4,4,62,3,2,0,0,1,1,0,0,1,0,0,0
1772,2026-03-30 19:46,승,하칸 찰하놀루,RCM,9,6.2,0,0,0,0,0,0,0,0,0,0,0,0,4,3,75,0,2,2,16,2,1,0,0,0,0,0,0,0,0,0,0
1773,2026-03-30 19:46,승,마테오 다르미안,LWB,10,6.4,0,0,0,0,0,0,0,0,0,0,0,0,3,3,100,0,2,2,14,0,0,0,0,0,0,0,0,0,0,0,0
1774,2026-03-30 19:46,승,마이콘,CDM,9,7.5,1,0,1,1,0,0,0,0,0,0,0,0,6,5,83.3,0,4,4,26,2,1,0,0,2,1,0,0,1,0,0,0
1775,2026-03-30 19:41,무,마테오 다르미안,LWB,10,6,0,0,0,0,0,0,0,0,0,0,0,0,6,6,100,0,3,3,65,0,0,3,0,0,0,0,0,0,0,0,0
1776,2026-03-30 19:41,무,라울 벨라노바,RWB,10,6.3,0,0,0,0,0,0,0,0,0,0,0,0,6,5,83.3,0,4,4,82,4,2,3,0,0,0,0,0,0,0,0,0
1777,2026-03-30 19:41,무,마이콘,CDM,9,7.1,0,0,0,0,0,0,0,0,0,0,0,0,19,18,94.7,0,14,12,162,7,4,1,0,1,1,0,0,1,0,0,0
1778,2026-03-30 19:41,무,헨릭 미키타리안,LS,10,7.4,0,1,1,1,0,0,0,0,0,0,0,0,8,6,75,0,7,4,295,7,1,1,1,0,0,0,0,0,0,0,0
1779,2026-03-30 19:41,무,루이스 피구,RW,9,6.5,0,0,0,0,0,0,0,0,0,0,0,0,13,9,69.2,0,8,7,395,5,1,1,0,1,0,0,0,0,0,0,0
1780,2026-03-30 19:41,무,파트리크 비에이라,LCB,9,6,0,0,0,0,0,0,0,0,0,0,0,0,6,6,100,0,3,3,66,3,2,6,0,0,0,0,0,0,0,0,0
1781,2026-03-30 19:41,무,하칸 찰하놀루,RCM,9,6.5,0,0,0,0,0,0,0,0,0,0,0,0,16,15,93.8,0,11,11,157,1,1,0,0,0,0,0,0,0,0,0,0
1782,2026-03-30 19:41,무,앙드레 오나나,GK,9,6.1,0,0,0,0,0,0,0,0,0,0,0,0,1,1,100,0,1,1,0,0,0,0,0,0,0,0,0,0,0,0,0
1783,2026-03-30 19:41,무,덴젤 둠프리스,RCB,8,6.3,0,0,0,0,0,0,0,0,0,0,0,0,8,8,100,0,4,4,23,1,1,6,0,1,1,0,0,1,0,0,0
1784,2026-03-30 19:41,무,마르쿠스 튀람,LW,9,7.6,1,0,2,2,0,0,0,0,0,0,0,0,14,14,100,0,8,6,65,4,1,5,1,2,2,0,0,2,0,0,0
1785,2026-03-30 19:41,무,M. 브로조비치,LCM,9,6.8,0,0,0,0,0,0,0,0,0,0,0,0,13,12,92.3,0,9,9,133,2,1,0,0,2,0,0,0,0,0,0,0
1786,2026-03-30 19:28,승,덴젤 둠프리스,RCB,8,5.7,0,0,0,0,0,0,0,0,0,0,0,0,8,7,87.5,0,4,2,26,3,2,3,0,3,1,0,0,1,0,0,0
1787,2026-03-30 19:28,승,헨릭 미키타리안,LS,10,6.1,0,0,0,0,0,0,0,0,0,0,0,0,13,10,76.9,0,6,6,362,2,0,1,0,0,0,0,0,0,0,0,0
1788,2026-03-30 19:28,승,루이스 피구,RW,9,6.4,0,1,0,0,0,0,0,0,0,0,0,0,10,8,80,0,9,8,121,5,1,0,0,0,0,0,0,0,0,0,0
1789,2026-03-30 19:28,승,라울 벨라노바,RWB,10,6.5,0,0,0,0,0,0,0,0,0,0,0,0,13,12,92.3,0,6,5,186,5,3,1,0,1,0,1,0,0,0,0,0
1790,2026-03-30 19:28,승,마르쿠스 튀람,LW,9,7.9,2,0,2,2,0,0,0,0,0,0,0,0,20,20,100,0,14,9,187,9,1,3,0,0,0,0,0,0,0,0,0
1791,2026-03-30 19:28,승,앙드레 오나나,GK,9,6.2,0,0,0,0,0,0,0,0,0,0,0,0,4,3,75,0,2,2,11,3,2,0,0,0,0,0,0,0,0,0,0
1792,2026-03-30 19:28,승,M. 브로조비치,LCM,9,6.6,0,1,0,0,0,0,0,0,0,0,0,0,20,18,90,0,14,10,210,8,2,0,0,1,0,0,0,0,0,0,0
1793,2026-03-30 19:28,승,하칸 찰하놀루,RCM,9,6.8,0,0,0,0,0,0,0,0,0,0,0,0,25,21,84,0,15,14,215,7,2,0,0,0,0,3,0,0,0,0,0
1794,2026-03-30 19:28,승,마이콘,CDM,9,7.5,0,0,0,0,0,0,0,0,0,0,0,0,31,29,93.5,0,18,17,231,8,6,0,0,2,2,0,0,2,0,0,0
1795,2026-03-30 19:28,승,파트리크 비에이라,LCB,9,6.8,0,0,0,0,0,0,0,0,0,0,0,0,12,11,91.7,0,5,5,62,6,5,1,0,2,1,1,0,1,0,0,0
1796,2026-03-30 19:28,승,마테오 다르미안,LWB,10,6.5,0,0,0,0,0,0,0,0,0,0,0,0,11,9,81.8,0,4,4,33,8,4,0,0,1,1,0,0,1,0,0,0
1797,2026-03-30 19:11,승,덴젤 둠프리스,RCB,8,8,1,0,1,1,0,0,0,0,0,0,0,0,2,2,100,0,1,1,14,1,0,4,3,1,1,0,0,1,0,0,0
1798,2026-03-30 19:11,승,헨릭 미키타리안,LS,10,7.4,0,0,1,1,0,0,0,0,0,0,0,0,7,6,85.7,0,7,7,165,1,0,0,0,0,0,0,0,0,0,0,0
1799,2026-03-30 19:11,승,루이스 피구,RW,9,8,0,1,1,1,0,0,0,0,0,0,0,0,4,4,100,0,1,1,23,2,1,0,0,0,0,0,0,0,0,0,0
1800,2026-03-30 19:11,승,파트리크 비에이라,LCB,9,7.2,0,0,0,0,0,0,0,0,0,0,0,0,5,5,100,0,1,1,16,1,1,1,0,0,0,0,0,0,0,0,0
1801,2026-03-30 19:11,승,하칸 찰하놀루,RCM,9,7.4,0,1,0,0,0,0,0,0,0,0,0,0,5,4,80,0,4,4,97,1,0,0,0,0,0,0,0,0,0,0,0
1802,2026-03-30 19:11,승,마테오 다르미안,LWB,10,6.6,0,0,0,0,0,0,0,0,0,0,0,0,7,6,85.7,0,6,6,222,0,0,0,0,1,0,0,0,0,0,0,0
1803,2026-03-30 19:11,승,마르쿠스 튀람,LW,9,8.5,2,0,2,2,0,0,0,0,0,0,0,0,4,4,100,0,2,1,19,2,0,10,0,0,0,0,0,0,0,0,0
1804,2026-03-30 19:11,승,라울 벨라노바,RWB,10,6.4,0,0,0,0,0,0,0,0,0,0,0,0,0,0,0,0,0,0,0,0,0,0,0,0,0,0,0,0,0,0,0
1805,2026-03-30 19:11,승,앙드레 오나나,GK,9,7.2,0,0,0,0,0,0,0,0,0,0,0,0,3,3,100,0,0,0,0,1,1,0,0,0,0,0,0,0,0,0,0
1806,2026-03-30 19:11,승,M. 브로조비치,LCM,9,7.9,0,1,0,0,0,0,0,0,0,0,0,0,7,7,100,0,4,4,112,1,1,1,0,0,0,1,0,0,0,0,0
1807,2026-03-30 19:11,승,마이콘,CDM,9,7.3,0,0,0,0,0,0,0,0,0,0,0,0,8,8,100,0,8,8,74,0,0,0,0,0,0,0,0,0,0,0,0
1808,2026-03-30 19:04,패,덴젤 둠프리스,RCB,8,6.7,0,0,0,0,0,0,0,0,0,0,0,0,6,6,100,0,5,4,59,1,1,2,0,3,3,2,0,3,0,0,0
1809,2026-03-30 19:04,패,하칸 찰하놀루,RCM,9,8,1,1,1,1,0,0,0,0,0,0,0,0,19,16,84.2,0,11,11,301,4,0,0,0,0,0,0,0,0,0,0,0
1810,2026-03-30 19:04,패,마르쿠스 튀람,LW,9,8.6,2,0,3,3,0,0,0,0,0,0,0,0,20,18,90,0,11,10,190,8,2,4,1,0,0,0,0,0,0,0,0
1811,2026-03-30 19:04,패,파트리크 비에이라,LCB,9,6.7,0,0,0,0,0,0,0,0,0,0,0,0,11,10,90.9,0,4,4,24,6,5,1,0,3,3,2,0,3,0,0,0
1812,2026-03-30 19:04,패,앙드레 오나나,GK,9,6.2,0,0,0,0,0,0,0,0,0,0,0,0,3,2,66.7,0,0,0,0,3,2,0,0,0,0,0,0,0,0,0,0
1813,2026-03-30 19:04,패,마이콘,CF,9,6.6,0,0,0,0,0,0,0,0,0,0,0,0,19,18,94.7,0,10,10,117,1,0,0,0,2,1,0,0,1,0,0,0
1814,2026-03-30 19:04,패,M. 브로조비치,LCM,9,6.8,0,1,0,0,0,0,0,0,0,0,0,0,20,18,90,0,10,9,199,2,0,0,0,2,0,1,0,0,0,0,0
1815,2026-03-30 19:04,패,마테오 다르미안,LB,10,6.7,0,1,0,0,0,0,0,0,0,0,0,0,9,8,88.9,0,5,5,122,1,0,0,0,0,0,0,0,0,0,0,0
1816,2026-03-30 19:04,패,라울 벨라노바,RB,10,5.9,0,0,0,0,0,0,0,0,0,0,0,0,8,8,100,0,4,3,84,5,4,1,0,0,0,1,0,0,0,0,0
1817,2026-03-30 19:04,패,헨릭 미키타리안,LM,10,5.7,0,0,0,0,0,0,0,0,0,0,0,0,9,6,66.7,0,8,7,223,5,1,0,0,0,0,0,0,0,0,0,0
1818,2026-03-30 19:04,패,루이스 피구,RM,9,5.9,0,0,0,0,0,0,0,0,0,0,0,0,10,9,90,0,4,4,126,1,0,0,0,0,0,1,0,0,0,0,0
1819,2026-03-30 18:52,패,덴젤 둠프리스,RCB,8,5.3,0,0,0,0,0,0,0,0,0,0,0,0,2,2,100,0,0,0,0,2,2,7,0,4,2,0,0,2,0,0,0
1820,2026-03-30 18:52,패,헨릭 미키타리안,LM,10,5,0,0,0,0,0,0,0,0,0,0,0,0,4,4,100,0,2,1,30,2,1,1,0,1,0,0,0,0,0,0,0
1821,2026-03-30 18:52,패,앙드레 오나나,GK,9,2.7,0,0,0,0,0,0,0,0,0,0,0,0,4,4,100,0,0,0,0,1,1,0,0,0,0,0,0,0,0,0,0
1822,2026-03-30 18:52,패,로베르토 바조,RM,10,1,0,0,0,0,0,0,0,0,0,0,0,0,0,0,0,0,0,0,0,0,0,0,0,0,0,0,0,0,0,0,0
1823,2026-03-30 18:52,패,마르쿠스 튀람,LW,9,6.6,0,0,1,0,0,0,0,0,0,0,0,0,12,12,100,0,8,4,171,6,1,1,1,0,0,0,0,0,0,0,0
1824,2026-03-30 18:52,패,루이스 피구,??,9,7.3,0,0,0,0,0,0,0,0,0,0,0,0,12,9,75,0,7,7,122,4,3,0,0,0,0,0,0,0,0,0,0
1825,2026-03-30 18:52,패,마이콘,CF,9,7.3,0,1,0,0,0,0,0,0,0,0,0,0,21,16,76.2,0,13,13,229,6,2,0,0,1,1,0,0,1,0,0,0
1826,2026-03-30 18:52,패,M. 브로조비치,LCM,9,7.1,1,0,1,1,0,0,0,0,0,0,0,0,14,12,85.7,0,9,9,157,3,0,0,0,1,1,0,0,1,0,0,0
1827,2026-03-30 18:52,패,라울 벨라노바,RB,10,5.5,0,0,0,0,0,0,0,0,0,0,0,0,7,7,100,0,3,3,164,1,1,1,0,0,0,0,0,0,0,0,0
1828,2026-03-30 18:52,패,하칸 찰하놀루,RCM,9,5.8,0,0,1,0,0,0,0,0,0,0,0,0,18,13,72.2,0,9,9,147,6,1,1,0,1,1,0,0,1,0,0,0
1829,2026-03-30 18:52,패,마테오 다르미안,LB,10,4.9,0,0,0,0,0,0,0,0,0,0,0,0,2,2,100,0,3,2,117,1,1,0,0,4,2,0,0,2,0,1,0
1830,2026-03-30 18:52,패,파트리크 비에이라,LCB,9,5.8,0,0,0,0,0,0,0,0,0,0,0,0,4,4,100,0,1,1,9,1,1,0,0,3,1,0,0,1,0,0,0
1831,2026-03-30 18:39,패,M. 브로조비치,LCM,9,6,0,0,1,0,0,0,0,0,0,0,0,0,25,24,96,0,13,12,117,4,2,2,0,3,0,0,0,0,0,0,0
1832,2026-03-30 18:39,패,파트리크 비에이라,LCB,9,6.3,0,0,0,0,0,0,0,0,0,0,0,0,13,13,100,0,9,9,192,5,5,2,0,1,1,0,0,1,0,0,0
1833,2026-03-30 18:39,패,라울 벨라노바,RB,10,6.2,0,0,0,0,0,0,0,0,0,0,0,0,18,16,88.9,0,13,12,156,4,2,1,0,0,0,0,0,0,0,0,0
1834,2026-03-30 18:39,패,마이콘,CF,9,7.2,0,1,1,1,0,0,0,0,0,0,0,0,31,26,83.9,0,18,18,320,6,0,6,0,3,2,0,0,2,0,0,0
1835,2026-03-30 18:39,패,루이스 피구,RM,9,6.4,0,0,0,0,0,0,0,0,0,0,0,0,18,15,83.3,0,9,7,195,5,0,1,0,0,0,0,0,0,0,0,0
1836,2026-03-30 18:39,패,앙드레 오나나,GK,9,5.4,0,0,0,0,0,0,0,0,0,0,0,0,4,4,100,0,1,1,14,2,2,0,0,0,0,0,0,0,0,0,0
1837,2026-03-30 18:39,패,헨릭 미키타리안,LM,10,6.5,0,0,0,0,0,0,0,0,0,0,0,0,15,14,93.3,0,9,9,262,2,1,0,0,0,0,0,0,0,0,0,0
1838,2026-03-30 18:39,패,마르쿠스 튀람,LW,9,8.3,2,0,2,2,0,0,0,0,0,0,0,0,23,22,95.7,0,16,13,270,6,0,4,0,2,0,0,0,0,0,0,0
1839,2026-03-30 18:39,패,하칸 찰하놀루,RCM,9,7.1,0,1,2,1,0,0,0,0,0,0,0,0,24,22,91.7,0,12,12,145,2,0,0,0,1,1,0,0,1,0,0,0
1840,2026-03-30 18:39,패,마테오 다르미안,LB,10,7.4,0,0,0,0,0,0,0,0,0,0,0,0,23,23,100,0,12,10,200,3,3,2,0,0,0,1,1,1,0,0,0
1841,2026-03-30 18:39,패,덴젤 둠프리스,RCB,8,6.4,0,0,0,0,0,0,0,0,0,0,0,0,10,10,100,0,6,6,97,3,3,2,0,0,0,0,0,0,0,0,0
1842,2026-03-29 18:44,승,마르쿠스 튀람,LW,8,7,1,0,6,4,0,0,0,0,0,0,0,0,8,7,87.5,0,4,1,89,6,0,16,1,0,0,0,0,0,0,0,0
1843,2026-03-29 18:44,승,루이스 피구,RM,9,7,0,0,0,0,0,0,0,0,0,0,0,0,12,8,66.7,0,5,5,439,4,1,0,0,0,0,0,0,0,0,0,0
1844,2026-03-29 18:44,승,덴젤 둠프리스,RCB,8,6.5,0,0,0,0,0,0,0,0,0,0,0,0,5,4,80,0,2,2,46,6,4,0,0,1,1,2,1,2,0,0,0
1845,2026-03-29 18:44,승,헨릭 미키타리안,LM,10,8,0,1,0,0,0,0,0,0,0,0,0,0,15,12,80,0,7,7,448,4,2,0,0,1,1,0,0,1,0,0,0
1846,2026-03-29 18:44,승,라울 벨라노바,RWB,10,6,0,0,1,1,0,0,0,0,0,0,0,0,6,4,66.7,0,5,4,21,5,3,3,3,1,0,0,0,0,0,0,0
1847,2026-03-29 18:44,승,마테오 다르미안,LWB,10,7.4,0,0,0,0,0,0,0,0,0,0,0,0,11,11,100,0,8,8,382,2,2,1,0,3,1,1,0,1,0,0,0
1848,2026-03-29 18:44,승,앙드레 오나나,GK,9,7.2,0,0,0,0,0,0,0,0,0,0,0,0,4,4,100,0,1,1,20,2,2,0,0,0,0,0,0,0,0,0,0
1849,2026-03-29 18:44,승,하칸 찰하놀루,RDM,9,6.8,0,0,0,0,0,0,0,0,0,0,0,0,14,13,92.9,0,7,6,91,2,1,1,0,1,1,0,0,1,0,0,0
1850,2026-03-29 18:44,승,M. 브로조비치,LDM,9,6,0,0,0,0,0,0,0,0,0,0,0,0,10,7,70,0,11,9,164,7,3,0,0,0,0,3,0,0,0,0,0
1851,2026-03-29 18:44,승,마이콘,CDM,9,6.6,0,0,2,1,0,0,0,0,0,0,0,0,10,9,90,0,6,6,43,7,3,6,1,1,1,3,0,1,0,0,0
1852,2026-03-29 18:44,승,파트리크 비에이라,LCB,9,7.1,1,0,1,1,0,0,0,0,0,0,0,0,5,5,100,0,4,4,40,2,1,0,0,1,1,2,0,1,0,0,0
1853,2026-03-29 18:32,승,마르쿠스 튀람,LW,8,8.4,2,0,2,2,0,0,0,0,0,0,0,0,8,8,100,0,5,3,36,3,0,4,1,0,0,0,0,0,0,0,0
1854,2026-03-29 18:32,승,하칸 찰하놀루,RDM,9,6.2,0,0,0,0,0,0,0,0,0,0,0,0,9,8,88.9,0,8,7,130,2,1,0,0,0,0,0,0,0,0,0,0
1855,2026-03-29 18:32,승,M. 브로조비치,LDM,9,6.8,0,0,0,0,0,0,0,0,0,0,0,0,17,13,76.5,0,16,15,313,7,2,1,0,1,1,1,0,1,0,0,0
1856,2026-03-29 18:32,승,라울 벨라노바,RWB,10,6.4,0,0,0,0,0,0,0,0,0,0,0,0,8,8,100,0,5,5,188,3,2,0,0,1,1,1,0,0,0,0,0
1857,2026-03-29 18:32,승,마이콘,CDM,9,7.1,0,0,0,0,0,0,0,0,0,0,0,0,16,16,100,0,10,10,148,5,4,0,0,1,1,0,0,1,0,0,0
1858,2026-03-29 18:32,승,덴젤 둠프리스,RCB,8,6.3,0,0,0,0,0,0,0,0,0,0,0,0,4,4,100,0,1,1,35,1,1,0,0,3,3,2,0,3,0,0,0
1859,2026-03-29 18:32,승,앙드레 오나나,GK,9,6.2,0,0,0,0,0,0,0,0,0,0,0,0,2,2,100,0,1,1,10,3,2,0,0,0,0,0,0,0,0,0,0
1860,2026-03-29 18:32,승,파트리크 비에이라,LCB,9,6.3,0,0,0,0,0,0,0,0,0,0,0,0,8,7,87.5,0,6,6,98,4,2,0,0,2,1,3,0,1,0,0,0
1861,2026-03-29 18:32,승,헨릭 미키타리안,LM,10,8.2,1,1,1,1,0,0,0,0,0,0,0,0,17,14,82.4,0,13,12,314,4,0,3,1,1,1,0,0,1,0,0,0
1862,2026-03-29 18:32,승,루이스 피구,RM,9,6.4,0,1,0,0,0,0,0,0,0,0,0,0,2,2,100,0,3,2,25,1,0,0,0,0,0,0,0,0,0,0,0
1863,2026-03-29 18:32,승,마테오 다르미안,LWB,10,7.9,0,1,0,0,0,0,0,0,0,0,0,0,18,15,83.3,0,11,10,314,6,3,1,0,0,0,0,0,0,0,0,0
1864,2026-03-29 18:19,승,M. 브로조비치,??,9,7.5,0,1,1,1,0,0,0,0,0,0,0,0,19,17,89.5,0,10,8,99,7,3,0,0,3,2,0,0,1,0,0,0
1865,2026-03-29 18:19,승,하칸 찰하놀루,RCM,9,6.6,0,0,0,0,0,0,0,0,0,0,0,0,17,13,76.5,0,11,9,147,5,0,1,0,2,1,0,0,1,0,0,0
1866,2026-03-29 18:19,승,마르쿠스 튀람,??,8,8.2,2,0,2,2,0,0,0,0,0,0,0,0,16,15,93.8,0,12,11,461,6,1,3,0,1,0,0,0,0,0,0,0
1867,2026-03-29 18:19,승,앙드레 오나나,GK,9,4.2,0,0,0,0,0,0,0,0,0,0,0,0,1,1,100,0,1,1,40,0,0,0,0,0,0,0,0,0,0,0,0
1868,2026-03-29 18:19,승,니콜로 바렐라,LCM,10,6.4,0,0,0,0,0,0,0,0,0,0,0,0,5,4,80,0,4,4,41,2,1,0,0,0,0,0,0,0,0,0,0
1869,2026-03-29 18:19,승,루이스 피구,RW,9,7,0,1,1,1,0,0,0,0,0,0,0,0,12,12,100,0,10,8,355,6,3,0,0,0,0,0,0,0,0,0,0
1870,2026-03-29 18:19,승,덴젤 둠프리스,RCB,8,5.8,0,0,0,0,0,0,0,0,0,0,0,0,8,7,87.5,0,2,2,24,3,2,1,0,1,1,0,0,1,0,0,0
1871,2026-03-29 18:19,승,파트리크 비에이라,LCB,9,5.4,0,0,0,0,0,0,0,0,0,0,0,0,9,9,100,0,5,5,188,2,2,0,0,0,0,1,0,0,0,0,0
1872,2026-03-29 18:19,승,헨릭 미키타리안,LS,10,5.8,0,0,1,0,0,0,0,0,0,0,0,0,15,11,73.3,0,7,7,303,5,0,2,0,0,0,1,0,0,0,0,0
1873,2026-03-29 18:19,승,마테오 다르미안,LWB,10,6.3,0,0,0,0,0,0,0,0,0,0,0,0,18,15,83.3,0,8,8,210,5,3,0,0,4,1,0,0,1,0,0,0
1874,2026-03-29 18:19,승,라울 벨라노바,RWB,10,6.7,0,0,0,0,0,0,0,0,0,0,0,0,11,10,90.9,0,4,4,119,6,5,2,1,0,0,0,0,0,0,0,0
1875,2026-03-29 18:19,승,마이콘,CDM,9,7.1,0,0,0,0,0,0,0,0,0,0,0,0,19,19,100,0,8,7,158,3,2,0,0,3,2,1,1,3,0,0,0
1876,2026-03-29 18:19,승,사뮈엘 에토,LW,9,6.5,0,0,0,0,0,0,0,0,0,0,0,0,3,3,100,0,1,1,51,2,1,0,0,0,0,1,0,0,0,0,0
1877,2026-03-29 18:02,승,덴젤 둠프리스,RCB,8,6.4,0,0,0,0,0,0,0,0,0,0,0,0,6,5,83.3,0,2,1,16,2,1,2,0,1,1,1,1,2,0,0,0
1878,2026-03-29 18:02,승,로베르토 바조,LM,10,7.6,0,1,0,0,0,0,0,0,0,0,0,0,5,4,80,0,5,4,275,1,0,0,0,1,1,0,0,1,0,0,0
1879,2026-03-29 18:02,승,마테오 다르미안,LWB,10,7.6,0,0,0,0,0,0,0,0,0,0,0,0,28,24,85.7,0,18,17,523,6,4,2,0,1,1,0,0,0,0,0,0
1880,2026-03-29 18:02,승,파트리크 비에이라,LCB,9,6.3,0,0,0,0,0,0,0,0,0,0,0,0,11,10,90.9,0,7,7,114,4,4,1,0,0,0,0,0,0,0,0,0
1881,2026-03-29 18:02,승,루이스 피구,RM,9,5.8,0,0,1,0,0,0,0,0,0,0,0,0,9,7,77.8,0,3,3,29,4,2,2,1,0,0,1,1,1,0,0,0
1882,2026-03-29 18:02,승,헨릭 미키타리안,??,10,6.7,0,0,0,0,0,0,0,0,0,0,0,0,15,15,100,0,10,9,363,1,0,0,0,0,0,0,0,0,0,0,0
1883,2026-03-29 18:02,승,하칸 찰하놀루,RDM,9,6.9,0,0,0,0,0,0,0,0,0,0,0,0,15,13,86.7,0,7,7,142,5,3,0,0,0,0,0,0,0,0,0,0
1884,2026-03-29 18:02,승,M. 브로조비치,LDM,9,6.8,0,0,1,0,0,0,0,0,0,0,0,0,24,23,95.8,0,18,16,351,3,0,5,0,0,0,1,0,0,0,0,0
1885,2026-03-29 18:02,승,라울 벨라노바,RWB,10,6.7,0,1,1,0,0,0,0,0,0,0,0,0,8,7,87.5,0,4,4,197,3,1,1,1,0,0,0,0,0,0,0,0
1886,2026-03-29 18:02,승,마이콘,CDM,9,6.9,0,0,0,0,0,0,0,0,0,0,0,0,18,16,88.9,0,12,11,191,4,2,4,0,4,3,4,0,3,0,0,0
1887,2026-03-29 18:02,승,앙드레 오나나,GK,9,6.4,0,0,0,0,0,0,0,0,0,0,0,0,3,3,100,0,1,1,11,1,1,0,0,0,0,0,0,0,0,0,0
1888,2026-03-29 18:02,승,마르쿠스 튀람,LW,8,8.1,2,0,3,2,0,0,0,0,0,0,0,0,14,14,100,0,9,8,99,4,0,3,0,0,0,0,0,0,0,0,0
1889,2026-03-29 17:46,패,마이콘,CDM,9,7.3,1,0,1,1,0,0,0,0,0,0,0,0,13,12,92.3,0,9,7,64,5,1,1,1,0,0,2,1,1,0,0,0
1890,2026-03-29 17:46,패,파트리크 비에이라,LCB,9,5.6,0,0,0,0,0,0,0,0,0,0,0,0,9,8,88.9,0,7,7,135,2,1,0,0,1,0,2,1,1,0,0,0
1891,2026-03-29 17:46,패,M. 브로조비치,LCM,9,6,0,0,0,0,0,0,0,0,0,0,0,0,15,15,100,0,12,12,345,0,0,1,0,0,0,0,0,0,0,0,0
1892,2026-03-29 17:46,패,라울 벨라노바,RWB,10,6.6,0,0,0,0,0,0,0,0,0,0,0,0,9,9,100,0,6,6,86,4,3,0,0,2,2,0,0,2,0,0,0
1893,2026-03-29 17:46,패,하칸 찰하놀루,RCM,9,6.8,0,1,1,1,0,0,0,0,0,0,0,0,11,9,81.8,0,5,5,138,2,0,1,0,0,0,1,0,0,0,0,0
1894,2026-03-29 17:46,패,앙드레 오나나,GK,9,5.6,0,0,0,0,0,0,0,0,0,0,0,0,4,3,75,0,2,2,37,0,0,0,0,0,0,0,0,0,0,0,0
1895,2026-03-29 17:46,패,루이스 피구,RW,9,7.9,0,0,1,1,0,0,0,0,0,0,0,0,12,10,83.3,0,8,6,131,8,4,3,0,0,0,0,0,0,0,0,0
1896,2026-03-29 17:46,패,덴젤 둠프리스,RCB,8,6.3,0,0,0,0,0,0,0,0,0,0,0,0,11,10,90.9,0,7,6,93,4,3,1,1,1,1,1,0,1,0,0,0
1897,2026-03-29 17:46,패,마테오 다르미안,LWB,10,6.1,0,0,0,0,0,0,0,0,0,0,0,0,12,12,100,0,7,7,199,0,0,0,0,0,0,0,0,0,0,0,0
1898,2026-03-29 17:46,패,헨릭 미키타리안,LS,10,6.8,0,0,1,1,0,0,0,0,0,0,0,0,14,12,85.7,0,7,7,169,1,0,1,0,0,0,0,0,0,0,0,0
1899,2026-03-29 17:46,패,마르쿠스 튀람,LW,8,6.2,0,0,4,2,0,0,0,0,0,0,0,0,11,11,100,0,3,3,91,2,0,3,1,0,0,0,0,0,0,0,0
1900,2026-03-29 17:35,패,헨릭 미키타리안,LS,10,6.1,0,0,0,0,0,0,0,0,0,0,0,0,9,7,77.8,0,8,7,242,2,0,0,0,0,0,0,0,0,0,0,0
1901,2026-03-29 17:35,패,루이스 피구,RW,9,6.2,0,0,0,0,0,0,0,0,0,0,0,0,13,13,100,0,12,10,176,4,2,1,0,0,0,0,0,0,0,0,0
1902,2026-03-29 17:35,패,앙드레 오나나,GK,9,6.8,0,0,0,0,0,0,0,0,0,0,0,0,1,1,100,0,0,0,0,0,0,0,0,0,0,0,0,0,0,0,0
1903,2026-03-29 17:35,패,하칸 찰하놀루,RCM,9,6.3,0,0,0,0,0,0,0,0,0,0,0,0,16,15,93.8,0,10,8,128,2,0,0,0,1,1,1,0,1,0,0,0
1904,2026-03-29 17:35,패,M. 브로조비치,LCM,9,6.7,0,0,0,0,0,0,0,0,0,0,0,0,19,17,89.5,0,13,12,230,5,3,0,0,0,0,2,0,0,0,0,0
1905,2026-03-29 17:35,패,마르쿠스 튀람,LW,8,5.8,0,0,0,0,0,0,0,0,0,0,0,0,11,10,90.9,0,8,5,228,4,0,1,0,0,0,0,0,0,0,0,0
1906,2026-03-29 17:35,패,마테오 다르미안,LWB,10,5.6,0,0,0,0,0,0,0,0,0,0,0,0,10,8,80,0,5,5,36,4,1,0,0,1,0,0,0,0,0,0,0
1907,2026-03-29 17:35,패,덴젤 둠프리스,RCB,8,7.2,0,0,0,0,0,0,0,0,0,0,0,0,10,10,100,0,8,8,152,5,5,0,0,2,2,2,0,2,0,0,0
1908,2026-03-29 17:35,패,라울 벨라노바,RWB,10,6.1,0,0,0,0,0,0,0,0,0,0,0,0,12,11,91.7,0,7,5,112,7,4,0,0,2,1,0,0,1,0,0,0
1909,2026-03-29 17:35,패,파트리크 비에이라,LCB,9,6.9,0,0,0,0,0,0,0,0,0,0,0,0,8,8,100,0,4,3,67,8,6,0,0,4,3,1,1,4,0,0,0
1910,2026-03-29 17:35,패,마이콘,CDM,9,6,0,0,0,0,0,0,0,0,0,0,0,0,18,14,77.8,0,8,7,70,6,2,0,0,3,2,0,0,1,0,0,0
1911,2026-03-26 22:05,승,파트리크 비에이라,LCB,9,6.5,0,0,0,0,0,0,0,0,0,0,0,0,4,4,100,0,2,2,9,1,1,0,0,1,1,1,0,1,0,0,0
1912,2026-03-26 22:05,승,마르쿠스 튀람,LW,8,8.3,2,0,3,3,0,0,0,0,0,0,0,0,8,6,75,0,5,3,97,7,0,2,1,0,0,0,0,0,0,0,0
1913,2026-03-26 22:05,승,M. 브로조비치,LDM,9,8.5,1,1,1,1,0,0,0,0,0,0,0,0,15,14,93.3,0,10,9,137,5,3,3,0,0,0,0,0,0,0,0,0
1914,2026-03-26 22:05,승,덴젤 둠프리스,RCB,8,6.9,0,0,0,0,0,0,0,0,0,0,0,0,7,7,100,0,4,4,60,2,2,0,0,2,2,0,0,2,0,0,0
1915,2026-03-26 22:05,승,앙드레 오나나,GK,9,6.2,0,0,0,0,0,0,0,0,0,0,0,0,2,2,100,0,0,0,0,1,1,0,0,0,0,0,0,0,0,0,0
1916,2026-03-26 22:05,승,헨릭 미키타리안,LM,10,6.8,0,0,0,0,0,0,0,0,0,0,0,0,8,8,100,0,7,6,133,1,0,0,0,0,0,0,0,0,0,0,0
1917,2026-03-26 22:05,승,마이콘,CDM,9,6.4,0,0,0,0,0,0,0,0,0,0,0,0,12,11,91.7,0,4,4,67,3,2,0,0,1,0,0,0,0,0,0,0
1918,2026-03-26 22:05,승,라울 벨라노바,RWB,10,6.8,0,0,0,0,0,0,0,0,0,0,0,0,9,9,100,0,7,7,128,2,2,0,0,0,0,0,0,0,0,0,0
1919,2026-03-26 22:05,승,하칸 찰하놀루,RDM,9,7.5,0,1,0,0,0,0,0,0,0,0,0,0,14,12,85.7,0,13,12,329,4,1,0,0,0,0,0,0,0,0,0,0
1920,2026-03-26 22:05,승,마테오 다르미안,LWB,10,6.5,0,0,0,0,0,0,0,0,0,0,0,0,7,6,85.7,0,5,4,143,5,3,0,0,1,1,0,0,1,0,0,0
1921,2026-03-26 22:05,승,루이스 피구,RM,9,6.4,0,0,0,0,0,0,0,0,0,0,0,0,12,10,83.3,0,10,9,277,3,0,0,0,0,0,0,0,0,0,0,0
1922,2026-03-26 21:53,승,라울 벨라노바,RWB,10,6.8,0,0,0,0,0,0,0,0,0,0,0,0,8,8,100,0,8,7,134,4,3,0,0,2,1,0,0,1,0,0,0
1923,2026-03-26 21:53,승,헨릭 미키타리안,LM,10,7.6,1,0,2,1,0,0,0,0,0,0,0,0,12,12,100,0,7,6,93,2,0,1,0,1,0,0,0,0,0,0,0
1924,2026-03-26 21:53,승,앙드레 오나나,GK,9,7.2,0,0,0,0,0,0,0,0,0,0,0,0,5,4,80,0,1,1,9,2,1,0,0,0,0,0,0,0,0,0,0
1925,2026-03-26 21:53,승,마이콘,CDM,9,7.8,0,1,0,0,0,0,0,0,0,0,0,0,11,10,90.9,0,8,8,180,2,1,0,0,1,1,0,0,1,0,0,0
1926,2026-03-26 21:53,승,하칸 찰하놀루,RDM,9,8.3,1,1,1,1,0,0,0,0,0,0,0,0,13,12,92.3,0,10,10,139,2,0,4,0,1,0,1,0,0,0,0,0
1927,2026-03-26 21:53,승,M. 브로조비치,LDM,9,8.5,1,0,1,1,0,0,0,0,0,0,0,0,22,20,90.9,0,16,16,483,5,2,1,0,0,0,0,0,0,0,0,0
1928,2026-03-26 21:53,승,루이스 피구,RM,9,5.9,0,0,0,0,0,0,0,0,0,0,0,0,11,9,81.8,0,9,5,192,5,1,0,0,0,0,1,0,0,0,0,0
1929,2026-03-26 21:53,승,덴젤 둠프리스,RCB,8,6.8,0,0,0,0,0,0,0,0,0,0,0,0,10,10,100,0,2,1,15,4,4,1,0,1,0,4,1,1,0,0,0
1930,2026-03-26 21:53,승,파트리크 비에이라,LCB,9,6.5,0,0,0,0,0,0,0,0,0,0,0,0,5,5,100,0,3,3,30,2,2,0,0,1,1,0,0,1,0,0,0
1931,2026-03-26 21:53,승,마테오 다르미안,LWB,10,7.6,0,1,0,0,0,0,0,0,0,0,0,0,9,8,88.9,0,8,8,281,3,2,0,0,2,1,0,0,1,0,0,0
1932,2026-03-26 21:53,승,마르쿠스 튀람,LW,8,9.8,2,2,2,2,0,0,0,0,0,0,0,0,14,14,100,0,10,8,190,4,0,1,0,0,0,0,0,0,0,0,0
1933,2026-03-26 21:40,승,덴젤 둠프리스,RCB,8,6.6,0,0,0,0,0,0,0,0,0,0,0,0,6,6,100,0,2,2,23,2,2,2,0,0,0,2,1,1,0,0,0
1934,2026-03-26 21:40,승,라울 벨라노바,RWB,10,8.4,1,0,1,1,0,0,0,0,0,0,0,0,8,8,100,0,6,6,70,4,3,1,1,0,0,0,0,0,0,0,0
1935,2026-03-26 21:40,승,M. 브로조비치,LCM,9,8.1,1,0,1,1,0,0,0,0,0,0,0,0,13,12,92.3,0,10,9,158,4,1,1,0,1,1,0,0,1,0,0,0
1936,2026-03-26 21:40,승,마테오 다르미안,LWB,10,6.8,0,0,0,0,0,0,0,0,0,0,0,0,5,5,100,0,1,1,15,2,2,1,0,0,0,0,0,0,0,0,0
1937,2026-03-26 21:40,승,헨릭 미키타리안,LS,10,6.6,0,0,1,0,0,0,0,0,0,0,0,0,9,8,88.9,0,5,5,91,4,2,0,0,0,0,0,0,0,0,0,0
1938,2026-03-26 21:40,승,마이콘,CDM,9,8.2,0,2,0,0,0,0,0,0,0,0,0,0,14,14,100,0,8,8,159,2,1,0,0,0,0,0,0,0,0,0,0
1939,2026-03-26 21:40,승,루이스 피구,RW,9,8.1,0,1,2,2,0,0,0,0,0,0,0,0,9,8,88.9,0,9,8,311,2,0,1,1,0,0,0,0,0,0,0,0
1940,2026-03-26 21:40,승,파트리크 비에이라,LCB,9,7.5,0,1,0,0,0,0,0,0,0,0,0,0,5,5,100,0,2,2,39,1,1,4,0,2,1,0,0,1,0,0,0
1941,2026-03-26 21:40,승,하칸 찰하놀루,RCM,9,7.9,0,1,0,0,0,0,0,0,0,0,0,0,17,15,88.2,0,9,7,205,4,1,1,0,0,0,0,0,0,0,0,0
1942,2026-03-26 21:40,승,마르쿠스 튀람,LW,8,9.9,3,0,4,4,0,0,0,0,0,0,0,0,9,9,100,0,8,6,219,3,0,3,0,0,0,0,0,0,0,0,0
1943,2026-03-26 21:40,승,앙드레 오나나,GK,9,7.1,0,0,0,0,0,0,0,0,0,0,0,0,1,0,0,0,0,0,0,2,1,0,0,0,0,0,0,0,0,0,0
1944,2026-03-26 21:29,패,파트리크 비에이라,LCB,9,5.2,0,0,0,0,0,0,0,0,0,0,0,0,4,4,100,0,3,3,75,0,0,0,0,3,2,0,0,2,0,0,0
1945,2026-03-26 21:29,패,라울 벨라노바,RB,10,5.4,0,0,0,0,0,0,0,0,0,0,0,0,9,7,77.8,0,7,5,185,6,4,1,0,0,0,1,0,0,0,0,0
1946,2026-03-26 21:29,패,마테오 다르미안,LB,10,5.4,0,0,0,0,0,0,0,0,0,0,0,0,10,8,80,0,9,8,124,4,2,0,0,0,0,0,0,0,0,0,0
1947,2026-03-26 21:29,패,M. 브로조비치,LCM,9,6.2,0,0,0,0,0,0,0,0,0,0,0,0,12,11,91.7,0,10,8,193,5,2,0,0,0,0,1,1,1,0,0,0
1948,2026-03-26 21:29,패,마르쿠스 튀람,LW,8,6.5,0,0,1,1,0,0,0,0,0,0,0,0,18,17,94.4,0,4,3,56,3,0,1,0,0,0,0,0,0,0,0,0
1949,2026-03-26 21:29,패,마이콘,CF,9,6.4,0,0,0,0,0,0,0,0,0,0,0,0,16,13,81.2,0,10,7,122,7,2,0,0,1,1,1,0,1,0,0,0
1950,2026-03-26 21:29,패,하칸 찰하놀루,RCM,9,6.4,1,0,1,1,0,0,0,0,0,0,0,0,14,11,78.6,0,7,7,100,4,0,1,0,1,0,0,0,0,0,0,0
1951,2026-03-26 21:29,패,앙드레 오나나,GK,9,5.3,0,0,0,0,0,0,0,0,0,0,0,0,4,4,100,0,0,0,0,1,1,0,0,0,0,0,0,0,0,0,0
1952,2026-03-26 21:29,패,루이스 피구,RM,9,6,0,0,2,1,0,0,0,0,0,0,0,0,9,8,88.9,0,7,4,132,4,1,3,1,0,0,1,0,0,0,0,0
1953,2026-03-26 21:29,패,덴젤 둠프리스,RCB,8,5,0,0,0,0,0,0,0,0,0,0,0,0,3,2,66.7,0,1,1,7,2,2,0,0,2,2,1,0,2,0,0,0
1954,2026-03-26 21:29,패,헨릭 미키타리안,LM,10,5.4,0,0,0,0,0,0,0,0,0,0,0,0,10,9,90,0,7,5,149,2,0,1,0,1,1,0,0,1,0,0,0
1955,2026-03-26 21:17,패,덴젤 둠프리스,RCB,8,4.3,0,0,0,0,0,0,0,0,0,0,0,0,6,6,100,0,2,2,42,2,2,0,0,0,0,0,0,0,0,0,0
1956,2026-03-26 21:17,패,마이콘,CF,9,7.9,1,1,1,1,0,0,0,0,0,0,0,0,15,14,93.3,0,10,9,137,5,1,4,0,0,0,1,0,0,0,0,0
1957,2026-03-26 21:17,패,헨릭 미키타리안,LM,10,5.7,0,0,0,0,0,0,0,0,0,0,0,0,11,9,81.8,0,5,5,104,4,1,1,0,0,0,0,0,0,0,0,0
1958,2026-03-26 21:17,패,마르쿠스 튀람,LW,8,8.5,1,1,3,3,0,0,0,0,0,0,0,0,16,16,100,0,13,10,165,4,1,3,0,0,0,0,0,0,0,0,0
1959,2026-03-26 21:17,패,라울 벨라노바,RB,10,5.3,0,0,0,0,0,0,0,0,0,0,0,0,5,5,100,0,4,3,104,1,0,0,0,0,0,0,0,0,0,0,0
1960,2026-03-26 21:17,패,앙드레 오나나,GK,9,5.4,0,0,0,0,0,0,0,0,0,0,0,0,4,3,75,0,0,0,0,5,3,0,0,0,0,0,0,0,0,0,0
1961,2026-03-26 21:17,패,M. 브로조비치,LCM,9,6.3,0,0,0,0,0,0,0,0,0,0,0,0,16,15,93.8,0,10,10,166,3,2,0,0,1,1,0,0,1,0,0,0
1962,2026-03-26 21:17,패,하칸 찰하놀루,RCM,9,7.1,0,0,2,2,0,0,0,0,0,0,0,0,16,11,68.8,0,13,12,361,6,1,0,0,0,0,3,0,0,0,0,0
1963,2026-03-26 21:17,패,루이스 피구,RM,9,6.3,0,0,0,0,0,0,0,0,0,0,0,0,8,7,87.5,0,3,3,203,3,2,0,0,0,0,0,0,0,0,0,0
1964,2026-03-26 21:17,패,마테오 다르미안,LB,10,6.9,0,0,0,0,0,0,0,0,0,0,0,0,10,9,90,0,6,6,168,4,2,1,0,2,1,0,0,1,0,0,0
1965,2026-03-26 21:17,패,파트리크 비에이라,LCB,9,5.5,0,0,0,0,0,0,0,0,0,0,0,0,6,5,83.3,0,3,3,24,2,1,0,0,2,2,2,0,2,0,0,0
1966,2026-03-26 21:06,무,하칸 찰하놀루,RCM,9,6.7,0,0,1,0,0,0,0,0,0,0,0,0,8,8,100,0,8,7,155,0,0,1,0,1,1,0,0,1,0,0,0
1967,2026-03-26 21:06,무,마테오 다르미안,LWB,10,7,0,0,0,0,0,0,0,0,0,0,0,0,9,9,100,0,5,5,234,3,3,0,0,2,2,1,0,2,0,0,0
1968,2026-03-26 21:06,무,마이콘,CDM,9,6.9,0,0,0,0,0,0,0,0,0,0,0,0,15,12,80,0,11,10,265,6,2,1,0,1,0,0,0,0,0,0,0
1969,2026-03-26 21:06,무,루이스 피구,RW,9,5.7,0,0,0,0,0,0,0,0,0,0,0,0,5,2,40,0,4,3,193,3,0,1,0,1,0,1,0,0,0,0,0
1970,2026-03-26 21:06,무,덴젤 둠프리스,RCB,8,6.3,0,0,0,0,0,0,0,0,0,0,0,0,6,6,100,0,2,2,18,3,3,1,0,1,1,1,0,1,0,0,0
1971,2026-03-26 21:06,무,마르쿠스 튀람,LW,8,7.1,0,1,0,0,0,0,0,0,0,0,0,0,14,13,92.9,0,7,6,144,3,1,4,0,0,0,0,0,0,0,0,0
1972,2026-03-26 21:06,무,앙드레 오나나,GK,9,5,0,0,0,0,0,0,0,0,0,0,0,0,2,2,100,0,0,0,0,0,0,0,0,0,0,0,0,0,0,0,0
1973,2026-03-26 21:06,무,라울 벨라노바,RWB,10,6,0,0,0,0,0,0,0,0,0,0,0,0,5,3,60,0,3,2,105,4,3,0,0,0,0,1,0,0,0,0,0
1974,2026-03-26 21:06,무,M. 브로조비치,LCM,9,6.7,0,0,0,0,0,0,0,0,0,0,0,0,12,12,100,0,9,9,138,2,2,1,0,0,0,0,0,0,0,0,0
1975,2026-03-26 21:06,무,파트리크 비에이라,LCB,9,5.9,0,0,0,0,0,0,0,0,0,0,0,0,4,3,75,0,4,3,73,3,1,1,0,2,1,1,0,1,0,0,0
1976,2026-03-26 21:06,무,헨릭 미키타리안,LS,10,7.3,1,0,1,1,0,0,0,0,0,0,0,0,14,7,50,0,9,8,582,8,1,1,0,0,0,1,0,0,0,0,0
1977,2026-03-26 20:54,승,앙드레 오나나,GK,9,6.6,0,0,0,0,0,0,0,0,0,0,0,0,3,3,100,0,2,2,44,0,0,0,0,0,0,0,0,0,0,0,0
1978,2026-03-26 20:54,승,헨릭 미키타리안,LS,10,7.8,0,1,2,1,0,0,0,0,0,0,0,0,13,13,100,0,7,7,195,4,2,1,0,0,0,1,0,0,0,0,0
1979,2026-03-26 20:54,승,마이콘,CDM,9,8,0,0,0,0,0,0,0,0,0,0,0,0,20,16,80,0,14,13,156,10,5,2,1,2,2,2,0,2,0,0,0
1980,2026-03-26 20:54,승,마테오 다르미안,LWB,10,7.8,0,1,0,0,0,0,0,0,0,0,0,0,12,12,100,0,8,8,131,1,1,0,0,1,0,0,0,0,0,0,0
1981,2026-03-26 20:54,승,M. 브로조비치,LCM,9,7.7,0,0,1,1,0,0,0,0,0,0,0,0,17,15,88.2,0,12,12,199,4,1,0,0,2,1,0,0,1,0,0,0
1982,2026-03-26 20:54,승,루이스 피구,RW,9,9.8,1,2,1,1,0,0,0,0,0,0,0,0,13,13,100,0,10,9,249,2,1,0,0,0,0,0,0,0,0,0,0
1983,2026-03-26 20:54,승,라울 벨라노바,RWB,10,7.2,0,0,0,0,0,0,0,0,0,0,0,0,14,13,92.9,0,13,13,262,1,1,0,0,0,0,0,0,0,0,0,0
1984,2026-03-26 20:54,승,덴젤 둠프리스,RCB,8,7.1,0,0,0,0,0,0,0,0,0,0,0,0,13,12,92.3,0,5,5,35,4,3,1,0,0,0,0,0,0,0,0,0
1985,2026-03-26 20:54,승,마르쿠스 튀람,LW,8,8.9,2,0,5,3,0,0,0,0,0,0,0,0,12,10,83.3,0,11,11,432,8,1,1,0,4,1,0,0,1,0,0,0
1986,2026-03-26 20:54,승,파트리크 비에이라,LCB,9,7,0,0,0,0,0,0,0,0,0,0,0,0,6,6,100,0,5,5,41,1,1,1,0,1,1,0,0,1,0,0,0
1987,2026-03-26 20:54,승,하칸 찰하놀루,RCM,9,8.3,1,0,1,1,0,0,0,0,0,0,0,0,15,15,100,0,11,11,413,3,2,0,0,1,1,0,0,1,0,0,0
1988,2026-03-26 20:42,승,마테오 다르미안,LWB,10,6.9,0,0,0,0,0,0,0,0,0,0,0,0,12,12,100,0,7,7,225,2,2,0,0,0,0,1,1,1,0,0,0
1989,2026-03-26 20:42,승,파트리크 비에이라,LCB,9,6.8,0,0,0,0,0,0,0,0,0,0,0,0,9,9,100,0,2,2,53,2,2,0,0,2,2,0,0,2,0,0,0
1990,2026-03-26 20:42,승,마르쿠스 튀람,LW,8,8.4,2,0,2,2,0,0,0,0,0,0,0,0,14,14,100,0,10,8,146,4,1,3,0,0,0,0,0,0,0,0,0
1991,2026-03-26 20:42,승,라울 벨라노바,RWB,10,7.2,0,0,0,0,0,0,0,0,0,0,0,0,12,11,91.7,0,11,10,174,5,2,1,0,2,1,1,0,1,0,0,0
1992,2026-03-26 20:42,승,M. 브로조비치,LCM,9,6.6,0,0,0,0,0,0,0,0,0,0,0,0,14,13,92.9,0,10,8,158,5,2,1,0,1,0,0,0,0,0,0,0
1993,2026-03-26 20:42,승,앙드레 오나나,GK,9,6,0,0,0,0,0,0,0,0,0,0,0,0,2,1,50,0,2,2,69,1,0,0,0,0,0,0,0,0,0,0,0
1994,2026-03-26 20:42,승,하칸 찰하놀루,RCM,9,6.9,0,0,0,0,0,0,0,0,0,0,0,0,15,14,93.3,0,13,12,217,4,1,0,0,0,0,0,0,0,0,0,0
1995,2026-03-26 20:42,승,루이스 피구,RW,9,5.7,0,0,0,0,0,0,0,0,0,0,0,0,10,8,80,0,9,7,204,4,0,1,0,0,0,0,0,0,0,0,0
1996,2026-03-26 20:42,승,마이콘,CDM,9,7.2,0,0,0,0,0,0,0,0,0,0,0,0,17,15,88.2,0,11,9,157,6,4,0,0,0,0,0,0,0,0,0,0
1997,2026-03-26 20:42,승,덴젤 둠프리스,RCB,8,6.6,0,0,0,0,0,0,0,0,0,0,0,0,6,6,100,0,2,2,24,1,1,0,0,2,1,1,1,2,0,0,0
1998,2026-03-26 20:42,승,헨릭 미키타리안,LS,10,8.6,0,2,2,1,0,0,0,0,0,0,0,0,14,13,92.9,0,10,9,192,5,2,1,0,0,0,1,0,0,0,0,0
1999,2026-03-26 20:31,무,앙드레 오나나,GK,9,6.8,0,0,0,0,0,0,0,0,0,0,0,0,6,6,100,0,1,1,8,3,3,0,0,0,0,0,0,0,0,0,0
2000,2026-03-26 20:31,무,마르쿠스 튀람,LW,8,6,0,0,2,0,0,0,0,0,0,0,0,0,10,9,90,0,8,5,142,6,1,5,1,0,0,0,0,0,0,0,0
2001,2026-03-26 20:31,무,헨릭 미키타리안,LS,10,6.4,0,0,0,0,0,0,0,0,0,0,0,0,11,10,90.9,0,7,5,258,2,0,0,0,0,0,1,0,0,0,0,0
2002,2026-03-26 20:31,무,덴젤 둠프리스,RCB,8,5.9,0,0,0,0,0,0,0,0,0,0,0,0,4,4,100,0,2,2,12,3,3,0,0,1,0,1,1,1,0,0,0
2003,2026-03-26 20:31,무,파트리크 비에이라,LCB,9,6.3,0,0,0,0,0,0,0,0,0,0,0,0,5,5,100,0,1,1,11,3,3,0,0,0,0,3,1,1,0,0,0
2004,2026-03-26 20:31,무,마테오 다르미안,LWB,10,6.5,0,0,0,0,0,0,0,0,0,0,0,0,9,9,100,0,7,7,156,1,1,0,0,0,0,0,0,0,0,0,0
2005,2026-03-26 20:31,무,하칸 찰하놀루,RCM,9,6.6,0,0,0,0,0,0,0,0,0,0,0,0,17,16,94.1,0,14,12,224,2,0,2,0,1,0,0,0,0,0,0,0
2006,2026-03-26 20:31,무,마이콘,CDM,9,6.3,0,0,0,0,0,0,0,0,0,0,0,0,15,12,80,0,7,6,102,5,3,0,0,1,0,2,0,0,0,0,0
2007,2026-03-26 20:31,무,라울 벨라노바,RWB,10,5.8,0,0,0,0,0,0,0,0,0,0,0,0,7,7,100,0,7,6,123,4,2,1,0,0,0,1,0,0,0,0,0
2008,2026-03-26 20:31,무,루이스 피구,RW,9,6.9,0,0,1,1,0,0,0,0,0,0,0,0,12,9,75,0,9,7,219,7,1,0,0,2,1,0,0,1,0,0,0
2009,2026-03-26 20:31,무,M. 브로조비치,LCM,9,6.6,0,0,1,1,0,0,0,0,0,0,0,0,13,11,84.6,0,9,8,201,6,2,2,0,1,1,0,0,1,0,0,0
2010,2026-03-26 20:19,승,마르쿠스 튀람,LW,8,9.8,3,0,7,5,0,0,0,0,0,0,0,0,11,11,100,0,5,4,151,8,1,4,0,1,0,1,0,0,0,0,0
2011,2026-03-26 20:19,승,M. 브로조비치,LCM,9,6.9,0,0,0,0,0,0,0,0,0,0,0,0,9,8,88.9,0,6,4,132,6,3,0,0,1,1,0,0,1,0,0,0
2012,2026-03-26 20:19,승,루이스 피구,RW,9,8.3,0,2,0,0,0,0,0,0,0,0,0,0,12,9,75,0,8,8,455,3,0,1,0,0,0,0,0,0,0,0,0
2013,2026-03-26 20:19,승,마테오 다르미안,LWB,10,6.8,0,0,0,0,0,0,0,0,0,0,0,0,9,8,88.9,0,7,5,198,3,1,1,1,0,0,0,0,0,0,0,0
2014,2026-03-26 20:19,승,라울 벨라노바,RWB,10,7,0,0,0,0,0,0,0,0,0,0,0,0,7,7,100,0,3,3,40,3,3,1,0,1,1,0,0,1,0,0,0
2015,2026-03-26 20:19,승,앙드레 오나나,GK,9,6.6,0,0,0,0,0,0,0,0,0,0,0,0,6,6,100,0,3,3,12,2,2,0,0,0,0,0,0,0,0,0,0
2016,2026-03-26 20:19,승,마이콘,CDM,9,6.5,0,0,0,0,0,0,0,0,0,0,0,0,12,11,91.7,0,9,7,97,7,4,1,0,1,1,0,0,1,0,0,0
2017,2026-03-26 20:19,승,헨릭 미키타리안,LS,10,7.1,0,1,0,0,0,0,0,0,0,0,0,0,8,6,75,0,8,6,371,4,0,0,0,0,0,0,0,0,0,0,0
2018,2026-03-26 20:19,승,덴젤 둠프리스,RCB,8,5.6,0,0,0,0,0,0,0,0,0,0,0,0,3,3,100,0,3,3,13,1,1,1,0,0,0,1,0,0,0,0,0
2019,2026-03-26 20:19,승,파트리크 비에이라,LCB,9,7.5,0,0,0,0,0,0,0,0,0,0,0,0,11,10,90.9,0,2,2,9,5,4,3,0,1,1,3,1,2,0,0,0
2020,2026-03-26 20:19,승,하칸 찰하놀루,RCM,9,7.1,0,0,1,0,0,0,0,0,0,0,0,0,13,13,100,0,11,11,206,2,2,0,0,1,1,0,0,1,0,0,0
2021,2026-03-26 20:07,무,마르쿠스 튀람,LW,8,7.6,0,1,1,1,0,0,0,0,0,0,0,0,20,17,85,0,16,14,403,8,3,3,0,0,0,0,0,0,0,0,0
2022,2026-03-26 20:07,무,덴젤 둠프리스,RCB,8,6.6,0,0,0,0,0,0,0,0,0,0,0,0,7,7,100,0,4,4,77,4,4,2,1,2,2,2,0,2,0,0,0
2023,2026-03-26 20:07,무,파트리크 비에이라,LCB,9,6.3,0,0,0,0,0,0,0,0,0,0,0,0,6,6,100,0,3,3,66,1,1,0,0,2,1,2,1,2,0,0,0
2024,2026-03-26 20:07,무,라울 벨라노바,RWB,10,7,0,1,0,0,0,0,0,0,0,0,0,0,10,8,80,0,6,5,97,6,4,0,0,1,0,1,0,0,0,0,0
2025,2026-03-26 20:07,무,루이스 피구,RW,9,6.7,0,0,2,2,0,0,0,0,0,0,0,0,14,13,92.9,0,8,7,173,4,1,1,0,0,0,1,0,0,0,0,0
2026,2026-03-26 20:07,무,M. 브로조비치,LCM,9,7.4,1,0,1,1,0,0,0,0,0,0,0,0,13,10,76.9,0,13,12,206,5,1,0,0,1,0,0,0,0,0,0,0
2027,2026-03-26 20:07,무,마테오 다르미안,LWB,10,5.3,0,0,0,0,0,0,0,0,0,0,0,0,4,3,75,0,2,2,40,2,1,0,0,1,0,1,0,0,0,0,0
2028,2026-03-26 20:07,무,앙드레 오나나,GK,9,6.9,0,0,0,0,0,0,0,0,0,0,0,0,3,3,100,0,1,1,27,1,1,0,0,0,0,0,0,0,0,0,0
2029,2026-03-26 20:07,무,마이콘,CDM,9,6.8,0,0,0,0,0,0,0,0,0,0,0,0,15,14,93.3,0,10,10,176,2,2,1,0,0,0,0,0,0,0,0,0
2030,2026-03-26 20:07,무,헨릭 미키타리안,LS,10,5.5,0,0,0,0,0,0,0,0,0,0,0,0,7,3,42.9,0,7,6,220,4,0,1,0,0,0,0,0,0,0,0,0
2031,2026-03-26 20:07,무,하칸 찰하놀루,RCM,9,7.7,1,0,1,1,0,0,0,0,0,0,0,0,17,15,88.2,0,13,11,277,5,1,0,0,0,0,0,0,0,0,0,0
2032,2026-03-26 19:56,무,덴젤 둠프리스,RCB,8,6.3,0,0,0,0,0,0,0,0,0,0,0,0,6,5,83.3,0,5,5,83,4,3,0,0,0,0,2,1,1,0,0,0
2033,2026-03-26 19:56,무,마테오 다르미안,LWB,10,6.5,0,0,0,0,0,0,0,0,0,0,0,0,15,14,93.3,0,12,10,302,3,1,1,0,1,0,0,0,0,0,0,0
2034,2026-03-26 19:56,무,하칸 찰하놀루,RCM,9,7.1,0,0,0,0,0,0,0,0,0,0,0,0,9,9,100,0,8,7,65,3,2,1,0,0,0,2,1,1,0,0,0
2035,2026-03-26 19:56,무,헨릭 미키타리안,LS,10,7.9,0,1,0,0,0,0,0,0,0,0,0,0,16,16,100,0,12,10,231,3,2,0,0,0,0,0,0,0,0,0,0
2036,2026-03-26 19:56,무,파트리크 비에이라,LCB,9,6.9,1,0,1,1,0,0,0,0,0,0,0,0,8,7,87.5,0,5,5,65,5,3,0,0,1,1,2,0,1,0,0,0
2037,2026-03-26 19:56,무,앙드레 오나나,GK,9,5.1,0,0,0,0,0,0,0,0,0,0,0,0,1,1,100,0,0,0,0,1,1,0,0,0,0,0,0,0,0,0,0
2038,2026-03-26 19:56,무,M. 브로조비치,LCM,9,7.6,0,1,0,0,0,0,0,0,0,0,0,0,21,20,95.2,0,17,13,298,4,0,0,0,0,0,1,0,0,0,0,0
2039,2026-03-26 19:56,무,루이스 피구,RW,9,5.8,0,0,0,0,0,0,0,0,0,0,0,0,7,6,85.7,0,5,4,133,2,0,0,0,0,0,0,0,0,0,0,0
2040,2026-03-26 19:56,무,마이콘,CDM,9,6.5,0,0,0,0,0,0,0,0,0,0,0,0,13,11,84.6,0,8,7,100,4,1,0,0,1,1,0,0,1,0,0,0
2041,2026-03-26 19:56,무,라울 벨라노바,RWB,10,6.4,0,1,0,0,0,0,0,0,0,0,0,0,3,2,66.7,0,2,2,105,5,3,1,0,0,0,0,0,0,0,0,0
2042,2026-03-26 19:56,무,마르쿠스 튀람,LW,8,8.3,2,0,2,2,0,0,0,0,0,0,0,0,17,15,88.2,0,9,8,100,5,0,1,0,0,0,0,0,0,0,0,0
2043,2026-03-26 19:44,승,루이스 피구,RW,9,7.6,0,1,1,0,0,0,0,0,0,0,0,0,11,11,100,0,7,7,160,3,2,0,0,1,1,0,0,1,0,0,0
2044,2026-03-26 19:44,승,마르쿠스 튀람,LW,8,8.2,1,0,1,1,0,0,0,0,0,0,0,0,11,11,100,0,10,9,202,2,0,0,0,0,0,0,0,0,0,0,0
2045,2026-03-26 19:44,승,하칸 찰하놀루,RCM,9,8,1,0,1,1,0,0,0,0,0,0,0,0,9,9,100,0,6,6,113,2,1,0,0,1,0,0,0,0,0,0,0
2046,2026-03-26 19:44,승,헨릭 미키타리안,LS,10,7.9,0,1,0,0,0,0,0,0,0,0,0,0,10,8,80,0,6,6,280,2,1,1,0,0,0,0,0,0,0,0,0
2047,2026-03-26 19:44,승,앙드레 오나나,GK,9,6.3,0,0,0,0,0,0,0,0,0,0,0,0,3,3,100,0,1,1,10,1,1,0,0,0,0,0,0,0,0,0,0
2048,2026-03-26 19:44,승,마테오 다르미안,LWB,10,6.3,0,0,0,0,0,0,0,0,0,0,0,0,9,7,77.8,0,3,3,86,3,1,0,0,1,1,0,0,1,0,0,0
2049,2026-03-26 19:44,승,라울 벨라노바,RWB,10,7.7,1,0,1,1,0,0,0,0,0,0,0,0,8,7,87.5,0,8,6,238,7,3,0,0,0,0,1,0,0,0,0,0
2050,2026-03-26 19:44,승,M. 브로조비치,LCM,9,6.2,0,0,0,0,0,0,0,0,0,0,0,0,11,9,81.8,0,6,6,147,2,0,0,0,1,0,0,0,0,0,1,0
2051,2026-03-26 19:44,승,마이콘,CDM,9,8.4,0,1,0,0,0,0,0,0,0,0,0,0,15,14,93.3,0,9,8,166,2,1,0,0,0,0,0,0,0,0,0,0
2052,2026-03-26 19:44,승,덴젤 둠프리스,RCB,8,5.7,0,0,0,0,0,0,0,0,0,0,0,0,2,2,100,0,1,1,28,0,0,0,0,0,0,0,0,0,0,0,0
2053,2026-03-26 19:44,승,파트리크 비에이라,LCB,9,6.4,0,0,0,0,0,0,0,0,0,0,0,0,4,4,100,0,1,1,6,2,2,0,0,0,0,1,0,0,0,0,0
2054,2026-03-26 19:32,승,라울 벨라노바,RWB,10,6.9,0,0,0,0,0,0,0,0,0,0,0,0,15,14,93.3,0,8,8,160,3,2,0,0,1,1,0,0,1,0,0,0
2055,2026-03-26 19:32,승,앙드레 오나나,GK,9,6.5,0,0,0,0,0,0,0,0,0,0,0,0,1,1,100,0,1,1,9,0,0,0,0,0,0,0,0,0,0,0,0
2056,2026-03-26 19:32,승,루이스 피구,RW,9,7.3,0,1,0,0,0,0,0,0,0,0,0,0,9,9,100,0,9,6,265,3,0,0,0,0,0,0,0,0,0,0,0
2057,2026-03-26 19:32,승,덴젤 둠프리스,RCB,8,7.3,0,0,0,0,0,0,0,0,0,0,0,0,9,9,100,0,5,5,130,6,6,0,0,2,1,1,0,1,0,0,0
2058,2026-03-26 19:32,승,M. 브로조비치,LCM,9,7.6,0,1,0,0,0,0,0,0,0,0,0,0,16,16,100,0,11,9,217,1,1,1,0,1,0,0,0,0,0,0,0
2059,2026-03-26 19:32,승,마이콘,CDM,9,9.5,1,1,1,1,0,0,0,0,0,0,0,0,22,22,100,0,19,17,282,9,6,0,0,3,2,2,0,2,0,0,0
2060,2026-03-26 19:32,승,마르쿠스 튀람,LW,8,9.8,3,1,3,3,0,0,0,0,0,0,0,0,12,11,91.7,0,12,8,236,8,1,4,0,0,0,1,0,0,0,0,0
2061,2026-03-26 19:32,승,파트리크 비에이라,LCB,9,7.1,0,0,0,0,0,0,0,0,0,0,0,0,5,5,100,0,1,1,3,4,4,1,1,2,1,2,0,1,0,0,0
2062,2026-03-26 19:32,승,마테오 다르미안,LWB,10,6.4,0,0,0,0,0,0,0,0,0,0,0,0,9,9,100,0,5,4,55,1,0,0,0,0,0,0,0,0,0,0,0
2063,2026-03-26 19:32,승,헨릭 미키타리안,LS,10,7,0,0,0,0,0,0,0,0,0,0,0,0,12,9,75,0,7,6,115,3,0,0,0,0,0,0,0,0,0,0,0
2064,2026-03-26 19:32,승,하칸 찰하놀루,RCM,9,6.7,0,0,0,0,0,0,0,0,0,0,0,0,17,14,82.4,0,13,11,114,5,1,0,0,0,0,0,0,0,0,0,0
2065,2026-03-26 19:20,승,루이스 피구,RM,9,6.6,0,0,0,0,0,0,0,0,0,0,0,0,4,4,100,0,1,1,23,0,0,1,0,2,2,0,0,2,0,0,0
2066,2026-03-26 19:20,승,마테오 다르미안,LWB,10,6.6,0,0,0,0,0,0,0,0,0,0,0,0,8,5,62.5,0,8,8,296,2,0,0,0,0,0,0,0,0,0,0,0
2067,2026-03-26 19:20,승,라울 벨라노바,RWB,10,6.4,0,0,0,0,0,0,0,0,0,0,0,0,6,5,83.3,0,3,3,75,6,4,0,0,4,1,0,0,1,0,0,0
2068,2026-03-26 19:20,승,덴젤 둠프리스,RCB,8,5.6,0,0,0,0,0,0,0,0,0,0,0,0,3,3,100,0,1,1,16,1,1,0,0,1,0,0,0,0,0,0,0
2069,2026-03-26 19:20,승,마르쿠스 튀람,LW,8,9.9,4,0,4,4,0,0,0,0,0,0,0,0,16,15,93.8,0,10,9,368,7,1,1,0,0,0,1,0,0,0,0,0
2070,2026-03-26 19:20,승,헨릭 미키타리안,LM,10,7.1,0,1,0,0,0,0,0,0,0,0,0,0,9,9,100,0,8,6,194,2,0,1,0,0,0,0,0,0,0,0,0
2071,2026-03-26 19:20,승,파트리크 비에이라,LCB,9,6.3,0,0,0,0,0,0,0,0,0,0,0,0,5,5,100,0,1,1,8,3,2,0,0,4,2,0,0,2,0,0,0
2072,2026-03-26 19:20,승,앙드레 오나나,GK,9,6.8,0,0,0,0,0,0,0,0,0,0,0,0,5,5,100,0,3,3,106,1,1,0,0,0,0,0,0,0,0,0,0
2073,2026-03-26 19:20,승,M. 브로조비치,LDM,9,7.9,0,1,0,0,0,0,0,0,0,0,0,0,13,12,92.3,0,7,6,136,6,4,1,0,2,2,1,0,2,0,0,0
2074,2026-03-26 19:20,승,하칸 찰하놀루,RDM,9,8,0,2,0,0,0,0,0,0,0,0,0,0,16,15,93.8,0,16,13,397,6,3,0,0,0,0,1,0,0,0,0,0
2075,2026-03-26 19:20,승,마이콘,CDM,9,6.5,0,0,0,0,0,0,0,0,0,0,0,0,13,11,84.6,0,11,9,95,6,3,0,0,6,1,1,0,1,0,0,0
2076,2026-03-26 19:07,무,루이스 피구,RW,9,7.3,0,1,0,0,0,0,0,0,0,0,0,0,11,8,72.7,0,8,5,230,7,2,0,0,2,2,0,0,2,0,0,0
2077,2026-03-26 19:07,무,파트리크 비에이라,LCB,9,6.2,0,0,0,0,0,0,0,0,0,0,0,0,11,8,72.7,0,5,5,96,5,3,1,0,1,1,0,0,1,0,0,0
2078,2026-03-26 19:07,무,덴젤 둠프리스,RCB,8,5.5,0,0,0,0,0,0,0,0,0,0,0,0,4,4,100,0,4,4,59,0,0,1,0,0,0,1,1,1,0,0,0
2079,2026-03-26 19:07,무,헨릭 미키타리안,LS,10,7.6,0,1,0,0,0,0,0,0,0,0,0,0,21,16,76.2,0,12,11,490,7,1,0,0,0,0,0,0,0,0,0,0
2080,2026-03-26 19:07,무,마이콘,CDM,9,5.8,0,0,0,0,0,0,0,0,0,0,0,0,12,12,100,0,4,4,50,0,0,1,0,0,0,0,0,0,0,0,0
2081,2026-03-26 19:07,무,라울 벨라노바,RWB,10,6,0,0,0,0,0,0,0,0,0,0,0,0,8,7,87.5,0,7,7,75,3,1,0,0,1,1,2,0,1,0,0,0
2082,2026-03-26 19:07,무,M. 브로조비치,LCM,9,5.5,0,0,0,0,0,0,0,0,0,0,0,0,12,10,83.3,0,8,7,75,6,3,0,0,0,0,1,0,0,0,0,0
2083,2026-03-26 19:07,무,하칸 찰하놀루,RCM,9,8.1,1,1,1,1,0,0,0,0,0,0,0,0,15,13,86.7,0,13,12,170,5,2,1,0,0,0,2,0,0,0,0,0
2084,2026-03-26 19:07,무,마테오 다르미안,LWB,10,7.4,0,0,0,0,0,0,0,0,0,0,0,0,17,16,94.1,0,8,6,141,8,5,5,1,1,1,0,0,1,0,0,0
2085,2026-03-26 19:07,무,마르쿠스 튀람,LW,8,8.4,2,0,3,2,0,0,0,0,0,0,0,0,12,12,100,0,6,6,57,3,0,1,0,0,0,2,0,0,0,0,0
2086,2026-03-26 19:07,무,앙드레 오나나,GK,9,6.3,0,0,0,0,0,0,0,0,0,0,0,0,4,4,100,0,0,0,0,1,1,0,0,0,0,0,0,0,0,0,0
2087,2026-03-26 18:55,패,마르쿠스 튀람,LW,8,7.3,0,1,1,1,0,0,0,0,0,0,0,0,14,13,92.9,0,9,6,320,5,0,2,0,1,0,0,0,0,0,0,0
2088,2026-03-26 18:55,패,덴젤 둠프리스,RCB,8,5.3,0,0,0,0,0,0,0,0,0,0,0,0,8,8,100,0,5,4,81,4,3,0,0,0,0,2,1,1,0,0,0
2089,2026-03-26 18:55,패,파트리크 비에이라,LCB,9,6.2,0,0,0,0,0,0,0,0,0,0,0,0,12,11,91.7,0,6,6,99,4,4,1,0,2,1,2,0,1,0,0,0
2090,2026-03-26 18:55,패,마테오 다르미안,LWB,10,5.9,0,0,0,0,0,0,0,0,0,0,0,0,8,7,87.5,0,9,6,408,5,2,1,0,1,0,1,0,0,0,0,0
2091,2026-03-26 18:55,패,하칸 찰하놀루,RCM,9,6.9,1,0,1,1,0,0,0,0,0,0,0,0,12,12,100,0,6,5,81,2,0,1,0,0,0,1,0,0,0,0,0
2092,2026-03-26 18:55,패,루이스 피구,RW,9,7,0,1,1,1,0,0,0,0,0,0,0,0,10,8,80,0,8,7,247,4,0,1,0,0,0,0,0,0,0,0,0
2093,2026-03-26 18:55,패,M. 브로조비치,LCM,9,6.1,0,0,0,0,0,0,0,0,0,0,0,0,15,12,80,0,9,9,114,4,1,0,0,0,0,0,0,0,0,0,0
2094,2026-03-26 18:55,패,앙드레 오나나,GK,9,5.6,0,0,0,0,0,0,0,0,0,0,0,0,6,5,83.3,0,2,2,20,1,0,0,0,0,0,0,0,0,0,0,0
2095,2026-03-26 18:55,패,마이콘,CDM,9,6.8,0,0,0,0,0,0,0,0,0,0,0,0,16,15,93.8,0,11,7,183,8,3,3,0,2,1,3,0,1,0,0,0
2096,2026-03-26 18:55,패,라울 벨라노바,RWB,10,5.6,0,0,0,0,0,0,0,0,0,0,0,0,10,8,80,0,8,5,273,9,5,3,0,1,0,1,0,0,0,0,0
2097,2026-03-26 18:55,패,헨릭 미키타리안,LS,10,6.9,1,0,1,1,0,0,0,0,0,0,0,0,7,7,100,0,5,4,55,3,1,0,0,1,1,0,0,1,0,0,0
2098,2026-03-26 18:44,승,마르쿠스 튀람,LW,8,9.4,3,0,6,4,0,0,0,0,0,0,0,0,3,3,100,0,5,4,117,6,0,1,0,0,0,0,0,0,0,0,0
2099,2026-03-26 18:44,승,덴젤 둠프리스,RCB,8,6.6,0,0,0,0,0,0,0,0,0,0,0,0,3,3,100,0,1,1,54,2,2,0,0,0,0,1,0,0,0,0,0
2100,2026-03-26 18:44,승,마테오 다르미안,LWB,10,7.2,0,0,0,0,0,0,0,0,0,0,0,0,11,10,90.9,0,7,6,201,3,1,0,0,1,1,0,0,1,0,0,0
2101,2026-03-26 18:44,승,헨릭 미키타리안,LM,10,7.8,0,1,0,0,0,0,0,0,0,0,0,0,8,7,87.5,0,4,4,115,3,2,2,0,0,0,0,0,0,0,0,0
2102,2026-03-26 18:44,승,M. 브로조비치,LDM,9,6.7,0,0,0,0,0,0,0,0,0,0,0,0,7,6,85.7,0,5,5,77,0,0,1,0,0,0,0,0,0,0,0,0
2103,2026-03-26 18:44,승,루이스 피구,RM,9,8.1,0,1,0,0,0,0,0,0,0,0,0,0,6,6,100,0,3,3,234,1,1,0,0,0,0,0,0,0,0,0,0
2104,2026-03-26 18:44,승,파트리크 비에이라,LCB,9,6.6,0,0,0,0,0,0,0,0,0,0,0,0,6,4,66.7,0,3,3,46,2,1,0,0,1,0,2,0,0,0,0,0
2105,2026-03-26 18:44,승,마이콘,CDM,9,7.2,0,0,0,0,0,0,0,0,0,0,0,0,6,5,83.3,0,4,4,43,2,1,0,0,0,0,0,0,0,0,0,0
2106,2026-03-26 18:44,승,앙드레 오나나,GK,9,6.1,0,0,0,0,0,0,0,0,0,0,0,0,4,3,75,0,1,0,0,1,0,0,0,0,0,0,0,0,0,0,0
2107,2026-03-26 18:44,승,라울 벨라노바,RWB,10,8.1,0,0,0,0,0,0,0,0,0,0,0,0,6,6,100,0,3,3,213,1,1,0,0,2,1,0,0,1,0,0,0
2108,2026-03-26 18:44,승,하칸 찰하놀루,RDM,9,7.4,0,1,0,0,0,0,0,0,0,0,0,0,6,5,83.3,0,2,2,56,2,1,0,0,0,0,0,0,0,0,0,0
2109,2026-03-26 18:34,승,하칸 찰하놀루,RDM,9,7.4,1,0,3,2,0,0,0,0,0,0,0,0,11,10,90.9,0,10,8,277,4,0,0,0,0,0,0,0,0,0,0,0
2110,2026-03-26 18:34,승,헨릭 미키타리안,LM,10,7.8,0,1,1,0,0,0,0,0,0,0,0,0,16,15,93.8,0,10,9,203,4,1,2,0,0,0,0,0,0,0,0,0
2111,2026-03-26 18:34,승,루이스 피구,RM,9,6.2,0,0,0,0,0,0,0,0,0,0,0,0,7,6,85.7,0,4,4,150,1,0,0,0,0,0,0,0,0,0,0,0
2112,2026-03-26 18:34,승,마이콘,CDM,9,8.3,0,1,0,0,0,0,0,0,0,0,0,0,25,25,100,0,19,18,237,1,1,1,0,2,2,0,0,2,0,0,0
2113,2026-03-26 18:34,승,마르쿠스 튀람,LW,8,6.7,1,0,3,1,0,0,0,0,0,0,0,0,10,8,80,0,6,6,80,5,0,10,0,1,0,0,0,0,0,0,0
2114,2026-03-26 18:34,승,파트리크 비에이라,LCB,9,6.1,0,0,0,0,0,0,0,0,0,0,0,0,13,12,92.3,0,9,9,111,6,5,1,0,2,1,0,0,1,0,0,0
2115,2026-03-26 18:34,승,M. 브로조비치,LDM,9,7.1,0,0,0,0,0,0,0,0,0,0,0,0,16,15,93.8,0,12,10,276,6,3,0,0,0,0,1,0,0,0,0,0
2116,2026-03-26 18:34,승,마테오 다르미안,LWB,10,6.5,0,0,0,0,0,0,0,0,0,0,0,0,11,10,90.9,0,10,9,235,1,0,1,0,0,0,0,0,0,0,0,0
2117,2026-03-26 18:34,승,앙드레 오나나,GK,9,7.1,0,0,0,0,0,0,0,0,0,0,0,0,5,3,60,0,1,1,12,4,2,0,0,0,0,0,0,0,0,0,0
2118,2026-03-26 18:34,승,덴젤 둠프리스,RCB,8,5.1,0,0,0,0,0,0,0,0,0,0,0,0,6,6,100,0,3,2,8,1,1,1,0,1,0,0,0,0,0,0,0
2119,2026-03-26 18:34,승,라울 벨라노바,RWB,10,6.7,0,0,0,0,0,0,0,0,0,0,0,0,10,8,80,0,7,7,101,8,6,6,0,1,1,1,0,1,0,0,0
2120,2026-03-26 18:21,승,M. 브로조비치,LDM,9,8.4,0,1,0,0,0,0,0,0,0,0,0,0,18,17,94.4,0,10,10,104,4,3,0,0,0,0,0,0,0,0,0,0
2121,2026-03-26 18:21,승,마르쿠스 튀람,LW,8,9.9,4,0,4,4,0,0,0,0,0,0,0,0,9,8,88.9,0,4,4,109,5,0,1,0,0,0,1,0,0,0,0,0
2122,2026-03-26 18:21,승,루이스 피구,RM,9,6.9,0,0,1,0,0,0,0,0,0,0,0,0,11,10,90.9,0,10,6,300,9,3,1,0,0,0,0,0,0,0,0,0
2123,2026-03-26 18:21,승,헨릭 미키타리안,LM,10,9.5,0,2,0,0,0,0,0,0,0,0,0,0,14,13,92.9,0,11,11,352,3,2,1,0,1,1,0,0,1,0,0,0
2124,2026-03-26 18:21,승,마이콘,CDM,9,7.3,0,0,0,0,0,0,0,0,0,0,0,0,16,15,93.8,0,7,5,55,5,3,0,0,1,1,2,0,1,0,0,0
2125,2026-03-26 18:21,승,라울 벨라노바,RWB,10,6.7,0,0,0,0,0,0,0,0,0,0,0,0,8,7,87.5,0,2,2,48,2,1,1,0,0,0,0,0,0,0,0,0
2126,2026-03-26 18:21,승,파트리크 비에이라,LCB,9,5.6,0,0,0,0,0,0,0,0,0,0,0,0,5,3,60,0,4,2,31,4,2,0,0,3,0,1,0,0,0,0,0
2127,2026-03-26 18:21,승,하칸 찰하놀루,RDM,9,7.4,0,0,0,0,0,0,0,0,0,0,0,0,12,10,83.3,0,3,3,28,4,2,1,0,0,0,1,0,0,0,0,0
2128,2026-03-26 18:21,승,마테오 다르미안,LWB,10,8.9,0,1,0,0,0,0,0,0,0,0,0,0,9,8,88.9,0,9,7,234,1,0,1,0,2,1,0,0,1,0,0,0
2129,2026-03-26 18:21,승,앙드레 오나나,GK,9,7.9,0,0,0,0,0,0,0,0,0,0,0,0,3,3,100,0,1,1,9,1,1,0,0,0,0,0,0,0,0,0,0
2130,2026-03-26 18:21,승,덴젤 둠프리스,RCB,8,7.1,0,0,0,0,0,0,0,0,0,0,0,0,7,7,100,0,2,2,43,2,2,0,0,2,1,2,0,1,0,0,0
2131,2026-03-26 18:12,승,라울 벨라노바,RWB,10,6.8,0,0,0,0,0,0,0,0,0,0,0,0,10,10,100,0,7,6,296,4,3,0,0,0,0,2,0,0,0,0,0
2132,2026-03-26 18:12,승,앙드레 오나나,GK,9,5.7,0,0,0,0,0,0,0,0,0,0,0,0,2,2,100,0,1,1,36,1,1,0,0,0,0,0,0,0,0,0,0
2133,2026-03-26 18:12,승,하칸 찰하놀루,RDM,9,8.2,2,1,2,2,0,0,0,0,0,0,0,0,16,14,87.5,0,12,10,251,7,1,1,0,1,1,2,0,1,0,0,0
2134,2026-03-26 18:12,승,덴젤 둠프리스,RCB,8,6.8,0,0,0,0,0,0,0,0,0,0,0,0,7,7,100,0,2,2,46,5,5,0,0,1,1,3,1,2,0,0,0
2135,2026-03-26 18:12,승,루이스 피구,RM,9,6.7,0,0,0,0,0,0,0,0,0,0,0,0,13,10,76.9,0,12,10,449,8,3,1,0,0,0,2,0,0,0,0,0
2136,2026-03-26 18:12,승,M. 브로조비치,LDM,9,6.9,0,1,0,0,0,0,0,0,0,0,0,0,15,13,86.7,0,16,16,188,2,1,0,0,1,0,1,0,0,0,0,0
2137,2026-03-26 18:12,승,마테오 다르미안,LWB,10,6.7,0,0,0,0,0,0,0,0,0,0,0,0,10,8,80,0,6,5,189,5,3,1,0,3,2,0,0,2,0,0,0
2138,2026-03-26 18:12,승,헨릭 미키타리안,LM,10,6.4,0,0,0,0,0,0,0,0,0,0,0,0,9,8,88.9,0,4,3,131,3,1,0,0,0,0,0,0,0,0,0,0
2139,2026-03-26 18:12,승,마르쿠스 튀람,LW,8,8.4,2,1,4,2,0,0,0,0,0,0,0,0,15,14,93.3,0,7,7,161,4,0,3,0,0,0,2,0,0,0,0,0
2140,2026-03-26 18:12,승,마이콘,CDM,9,6.4,0,0,0,0,0,0,0,0,0,0,0,0,20,16,80,0,6,5,143,8,5,0,0,2,2,0,0,2,0,0,0
2141,2026-03-26 18:12,승,파트리크 비에이라,LCB,9,6,0,0,0,0,0,0,0,0,0,0,0,0,7,7,100,0,3,3,11,1,1,0,0,1,1,1,0,1,0,0,0
2142,2026-03-26 15:59,패,파트리크 비에이라,LCB,9,5.1,0,0,0,0,0,0,0,0,0,0,0,0,9,7,77.8,0,1,1,9,4,3,4,0,1,0,2,0,0,0,0,0
2143,2026-03-26 15:59,패,마테오 다르미안,LWB,10,5.2,0,0,0,0,0,0,0,0,0,0,0,0,5,5,100,0,4,3,37,2,1,1,0,0,0,0,0,0,0,0,0
2144,2026-03-26 15:59,패,라울 벨라노바,RWB,10,5.7,0,0,0,0,0,0,0,0,0,0,0,0,8,7,87.5,0,4,4,101,3,3,0,0,1,1,0,0,1,0,0,0
2145,2026-03-26 15:59,패,덴젤 둠프리스,RCB,8,5.5,0,0,1,0,0,0,0,0,0,0,0,0,6,4,66.7,0,5,4,22,6,3,0,0,2,2,2,1,3,0,0,0
2146,2026-03-26 15:59,패,마르쿠스 튀람,LW,8,6.6,0,0,0,0,0,0,0,0,0,0,0,0,17,15,88.2,0,7,6,139,2,0,0,0,0,0,0,0,0,0,0,0
2147,2026-03-26 15:59,패,앙드레 오나나,GK,9,5.2,0,0,0,0,0,0,0,0,0,0,0,0,1,0,0,0,0,0,0,1,0,0,0,0,0,0,0,0,0,0,0
2148,2026-03-26 15:59,패,M. 브로조비치,LCM,9,7,0,1,1,0,0,0,0,0,0,0,0,0,18,15,83.3,0,17,16,309,4,0,0,0,0,0,0,0,0,0,0,0
2149,2026-03-26 15:59,패,헨릭 미키타리안,LS,10,6.6,1,0,2,2,0,0,0,0,0,0,0,0,8,6,75,0,5,5,191,3,0,6,0,0,0,0,0,0,0,0,0
2150,2026-03-26 15:59,패,마이콘,CDM,9,6.1,0,0,1,1,0,0,0,0,0,0,0,0,14,12,85.7,0,11,11,153,6,3,16,0,1,1,1,0,1,0,0,0
2151,2026-03-26 15:59,패,루이스 피구,RW,9,6.2,0,0,0,0,0,0,0,0,0,0,0,0,9,9,100,0,5,3,270,5,2,0,0,1,1,0,0,1,0,0,0
2152,2026-03-26 15:59,패,하칸 찰하놀루,RCM,9,5.7,0,0,0,0,0,0,0,0,0,0,0,0,12,11,91.7,0,10,9,191,2,1,1,0,1,1,0,0,1,0,0,0
2153,2026-03-26 15:48,승,마르쿠스 튀람,LW,8,9.1,2,1,3,3,0,0,0,0,0,0,0,0,21,19,90.5,0,15,10,222,8,0,2,0,0,0,0,0,0,0,0,0
2154,2026-03-26 15:48,승,마테오 다르미안,LWB,10,7.1,0,0,1,1,0,0,0,0,0,0,0,0,10,6,60,0,5,4,136,10,4,1,0,3,3,0,0,3,0,0,0
2155,2026-03-26 15:48,승,헨릭 미키타리안,LS,10,7.1,0,1,0,0,0,0,0,0,0,0,0,0,11,9,81.8,0,2,2,15,3,1,0,0,0,0,0,0,0,0,0,0
2156,2026-03-26 15:48,승,M. 브로조비치,LCM,9,7.4,0,0,0,0,0,0,0,0,0,0,0,0,17,17,100,0,9,9,149,5,5,0,0,2,2,0,0,2,0,0,0
2157,2026-03-26 15:48,승,앙드레 오나나,GK,9,6.5,0,0,0,0,0,0,0,0,0,0,0,0,2,2,100,0,0,0,0,2,2,0,0,0,0,0,0,0,0,0,0
2158,2026-03-26 15:48,승,덴젤 둠프리스,RCB,8,7.7,1,0,2,2,0,0,0,0,0,0,0,0,3,3,100,0,4,4,19,4,2,2,1,0,0,2,1,1,0,0,0
2159,2026-03-26 15:48,승,파트리크 비에이라,LCB,9,7.3,0,0,0,0,0,0,0,0,0,0,0,0,8,7,87.5,0,3,3,26,5,4,2,0,4,2,2,1,3,0,0,0
2160,2026-03-26 15:48,승,라울 벨라노바,RWB,10,6,0,0,0,0,0,0,0,0,0,0,0,0,6,4,66.7,0,4,4,197,2,0,0,0,0,0,0,0,0,0,0,0
2161,2026-03-26 15:48,승,루이스 피구,RW,9,8,0,2,0,0,0,0,0,0,0,0,0,0,9,7,77.8,0,7,6,291,5,2,0,0,0,0,1,0,0,0,0,0
2162,2026-03-26 15:48,승,마이콘,CDM,9,8.3,1,0,1,1,0,0,0,0,0,0,0,0,20,19,95,0,11,11,164,6,4,0,0,2,2,3,0,2,0,0,0
2163,2026-03-26 15:48,승,하칸 찰하놀루,RCM,9,6.4,0,0,0,0,0,0,0,0,0,0,0,0,14,11,78.6,0,14,10,148,7,1,5,0,0,0,1,0,0,0,0,0
2164,2026-03-26 15:06,승,마르쿠스 튀람,LW,8,9.8,3,0,4,4,0,0,0,0,0,0,0,0,19,18,94.7,0,10,8,144,8,3,11,1,0,0,1,0,0,0,0,0
2165,2026-03-26 15:06,승,M. 브로조비치,LCM,9,7.1,0,0,0,0,0,0,0,0,0,0,0,0,19,19,100,0,14,14,158,3,3,1,0,1,0,1,0,0,0,0,0
2166,2026-03-26 15:06,승,앙드레 오나나,GK,9,5.9,0,0,0,0,0,0,0,0,0,0,0,0,0,0,0,0,0,0,0,0,0,0,0,0,0,0,0,0,0,0,0
2167,2026-03-26 15:06,승,하칸 찰하놀루,RCM,9,8.1,1,0,3,3,0,0,0,0,0,0,0,0,18,16,88.9,0,13,12,129,7,2,2,0,0,0,1,0,0,0,0,0
2168,2026-03-26 15:06,승,마테오 다르미안,LWB,10,6.8,0,0,0,0,0,0,0,0,0,0,0,0,11,9,81.8,0,6,6,113,4,2,0,0,1,0,0,0,0,0,0,0
2169,2026-03-26 15:06,승,라울 벨라노바,RWB,10,6.8,0,0,0,0,0,0,0,0,0,0,0,0,10,8,80,0,7,7,156,4,3,1,0,0,0,0,0,0,0,0,0
2170,2026-03-26 15:06,승,파트리크 비에이라,LCB,9,6.7,0,0,0,0,0,0,0,0,0,0,0,0,2,2,100,0,3,2,17,1,1,0,0,4,4,0,0,4,0,0,0
2171,2026-03-26 15:06,승,마이콘,CDM,9,6.8,0,0,0,0,0,0,0,0,0,0,0,0,19,16,84.2,0,9,9,98,4,1,0,0,1,1,0,0,1,0,0,0
2172,2026-03-26 15:06,승,헨릭 미키타리안,LS,10,9,0,2,0,0,0,0,0,0,0,0,0,0,19,16,84.2,0,9,8,330,4,1,0,0,0,0,1,0,0,0,0,0
2173,2026-03-26 15:06,승,루이스 피구,RW,9,8.3,0,2,0,0,0,0,0,0,0,0,0,0,8,8,100,0,5,4,109,2,1,2,0,1,0,0,0,0,0,0,0
2174,2026-03-26 15:06,승,덴젤 둠프리스,RCB,8,6,0,0,1,0,0,0,0,0,0,0,0,0,6,6,100,0,3,3,21,1,0,3,2,0,0,0,0,0,0,0,0
2175,2026-03-26 8:08,패,헨릭 미키타리안,LS,10,5.8,0,0,0,0,0,0,0,0,0,0,0,0,14,13,92.9,0,12,8,436,7,2,1,0,0,0,0,0,0,0,0,0
2176,2026-03-26 8:08,패,M. 브로조비치,LCM,9,6,0,0,0,0,0,0,0,0,0,0,0,0,17,13,76.5,0,15,14,351,7,2,0,0,1,0,0,0,0,0,0,0
2177,2026-03-26 8:08,패,마이콘,CDM,9,8.2,0,1,0,0,0,0,0,0,0,0,0,0,23,22,95.7,0,15,15,432,5,4,0,0,2,1,1,0,1,0,0,0
2178,2026-03-26 8:08,패,파트리크 비에이라,LCB,9,5.9,0,0,0,0,0,0,0,0,0,0,0,0,9,8,88.9,0,4,4,37,2,1,0,0,0,0,0,0,0,0,0,0
2179,2026-03-26 8:08,패,덴젤 둠프리스,RCB,8,5.4,0,0,0,0,0,0,0,0,0,0,0,0,4,4,100,0,3,3,103,2,2,0,0,2,1,1,0,1,0,0,0
2180,2026-03-26 8:08,패,라울 벨라노바,RWB,10,5.6,0,0,0,0,0,0,0,0,0,0,0,0,6,6,100,0,5,5,184,0,0,0,0,0,0,0,0,0,0,0,0
2181,2026-03-26 8:08,패,루이스 피구,RW,9,7.4,0,1,0,0,0,0,0,0,0,0,0,0,11,9,81.8,0,7,7,417,1,0,0,0,0,0,0,0,0,0,0,0
2182,2026-03-26 8:08,패,하칸 찰하놀루,RCM,9,7.2,1,0,3,3,0,0,0,0,0,0,0,0,11,9,81.8,0,10,9,198,8,3,0,0,0,0,0,0,0,0,0,0
2183,2026-03-26 8:08,패,앙드레 오나나,GK,9,2.8,0,0,0,0,0,0,0,0,0,0,0,0,0,0,0,0,0,0,0,0,0,0,0,1,0,0,0,0,0,0,0
2184,2026-03-26 8:08,패,마르쿠스 튀람,LW,8,7.4,1,0,3,1,0,0,0,0,0,0,0,0,20,20,100,0,10,9,140,3,0,2,0,0,0,0,0,0,0,0,0
2185,2026-03-26 8:08,패,마테오 다르미안,LWB,10,7.2,0,0,0,0,0,0,0,0,0,0,0,0,10,10,100,0,6,6,152,3,3,1,0,1,1,0,0,1,0,0,0
2186,2026-03-26 7:57,무,루이스 피구,RW,9,6,0,0,0,0,0,0,0,0,0,0,0,0,9,9,100,0,7,6,80,2,1,0,0,0,0,0,0,0,0,0,0
2187,2026-03-26 7:57,무,하칸 찰하놀루,RCM,9,7.2,0,0,2,1,0,0,0,0,0,0,0,0,18,17,94.4,0,16,13,302,6,2,1,1,0,0,0,0,0,0,0,0
2188,2026-03-26 7:57,무,마이콘,CDM,9,7.1,0,0,0,0,0,0,0,0,0,0,0,0,18,14,77.8,0,12,11,181,7,3,0,0,3,3,1,0,3,0,0,0
2189,2026-03-26 7:57,무,M. 브로조비치,LCM,9,7,0,0,0,0,0,0,0,0,0,0,0,0,22,20,90.9,0,16,13,234,7,2,0,0,1,1,0,0,1,0,0,0
2190,2026-03-26 7:57,무,파트리크 비에이라,LCB,9,6.4,0,0,0,0,0,0,0,0,0,0,0,0,10,10,100,0,4,4,64,4,4,0,0,0,0,0,0,0,0,0,0
2191,2026-03-26 7:57,무,마르쿠스 튀람,LW,8,7,1,0,4,3,0,0,0,0,0,0,0,0,11,11,100,0,15,8,137,12,2,1,0,0,0,0,0,0,0,0,0
2192,2026-03-26 7:57,무,마테오 다르미안,LWB,10,6.2,0,0,0,0,0,0,0,0,0,0,0,0,11,10,90.9,0,10,9,167,3,1,0,0,1,0,0,0,0,0,0,0
2193,2026-03-26 7:57,무,라울 벨라노바,RWB,10,5.8,0,0,0,0,0,0,0,0,0,0,0,0,4,4,100,0,2,2,72,1,1,0,0,0,0,0,0,0,0,0,0
2194,2026-03-26 7:57,무,덴젤 둠프리스,RCB,8,7.6,0,0,0,0,0,0,0,0,0,0,0,0,6,4,66.7,0,6,6,55,8,6,1,0,1,1,1,0,1,0,0,0
2195,2026-03-26 7:57,무,헨릭 미키타리안,LS,10,7.6,0,1,0,0,0,0,0,0,0,0,0,0,6,6,100,0,5,4,211,2,2,0,0,1,1,0,0,1,0,0,0
2196,2026-03-26 7:57,무,앙드레 오나나,GK,9,6.8,0,0,0,0,0,0,0,0,0,0,0,0,5,5,100,0,3,3,120,1,1,0,0,0,0,0,0,0,0,0,0
2197,2026-03-26 7:46,패,루이스 피구,RW,9,4.7,0,0,0,0,0,0,0,0,0,0,0,0,6,5,83.3,0,4,3,31,2,0,0,0,0,0,0,0,0,0,0,0
2198,2026-03-26 7:46,패,M. 브로조비치,LCM,9,6.7,1,0,1,1,0,0,0,0,0,0,0,0,10,8,80,0,9,8,172,2,0,0,0,1,0,0,0,0,0,0,0
2199,2026-03-26 7:46,패,마이콘,CDM,9,6.8,0,0,0,0,0,0,0,0,0,0,0,0,15,13,86.7,0,11,10,121,7,4,0,0,3,3,0,0,3,0,0,0
2200,2026-03-26 7:46,패,마테오 다르미안,LWB,10,5.8,0,0,0,0,0,0,0,0,0,0,0,0,7,7,100,0,5,5,102,2,2,1,0,0,0,0,0,0,0,0,0
2201,2026-03-26 7:46,패,덴젤 둠프리스,RCB,8,5.2,0,0,0,0,0,0,0,0,0,0,0,0,6,6,100,0,3,2,48,1,1,0,0,0,0,0,0,0,0,0,0
2202,2026-03-26 7:46,패,라울 벨라노바,RWB,10,5.8,0,0,0,0,0,0,0,0,0,0,0,0,9,9,100,0,4,4,166,0,0,0,0,1,0,1,0,0,0,0,0
2203,2026-03-26 7:46,패,파트리크 비에이라,LCB,9,6,0,0,0,0,0,0,0,0,0,0,0,0,6,5,83.3,0,3,3,32,4,3,2,0,1,1,0,0,1,0,0,0
2204,2026-03-26 7:46,패,마르쿠스 튀람,LW,8,7,0,1,0,0,0,0,0,0,0,0,0,0,12,9,75,0,5,5,73,3,0,1,0,0,0,0,0,0,0,0,0
2205,2026-03-26 7:46,패,하칸 찰하놀루,RCM,9,6.2,0,0,0,0,0,0,0,0,0,0,0,0,14,12,85.7,0,10,8,149,5,2,0,0,0,0,0,0,0,0,0,0
2206,2026-03-26 7:46,패,앙드레 오나나,GK,9,5.6,0,0,0,0,0,0,0,0,0,0,0,0,4,4,100,0,2,2,8,0,0,0,0,0,0,0,0,0,0,0,0
2207,2026-03-26 7:46,패,헨릭 미키타리안,LS,10,5.9,0,0,0,0,0,0,0,0,0,0,0,0,9,7,77.8,0,3,3,64,3,1,1,0,0,0,0,0,0,0,0,0
2208,2026-03-26 7:35,승,헨릭 미키타리안,LS,10,7.9,0,1,0,0,0,0,0,0,0,0,0,0,5,4,80,0,3,3,74,1,0,1,0,1,0,0,0,0,0,0,0
2209,2026-03-26 7:35,승,마테오 다르미안,LWB,10,7,0,0,0,0,0,0,0,0,0,0,0,0,5,5,100,0,4,3,65,1,0,0,0,0,0,1,0,0,0,0,0
2210,2026-03-26 7:35,승,라울 벨라노바,RWB,10,7.1,0,0,0,0,0,0,0,0,0,0,0,0,7,6,85.7,0,1,1,27,3,2,0,0,2,1,0,0,1,0,0,0
2211,2026-03-26 7:35,승,마르쿠스 튀람,LW,8,8.8,1,1,1,1,0,0,0,0,0,0,0,0,12,12,100,0,9,7,73,3,0,0,0,0,0,1,0,0,0,0,0
2212,2026-03-26 7:35,승,루이스 피구,RW,9,6.7,0,0,0,0,0,0,0,0,0,0,0,0,8,7,87.5,0,2,2,10,2,1,0,0,0,0,0,0,0,0,0,0
2213,2026-03-26 7:35,승,마이콘,CDM,9,10,0,1,0,0,0,0,0,0,0,0,0,0,23,23,100,0,11,11,156,5,5,1,0,0,0,0,0,0,0,0,0
2214,2026-03-26 7:35,승,앙드레 오나나,GK,9,6.5,0,0,0,0,0,0,0,0,0,0,0,0,1,1,100,0,0,0,0,0,0,0,0,0,0,0,0,0,0,0,0
2215,2026-03-26 7:35,승,덴젤 둠프리스,RCB,8,7.7,0,0,0,0,0,0,0,0,0,0,0,0,9,9,100,0,3,3,28,2,2,0,0,0,0,1,0,0,0,0,0
2216,2026-03-26 7:35,승,파트리크 비에이라,LCB,9,8.9,1,0,1,1,0,0,0,0,0,0,0,0,9,9,100,0,2,2,24,3,2,1,1,1,1,1,1,2,0,0,0
2217,2026-03-26 7:35,승,하칸 찰하놀루,RCM,9,7.3,0,0,1,1,0,0,0,0,0,0,0,0,16,15,93.8,0,12,11,248,3,0,0,0,0,0,0,0,0,0,0,0
2218,2026-03-26 7:35,승,M. 브로조비치,LCM,9,9.1,1,0,1,1,0,0,0,0,0,0,0,0,21,20,95.2,0,10,8,254,3,0,0,0,1,1,1,0,1,0,0,0
2219,2026-03-26 7:26,승,루이스 피구,RM,9,6.4,0,0,1,0,0,0,0,0,0,0,0,0,13,13,100,0,5,5,70,1,0,0,0,0,0,0,0,0,0,0,0
2220,2026-03-26 7:26,승,마테오 다르미안,LWB,10,6,0,0,0,0,0,0,0,0,0,0,0,0,13,13,100,0,6,5,166,3,2,0,0,1,0,0,0,0,0,0,0
2221,2026-03-26 7:26,승,헨릭 미키타리안,LM,10,7,0,1,0,0,0,0,0,0,0,0,0,0,11,9,81.8,0,3,3,18,1,0,0,0,0,0,0,0,0,0,0,0
2222,2026-03-26 7:26,승,M. 브로조비치,LDM,9,7.9,0,1,0,0,0,0,0,0,0,0,0,0,25,23,92,0,13,11,165,6,1,0,0,0,0,0,0,0,0,0,0
2223,2026-03-26 7:26,승,라울 벨라노바,RWB,10,7,0,0,0,0,0,0,0,0,0,0,0,0,11,9,81.8,0,6,5,148,5,3,2,0,0,0,1,0,0,0,0,0
2224,2026-03-26 7:26,승,하칸 찰하놀루,RDM,9,8.1,1,0,1,1,0,0,0,0,0,0,0,0,17,17,100,0,14,11,171,4,1,1,0,0,0,0,0,0,0,0,0
2225,2026-03-26 7:26,승,마르쿠스 튀람,LW,8,8.8,2,0,3,3,0,0,0,0,0,0,0,0,17,16,94.1,0,16,11,236,11,1,1,0,0,0,0,0,0,0,0,0
2226,2026-03-26 7:26,승,앙드레 오나나,GK,9,6.4,0,0,0,0,0,0,0,0,0,0,0,0,5,5,100,0,1,1,7,3,3,0,0,0,0,0,0,0,0,0,0
2227,2026-03-26 7:26,승,덴젤 둠프리스,RCB,8,6.5,0,0,0,0,0,0,0,0,0,0,0,0,12,12,100,0,5,5,56,5,5,0,0,2,2,0,0,2,0,0,0
2228,2026-03-26 7:26,승,파트리크 비에이라,LCB,9,6.1,0,0,0,0,0,0,0,0,0,0,0,0,8,7,87.5,0,2,2,42,1,1,0,0,0,0,2,0,0,0,0,0
2229,2026-03-26 7:26,승,마이콘,CDM,9,7.8,0,1,0,0,0,0,0,0,0,0,0,0,27,26,96.3,0,12,11,231,4,2,0,0,1,0,3,0,0,0,0,0
2230,2026-03-26 7:15,패,루이스 피구,RW,9,6.3,0,0,0,0,0,0,0,0,0,0,0,0,5,4,80,0,4,4,188,1,0,1,0,0,0,1,0,0,0,0,0
2231,2026-03-26 7:15,패,하칸 찰하놀루,RCM,9,6.3,0,0,0,0,0,0,0,0,0,0,0,0,25,22,88,0,18,16,403,6,2,0,0,1,1,0,0,1,0,0,0
2232,2026-03-26 7:15,패,마르쿠스 튀람,LW,8,6.5,0,0,0,0,0,0,0,0,0,0,0,0,13,12,92.3,0,9,6,139,5,1,0,0,1,0,0,0,0,0,0,0
2233,2026-03-26 7:15,패,M. 브로조비치,LCM,9,5.8,0,0,0,0,0,0,0,0,0,0,0,0,8,8,100,0,4,3,192,1,0,0,0,2,2,0,0,1,0,0,0
2234,2026-03-26 7:15,패,앙드레 오나나,GK,9,6.4,0,0,0,0,0,0,0,0,0,0,0,0,1,1,100,0,0,0,0,0,0,0,0,0,0,0,0,0,0,0,0
2235,2026-03-26 7:15,패,마테오 다르미안,LWB,10,6.3,0,0,0,0,0,0,0,0,0,0,0,0,9,9,100,0,4,4,122,2,2,0,0,0,0,0,0,0,0,0,0
2236,2026-03-26 7:15,패,헨릭 미키타리안,LS,10,6.4,0,0,0,0,0,0,0,0,0,0,0,0,16,16,100,0,11,9,187,3,1,1,0,0,0,0,0,0,0,0,0
2237,2026-03-26 7:15,패,덴젤 둠프리스,RCB,8,6.9,0,0,0,0,0,0,0,0,0,0,0,0,11,9,81.8,0,6,6,67,7,5,1,0,0,0,1,0,0,0,0,0
2238,2026-03-26 7:15,패,파트리크 비에이라,LCB,9,5,0,0,0,0,0,0,0,0,0,0,0,0,4,4,100,0,1,1,9,1,1,0,0,0,0,0,0,0,0,0,0
2239,2026-03-26 7:15,패,라울 벨라노바,RWB,10,5.2,0,0,0,0,0,0,0,0,0,0,0,0,6,4,66.7,0,2,2,49,2,0,0,0,0,0,0,0,0,0,0,0
2240,2026-03-26 7:15,패,마이콘,CDM,9,6.5,0,0,0,0,0,0,0,0,0,0,0,0,18,17,94.4,0,11,11,204,1,0,1,0,2,0,1,0,0,0,0,0
2241,2026-03-26 7:04,승,라울 벨라노바,RWB,10,7,0,1,0,0,0,0,0,0,0,0,0,0,4,4,100,0,3,3,60,1,1,0,0,0,0,0,0,0,0,0,0
2242,2026-03-26 7:04,승,덴젤 둠프리스,RCB,8,7.3,0,0,0,0,0,0,0,0,0,0,0,0,16,14,87.5,0,6,5,89,5,4,1,0,2,2,0,0,2,0,0,0
2243,2026-03-26 7:04,승,마르쿠스 튀람,LW,8,8.7,2,0,3,2,0,0,0,0,0,0,0,0,20,18,90,0,10,9,139,6,0,2,0,0,0,0,0,0,0,0,0
2244,2026-03-26 7:04,승,헨릭 미키타리안,LS,10,7.8,0,1,0,0,0,0,0,0,0,0,0,0,15,14,93.3,0,10,10,337,1,0,0,0,0,0,0,0,0,0,0,0
2245,2026-03-26 7:04,승,M. 브로조비치,LCM,9,6.7,0,0,1,1,0,0,0,0,0,0,0,0,22,19,86.4,0,18,17,231,5,1,0,0,0,0,0,0,0,0,0,0
2246,2026-03-26 7:04,승,하칸 찰하놀루,RCM,9,7.9,1,0,1,1,0,0,0,0,0,0,0,0,20,19,95,0,13,13,232,4,2,1,0,0,0,1,0,0,0,0,0
2247,2026-03-26 7:04,승,마이콘,CDM,9,7.2,0,0,0,0,0,0,0,0,0,0,0,0,31,29,93.5,0,15,15,186,2,1,0,0,2,1,0,0,1,0,0,0
2248,2026-03-26 7:04,승,앙드레 오나나,GK,9,4.4,0,0,0,0,0,0,0,0,0,0,0,0,1,1,100,0,0,0,0,2,1,0,0,0,0,0,0,0,0,0,0
2249,2026-03-26 7:04,승,마테오 다르미안,LWB,10,6.5,0,0,0,0,0,0,0,0,0,0,0,0,16,15,93.8,0,9,8,292,3,2,0,0,1,0,0,0,0,0,0,0
2250,2026-03-26 7:04,승,루이스 피구,RW,9,8,1,1,1,1,0,0,0,0,0,0,0,0,10,9,90,0,4,3,30,4,1,1,0,0,0,0,0,0,0,0,0
2251,2026-03-26 7:04,승,파트리크 비에이라,LCB,9,6.8,0,0,0,0,0,0,0,0,0,0,0,0,13,13,100,0,6,5,63,6,5,0,0,1,1,2,1,1,0,0,0
2252,2026-03-23 15:17,패,헨릭 미키타리안,LM,10,6.3,0,0,0,0,0,0,0,0,0,0,0,0,14,13,92.9,0,8,8,319,2,1,0,0,0,0,1,0,0,0,0,0
2253,2026-03-23 15:17,패,루이스 피구,RM,9,5.6,0,0,0,0,0,0,0,0,0,0,0,0,7,6,85.7,0,3,3,33,2,1,0,0,0,0,0,0,0,0,0,0
2254,2026-03-23 15:17,패,마테오 다르미안,LB,10,6.9,0,0,0,0,0,0,0,0,0,0,0,0,17,17,100,0,11,11,214,1,1,0,0,1,0,0,0,0,0,0,0
2255,2026-03-23 15:17,패,마이콘,CF,9,7,0,1,0,0,0,0,0,0,0,0,0,0,24,21,87.5,0,13,11,131,9,3,0,0,0,0,0,0,0,0,0,0
2256,2026-03-23 15:17,패,앙드레 오나나,GK,9,7.1,0,0,0,0,0,0,0,0,0,0,0,0,3,3,100,0,0,0,0,2,2,0,0,1,0,0,0,0,0,0,0
2257,2026-03-23 15:17,패,라울 벨라노바,RB,10,5.4,0,0,0,0,0,0,0,0,0,0,0,0,7,7,100,0,5,4,200,0,0,0,0,1,0,0,0,0,0,0,0
2258,2026-03-23 15:17,패,덴젤 둠프리스,RCB,8,4.9,0,0,0,0,0,0,0,0,0,0,0,0,6,6,100,0,4,4,41,2,2,1,0,2,0,0,0,0,0,0,0
2259,2026-03-23 15:17,패,하칸 찰하놀루,RCM,9,6.8,0,0,1,1,0,0,0,0,0,0,0,0,17,15,88.2,0,14,14,311,3,1,0,0,0,0,0,0,0,0,0,0
2260,2026-03-23 15:17,패,M. 브로조비치,LCM,9,7.5,1,0,1,1,0,0,0,0,0,0,0,0,17,16,94.1,0,14,14,309,2,0,0,0,1,1,0,0,1,0,0,0
2261,2026-03-23 15:17,패,파트리크 비에이라,LCB,9,5.4,0,0,0,0,0,0,0,0,0,0,0,0,7,6,85.7,0,5,5,185,1,0,3,0,1,1,0,0,1,0,0,0
2262,2026-03-23 15:17,패,마르쿠스 튀람,LW,8,6.1,0,0,2,0,0,0,0,0,0,0,0,0,16,16,100,0,9,6,124,3,0,4,1,0,0,0,0,0,0,0,0
2263,2026-03-23 15:06,무,덴젤 둠프리스,RCB,8,7.5,1,0,1,1,0,0,0,0,0,0,0,0,7,6,85.7,0,2,2,69,4,2,5,5,3,1,4,1,2,0,0,0
2264,2026-03-23 15:06,무,파트리크 비에이라,LCB,9,4.7,0,0,0,0,0,0,0,0,0,0,0,0,6,6,100,0,3,3,28,0,0,0,0,1,0,1,0,0,0,0,1
2265,2026-03-23 15:06,무,마르쿠스 튀람,LW,8,7.5,1,0,1,1,0,0,0,0,0,0,0,0,13,13,100,0,6,3,91,5,0,2,0,0,0,0,0,0,0,0,0
2266,2026-03-23 15:06,무,마테오 다르미안,LWB,10,6.9,0,1,0,0,0,0,0,0,0,0,0,0,16,16,100,0,13,13,262,1,1,0,0,1,0,0,0,0,0,0,0
2267,2026-03-23 15:06,무,M. 브로조비치,LCM,9,8.7,1,1,1,1,0,0,0,0,0,0,0,0,21,20,95.2,0,15,13,142,6,3,0,0,1,0,2,1,1,0,0,0
2268,2026-03-23 15:06,무,앙드레 오나나,GK,9,6.4,0,0,0,0,0,0,0,0,0,0,0,0,3,3,100,0,2,2,55,3,3,0,0,0,0,0,0,0,0,0,0
2269,2026-03-23 15:06,무,루이스 피구,RW,9,7,0,1,1,1,0,0,0,0,0,0,0,0,10,8,80,0,7,7,212,3,1,0,0,1,0,0,0,0,0,0,0
2270,2026-03-23 15:06,무,마이콘,LCB,9,7,0,0,0,0,0,0,0,0,0,0,0,0,18,17,94.4,0,7,7,95,2,1,0,0,0,0,2,1,1,0,0,0
2271,2026-03-23 15:06,무,헨릭 미키타리안,LS,10,6.4,0,0,0,0,0,0,0,0,0,0,0,0,13,11,84.6,0,7,7,265,2,0,1,0,1,1,0,0,1,0,0,0
2272,2026-03-23 15:06,무,하칸 찰하놀루,RCM,9,6.1,0,0,0,0,0,0,0,0,0,0,0,0,15,14,93.3,0,8,7,145,2,0,0,0,0,0,0,0,0,0,0,0
2273,2026-03-23 15:06,무,라울 벨라노바,RWB,10,6,0,0,0,0,0,0,0,0,0,0,0,0,10,10,100,0,6,5,99,4,3,10,0,1,0,1,0,0,0,0,0
2274,2026-03-23 14:54,패,라울 벨라노바,RB,10,6.3,0,0,0,0,0,0,0,0,0,0,0,0,6,6,100,0,2,1,25,5,3,2,1,1,0,0,0,0,0,0,0
2275,2026-03-23 14:54,패,파트리크 비에이라,LCB,9,6.8,0,0,0,0,0,0,0,0,0,0,0,0,10,9,90,0,4,4,154,5,4,1,0,0,0,0,0,0,0,0,0
2276,2026-03-23 14:54,패,루이스 피구,RM,9,6.3,0,0,1,0,0,0,0,0,0,0,0,0,9,8,88.9,0,5,5,224,2,0,0,0,0,0,0,0,0,0,0,0
2277,2026-03-23 14:54,패,마이콘,CF,9,7.4,0,0,0,0,0,0,0,0,0,0,0,0,17,15,88.2,0,8,8,56,4,2,2,0,1,1,0,0,1,0,0,0
2278,2026-03-23 14:54,패,하칸 찰하놀루,RCM,9,7.2,1,0,2,2,0,0,0,0,0,0,0,0,11,11,100,0,6,5,70,3,0,0,0,3,1,0,0,1,0,0,0
2279,2026-03-23 14:54,패,마르쿠스 튀람,LW,8,7.4,0,1,1,0,0,0,0,0,0,0,0,0,13,13,100,0,8,7,69,1,0,2,0,0,0,0,0,0,0,0,0
2280,2026-03-23 14:54,패,덴젤 둠프리스,RCB,8,6.7,0,0,0,0,0,0,0,0,0,0,0,0,7,6,85.7,0,4,4,77,5,4,1,0,1,1,2,0,1,0,0,0
2281,2026-03-23 14:54,패,앙드레 오나나,GK,9,6.4,0,0,0,0,0,0,0,0,0,0,0,0,2,2,100,0,0,0,0,1,1,0,0,0,0,0,0,0,0,0,0
2282,2026-03-23 14:54,패,마테오 다르미안,LB,10,6.1,0,0,0,0,0,0,0,0,0,0,0,0,13,12,92.3,0,11,11,126,4,2,0,0,0,0,2,0,0,0,0,0
2283,2026-03-23 14:54,패,헨릭 미키타리안,LM,10,6.8,0,0,0,0,0,0,0,0,0,0,0,0,17,15,88.2,0,10,10,357,2,0,0,0,0,0,0,0,0,0,0,0
2284,2026-03-23 14:54,패,M. 브로조비치,LCM,9,7.4,0,0,0,0,0,0,0,0,0,0,0,0,17,15,88.2,0,16,13,281,7,2,0,0,1,1,1,0,1,0,0,0
2285,2026-03-23 14:43,패,덴젤 둠프리스,RCB,8,5.5,0,0,1,1,0,0,0,0,0,0,0,0,4,3,75,0,5,4,67,4,1,1,1,1,0,2,1,1,0,0,0
2286,2026-03-23 14:43,패,마르쿠스 튀람,LW,8,7.2,0,1,1,0,0,0,0,0,0,0,0,0,21,18,85.7,0,8,8,254,3,0,14,1,0,0,0,0,0,0,0,0
2287,2026-03-23 14:43,패,앙드레 오나나,GK,9,5.2,0,0,0,0,0,0,0,0,0,0,0,0,3,2,66.7,0,0,0,0,1,1,0,0,1,0,0,0,0,0,0,0
2288,2026-03-23 14:43,패,M. 브로조비치,LCM,9,6.4,0,0,2,2,0,0,0,0,0,0,0,0,14,12,85.7,0,13,13,224,0,0,1,1,0,0,0,0,0,0,0,0
2289,2026-03-23 14:43,패,라울 벨라노바,RB,10,6.2,0,0,0,0,0,0,0,0,0,0,0,0,14,12,85.7,0,12,11,231,4,2,0,0,2,2,2,0,2,0,0,0
2290,2026-03-23 14:43,패,루이스 피구,RM,9,7.9,0,1,0,0,0,0,0,0,0,0,0,0,17,17,100,0,8,6,284,3,2,1,0,0,0,1,0,0,0,0,0
2291,2026-03-23 14:43,패,헨릭 미키타리안,LM,10,6.5,0,0,0,0,0,0,0,0,0,0,0,0,5,5,100,0,1,0,0,1,0,0,0,1,1,0,0,1,0,0,0
2292,2026-03-23 14:43,패,마이콘,CF,9,7.5,1,0,2,2,0,0,0,0,0,0,0,0,15,14,93.3,0,11,10,214,7,3,0,0,3,2,1,0,2,0,0,0
2293,2026-03-23 14:43,패,파트리크 비에이라,LCB,9,7.4,1,0,1,1,0,0,0,0,0,0,0,0,11,9,81.8,0,4,3,79,8,4,3,1,1,1,3,1,2,0,0,0
2294,2026-03-23 14:43,패,하칸 찰하놀루,RCM,9,6.1,0,0,0,0,0,0,0,0,0,0,0,0,14,14,100,0,14,11,330,4,1,0,0,1,1,0,0,1,0,0,0
2295,2026-03-23 14:43,패,마테오 다르미안,LB,10,5.5,0,0,0,0,0,0,0,0,0,0,0,0,5,5,100,0,3,3,225,0,0,0,0,1,0,1,1,1,0,0,0
2296,2026-03-23 14:31,패,마테오 다르미안,LB,10,6.9,0,0,0,0,0,0,0,0,0,0,0,0,18,18,100,0,13,12,280,1,1,1,0,0,0,1,0,0,0,0,0
2297,2026-03-23 14:31,패,앙드레 오나나,GK,9,5.7,0,0,0,0,0,0,0,0,0,0,0,0,5,3,60,0,2,2,50,3,2,0,0,0,0,0,0,0,0,0,0
2298,2026-03-23 14:31,패,헨릭 미키타리안,LM,10,6.9,0,0,2,2,0,0,0,0,0,0,0,0,14,11,78.6,0,8,8,129,5,1,5,0,0,0,0,0,0,0,0,0
2299,2026-03-23 14:31,패,라울 벨라노바,RB,10,6.4,0,0,0,0,0,0,0,0,0,0,0,0,6,6,100,0,3,3,79,1,1,2,0,1,1,2,0,1,0,0,0
2300,2026-03-23 14:31,패,파트리크 비에이라,LCB,9,5.6,0,0,0,0,0,0,0,0,0,0,0,0,9,8,88.9,0,7,7,228,2,1,1,0,0,0,1,0,0,0,0,0
2301,2026-03-23 14:31,패,루이스 피구,RM,9,7,0,1,1,0,0,0,0,0,0,0,0,0,8,7,87.5,0,4,4,230,3,1,1,1,0,0,0,0,0,0,0,0
2302,2026-03-23 14:31,패,마이콘,CF,9,6,0,0,0,0,0,0,0,0,0,0,0,0,9,9,100,0,6,6,86,2,1,0,0,1,1,1,0,1,0,0,0
2303,2026-03-23 14:31,패,덴젤 둠프리스,RCB,8,6.7,1,0,1,1,0,0,0,0,0,0,0,0,6,5,83.3,0,1,1,2,2,1,1,1,2,0,2,1,1,0,0,0
2304,2026-03-23 14:31,패,하칸 찰하놀루,RCM,9,6.7,0,0,2,2,0,0,0,0,0,0,0,0,12,9,75,0,8,8,292,8,3,1,0,1,1,0,0,1,0,0,0
2305,2026-03-23 14:31,패,마르쿠스 튀람,LW,8,6.9,0,0,3,3,0,0,0,0,0,0,0,0,11,11,100,0,5,5,66,1,0,3,0,0,0,0,0,0,0,0,0
2306,2026-03-23 14:31,패,M. 브로조비치,LCM,9,5.8,0,0,1,0,0,0,0,0,0,0,0,0,18,16,88.9,0,9,9,155,4,2,0,0,2,1,0,0,1,0,0,0
2307,2026-03-23 14:20,승,마테오 다르미안,LWB,10,6.8,0,0,0,0,0,0,0,0,0,0,0,0,13,11,84.6,0,6,6,181,3,1,0,0,0,0,2,0,0,0,0,0
2308,2026-03-23 14:20,승,헨릭 미키타리안,LS,10,7.7,0,1,1,1,0,0,0,0,0,0,0,0,13,11,84.6,0,7,7,233,4,1,5,5,0,0,0,0,0,0,0,0
2309,2026-03-23 14:20,승,라울 벨라노바,RWB,10,6.8,0,0,0,0,0,0,0,0,0,0,0,0,7,7,100,0,4,4,38,2,2,0,0,1,1,0,0,1,0,0,0
2310,2026-03-23 14:20,승,마이콘,CDM,9,8,0,0,1,0,0,0,0,0,0,0,0,0,26,22,84.6,0,21,21,345,9,4,1,0,3,2,0,0,2,0,0,0
2311,2026-03-23 14:20,승,M. 브로조비치,LCM,9,6.2,0,0,0,0,0,0,0,0,0,0,0,0,14,12,85.7,0,7,7,150,3,1,0,0,0,0,1,0,0,0,0,0
2312,2026-03-23 14:20,승,앙드레 오나나,GK,9,7.2,0,0,0,0,0,0,0,0,0,0,0,0,3,3,100,0,1,0,14,3,2,0,0,0,0,0,0,0,0,0,0
2313,2026-03-23 14:20,승,파트리크 비에이라,LCB,9,7.5,0,0,0,0,0,0,0,0,0,0,0,0,9,9,100,0,5,5,70,3,3,1,0,3,3,1,0,3,0,0,0
2314,2026-03-23 14:20,승,마르쿠스 튀람,LW,8,8.6,2,0,4,4,0,0,0,0,0,0,0,0,14,13,92.9,0,5,5,87,4,0,2,0,0,0,0,0,0,0,0,0
2315,2026-03-23 14:20,승,덴젤 둠프리스,RCB,8,5.6,0,0,0,0,0,0,0,0,0,0,0,0,3,3,100,0,1,1,9,1,1,0,0,1,0,0,0,0,0,0,0
2316,2026-03-23 14:20,승,루이스 피구,RW,9,6.7,0,0,0,0,0,0,0,0,0,0,0,0,6,5,83.3,0,2,2,18,2,1,0,0,0,0,1,0,0,0,0,0
2317,2026-03-23 14:20,승,하칸 찰하놀루,RCM,9,7.4,0,1,0,0,0,0,0,0,0,0,0,0,23,21,91.3,0,17,17,305,3,1,0,0,0,0,0,0,0,0,0,0
2318,2026-03-23 8:23,패,하칸 찰하놀루,RCM,9,6.1,0,0,0,0,0,0,0,0,0,0,0,0,17,16,94.1,0,8,8,161,3,1,2,0,0,0,0,0,0,0,0,0
2319,2026-03-23 8:23,패,앙드레 오나나,GK,9,5.1,0,0,0,0,0,0,0,0,0,0,0,0,3,3,100,0,0,0,0,0,0,0,0,0,0,0,0,0,0,0,0
2320,2026-03-23 8:23,패,루이스 피구,RM,9,6.6,0,0,0,0,0,0,0,0,0,0,0,0,13,12,92.3,0,10,10,142,3,2,0,0,1,1,0,0,1,0,0,0
2321,2026-03-23 8:23,패,마이콘,CF,9,6.9,0,0,0,0,0,0,0,0,0,0,0,0,28,25,89.3,0,15,15,225,4,1,2,0,1,1,1,0,1,0,0,0
2322,2026-03-23 8:23,패,마테오 다르미안,LB,10,6.5,0,0,0,0,0,0,0,0,0,0,0,0,11,11,100,0,10,7,291,5,3,0,0,3,2,1,0,2,0,0,0
2323,2026-03-23 8:23,패,M. 브로조비치,LCM,9,6.4,0,0,1,1,0,0,0,0,0,0,0,0,17,15,88.2,0,10,8,113,5,2,1,0,3,3,0,0,2,0,0,0
2324,2026-03-23 8:23,패,라울 벨라노바,RB,10,6.9,0,1,0,0,0,0,0,0,0,0,0,0,11,10,90.9,0,9,9,122,2,1,0,0,0,0,1,0,0,0,0,0
2325,2026-03-23 8:23,패,파트리크 비에이라,LCB,9,5.5,0,0,0,0,0,0,0,0,0,0,0,0,11,11,100,0,9,9,76,0,0,0,0,0,0,1,0,0,0,0,0
2326,2026-03-23 8:23,패,덴젤 둠프리스,RCB,8,6,0,0,0,0,0,0,0,0,0,0,0,0,8,6,75,0,3,3,48,4,3,5,0,2,0,0,0,0,0,0,0
2327,2026-03-23 8:23,패,마르쿠스 튀람,LW,8,7.4,1,0,1,1,0,0,0,0,0,0,0,0,22,19,86.4,0,10,10,129,4,0,6,0,0,0,0,0,0,0,0,0
2328,2026-03-23 8:23,패,헨릭 미키타리안,LM,10,5.8,0,0,0,0,0,0,0,0,0,0,0,0,10,8,80,0,9,8,368,4,1,0,0,0,0,1,0,0,0,0,0
2329,2026-03-23 8:09,승,라울 벨라노바,RWB,10,7.2,0,1,0,0,0,0,0,0,0,0,0,0,12,10,83.3,0,8,8,277,3,2,1,1,0,0,2,0,0,0,0,0
2330,2026-03-23 8:09,승,파트리크 비에이라,LCB,9,6.4,0,0,0,0,0,0,0,0,0,0,0,0,8,8,100,0,5,5,170,1,1,0,0,0,0,0,0,0,0,0,0
2331,2026-03-23 8:09,승,마이콘,CDM,9,6,0,0,0,0,0,0,0,0,0,0,0,0,16,14,87.5,0,8,8,152,1,0,0,0,2,0,0,0,0,0,0,0
2332,2026-03-23 8:09,승,앙드레 오나나,GK,9,7.1,0,0,0,0,0,0,0,0,0,0,0,0,3,3,100,0,0,0,0,2,2,0,0,0,0,0,0,0,0,0,0
2333,2026-03-23 8:09,승,하칸 찰하놀루,RDM,9,8,0,1,1,1,0,0,0,0,0,0,0,0,17,16,94.1,0,15,14,354,1,0,0,0,0,0,1,0,0,0,0,0
2334,2026-03-23 8:09,승,루이스 피구,RM,9,8.1,1,0,1,1,0,0,0,0,0,0,0,0,12,12,100,0,9,9,346,2,1,1,0,0,0,0,0,0,0,0,0
2335,2026-03-23 8:09,승,M. 브로조비치,LDM,9,5.6,0,0,0,0,0,0,0,0,0,0,0,0,8,6,75,0,3,3,8,3,1,0,0,0,0,0,0,0,0,0,0
2336,2026-03-23 8:09,승,덴젤 둠프리스,RCB,8,6.6,0,0,0,0,0,0,0,0,0,0,0,0,6,6,100,0,4,4,94,2,2,2,0,0,0,1,0,0,0,0,0
2337,2026-03-23 8:09,승,마테오 다르미안,LWB,10,6.7,0,0,0,0,0,0,0,0,0,0,0,0,6,6,100,0,6,6,128,1,1,2,0,0,0,0,0,0,0,0,0
2338,2026-03-23 8:09,승,마르쿠스 튀람,CAM,8,7.3,0,0,3,2,0,0,0,0,0,0,0,0,12,12,100,0,12,10,113,6,1,4,0,0,0,0,0,0,0,0,0
2339,2026-03-23 8:09,승,헨릭 미키타리안,LM,10,7.3,1,0,1,1,0,0,0,0,0,0,0,0,8,7,87.5,0,6,6,228,2,0,0,0,0,0,0,0,0,0,0,0
2340,2026-03-23 7:58,패,마테오 다르미안,LB,10,5.1,0,0,0,0,0,0,0,0,0,0,0,0,3,3,100,0,3,3,112,0,0,0,0,0,0,1,0,0,0,0,0
2341,2026-03-23 7:58,패,덴젤 둠프리스,RCB,8,5.5,0,0,0,0,0,0,0,0,0,0,0,0,5,5,100,0,3,3,31,2,1,9,0,0,0,2,0,0,0,0,0
2342,2026-03-23 7:58,패,헨릭 미키타리안,LM,10,6.2,0,0,0,0,0,0,0,0,0,0,0,0,9,7,77.8,0,4,3,244,4,1,0,0,0,0,0,0,0,0,0,0
2343,2026-03-23 7:58,패,마이콘,CF,9,6.7,0,0,0,0,0,0,0,0,0,0,0,0,16,16,100,0,6,6,168,3,3,1,0,1,0,0,0,0,0,0,0
2344,2026-03-23 7:58,패,M. 브로조비치,LCM,9,6.4,0,0,0,0,0,0,0,0,0,0,0,0,13,13,100,0,7,7,127,1,1,0,0,1,1,0,0,0,0,0,0
2345,2026-03-23 7:58,패,파트리크 비에이라,LCB,9,5.3,0,0,0,0,0,0,0,0,0,0,0,0,6,5,83.3,0,4,3,50,3,2,0,0,1,0,2,0,0,0,0,0
2346,2026-03-23 7:58,패,루이스 피구,RM,9,7.2,0,1,1,1,0,0,0,0,0,0,0,0,6,4,66.7,0,6,5,96,4,1,2,2,1,1,0,0,1,0,0,0
2347,2026-03-23 7:58,패,하칸 찰하놀루,RCM,9,7.3,0,1,0,0,0,0,0,0,0,0,0,0,13,12,92.3,0,9,8,138,3,1,0,0,2,1,0,0,1,0,0,0
2348,2026-03-23 7:58,패,앙드레 오나나,GK,9,7.6,0,0,0,0,0,0,0,0,0,0,0,0,2,2,100,0,0,0,0,2,2,0,0,0,0,0,0,0,0,0,0
2349,2026-03-23 7:58,패,라울 벨라노바,RB,10,5.9,0,0,0,0,0,0,0,0,0,0,0,0,6,3,50,0,3,2,207,9,4,0,0,2,1,1,0,1,0,0,0
2350,2026-03-23 7:58,패,마르쿠스 튀람,LW,8,8.3,2,0,2,2,0,0,0,0,0,0,0,0,16,15,93.8,0,14,10,214,7,0,2,0,0,0,0,0,0,0,0,0
2351,2026-03-23 7:36,승,라울 벨라노바,RWB,10,6.8,0,0,0,0,0,0,0,0,0,0,0,0,3,3,100,0,2,2,43,1,1,0,0,1,1,0,0,1,0,0,0
2352,2026-03-23 7:36,승,M. 브로조비치,LCM,9,7.3,0,1,0,0,0,0,0,0,0,0,0,0,5,3,60,0,4,3,60,3,1,0,0,0,0,0,0,0,0,0,0
2353,2026-03-23 7:36,승,헨릭 미키타리안,LS,10,8.4,0,3,0,0,0,0,0,0,0,0,0,0,9,8,88.9,0,6,6,222,1,0,0,0,0,0,0,0,0,0,0,0
2354,2026-03-23 7:36,승,마르쿠스 튀람,LW,8,8.5,4,0,5,5,0,0,0,0,0,0,0,0,7,7,100,0,4,4,111,5,1,1,0,0,0,0,0,0,0,0,0
2355,2026-03-23 7:36,승,하칸 찰하놀루,RCM,9,7.2,0,0,0,0,0,0,0,0,0,0,0,0,6,6,100,0,6,6,110,2,2,0,0,0,0,0,0,0,0,0,0
2356,2026-03-23 7:36,승,마테오 다르미안,LWB,10,6.9,0,0,0,0,0,0,0,0,0,0,0,0,7,7,100,0,7,5,148,1,0,0,0,0,0,1,0,0,0,0,0
2357,2026-03-23 7:36,승,마이콘,CDM,9,6.5,0,0,0,0,0,0,0,0,0,0,0,0,2,1,50,0,0,0,0,2,1,2,0,1,1,0,0,1,0,0,0
2358,2026-03-23 7:36,승,파트리크 비에이라,LCB,9,6.2,0,0,0,0,0,0,0,0,0,0,0,0,2,2,100,0,2,2,9,0,0,0,0,0,0,1,0,0,0,0,0
2359,2026-03-23 7:36,승,루이스 피구,RW,9,6.9,0,0,0,0,0,0,0,0,0,0,0,0,8,7,87.5,0,3,3,23,2,1,0,0,0,0,0,0,0,0,0,0
2360,2026-03-23 7:36,승,덴젤 둠프리스,RCB,8,6.2,0,0,0,0,0,0,0,0,0,0,0,0,5,4,80,0,2,2,15,2,1,2,0,1,0,0,0,0,0,0,0
2361,2026-03-23 7:36,승,앙드레 오나나,GK,9,6.9,0,0,0,0,0,0,0,0,0,0,0,0,2,2,100,0,0,0,0,1,1,0,0,0,0,0,0,0,0,0,0
2362,2026-03-23 7:28,패,루이스 피구,RM,9,5.8,0,0,0,0,0,0,0,0,0,0,0,0,9,7,77.8,0,5,4,355,4,1,0,0,0,0,0,0,0,0,0,0
2363,2026-03-23 7:28,패,하칸 찰하놀루,RCM,9,7.3,1,0,1,1,0,0,0,0,0,0,0,0,15,15,100,0,8,8,129,2,0,1,0,1,1,2,0,1,0,0,0
2364,2026-03-23 7:28,패,라울 벨라노바,RB,10,5.3,0,0,0,0,0,0,0,0,0,0,0,0,6,5,83.3,0,1,1,13,2,1,0,0,0,0,0,0,0,0,0,0
2365,2026-03-23 7:28,패,M. 브로조비치,LCM,9,6.3,0,0,0,0,0,0,0,0,0,0,0,0,22,20,90.9,0,10,9,117,6,3,0,0,1,0,0,0,0,0,0,0
2366,2026-03-23 7:28,패,헨릭 미키타리안,LM,10,5.9,0,0,0,0,0,0,0,0,0,0,0,0,12,11,91.7,0,5,3,102,3,1,1,0,0,0,0,0,0,0,0,0
2367,2026-03-23 7:28,패,마테오 다르미안,LB,10,6.9,0,1,0,0,0,0,0,0,0,0,0,0,11,9,81.8,0,6,6,241,2,1,1,1,0,0,0,0,0,0,0,0
2368,2026-03-23 7:28,패,마이콘,CF,9,5.6,0,0,0,0,0,0,0,0,0,0,0,0,14,12,85.7,0,10,9,152,6,3,0,0,2,1,0,0,1,0,0,1
2369,2026-03-23 7:28,패,마르쿠스 튀람,LW,8,6.5,0,0,2,2,0,0,0,0,0,0,0,0,16,16,100,0,18,13,291,11,3,1,0,1,1,0,0,1,0,0,0
2370,2026-03-23 7:28,패,앙드레 오나나,GK,9,7,0,0,0,0,0,0,0,0,0,0,0,0,1,1,100,0,0,0,0,5,3,0,0,0,0,0,0,0,0,0,0
2371,2026-03-23 7:28,패,파트리크 비에이라,LCB,9,6.2,0,0,0,0,0,0,0,0,0,0,0,0,8,8,100,0,3,3,20,3,3,0,0,3,3,0,0,3,0,0,0
2372,2026-03-23 7:28,패,덴젤 둠프리스,RCB,8,5,0,0,0,0,0,0,0,0,0,0,0,0,10,10,100,0,7,6,117,4,3,0,0,2,1,0,0,1,0,0,0
2373,2026-03-23 7:16,패,마테오 다르미안,LWB,10,6.8,0,0,0,0,0,0,0,0,0,0,0,0,13,13,100,0,11,10,170,3,2,0,0,1,1,0,0,1,0,0,0
2374,2026-03-23 7:16,패,마이콘,CDM,9,7.9,0,0,0,0,0,0,0,0,0,0,0,0,24,23,95.8,0,15,15,239,3,2,1,0,4,4,0,0,4,0,0,0
2375,2026-03-23 7:16,패,하칸 찰하놀루,RCM,9,6.5,0,0,1,1,0,0,0,0,0,0,0,0,17,15,88.2,0,16,14,198,4,1,0,0,2,1,0,0,1,0,0,0
2376,2026-03-23 7:16,패,앙드레 오나나,GK,9,3.8,0,0,0,0,0,0,0,0,0,0,0,0,3,3,100,0,2,2,79,0,0,0,0,0,0,0,0,0,0,0,0
2377,2026-03-23 7:16,패,M. 브로조비치,LCM,9,6.5,0,0,0,0,0,0,0,0,0,0,0,0,17,15,88.2,0,9,9,122,3,1,0,0,1,0,0,0,0,0,0,0
2378,2026-03-23 7:16,패,덴젤 둠프리스,RCB,8,6.2,0,0,0,0,0,0,0,0,0,0,0,0,12,11,91.7,0,6,6,87,5,3,0,0,1,1,0,0,1,0,0,0
2379,2026-03-23 7:16,패,라울 벨라노바,RWB,10,6.6,0,0,0,0,0,0,0,0,0,0,0,0,16,13,81.2,0,9,9,179,6,3,1,0,0,0,0,0,0,0,0,0
2380,2026-03-23 7:16,패,마르쿠스 튀람,LW,8,6.6,0,0,1,1,0,0,0,0,0,0,0,0,14,13,92.9,0,6,6,127,2,1,3,0,0,0,0,0,0,0,0,0
2381,2026-03-23 7:16,패,루이스 피구,RW,9,7.3,1,0,1,1,0,0,0,0,0,0,0,0,17,12,70.6,0,10,10,157,6,2,0,0,0,0,0,0,0,0,0,0
2382,2026-03-23 7:16,패,파트리크 비에이라,LCB,9,6,0,0,0,0,0,0,0,0,0,0,0,0,15,13,86.7,0,6,6,59,3,2,0,0,1,0,1,0,0,0,0,0
2383,2026-03-23 7:16,패,헨릭 미키타리안,LS,10,5.5,0,0,0,0,0,0,0,0,0,0,0,0,10,10,100,0,7,7,78,1,0,0,0,0,0,0,0,0,0,0,0
2384,2026-03-23 7:06,패,마르쿠스 튀람,LW,8,6.4,0,0,1,1,0,0,0,0,0,0,0,0,17,14,82.4,0,9,9,92,3,0,1,0,0,0,0,0,0,0,0,0
2385,2026-03-23 7:06,패,M. 브로조비치,LCM,9,7.2,1,0,2,2,0,0,0,0,0,0,0,0,18,16,88.9,0,10,10,100,4,0,0,0,0,0,0,0,0,0,0,0
2386,2026-03-23 7:06,패,헨릭 미키타리안,LS,10,5.3,0,0,0,0,0,0,0,0,0,0,0,0,9,8,88.9,0,3,3,60,0,0,0,0,0,0,1,0,0,0,0,0
2387,2026-03-23 7:06,패,마테오 다르미안,LWB,10,7,0,1,0,0,0,0,0,0,0,0,0,0,16,15,93.8,0,9,9,353,4,2,0,0,0,0,0,0,0,0,0,0
2388,2026-03-23 7:06,패,덴젤 둠프리스,RCB,8,5.1,0,0,0,0,0,0,0,0,0,0,0,0,9,8,88.9,0,6,6,43,5,3,0,0,1,0,2,0,0,0,0,0
2389,2026-03-23 7:06,패,루이스 피구,RW,9,5.5,0,0,0,0,0,0,0,0,0,0,0,0,12,11,91.7,0,8,7,248,3,0,0,0,1,0,0,0,0,0,0,0
2390,2026-03-23 7:06,패,파트리크 비에이라,LCB,9,5.4,0,0,0,0,0,0,0,0,0,0,0,0,12,10,83.3,0,8,8,141,6,4,0,0,1,0,0,0,0,0,0,0
2391,2026-03-23 7:06,패,앙드레 오나나,GK,9,6.6,0,0,0,0,0,0,0,0,0,0,0,0,4,4,100,0,2,2,44,0,0,9,0,0,0,0,0,0,0,0,0
2392,2026-03-23 7:06,패,하칸 찰하놀루,RCM,9,6.8,0,0,2,2,0,0,0,0,0,0,0,0,22,22,100,0,15,14,412,4,2,0,0,0,0,1,0,0,0,0,0
2393,2026-03-23 7:06,패,라울 벨라노바,RWB,10,6.4,0,0,0,0,0,0,0,0,0,0,0,0,12,11,91.7,0,9,9,157,1,1,0,0,2,2,0,0,2,0,0,0
2394,2026-03-23 7:06,패,마이콘,CDM,9,7.6,0,0,0,0,0,0,0,0,0,0,0,0,29,26,89.7,0,16,16,280,5,4,1,0,1,1,1,0,1,0,0,0
2395,2026-03-23 6:55,패,라울 벨라노바,RB,10,6.1,0,0,0,0,0,0,0,0,0,0,0,0,7,7,100,0,7,6,209,2,1,0,0,1,0,1,0,0,0,0,0
2396,2026-03-23 6:55,패,앙드레 오나나,GK,9,5.8,0,0,0,0,0,0,0,0,0,0,0,0,3,2,66.7,0,0,0,0,3,2,0,0,1,1,0,0,1,0,0,0
2397,2026-03-23 6:55,패,M. 브로조비치,LCM,9,6,0,0,0,0,0,0,0,0,0,0,0,0,14,12,85.7,0,10,10,135,2,0,0,0,0,0,0,0,0,0,0,0
2398,2026-03-23 6:55,패,헨릭 미키타리안,LM,10,6.2,0,0,0,0,0,0,0,0,0,0,0,0,17,14,82.4,0,10,7,238,5,2,2,0,0,0,0,0,0,0,0,0
2399,2026-03-23 6:55,패,마테오 다르미안,LB,10,6.8,0,0,0,0,0,0,0,0,0,0,0,0,13,11,84.6,0,9,9,270,3,2,1,0,1,1,1,0,1,0,0,0
2400,2026-03-23 6:55,패,하칸 찰하놀루,RCM,9,6,0,0,1,1,0,0,0,0,0,0,0,0,9,9,100,0,10,6,154,5,2,1,1,0,0,0,0,0,0,0,0
2401,2026-03-23 6:55,패,덴젤 둠프리스,RCB,8,6.6,0,0,0,0,0,0,0,0,0,0,0,0,13,13,100,0,6,5,240,4,3,2,0,0,0,1,1,1,0,0,0
2402,2026-03-23 6:55,패,파트리크 비에이라,LCB,9,7.3,0,0,0,0,0,0,0,0,0,0,0,0,13,13,100,0,5,5,66,3,3,1,0,1,1,0,0,1,0,0,0
2403,2026-03-23 6:55,패,마르쿠스 튀람,LW,8,6.4,0,0,2,1,0,0,0,0,0,0,0,0,14,14,100,0,5,5,101,2,0,1,1,1,0,0,0,0,0,0,0
2404,2026-03-23 6:55,패,마이콘,CF,9,5.8,0,0,0,0,0,0,0,0,0,0,0,0,21,19,90.5,0,12,11,181,3,0,2,0,1,0,0,0,0,0,0,0
2405,2026-03-23 6:55,패,루이스 피구,RM,9,6.1,0,0,1,1,0,0,0,0,0,0,0,0,7,7,100,0,2,2,115,2,0,0,0,0,0,0,0,0,0,0,0
2406,2026-03-22 20:04,패,M. 브로조비치,LCM,9,6.3,0,0,0,0,0,0,0,0,0,0,0,0,15,15,100,0,9,8,128,3,2,0,0,0,0,0,0,0,0,0,0
2407,2026-03-22 20:04,패,파트리크 비에이라,LCB,9,5.6,0,0,0,0,0,0,0,0,0,0,0,0,8,8,100,0,5,5,71,1,1,1,0,0,0,1,0,0,0,0,0
2408,2026-03-22 20:04,패,앙드레 오나나,GK,9,3.7,0,0,0,0,0,0,0,0,0,0,0,0,1,0,0,0,0,0,0,2,1,0,0,0,0,0,0,0,0,0,0
2409,2026-03-22 20:04,패,하칸 찰하놀루,RCM,9,7.7,1,0,1,1,0,0,0,0,0,0,0,0,18,17,94.4,0,10,10,277,3,1,0,0,1,0,0,0,0,0,0,0
2410,2026-03-22 20:04,패,마이콘,CF,9,7.3,0,1,1,0,0,0,0,0,0,0,0,0,15,14,93.3,0,14,13,210,3,0,1,0,0,0,1,0,0,0,0,0
2411,2026-03-22 20:04,패,라울 벨라노바,RB,10,5.8,0,0,0,0,0,0,0,0,0,0,0,0,6,6,100,0,5,4,92,3,2,1,0,0,0,0,0,0,0,0,0
2412,2026-03-22 20:04,패,루이스 피구,RM,9,6.9,0,0,2,0,0,0,0,0,0,0,0,0,12,10,83.3,0,8,6,363,9,3,0,0,4,3,0,0,3,0,0,0
2413,2026-03-22 20:04,패,덴젤 둠프리스,RCB,8,5.3,0,0,0,0,0,0,0,0,0,0,0,0,5,5,100,0,2,2,19,2,2,1,0,0,0,0,0,0,0,0,0
2414,2026-03-22 20:04,패,마르쿠스 튀람,LW,8,7.5,0,1,0,0,0,0,0,0,0,0,0,0,20,19,95,0,10,7,172,5,1,1,0,0,0,0,0,0,0,0,0
2415,2026-03-22 20:04,패,헨릭 미키타리안,LM,10,7.2,1,0,1,1,0,0,0,0,0,0,0,0,7,6,85.7,0,6,4,177,4,1,0,0,1,1,1,0,1,0,0,0
2416,2026-03-22 20:04,패,마테오 다르미안,LB,10,5.4,0,0,0,0,0,0,0,0,0,0,0,0,7,6,85.7,0,5,5,94,2,1,0,0,0,0,0,0,0,0,0,0
2417,2026-03-22 19:19,패,루이스 피구,RM,9,6,0,0,1,0,0,0,0,0,0,0,0,0,12,8,66.7,0,7,5,287,6,0,0,0,0,0,0,0,0,0,0,0
2418,2026-03-22 19:19,패,헨릭 미키타리안,LM,10,6.3,0,0,0,0,0,0,0,0,0,0,0,0,14,12,85.7,0,9,8,247,3,1,0,0,0,0,0,0,0,0,0,0
2419,2026-03-22 19:19,패,하칸 찰하놀루,RCM,9,6.2,0,0,1,1,0,0,0,0,0,0,0,0,14,13,92.9,0,11,11,194,4,2,0,0,1,0,0,0,0,0,1,0
2420,2026-03-22 19:19,패,라울 벨라노바,RB,10,5.6,0,0,0,0,0,0,0,0,0,0,0,0,7,6,85.7,0,4,4,81,3,2,0,0,1,1,0,0,1,0,0,0
2421,2026-03-22 19:19,패,파트리크 비에이라,LCB,9,5,0,0,0,0,0,0,0,0,0,0,0,0,8,8,100,0,5,5,40,2,2,0,0,2,1,0,0,1,0,0,0
2422,2026-03-22 19:19,패,M. 브로조비치,LCM,9,5.3,0,0,0,0,0,0,0,0,0,0,0,0,19,17,89.5,0,16,13,149,5,1,0,0,0,0,0,0,0,0,0,0
2423,2026-03-22 19:19,패,마테오 다르미안,LB,10,6.6,0,0,0,0,0,0,0,0,0,0,0,0,11,11,100,0,10,8,229,1,0,2,0,1,1,0,0,1,0,0,0
2424,2026-03-22 19:19,패,앙드레 오나나,GK,9,5.9,0,0,0,0,0,0,0,0,0,0,0,0,2,2,100,0,1,1,7,2,2,0,0,1,0,0,0,0,0,0,0
2425,2026-03-22 19:19,패,덴젤 둠프리스,RCB,8,4.1,0,0,0,0,0,0,0,0,0,0,0,0,5,5,100,0,2,1,3,2,2,1,0,4,0,0,0,0,0,0,0
2426,2026-03-22 19:19,패,마이콘,CF,9,6,0,0,0,0,0,0,0,0,0,0,0,0,20,19,95,0,10,9,182,2,1,2,0,1,0,0,0,0,0,0,0
2427,2026-03-22 19:19,패,마르쿠스 튀람,LW,8,6,0,0,3,2,0,0,0,0,0,0,0,0,13,13,100,0,8,6,112,2,0,4,0,0,0,0,0,0,0,0,0
2428,2026-03-22 19:06,패,마르쿠스 튀람,LW,8,7,1,0,2,1,0,0,0,0,0,0,0,0,17,14,82.4,0,5,4,63,5,1,7,1,1,1,0,0,1,0,0,0
2429,2026-03-22 19:06,패,마이콘,CF,9,6.1,0,0,0,0,0,0,0,0,0,0,0,0,18,15,83.3,0,9,8,63,4,1,2,0,1,0,1,0,0,0,0,0
2430,2026-03-22 19:06,패,앙드레 오나나,GK,9,5.2,0,0,0,0,0,0,0,0,0,0,0,0,6,4,66.7,0,1,1,48,3,1,0,0,0,0,0,0,0,0,0,0
2431,2026-03-22 19:06,패,마테오 다르미안,LB,10,5.2,0,0,0,0,0,0,0,0,0,0,0,0,5,5,100,0,1,1,23,2,2,3,0,1,1,0,0,1,0,0,0
2432,2026-03-22 19:06,패,파트리크 비에이라,LCB,9,5.8,0,0,0,0,0,0,0,0,0,0,0,0,6,5,83.3,0,2,1,20,3,2,4,0,6,3,2,0,3,0,1,0
2433,2026-03-22 19:06,패,하칸 찰하놀루,RCM,9,6.4,0,0,0,0,0,0,0,0,0,0,0,0,21,16,76.2,0,17,15,276,8,1,0,0,3,1,0,0,1,0,0,0
2434,2026-03-22 19:06,패,라울 벨라노바,RB,10,5.7,0,0,0,0,0,0,0,0,0,0,0,0,16,15,93.8,0,11,9,174,7,5,0,0,2,0,0,0,0,0,0,0
2435,2026-03-22 19:06,패,덴젤 둠프리스,RCB,8,6.3,0,0,0,0,0,0,0,0,0,0,0,0,6,5,83.3,0,5,4,108,4,3,0,0,2,1,2,0,1,0,0,0
2436,2026-03-22 19:06,패,루이스 피구,RM,9,7.7,0,1,0,0,0,0,0,0,0,0,0,0,15,14,93.3,0,11,10,312,5,2,0,0,0,0,0,0,0,0,0,0
2437,2026-03-22 19:06,패,M. 브로조비치,LCM,9,5.8,0,0,1,0,0,0,0,0,0,0,0,0,17,14,82.4,0,11,11,99,4,1,1,0,0,0,1,0,0,0,0,0
2438,2026-03-22 19:06,패,헨릭 미키타리안,LM,10,5.6,0,0,0,0,0,0,0,0,0,0,0,0,10,9,90,0,4,2,58,3,1,0,0,0,0,0,0,0,0,0,0
2439,2026-03-22 18:54,무,루이스 피구,RW,9,6.6,0,0,0,0,0,0,0,0,0,0,0,0,11,10,90.9,0,5,5,178,2,1,0,0,0,0,0,0,0,0,0,0
2440,2026-03-22 18:54,무,덴젤 둠프리스,RCB,8,6.9,0,0,0,0,0,0,0,0,0,0,0,0,6,6,100,0,2,2,39,2,2,2,0,0,0,0,0,0,0,0,0
2441,2026-03-22 18:54,무,마이콘,CDM,9,7.5,0,0,1,0,0,0,0,0,0,0,0,0,23,20,87,0,17,16,234,7,2,2,1,2,2,0,0,2,0,0,0
2442,2026-03-22 18:54,무,마르쿠스 튀람,LW,8,5.7,0,0,2,1,0,0,0,0,0,0,0,0,5,4,80,0,2,2,6,2,0,2,0,0,0,0,0,0,0,0,0
2443,2026-03-22 18:54,무,마테오 다르미안,LWB,10,6.9,0,0,0,0,0,0,0,0,0,0,0,0,7,6,85.7,0,5,5,46,2,1,2,0,0,0,0,0,0,0,0,0
2444,2026-03-22 18:54,무,라울 벨라노바,RWB,10,6.6,0,0,1,0,0,0,0,0,0,0,0,0,11,9,81.8,0,8,7,72,5,4,1,1,0,0,0,0,0,0,0,0
2445,2026-03-22 18:54,무,앙드레 오나나,GK,9,6.7,0,0,0,0,0,0,0,0,0,0,0,0,4,4,100,0,0,0,0,2,2,0,0,0,0,0,0,0,0,0,0
2446,2026-03-22 18:54,무,M. 브로조비치,LCM,9,6.5,0,0,1,1,0,0,0,0,0,0,0,0,14,14,100,0,9,9,255,1,1,0,0,1,0,0,0,0,0,0,0
2447,2026-03-22 18:54,무,하칸 찰하놀루,RCM,9,7,0,0,0,0,0,0,0,0,0,0,0,0,22,19,86.4,0,20,19,495,5,1,0,0,0,0,1,1,1,0,0,0
2448,2026-03-22 18:54,무,헨릭 미키타리안,LS,10,6.4,0,0,0,0,0,0,0,0,0,0,0,0,2,2,100,0,2,1,36,3,1,0,0,0,0,0,0,0,0,0,0
2449,2026-03-22 18:54,무,파트리크 비에이라,LCB,9,6.8,0,0,0,0,0,0,0,0,0,0,0,0,9,8,88.9,0,5,5,133,2,1,1,0,1,1,0,0,1,0,0,0
2450,2026-03-22 13:24,승,파트리크 비에이라,LCB,9,7.6,0,0,0,0,0,0,0,0,0,0,0,0,8,7,87.5,0,3,3,74,4,3,1,0,0,0,1,1,1,0,0,0
2451,2026-03-22 13:24,승,마테오 다르미안,LWB,10,6.4,0,0,0,0,0,0,0,0,0,0,0,0,8,7,87.5,0,7,7,58,4,3,0,0,2,0,1,0,0,0,0,0
2452,2026-03-22 13:24,승,M. 브로조비치,LCM,9,9,0,2,0,0,0,0,0,0,0,0,0,0,10,9,90,0,6,6,136,2,1,0,0,2,2,0,0,2,0,0,0
2453,2026-03-22 13:24,승,라울 벨라노바,RWB,10,6.2,0,0,0,0,0,0,0,0,0,0,0,0,1,1,100,0,1,1,5,0,0,0,0,0,0,0,0,0,0,0,0
2454,2026-03-22 13:24,승,마르쿠스 튀람,LW,8,10,3,0,3,3,0,0,0,0,0,0,0,0,9,8,88.9,0,3,3,37,4,0,1,0,0,0,0,0,0,0,0,0
2455,2026-03-22 13:24,승,루이스 피구,RW,9,6.2,0,0,0,0,0,0,0,0,0,0,0,0,1,1,100,0,1,1,17,0,0,0,0,0,0,0,0,0,0,0,0
2456,2026-03-22 13:24,승,하칸 찰하놀루,RCM,9,6.6,0,0,0,0,0,0,0,0,0,0,0,0,9,6,66.7,0,7,7,178,2,0,0,0,1,0,0,0,0,0,0,0
2457,2026-03-22 13:24,승,헨릭 미키타리안,LS,10,9,1,2,1,1,0,0,0,0,0,0,0,0,10,10,100,0,6,6,176,5,3,1,0,0,0,0,0,0,0,0,0
2458,2026-03-22 13:24,승,앙드레 오나나,GK,9,6,0,0,0,0,0,0,0,0,0,0,0,0,0,0,0,0,0,0,0,0,0,0,0,0,0,0,0,0,0,0,0
2459,2026-03-22 13:24,승,덴젤 둠프리스,RCB,8,7,0,0,0,0,0,0,0,0,0,0,0,0,4,4,100,0,1,1,2,1,1,1,0,0,0,1,1,1,0,0,0
2460,2026-03-22 13:24,승,마이콘,CDM,9,7.8,0,0,0,0,0,0,0,0,0,0,0,0,14,12,85.7,0,6,6,122,2,0,1,0,1,1,0,0,1,0,0,0
2461,2026-03-22 13:15,승,마이콘,CDM,9,7.7,1,0,1,1,0,0,0,0,0,0,0,0,18,18,100,0,11,11,124,4,3,0,0,1,1,2,0,1,0,0,0
2462,2026-03-22 13:15,승,헨릭 미키타리안,LM,10,6.4,0,0,0,0,0,0,0,0,0,0,0,0,15,15,100,0,8,7,113,3,2,0,0,0,0,0,0,0,0,0,0
2463,2026-03-22 13:15,승,M. 브로조비치,LDM,9,7.4,0,1,0,0,0,0,0,0,0,0,0,0,21,20,95.2,0,10,8,90,6,3,0,0,0,0,1,0,0,0,0,0
2464,2026-03-22 13:15,승,마르쿠스 튀람,LW,8,7.7,0,1,1,1,0,0,0,0,0,0,0,0,17,15,88.2,0,11,9,141,5,0,5,0,1,0,0,0,0,0,0,0
2465,2026-03-22 13:15,승,덴젤 둠프리스,RCB,8,5.8,0,0,0,0,0,0,0,0,0,0,0,0,4,4,100,0,0,0,0,1,1,2,0,1,0,0,0,0,0,0,0
2466,2026-03-22 13:15,승,라울 벨라노바,RWB,10,5.9,0,0,0,0,0,0,0,0,0,0,0,0,5,5,100,0,3,2,21,2,1,3,0,0,0,0,0,0,0,0,0
2467,2026-03-22 13:15,승,루이스 피구,RM,9,7.3,1,0,1,1,0,0,0,0,0,0,0,0,6,6,100,0,5,3,186,3,0,0,0,0,0,0,0,0,0,0,0
2468,2026-03-22 13:15,승,하칸 찰하놀루,RDM,9,8.8,2,0,3,3,0,0,0,0,0,0,0,0,19,17,89.5,0,16,16,417,5,0,2,0,0,0,0,0,0,0,0,0
2469,2026-03-22 13:15,승,파트리크 비에이라,LCB,9,6.3,0,0,0,0,0,0,0,0,0,0,0,0,10,10,100,0,6,6,87,2,2,1,0,1,0,1,1,1,0,0,0
2470,2026-03-22 13:15,승,마테오 다르미안,LWB,10,6.7,0,0,0,0,0,0,0,0,0,0,0,0,9,9,100,0,7,5,119,3,2,0,0,2,2,2,1,3,0,0,0
2471,2026-03-22 13:15,승,앙드레 오나나,GK,9,7.3,0,0,0,0,0,0,0,0,0,0,0,0,1,1,100,0,0,0,0,0,0,0,0,0,0,0,0,0,0,0,0
2472,2026-03-21 10:25,패,헨릭 미키타리안,LS,10,7,0,0,1,1,0,0,0,0,0,0,0,0,6,6,100,0,8,6,115,1,0,0,0,0,0,0,0,0,0,0,0
2473,2026-03-21 10:25,패,로빈 고젠스,LWB,10,6,0,0,0,0,0,0,0,0,0,0,0,0,4,4,100,0,4,3,68,1,1,0,0,0,0,0,0,0,0,0,0
2474,2026-03-21 10:25,패,로타어 마테우스,RCM,11,4.6,0,0,0,0,0,0,0,0,0,0,0,0,3,1,33.3,0,2,2,51,1,0,0,0,0,0,0,0,0,0,0,0
2475,2026-03-21 10:25,패,파트리크 비에이라,LCB,9,5.6,0,0,0,0,0,0,0,0,0,0,0,0,6,5,83.3,0,4,4,32,2,1,1,0,0,0,0,0,0,0,0,0
2476,2026-03-21 10:25,패,마르쿠스 튀람,LW,8,7.7,1,0,3,2,0,0,0,0,0,0,0,0,7,7,100,0,2,2,26,3,0,1,1,0,0,0,0,0,0,0,0
2477,2026-03-21 10:25,패,루이스 피구,RW,9,5.1,0,0,0,0,0,0,0,0,0,0,0,0,5,4,80,0,4,4,64,2,1,0,0,0,0,0,0,0,0,0,0
2478,2026-03-21 10:25,패,M. 브로조비치,LCM,9,6.9,0,1,0,0,0,0,0,0,0,0,0,0,7,7,100,0,7,7,109,0,0,0,0,0,0,0,0,0,0,0,0
2479,2026-03-21 10:25,패,마이콘,CDM,9,6.2,0,0,1,1,0,0,0,0,0,0,0,0,6,6,100,0,7,5,60,2,1,0,0,0,0,0,0,0,0,0,0
2480,2026-03-21 10:25,패,덴젤 둠프리스,RCB,8,5.8,0,0,0,0,0,0,0,0,0,0,0,0,3,3,100,0,4,3,61,2,1,2,0,2,1,1,1,2,0,0,0
2481,2026-03-21 10:25,패,앙드레 오나나,GK,9,6.1,0,0,0,0,0,0,0,0,0,0,0,0,1,1,100,0,0,0,0,0,0,0,0,0,0,0,0,0,0,0,0
2482,2026-03-21 10:25,패,라울 벨라노바,RWB,10,4.7,0,0,0,0,0,0,0,0,0,0,0,0,1,1,100,0,1,1,2,0,0,0,0,0,0,0,0,0,0,0,0
2483,2026-03-21 6:35,패,루이스 피구,RM,9,5.4,0,0,0,0,0,0,0,0,0,0,0,0,12,8,66.7,0,5,4,50,7,2,2,0,0,0,0,0,0,0,0,0
2484,2026-03-21 6:35,패,로타어 마테우스,RCM,11,7.7,2,0,2,2,0,0,0,0,0,0,0,0,23,20,87,0,13,10,204,10,4,0,0,3,1,0,0,1,0,0,0
2485,2026-03-21 6:35,패,덴젤 둠프리스,RCB,8,5.8,0,0,0,0,0,0,0,0,0,0,0,0,7,7,100,0,3,3,57,3,2,1,1,1,0,3,1,1,0,0,0
2486,2026-03-21 6:35,패,로빈 고젠스,LB,10,6.2,0,0,0,0,0,0,0,0,0,0,0,0,21,16,76.2,0,13,13,176,7,3,0,0,1,0,1,0,0,0,0,0
2487,2026-03-21 6:35,패,헨릭 미키타리안,LM,10,6.4,0,0,1,1,0,0,0,0,0,0,0,0,16,16,100,0,11,10,242,0,0,0,0,0,0,0,0,0,0,0,0
2488,2026-03-21 6:35,패,마르쿠스 튀람,LW,8,6.9,0,1,2,2,0,0,0,0,0,0,0,0,26,24,92.3,0,16,12,98,7,0,1,0,0,0,0,0,0,0,0,0
2489,2026-03-21 6:35,패,파트리크 비에이라,LCB,9,5.7,0,0,0,0,0,0,0,0,0,0,0,0,6,5,83.3,0,4,4,78,2,2,2,0,1,1,0,0,1,0,0,0
2490,2026-03-21 6:35,패,마이콘,CF,9,7.6,0,0,0,0,0,0,0,0,0,0,0,0,37,32,86.5,0,22,20,284,8,3,1,0,5,4,1,0,4,0,0,0
2491,2026-03-21 6:35,패,라울 벨라노바,RB,10,6.2,0,0,0,0,0,0,0,0,0,0,0,0,13,13,100,0,6,6,66,4,4,1,1,3,0,1,0,0,0,0,0
2492,2026-03-21 6:35,패,M. 브로조비치,LCM,9,6.8,0,0,1,1,0,0,0,0,0,0,0,0,32,29,90.6,0,20,19,359,3,2,0,0,1,1,2,0,1,0,0,0
2493,2026-03-21 6:35,패,앙드레 오나나,GK,9,7.2,0,0,0,0,0,0,0,0,0,0,0,0,3,2,66.7,0,0,0,0,2,2,0,0,0,0,0,0,0,0,0,0
2494,2026-03-21 6:19,승,로빈 고젠스,LWB,10,7.7,0,0,0,0,0,0,0,0,0,0,0,0,11,11,100,0,3,3,65,3,3,2,0,0,0,0,0,0,0,0,0
2495,2026-03-21 6:19,승,마이콘,CDM,9,8.3,0,1,0,0,0,0,0,0,0,0,0,0,19,19,100,0,15,12,223,8,6,0,0,2,1,0,0,1,0,0,0
2496,2026-03-21 6:19,승,M. 브로조비치,LCM,9,6.8,0,0,0,0,0,0,0,0,0,0,0,0,14,13,92.9,0,11,11,191,2,1,0,0,0,0,0,0,0,0,0,0
2497,2026-03-21 6:19,승,헨릭 미키타리안,LS,10,6.8,0,1,0,0,0,0,0,0,0,0,0,0,9,7,77.8,0,7,6,289,1,0,0,0,0,0,0,0,0,0,0,0
2498,2026-03-21 6:19,승,루이스 피구,RW,9,7,0,0,1,1,0,0,0,0,0,0,0,0,6,5,83.3,0,4,4,107,2,0,0,0,0,0,0,0,0,0,0,0
2499,2026-03-21 6:19,승,파트리크 비에이라,LCB,9,6.4,0,0,0,0,0,0,0,0,0,0,0,0,5,5,100,0,5,5,63,0,0,0,0,0,0,2,1,1,0,0,0
2500,2026-03-21 6:19,승,로타어 마테우스,RCM,11,6.8,0,0,4,4,0,0,0,0,0,0,0,0,13,13,100,0,7,7,184,3,1,2,0,2,0,1,0,0,0,0,0
2501,2026-03-21 6:19,승,덴젤 둠프리스,RCB,8,6.2,0,0,0,0,0,0,0,0,0,0,0,0,6,6,100,0,4,4,47,3,3,0,0,1,1,0,0,1,0,0,0
2502,2026-03-21 6:19,승,라울 벨라노바,RWB,10,5.9,0,0,0,0,0,0,0,0,0,0,0,0,4,3,75,0,4,3,49,3,1,0,0,3,2,0,0,2,0,0,0
2503,2026-03-21 6:19,승,앙드레 오나나,GK,9,6,0,0,0,0,0,0,0,0,0,0,0,0,2,1,50,0,1,1,28,2,1,0,0,0,0,0,0,0,0,0,0
2504,2026-03-21 6:19,승,마르쿠스 튀람,LW,8,8.7,2,0,3,3,0,0,0,0,0,0,0,0,20,18,90,0,14,11,177,7,1,3,0,0,0,0,0,0,0,0,0
2505,2026-03-21 5:42,승,로타어 마테우스,RDM,11,7.4,1,0,2,1,0,0,0,0,0,0,0,0,16,15,93.8,0,14,12,132,4,0,1,0,0,0,1,0,0,0,0,0
2506,2026-03-21 5:42,승,파트리크 비에이라,LCB,9,6.9,0,0,0,0,0,0,0,0,0,0,0,0,14,12,85.7,0,6,6,118,7,5,1,0,3,2,0,0,2,0,0,0
2507,2026-03-21 5:42,승,마이콘,CDM,9,7.2,0,0,0,0,0,0,0,0,0,0,0,0,25,24,96,0,11,10,169,3,1,0,0,0,0,1,0,0,0,0,0
2508,2026-03-21 5:42,승,라울 벨라노바,RWB,10,6.5,0,0,0,0,0,0,0,0,0,0,0,0,9,9,100,0,8,8,112,3,2,1,0,1,1,0,0,1,0,0,0
2509,2026-03-21 5:42,승,로빈 고젠스,LWB,10,6.6,0,0,1,0,0,0,0,0,0,0,0,0,12,11,91.7,0,6,5,38,3,2,0,0,1,1,0,0,1,0,0,0
2510,2026-03-21 5:42,승,루이스 피구,RM,9,7.1,0,1,1,0,0,0,0,0,0,0,0,0,12,9,75,0,7,7,215,2,0,0,0,0,0,0,0,0,0,0,0
2511,2026-03-21 5:42,승,앙드레 오나나,GK,9,6.7,0,0,0,0,0,0,0,0,0,0,0,0,4,4,100,0,2,2,17,0,0,0,0,0,0,0,0,0,0,0,0
2512,2026-03-21 5:42,승,마르쿠스 튀람,LW,8,9.9,3,2,5,5,0,0,0,0,0,0,0,0,19,19,100,0,10,9,213,3,0,4,0,0,0,0,0,0,0,0,0
2513,2026-03-21 5:42,승,M. 브로조비치,LDM,9,8.1,0,1,0,0,0,0,0,0,0,0,0,0,13,13,100,0,7,7,132,2,2,0,0,0,0,0,0,0,0,0,0
2514,2026-03-21 5:42,승,헨릭 미키타리안,LM,10,7.5,1,0,2,2,0,0,0,0,0,0,0,0,12,10,83.3,0,8,6,143,6,1,2,0,0,0,0,0,0,0,0,0
2515,2026-03-21 5:42,승,덴젤 둠프리스,RCB,8,5.6,0,0,0,0,0,0,0,0,0,0,0,0,10,9,90,0,7,7,36,4,3,7,0,0,0,0,0,0,0,0,0
2516,2026-03-21 5:28,패,로타어 마테우스,RCM,11,6.7,0,0,0,0,0,0,0,0,0,0,0,0,20,20,100,0,16,15,260,0,0,0,0,0,0,2,0,0,0,0,0
2517,2026-03-21 5:28,패,마이콘,CDM,9,6.3,0,0,0,0,0,0,0,0,0,0,0,0,13,13,100,0,6,4,116,5,3,1,0,0,0,0,0,0,0,0,0
2518,2026-03-21 5:28,패,M. 브로조비치,LCM,9,6.3,0,0,0,0,0,0,0,0,0,0,0,0,15,13,86.7,0,8,8,62,3,1,0,0,0,0,1,0,0,0,0,0
2519,2026-03-21 5:28,패,마르쿠스 튀람,LW,8,6.7,0,0,1,1,0,0,0,0,0,0,0,0,18,18,100,0,7,7,130,1,1,6,1,0,0,0,0,0,0,0,0
2520,2026-03-21 5:28,패,덴젤 둠프리스,RCB,8,6.7,1,0,1,1,0,0,0,0,0,0,0,0,5,5,100,0,3,3,60,2,1,2,2,0,0,2,1,1,0,0,0
2521,2026-03-21 5:28,패,라울 벨라노바,RWB,10,6.3,0,0,0,0,0,0,0,0,0,0,0,0,13,12,92.3,0,6,6,82,3,2,1,0,0,0,2,0,0,0,0,0
2522,2026-03-21 5:28,패,앙드레 오나나,GK,9,6.7,0,0,0,0,0,0,0,0,0,0,0,0,2,2,100,0,0,0,0,2,2,0,0,0,0,0,0,0,0,0,0
2523,2026-03-21 5:28,패,루이스 피구,RW,9,7,0,1,0,0,0,0,0,0,0,0,0,0,13,9,69.2,0,7,7,164,3,1,2,0,1,0,0,0,0,0,0,0
2524,2026-03-21 5:28,패,파트리크 비에이라,LCB,9,6,0,0,0,0,0,0,0,0,0,0,0,0,5,5,100,0,3,2,15,3,3,2,1,0,0,0,0,0,0,0,0
2525,2026-03-21 5:28,패,헨릭 미키타리안,LS,10,5.8,0,0,0,0,0,0,0,0,0,0,0,0,18,11,61.1,0,12,10,198,12,3,0,0,1,1,0,0,1,0,0,0
2526,2026-03-21 5:28,패,로빈 고젠스,LWB,10,5.8,0,0,0,0,0,0,0,0,0,0,0,0,3,3,100,0,3,2,53,1,0,1,0,0,0,2,0,0,0,0,0
2527,2026-03-20 18:58,승,파트리크 비에이라,LCB,9,6,0,0,0,0,0,0,0,0,0,0,0,0,8,8,100,0,6,6,78,1,1,0,0,1,1,2,0,1,0,0,0
2528,2026-03-20 18:58,승,로타어 마테우스,RDM,11,7.3,1,0,1,1,0,0,0,0,0,0,0,0,19,17,89.5,0,14,14,256,4,1,0,0,0,0,2,0,0,0,0,0
2529,2026-03-20 18:58,승,마르쿠스 튀람,LW,8,8.4,2,0,6,4,0,0,0,0,0,0,0,0,22,20,90.9,0,13,11,149,9,1,3,0,1,1,0,0,1,0,0,0
2530,2026-03-20 18:58,승,헨릭 미키타리안,LM,10,7.8,0,1,0,0,0,0,0,0,0,0,0,0,14,13,92.9,0,12,10,304,3,1,0,0,0,0,0,0,0,0,0,0
2531,2026-03-20 18:58,승,로빈 고젠스,LWB,10,6.8,0,0,0,0,0,0,0,0,0,0,0,0,15,14,93.3,0,9,9,173,6,5,1,1,0,0,0,0,0,0,0,0
2532,2026-03-20 18:58,승,앙드레 오나나,GK,9,6.9,0,0,0,0,0,0,0,0,0,0,0,0,5,3,60,0,1,1,39,4,2,0,0,0,0,0,0,0,0,0,0
2533,2026-03-20 18:58,승,덴젤 둠프리스,RCB,8,6.1,0,0,0,0,0,0,0,0,0,0,0,0,5,5,100,0,0,0,0,2,2,0,0,3,2,0,0,2,0,0,0
2534,2026-03-20 18:58,승,마이콘,CDM,9,6.8,0,0,0,0,0,0,0,0,0,0,0,0,19,19,100,0,13,11,190,5,3,0,0,1,1,1,0,1,0,0,0
2535,2026-03-20 18:58,승,루이스 피구,RM,9,7.2,0,1,0,0,0,0,0,0,0,0,0,0,16,16,100,0,11,8,248,2,0,1,0,0,0,2,0,0,0,0,0
2536,2026-03-20 18:58,승,M. 브로조비치,LDM,9,7.4,0,1,2,1,0,0,0,0,0,0,0,0,24,22,91.7,0,11,11,214,5,3,2,0,0,0,2,0,0,0,0,0
2537,2026-03-20 18:58,승,라울 벨라노바,RWB,10,6.7,0,0,0,0,0,0,0,0,0,0,0,0,13,13,100,0,11,9,216,1,1,0,0,1,1,0,0,1,0,0,0
2538,2026-03-20 18:42,승,M. 브로조비치,LCM,9,8.8,2,1,2,2,0,0,0,0,0,0,0,0,12,10,83.3,0,6,5,93,8,3,0,0,0,0,1,0,0,0,0,0
2539,2026-03-20 18:42,승,라울 벨라노바,RWB,10,5.9,0,0,0,0,0,0,0,0,0,0,0,0,4,4,100,0,3,3,31,1,1,0,0,1,1,0,0,1,0,0,0
2540,2026-03-20 18:42,승,루이스 피구,RW,9,6.3,0,0,0,0,0,0,0,0,0,0,0,0,14,9,64.3,0,7,7,224,7,3,1,0,0,0,0,0,0,0,0,0
2541,2026-03-20 18:42,승,로빈 고젠스,LWB,10,6.8,0,0,0,0,0,0,0,0,0,0,0,0,14,12,85.7,0,8,7,97,7,5,1,0,0,0,1,0,0,0,0,0
2542,2026-03-20 18:42,승,마이콘,CDM,9,7.3,0,1,1,1,0,0,0,0,0,0,0,0,15,14,93.3,0,11,9,143,3,1,3,0,0,0,1,1,1,0,0,0
2543,2026-03-20 18:42,승,헨릭 미키타리안,LS,10,7.6,0,1,0,0,0,0,0,0,0,0,0,0,20,18,90,0,13,11,399,4,0,4,0,0,0,0,0,0,0,0,0
2544,2026-03-20 18:42,승,마르쿠스 튀람,LW,8,8.6,2,0,3,3,0,0,0,0,0,0,0,0,15,14,93.3,0,7,7,174,5,0,8,0,1,0,0,0,0,0,0,0
2545,2026-03-20 18:42,승,덴젤 둠프리스,RCB,8,6.3,0,0,0,0,0,0,0,0,0,0,0,0,7,7,100,0,3,3,26,1,1,9,0,1,1,1,1,2,0,0,0
2546,2026-03-20 18:42,승,파트리크 비에이라,LCB,9,6.3,0,0,0,0,0,0,0,0,0,0,0,0,7,7,100,0,4,4,29,1,1,3,0,0,0,1,1,1,0,0,0
2547,2026-03-20 18:42,승,로타어 마테우스,RCM,11,7.5,0,1,0,0,0,0,0,0,0,0,0,0,12,10,83.3,0,6,6,82,5,3,0,0,1,1,0,0,1,0,0,0
2548,2026-03-20 18:42,승,앙드레 오나나,GK,9,6.1,0,0,0,0,0,0,0,0,0,0,0,0,2,1,50,0,0,0,0,3,2,0,0,0,0,0,0,0,0,0,0
2549,2026-03-20 18:28,승,마르쿠스 튀람,LW,8,8.5,2,0,2,2,0,0,0,0,0,0,0,0,13,12,92.3,0,8,5,48,6,0,3,0,1,1,0,0,1,0,0,0
2550,2026-03-20 18:28,승,헨릭 미키타리안,LS,10,7.4,1,0,1,1,0,0,0,0,0,0,0,0,10,9,90,0,8,5,279,5,0,1,0,1,1,0,0,1,0,0,0
2551,2026-03-20 18:28,승,M. 브로조비치,LCM,9,6.8,0,0,0,0,0,0,0,0,0,0,0,0,16,13,81.2,0,13,12,164,4,2,0,0,2,1,1,0,1,0,0,0
2552,2026-03-20 18:28,승,로빈 고젠스,LWB,10,6.3,0,0,0,0,0,0,0,0,0,0,0,0,6,5,83.3,0,2,2,49,2,1,0,0,0,0,0,0,0,0,0,0
2553,2026-03-20 18:28,승,로타어 마테우스,RCM,11,8,0,1,0,0,0,0,0,0,0,0,0,0,17,15,88.2,0,7,7,99,4,3,0,0,1,1,0,0,1,0,0,0
2554,2026-03-20 18:28,승,루이스 피구,RW,9,7.6,0,1,0,0,0,0,0,0,0,0,0,0,15,14,93.3,0,10,8,318,4,0,8,0,0,0,0,0,0,0,0,0
2555,2026-03-20 18:28,승,덴젤 둠프리스,RCB,8,6.7,0,0,0,0,0,0,0,0,0,0,0,0,6,6,100,0,3,3,47,2,2,0,0,1,1,3,0,1,0,0,0
2556,2026-03-20 18:28,승,라울 벨라노바,RWB,10,7.6,0,1,0,0,0,0,0,0,0,0,0,0,12,11,91.7,0,10,9,175,4,3,1,0,0,0,0,0,0,0,0,0
2557,2026-03-20 18:28,승,파트리크 비에이라,LCB,9,6.2,0,0,0,0,0,0,0,0,0,0,0,0,6,5,83.3,0,2,2,12,3,2,0,0,2,0,2,1,1,0,0,0
2558,2026-03-20 18:28,승,앙드레 오나나,GK,9,7.8,0,0,0,0,0,0,0,0,0,0,0,0,5,5,100,0,2,2,36,2,2,0,0,0,0,0,0,0,0,0,0
2559,2026-03-20 18:28,승,마이콘,CDM,9,6.8,0,0,0,0,0,0,0,0,0,0,0,0,17,15,88.2,0,9,6,110,10,6,3,0,1,1,3,0,0,0,0,0
2560,2026-03-20 18:16,승,마이콘,CDM,9,7,0,0,0,0,0,0,0,0,0,0,0,0,17,16,94.1,0,12,12,112,4,2,1,0,1,1,1,0,1,0,0,0
2561,2026-03-20 18:16,승,앙드레 오나나,GK,9,6.8,0,0,0,0,0,0,0,0,0,0,0,0,2,2,100,0,0,0,0,1,1,0,0,0,0,0,0,0,0,0,0
2562,2026-03-20 18:16,승,덴젤 둠프리스,RCB,8,6.7,0,0,0,0,0,0,0,0,0,0,0,0,8,8,100,0,6,6,81,1,1,0,0,0,0,0,0,0,0,0,0
2563,2026-03-20 18:16,승,파트리크 비에이라,LCB,9,7.9,0,0,0,0,0,0,0,0,0,0,0,0,9,9,100,0,6,6,68,2,2,0,0,2,2,2,1,3,0,0,0
2564,2026-03-20 18:16,승,라울 벨라노바,RWB,10,6.5,0,0,0,0,0,0,0,0,0,0,0,0,11,11,100,0,6,5,120,1,1,0,0,0,0,1,0,0,0,0,0
2565,2026-03-20 18:16,승,루이스 피구,RM,9,8.2,0,1,0,0,0,0,0,0,0,0,0,0,16,12,75,0,13,11,424,6,2,3,0,0,0,1,0,0,0,0,0
2566,2026-03-20 18:16,승,M. 브로조비치,LDM,9,6.1,0,0,0,0,0,0,0,0,0,0,0,0,10,8,80,0,6,5,144,4,1,0,0,0,0,0,0,0,0,0,0
2567,2026-03-20 18:16,승,로빈 고젠스,LWB,10,6.7,0,0,0,0,0,0,0,0,0,0,0,0,5,5,100,0,1,1,15,2,2,1,0,0,0,0,0,0,0,0,0
2568,2026-03-20 18:16,승,로타어 마테우스,RDM,11,7.8,0,1,0,0,0,0,0,0,0,0,0,0,19,18,94.7,0,11,10,179,3,1,0,0,0,0,1,0,0,0,0,0
2569,2026-03-20 18:16,승,헨릭 미키타리안,LM,10,6.2,0,0,1,1,0,0,0,0,0,0,0,0,4,4,100,0,6,4,47,3,1,0,0,0,0,1,0,0,0,0,0
2570,2026-03-20 18:16,승,마르쿠스 튀람,LW,8,8.7,2,0,2,2,0,0,0,0,0,0,0,0,15,15,100,0,12,9,208,6,1,3,0,0,0,1,0,0,0,0,0
2571,2026-03-20 18:05,승,마이콘,CDM,9,9,1,1,1,1,0,0,0,0,0,0,0,0,12,12,100,0,10,10,193,5,4,0,0,1,1,1,0,1,0,0,0
2572,2026-03-20 18:05,승,루이스 피구,RW,9,6.4,0,0,0,0,0,0,0,0,0,0,0,0,6,4,66.7,0,3,2,81,4,2,1,0,0,0,0,0,0,0,0,0
2573,2026-03-20 18:05,승,마르쿠스 튀람,LW,8,8.2,1,1,1,1,0,0,0,0,0,0,0,0,10,8,80,0,8,6,126,5,0,1,0,1,0,0,0,0,0,0,0
2574,2026-03-20 18:05,승,라울 벨라노바,RWB,10,7.7,0,0,0,0,0,0,0,0,0,0,0,0,6,6,100,0,2,2,28,1,1,4,0,2,2,0,0,2,0,0,0
2575,2026-03-20 18:05,승,로빈 고젠스,LWB,10,7.9,0,1,0,0,0,0,0,0,0,0,0,0,8,7,87.5,0,6,6,72,2,1,1,0,0,0,0,0,0,0,0,0
2576,2026-03-20 18:05,승,파트리크 비에이라,LCB,9,6.9,0,0,0,0,0,0,0,0,0,0,0,0,9,8,88.9,0,4,4,38,4,3,1,0,0,0,2,0,0,0,0,0
2577,2026-03-20 18:05,승,헨릭 미키타리안,LS,10,8,1,0,2,2,0,0,0,0,0,0,0,0,15,11,73.3,0,13,13,233,6,0,1,1,0,0,0,0,0,0,0,0
2578,2026-03-20 18:05,승,M. 브로조비치,LCM,9,7.4,0,0,0,0,0,0,0,0,0,0,0,0,13,13,100,0,9,8,208,2,1,0,0,3,0,1,0,0,0,0,0
2579,2026-03-20 18:05,승,덴젤 둠프리스,RCB,8,5.9,0,0,0,0,0,0,0,0,0,0,0,0,1,1,100,0,2,1,6,2,1,0,0,2,1,0,0,1,0,0,0
2580,2026-03-20 18:05,승,로타어 마테우스,RCM,11,6.9,0,0,0,0,0,0,0,0,0,0,0,0,14,10,71.4,0,12,12,200,7,4,0,0,0,0,1,0,0,0,0,0
2581,2026-03-20 18:05,승,앙드레 오나나,GK,9,6.7,0,0,0,0,0,0,0,0,0,0,0,0,3,3,100,0,0,0,0,1,1,0,0,0,0,0,0,0,0,0,0
2582,2026-03-20 17:54,승,덴젤 둠프리스,RCB,8,7,0,0,0,0,0,0,0,0,0,0,0,0,4,3,75,0,3,3,13,3,2,9,0,2,2,1,0,2,0,0,0
2583,2026-03-20 17:54,승,헨릭 미키타리안,LS,10,8.1,0,1,0,0,0,0,0,0,0,0,0,0,13,12,92.3,0,7,7,188,1,0,0,0,0,0,0,0,0,0,0,0
2584,2026-03-20 17:54,승,파트리크 비에이라,LCB,9,6.9,0,0,1,1,0,0,0,0,0,0,0,0,4,4,100,0,2,2,19,6,3,3,2,1,0,1,0,0,0,0,0
2585,2026-03-20 17:54,승,마이콘,CDM,9,7.3,0,0,0,0,0,0,0,0,0,0,0,0,13,13,100,0,8,8,41,1,1,0,0,3,1,1,1,2,0,0,0
2586,2026-03-20 17:54,승,M. 브로조비치,LCM,9,8.2,0,1,0,0,0,0,0,0,0,0,0,0,9,9,100,0,5,4,78,1,0,0,0,0,0,0,0,0,0,0,0
2587,2026-03-20 17:54,승,앙드레 오나나,GK,9,6.3,0,0,0,0,0,0,0,0,0,0,0,0,1,1,100,0,0,0,0,0,0,0,0,0,0,0,0,0,0,0,0
2588,2026-03-20 17:54,승,라울 벨라노바,RWB,10,8,0,1,1,0,0,0,0,0,0,0,0,0,7,6,85.7,0,7,6,244,3,3,0,0,0,0,1,0,0,0,0,0
2589,2026-03-20 17:54,승,로타어 마테우스,RCM,11,8.1,1,0,1,1,0,0,0,0,0,0,0,0,11,10,90.9,0,7,6,138,5,2,0,0,2,2,1,0,2,0,0,0
2590,2026-03-20 17:54,승,로빈 고젠스,LWB,10,8.5,0,1,0,0,0,0,0,0,0,0,0,0,9,6,66.7,0,6,6,138,4,1,0,0,1,1,0,0,1,0,0,0
2591,2026-03-20 17:54,승,마르쿠스 튀람,LW,8,9.6,4,0,7,6,0,0,0,0,0,0,0,0,17,16,94.1,0,9,8,129,9,2,3,0,0,0,0,0,0,0,0,0
2592,2026-03-20 17:54,승,루이스 피구,RW,9,7.9,0,0,0,0,0,0,0,0,0,0,0,0,12,10,83.3,0,9,8,196,7,4,0,0,0,0,0,0,0,0,0,0
2593,2026-03-20 17:44,패,로타어 마테우스,RCM,11,6.3,0,0,0,0,0,0,0,0,0,0,0,0,16,15,93.8,0,12,10,171,7,5,1,0,1,0,0,0,0,0,0,0
2594,2026-03-20 17:44,패,앙드레 오나나,GK,9,4.5,0,0,0,0,0,0,0,0,0,0,0,0,4,3,75,0,0,0,0,2,1,0,0,0,0,0,0,0,0,0,0
2595,2026-03-20 17:44,패,마르쿠스 튀람,LW,8,7,0,0,5,3,0,0,0,0,0,0,0,0,21,19,90.5,0,17,15,269,7,0,9,0,0,0,0,0,0,0,0,0
2596,2026-03-20 17:44,패,덴젤 둠프리스,RCB,8,4,0,0,0,0,0,0,0,0,0,0,0,0,8,7,87.5,0,4,4,70,1,1,6,0,1,0,1,0,0,0,0,0
2597,2026-03-20 17:44,패,마이콘,CF,9,5.8,0,0,0,0,0,0,0,0,0,0,0,0,18,15,83.3,0,15,12,221,5,1,2,0,2,0,0,0,0,0,0,0
2598,2026-03-20 17:44,패,헨릭 미키타리안,LM,10,5.7,0,0,0,0,0,0,0,0,0,0,0,0,10,7,70,0,7,6,124,2,0,0,0,0,0,0,0,0,0,0,0
2599,2026-03-20 17:44,패,파트리크 비에이라,LCB,9,6.6,0,0,0,0,0,0,0,0,0,0,0,0,14,11,78.6,0,6,6,69,11,8,1,0,3,2,0,0,2,0,0,0
2600,2026-03-20 17:44,패,M. 브로조비치,LCM,9,6.1,0,0,0,0,0,0,0,0,0,0,0,0,15,13,86.7,0,10,8,184,6,1,0,0,1,1,1,1,2,0,0,0
2601,2026-03-20 17:44,패,라울 벨라노바,RB,10,5.7,0,0,0,0,0,0,0,0,0,0,0,0,5,5,100,0,4,4,61,0,0,0,0,1,1,1,0,1,0,0,0
2602,2026-03-20 17:44,패,루이스 피구,RM,9,5.1,0,0,1,0,0,0,0,0,0,0,0,0,10,8,80,0,8,7,91,3,0,1,0,0,0,0,0,0,0,0,0
2603,2026-03-20 17:44,패,로빈 고젠스,LB,10,6.1,0,0,0,0,0,0,0,0,0,0,0,0,13,12,92.3,0,11,9,227,5,2,1,0,0,0,0,0,0,0,0,0
2604,2026-03-20 17:33,패,마르쿠스 튀람,LW,8,5.9,0,0,3,1,0,0,0,0,0,0,0,0,14,14,100,0,6,4,52,3,0,4,1,1,0,0,0,0,0,0,0
2605,2026-03-20 17:33,패,로빈 고젠스,LB,10,5.9,0,0,0,0,0,0,0,0,0,0,0,0,7,7,100,0,6,5,99,4,3,0,0,1,1,0,0,1,0,0,0
2606,2026-03-20 17:33,패,파트리크 비에이라,LCB,9,4.2,0,0,1,1,0,0,0,0,0,0,0,0,3,3,100,0,0,0,0,3,2,1,1,0,0,0,0,0,0,0,0
2607,2026-03-20 17:33,패,로타어 마테우스,RCM,11,5.5,0,0,0,0,0,0,0,0,0,0,0,0,8,7,87.5,0,8,6,217,3,1,1,0,2,1,0,0,1,0,0,0
2608,2026-03-20 17:33,패,루이스 피구,RM,9,6,0,0,0,0,0,0,0,0,0,0,0,0,12,10,83.3,0,7,6,239,2,0,0,0,0,0,0,0,0,0,0,0
2609,2026-03-20 17:33,패,마이콘,CF,9,6.4,0,0,0,0,0,0,0,0,0,0,0,0,13,12,92.3,0,10,8,144,4,2,0,0,2,2,0,0,2,0,0,0
2610,2026-03-20 17:33,패,앙드레 오나나,GK,9,5.2,0,0,0,0,0,0,0,0,0,0,0,0,2,2,100,0,0,0,0,1,1,0,0,1,1,0,0,1,0,0,0
2611,2026-03-20 17:33,패,라울 벨라노바,RB,10,5.2,0,0,0,0,0,0,0,0,0,0,0,0,9,5,55.6,0,9,7,184,4,0,0,0,1,1,0,0,1,0,0,0
2612,2026-03-20 17:33,패,헨릭 미키타리안,LM,10,5,0,0,0,0,0,0,0,0,0,0,0,0,10,7,70,0,11,9,329,5,0,1,0,0,0,0,0,0,0,0,0
2613,2026-03-20 17:33,패,M. 브로조비치,LCM,9,5.9,0,0,0,0,0,0,0,0,0,0,0,0,12,10,83.3,0,6,6,142,4,2,3,0,0,0,0,0,0,0,0,0
2614,2026-03-20 17:33,패,덴젤 둠프리스,RCB,8,5.4,0,0,0,0,0,0,0,0,0,0,0,0,9,9,100,0,5,5,106,1,1,0,0,1,1,0,0,1,0,0,0
2615,2026-03-20 17:21,승,로빈 고젠스,LWB,10,6,0,0,0,0,0,0,0,0,0,0,0,0,7,7,100,0,4,3,47,2,2,1,0,0,0,0,0,0,0,0,0
2616,2026-03-20 17:21,승,M. 브로조비치,LCM,9,7.1,0,0,1,0,0,0,0,0,0,0,0,0,12,12,100,0,7,7,120,3,2,0,0,2,2,0,0,2,0,0,0
2617,2026-03-20 17:21,승,헨릭 미키타리안,LS,10,8.3,1,1,2,2,0,0,0,0,0,0,0,0,12,10,83.3,0,7,5,247,6,1,3,0,0,0,0,0,0,0,0,0
2618,2026-03-20 17:21,승,앙드레 오나나,GK,9,6.8,0,0,0,0,0,0,0,0,0,0,0,0,3,3,100,0,1,1,13,1,1,0,0,0,0,0,0,0,0,0,0
2619,2026-03-20 17:21,승,마이콘,CDM,9,8.3,0,1,1,1,0,0,0,0,0,0,0,0,17,16,94.1,0,11,11,204,2,2,0,0,4,4,2,1,5,0,0,0
2620,2026-03-20 17:21,승,루이스 피구,RW,9,6.6,0,0,0,0,0,0,0,0,0,0,0,0,16,14,87.5,0,9,9,537,3,1,1,0,1,0,0,0,0,0,0,0
2621,2026-03-20 17:21,승,로타어 마테우스,RCM,11,7.7,0,1,1,0,0,0,0,0,0,0,0,0,17,15,88.2,0,12,12,154,3,0,1,0,0,0,0,0,0,0,0,0
2622,2026-03-20 17:21,승,마르쿠스 튀람,LW,8,9.8,3,0,3,3,0,0,0,0,0,0,0,0,13,12,92.3,0,11,10,139,6,1,2,0,0,0,0,0,0,0,0,0
2623,2026-03-20 17:21,승,라울 벨라노바,RWB,10,6.6,0,0,0,0,0,0,0,0,0,0,0,0,13,12,92.3,0,9,8,221,2,1,0,0,1,1,0,0,1,0,0,0
2624,2026-03-20 17:21,승,파트리크 비에이라,LCB,9,5.9,0,0,0,0,0,0,0,0,0,0,0,0,3,3,100,0,2,2,27,0,0,1,0,0,0,1,0,0,0,0,0
2625,2026-03-20 17:21,승,덴젤 둠프리스,RCB,8,6.3,0,0,0,0,0,0,0,0,0,0,0,0,11,10,90.9,0,7,7,97,5,3,2,0,0,0,2,1,1,0,0,0
2626,2026-03-20 17:08,승,마이콘,CDM,9,6.4,0,0,0,0,0,0,0,0,0,0,0,0,9,9,100,0,8,8,66,3,2,0,0,2,2,1,0,2,0,0,0
2627,2026-03-20 17:08,승,M. 브로조비치,LCM,9,8,1,0,2,1,0,0,0,0,0,0,0,0,10,9,90,0,15,12,330,9,4,1,0,0,0,1,0,0,0,0,0
2628,2026-03-20 17:08,승,로타어 마테우스,RCM,11,6.4,0,0,1,0,0,0,0,0,0,0,0,0,9,8,88.9,0,10,10,109,3,1,0,0,0,0,1,0,0,0,0,0
2629,2026-03-20 17:08,승,헨릭 미키타리안,LS,10,8.7,0,3,0,0,0,0,0,0,0,0,0,0,16,15,93.8,0,6,5,136,0,0,0,0,0,0,0,0,0,0,0,0
2630,2026-03-20 17:08,승,라울 벨라노바,RWB,10,5.7,0,0,0,0,0,0,0,0,0,0,0,0,5,4,80,0,3,3,84,3,2,1,0,1,0,0,0,0,0,0,0
2631,2026-03-20 17:08,승,로빈 고젠스,LWB,10,7.2,0,0,0,0,0,0,0,0,0,0,0,0,11,10,90.9,0,9,9,124,1,0,1,0,0,0,0,0,0,0,0,0
2632,2026-03-20 17:08,승,덴젤 둠프리스,RCB,8,6.7,0,0,0,0,0,0,0,0,0,0,0,0,7,6,85.7,0,4,4,35,5,4,0,0,1,1,2,0,1,0,0,0
2633,2026-03-20 17:08,승,루이스 피구,RW,9,7.2,0,1,1,1,0,0,0,0,0,0,0,0,8,5,62.5,0,7,7,277,4,0,1,0,0,0,1,0,0,0,0,0
2634,2026-03-20 17:08,승,앙드레 오나나,GK,9,7.7,0,0,0,0,0,0,0,0,0,0,0,0,5,3,60,0,1,1,13,3,2,0,0,0,0,0,0,0,0,0,0
2635,2026-03-20 17:08,승,마르쿠스 튀람,LW,8,9.2,3,0,4,3,0,0,0,0,0,0,0,0,10,10,100,0,4,3,32,5,0,7,0,0,0,0,0,0,0,0,0
2636,2026-03-20 17:08,승,파트리크 비에이라,LCB,9,6.5,0,0,0,0,0,0,0,0,0,0,0,0,9,8,88.9,0,5,5,104,4,3,0,0,1,0,3,1,1,0,0,0
2637,2026-03-20 16:55,패,루이스 피구,RW,9,5.9,0,0,1,0,0,0,0,0,0,0,0,0,12,10,83.3,0,11,7,373,10,1,1,0,0,0,0,0,0,0,0,0
2638,2026-03-20 16:55,패,마이콘,CDM,9,6.9,0,0,0,0,0,0,0,0,0,0,0,0,16,14,87.5,0,9,8,41,4,2,0,0,1,1,0,0,1,0,0,0
2639,2026-03-20 16:55,패,파트리크 비에이라,LCB,9,6.6,0,0,0,0,0,0,0,0,0,0,0,0,12,10,83.3,0,8,7,158,7,4,0,0,3,3,1,0,3,0,0,0
2640,2026-03-20 16:55,패,로타어 마테우스,RCM,11,6.9,0,0,0,0,0,0,0,0,0,0,0,0,22,19,86.4,0,15,15,362,9,5,9,0,0,0,0,0,0,0,0,0
2641,2026-03-20 16:55,패,M. 브로조비치,LCM,9,7.1,0,0,1,1,0,0,0,0,0,0,0,0,24,22,91.7,0,13,13,200,4,1,3,1,0,0,0,0,0,0,0,0
2642,2026-03-20 16:55,패,라울 벨라노바,RWB,10,6.5,0,0,0,0,0,0,0,0,0,0,0,0,12,11,91.7,0,5,5,164,5,4,1,0,0,0,0,0,0,0,0,0
2643,2026-03-20 16:55,패,앙드레 오나나,GK,9,6.4,0,0,0,0,0,0,0,0,0,0,0,0,3,2,66.7,0,0,0,0,2,1,0,0,0,0,0,0,0,0,0,0
2644,2026-03-20 16:55,패,마르쿠스 튀람,LW,8,8,2,0,3,2,0,0,0,0,0,0,0,0,19,18,94.7,0,7,6,107,5,0,4,0,1,0,0,0,0,0,0,0
2645,2026-03-20 16:55,패,헨릭 미키타리안,LS,10,7.8,0,2,0,0,0,0,0,0,0,0,0,0,17,12,70.6,0,13,10,325,10,2,1,0,2,2,1,0,2,0,0,0
2646,2026-03-20 16:55,패,덴젤 둠프리스,RCB,8,6,0,0,0,0,0,0,0,0,0,0,0,0,14,14,100,0,9,9,156,3,2,0,0,0,0,2,0,0,0,0,0
2647,2026-03-20 16:55,패,로빈 고젠스,LWB,10,7,0,0,0,0,0,0,0,0,0,0,0,0,17,17,100,0,14,14,249,3,3,0,0,0,0,1,0,0,0,0,0
2648,2026-03-20 16:39,승,마르쿠스 튀람,LW,8,8.8,2,0,2,2,0,0,0,0,0,0,0,0,6,5,83.3,0,4,4,51,3,0,2,1,0,0,1,0,0,0,0,0
2649,2026-03-20 16:39,승,헨릭 미키타리안,LS,10,6.7,0,0,0,0,0,0,0,0,0,0,0,0,5,4,80,0,3,2,49,1,0,0,0,2,2,0,0,2,0,0,0
2650,2026-03-20 16:39,승,덴젤 둠프리스,RCB,8,7.8,0,0,1,1,0,0,0,0,0,0,0,0,6,4,66.7,0,2,1,7,6,2,5,4,1,1,1,1,2,0,0,0
2651,2026-03-20 16:39,승,마이콘,CDM,9,6.7,0,0,0,0,0,0,0,0,0,0,0,0,12,12,100,0,10,9,144,4,2,1,0,0,0,0,0,0,0,0,0
2652,2026-03-20 16:39,승,로타어 마테우스,RCM,11,8,0,1,0,0,0,0,0,0,0,0,0,0,8,8,100,0,5,5,98,2,1,0,0,2,2,0,0,2,0,0,0
2653,2026-03-20 16:39,승,M. 브로조비치,LCM,9,7.8,0,0,0,0,0,0,0,0,0,0,0,0,9,8,88.9,0,4,4,69,3,2,0,0,0,0,0,0,0,0,0,0
2654,2026-03-20 16:39,승,로빈 고젠스,LWB,10,7.2,0,0,0,0,0,0,0,0,0,0,0,0,6,5,83.3,0,3,3,100,3,2,0,0,1,1,0,0,1,0,0,0
2655,2026-03-20 16:39,승,앙드레 오나나,GK,9,7.6,0,0,0,0,0,0,0,0,0,0,0,0,4,3,75,0,1,1,8,3,2,0,0,0,0,0,0,0,0,0,0
2656,2026-03-20 16:39,승,파트리크 비에이라,LCB,9,6.6,0,0,0,0,0,0,0,0,0,0,0,0,6,5,83.3,0,3,3,59,4,3,0,0,1,0,1,0,0,0,0,0
2657,2026-03-20 16:39,승,라울 벨라노바,RWB,10,6.8,0,0,0,0,0,0,0,0,0,0,0,0,7,5,71.4,0,5,5,143,5,2,0,0,2,1,0,0,1,0,0,0
2658,2026-03-20 16:39,승,루이스 피구,RW,9,7.5,0,1,0,0,0,0,0,0,0,0,0,0,4,3,75,0,2,2,70,1,0,1,0,0,0,1,0,0,0,0,0
2659,2026-03-20 16:31,승,파트리크 비에이라,LCB,9,6,0,0,0,0,0,0,0,0,0,0,0,0,4,3,75,0,2,1,16,3,2,1,1,0,0,1,0,0,0,0,0
2660,2026-03-20 16:31,승,라울 벨라노바,RWB,10,5.6,0,0,0,0,0,0,0,0,0,0,0,0,7,7,100,0,3,3,18,1,1,0,0,2,0,0,0,0,0,0,0
2661,2026-03-20 16:31,승,헨릭 미키타리안,LM,10,7.8,0,1,0,0,0,0,0,0,0,0,0,0,12,12,100,0,5,4,51,2,1,0,0,0,0,0,0,0,0,0,0
2662,2026-03-20 16:31,승,앙드레 오나나,GK,9,5.7,0,0,0,0,0,0,0,0,0,0,0,0,3,3,100,0,0,0,0,2,2,0,0,0,0,0,0,0,0,0,0
2663,2026-03-20 16:31,승,로타어 마테우스,RDM,11,6.9,0,0,1,1,0,0,0,0,0,0,0,0,20,17,85,0,16,14,301,7,1,1,1,0,0,2,0,0,0,0,0
2664,2026-03-20 16:31,승,M. 브로조비치,LDM,9,8.4,1,1,1,1,0,0,0,0,0,0,0,0,13,10,76.9,0,10,9,316,5,2,0,0,1,1,0,0,1,0,0,0
2665,2026-03-20 16:31,승,루이스 피구,RM,9,6.4,0,0,0,0,0,0,0,0,0,0,0,0,11,8,72.7,0,13,12,370,4,0,0,0,1,1,0,0,1,0,0,0
2666,2026-03-20 16:31,승,마르쿠스 튀람,LW,8,9.7,3,0,3,3,0,0,0,0,0,0,0,0,16,15,93.8,0,11,11,233,7,2,6,0,0,0,0,0,0,0,0,0
2667,2026-03-20 16:31,승,로빈 고젠스,LWB,10,6.1,0,0,0,0,0,0,0,0,0,0,0,0,6,5,83.3,0,3,3,59,3,2,0,0,1,1,0,0,1,0,0,0
2668,2026-03-20 16:31,승,마이콘,CDM,9,7.7,0,1,0,0,0,0,0,0,0,0,0,0,20,19,95,0,7,7,69,4,3,1,0,1,0,0,0,0,0,0,0
2669,2026-03-20 16:31,승,덴젤 둠프리스,RCB,8,6,0,0,0,0,0,0,0,0,0,0,0,0,2,1,50,0,1,1,34,1,0,0,0,4,2,0,0,2,0,0,0
2670,2026-03-20 16:19,패,헨릭 미키타리안,LM,10,7.3,1,0,1,1,0,0,0,0,0,0,0,0,11,9,81.8,0,10,7,260,6,0,0,0,0,0,0,0,0,0,0,0
2671,2026-03-20 16:19,패,M. 브로조비치,LCM,9,7,0,0,0,0,0,0,0,0,0,0,0,0,21,17,81,0,15,14,285,6,2,0,0,1,1,0,0,1,0,0,0
2672,2026-03-20 16:19,패,로빈 고젠스,LB,10,7.1,0,1,0,0,0,0,0,0,0,0,0,0,11,10,90.9,0,7,6,135,6,5,0,0,1,1,0,0,1,0,0,0
2673,2026-03-20 16:19,패,덴젤 둠프리스,RCB,8,5.3,0,0,0,0,0,0,0,0,0,0,0,0,6,6,100,0,6,5,43,2,1,0,0,1,1,0,0,1,0,0,0
2674,2026-03-20 16:19,패,루이스 피구,RM,9,6.5,0,0,0,0,0,0,0,0,0,0,0,0,10,9,90,0,6,5,114,4,2,6,0,1,1,0,0,1,0,0,0
2675,2026-03-20 16:19,패,앙드레 오나나,GK,9,7.1,0,0,0,0,0,0,0,0,0,0,0,0,3,3,100,0,0,0,0,3,3,0,0,0,0,0,0,0,0,0,0
2676,2026-03-20 16:19,패,라울 벨라노바,RB,10,5.8,0,0,0,0,0,0,0,0,0,0,0,0,9,7,77.8,0,7,7,339,3,1,0,0,0,0,2,0,0,0,0,0
2677,2026-03-20 16:19,패,마르쿠스 튀람,LW,8,7.1,1,0,4,2,0,0,0,0,0,0,0,0,11,10,90.9,0,4,3,11,3,0,3,0,0,0,0,0,0,0,0,0
2678,2026-03-20 16:19,패,마이콘,CF,9,6.8,0,0,1,1,0,0,0,0,0,0,0,0,17,16,94.1,0,11,9,245,8,5,1,0,3,2,1,0,2,0,0,0
2679,2026-03-20 16:19,패,로타어 마테우스,RCM,11,8,0,1,1,1,0,0,0,0,0,0,0,0,20,14,70,0,15,15,271,6,1,1,0,3,2,1,0,2,0,0,0
2680,2026-03-20 16:19,패,파트리크 비에이라,LCB,9,6.1,0,0,0,0,0,0,0,0,0,0,0,0,5,4,80,0,2,2,19,3,2,0,0,4,3,2,0,3,0,0,0
2681,2026-03-20 16:08,승,로타어 마테우스,RCM,11,8.8,1,0,1,1,0,0,0,0,0,0,0,0,17,14,82.4,0,11,11,230,6,3,1,0,0,0,1,0,0,0,0,0
2682,2026-03-20 16:08,승,라울 벨라노바,RWB,10,6.8,0,0,0,0,0,0,0,0,0,0,0,0,8,8,100,0,4,3,34,1,1,3,0,1,0,0,0,0,0,0,0
2683,2026-03-20 16:08,승,마르쿠스 튀람,LW,8,9.8,4,0,5,5,0,0,0,0,0,0,0,0,11,10,90.9,0,5,3,74,7,0,2,0,0,0,0,0,0,0,0,0
2684,2026-03-20 16:08,승,덴젤 둠프리스,RCB,8,7,0,0,0,0,0,0,0,0,0,0,0,0,3,3,100,0,4,3,29,2,2,0,0,1,1,1,1,2,0,0,0
2685,2026-03-20 16:08,승,마이콘,CDM,9,8.2,0,0,0,0,0,0,0,0,0,0,0,0,18,16,88.9,0,10,10,152,4,2,0,0,3,2,1,1,3,0,0,0
2686,2026-03-20 16:08,승,M. 브로조비치,LCM,9,8.5,0,1,0,0,0,0,0,0,0,0,0,0,20,19,95,0,14,14,222,0,0,0,0,0,0,1,0,0,0,0,0
2687,2026-03-20 16:08,승,앙드레 오나나,GK,9,8,0,0,0,0,0,0,0,0,0,0,0,0,7,6,85.7,0,2,2,59,5,4,0,0,0,0,0,0,0,0,0,0
2688,2026-03-20 16:08,승,헨릭 미키타리안,LS,10,9.2,0,2,0,0,0,0,0,0,0,0,0,0,19,16,84.2,0,12,10,349,6,0,0,0,0,0,0,0,0,0,0,0
2689,2026-03-20 16:08,승,로빈 고젠스,LWB,10,8,0,0,1,0,0,0,0,0,0,0,0,0,9,9,100,0,7,6,182,7,5,3,1,1,1,0,0,1,0,0,0
2690,2026-03-20 16:08,승,파트리크 비에이라,LCB,9,7.2,0,0,0,0,0,0,0,0,0,0,0,0,7,7,100,0,3,3,34,2,2,1,0,0,0,1,0,0,0,0,0
2691,2026-03-20 16:08,승,루이스 피구,RW,9,7.9,0,1,0,0,0,0,0,0,0,0,0,0,7,7,100,0,3,2,158,1,0,1,0,0,0,1,0,0,0,0,0
2692,2026-03-20 15:57,패,라울 벨라노바,RCB,10,7.6,0,0,0,0,0,0,0,0,0,0,0,0,9,9,100,0,4,4,71,6,6,2,0,1,1,0,0,1,0,0,0
2693,2026-03-20 15:57,패,루이스 피구,RW,9,6.5,0,0,0,0,0,0,0,0,0,0,0,0,10,8,80,0,6,6,157,3,1,1,0,1,1,0,0,1,0,0,0
2694,2026-03-20 15:57,패,M. 브로조비치,LCM,9,5.9,0,0,0,0,0,0,0,0,0,0,0,0,18,15,83.3,0,7,7,120,3,1,0,0,0,0,0,0,0,0,0,0
2695,2026-03-20 15:57,패,로빈 고젠스,LWB,10,7.2,0,0,0,0,0,0,0,0,0,0,0,0,12,9,75,0,8,8,213,5,2,2,0,0,0,2,0,0,0,0,0
2696,2026-03-20 15:57,패,로타어 마테우스,RWB,11,6.2,0,0,0,0,0,0,0,0,0,0,0,0,14,13,92.9,0,11,9,203,4,1,3,0,0,0,0,0,0,0,0,0
2697,2026-03-20 15:57,패,헨릭 미키타리안,RCM,10,6.8,0,0,0,0,0,0,0,0,0,0,0,0,12,10,83.3,0,9,9,360,3,1,0,0,2,1,0,0,1,0,0,0
2698,2026-03-20 15:57,패,덴젤 둠프리스,LW,8,5.9,0,0,0,0,0,0,0,0,0,0,0,0,7,5,71.4,0,6,6,131,2,0,5,0,0,0,2,1,1,0,0,0
2699,2026-03-20 15:57,패,앙드레 오나나,GK,9,7.8,0,0,0,0,0,0,0,0,0,0,0,0,3,2,66.7,0,1,1,9,3,2,0,0,0,0,0,0,0,0,0,0
2700,2026-03-20 15:57,패,마르쿠스 튀람,LS,8,5.6,0,0,5,1,0,0,0,0,0,0,0,0,7,7,100,0,5,4,194,4,0,15,0,0,0,0,0,0,0,0,0
2701,2026-03-20 15:57,패,파트리크 비에이라,LCB,9,5.3,0,0,0,0,0,0,0,0,0,0,0,0,3,3,100,0,3,3,81,0,0,0,0,0,0,1,0,0,0,0,0
2702,2026-03-20 15:57,패,마이콘,CDM,9,6.4,0,0,1,0,0,0,0,0,0,0,0,0,10,10,100,0,4,4,30,2,2,1,1,1,1,2,0,1,0,0,0
2703,2026-03-20 15:46,승,루이스 피구,RM,9,7.5,0,1,0,0,0,0,0,0,0,0,0,0,7,6,85.7,0,4,4,70,3,2,1,0,0,0,0,0,0,0,0,0
2704,2026-03-20 15:46,승,앙드레 오나나,GK,9,6.6,0,0,0,0,0,0,0,0,0,0,0,0,4,2,50,0,3,2,108,4,1,0,0,0,0,0,0,0,0,0,0
2705,2026-03-20 15:46,승,마르쿠스 튀람,LW,8,9.7,3,0,3,3,0,0,0,0,0,0,0,0,15,13,86.7,0,4,4,87,6,1,5,0,0,0,0,0,0,0,0,0
2706,2026-03-20 15:46,승,덴젤 둠프리스,RCB,8,6,0,0,0,0,0,0,0,0,0,0,0,0,7,7,100,0,4,4,49,2,2,0,0,0,0,1,0,0,0,0,0
2707,2026-03-20 15:46,승,M. 브로조비치,LDM,9,7.1,0,0,0,0,0,0,0,0,0,0,0,0,15,15,100,0,10,10,82,3,3,0,0,3,2,0,0,2,0,0,0
2708,2026-03-20 15:46,승,라울 벨라노바,RWB,10,7.3,0,1,0,0,0,0,0,0,0,0,0,0,10,8,80,0,7,6,250,4,2,0,0,2,0,0,0,0,0,0,0
2709,2026-03-20 15:46,승,로빈 고젠스,LWB,10,7.1,0,1,0,0,0,0,0,0,0,0,0,0,12,8,66.7,0,8,7,234,7,3,0,0,2,1,1,0,1,0,0,0
2710,2026-03-20 15:46,승,헨릭 미키타리안,LM,10,6.9,0,0,0,0,0,0,0,0,0,0,0,0,16,14,87.5,0,8,7,223,4,1,1,0,0,0,0,0,0,0,0,0
2711,2026-03-20 15:46,승,마이콘,CDM,9,6.8,0,0,0,0,0,0,0,0,0,0,0,0,8,7,87.5,0,4,4,85,3,2,0,0,1,1,2,1,2,0,0,0
2712,2026-03-20 15:46,승,파트리크 비에이라,LCB,9,6.9,0,0,0,0,0,0,0,0,0,0,0,0,10,9,90,0,7,6,79,4,3,1,0,2,1,1,1,2,0,0,0
2713,2026-03-20 15:46,승,로타어 마테우스,RDM,11,6.7,0,0,1,1,0,0,0,0,0,0,0,0,11,8,72.7,0,6,5,135,6,2,0,0,0,0,0,0,0,0,0,0
2714,2026-03-20 15:34,승,로빈 고젠스,LWB,10,8,0,0,0,0,0,0,0,0,0,0,0,0,14,14,100,0,9,8,150,5,4,1,0,1,1,0,0,1,0,0,0
2715,2026-03-20 15:34,승,앙드레 오나나,GK,9,7.4,0,0,0,0,0,0,0,0,0,0,0,0,6,5,83.3,0,2,2,19,4,3,0,0,0,0,0,0,0,0,0,0
2716,2026-03-20 15:34,승,마르쿠스 튀람,LW,8,8.5,2,0,3,3,0,0,0,0,0,0,0,0,14,12,85.7,0,6,5,109,5,0,2,0,0,0,0,0,0,0,0,0
2717,2026-03-20 15:34,승,덴젤 둠프리스,RCB,8,5.7,0,0,0,0,0,0,0,0,0,0,0,0,7,6,85.7,0,4,3,26,5,3,0,0,1,1,0,0,1,0,0,0
2718,2026-03-20 15:34,승,마이콘,CDM,9,7.3,0,0,0,0,0,0,0,0,0,0,0,0,13,12,92.3,0,8,8,65,3,2,0,0,4,3,2,1,4,0,0,0
2719,2026-03-20 15:34,승,파트리크 비에이라,LCB,9,6.2,0,0,0,0,0,0,0,0,0,0,0,0,4,4,100,0,4,4,39,2,2,0,0,2,1,0,0,1,0,0,0
2720,2026-03-20 15:34,승,헨릭 미키타리안,LS,10,8.3,0,2,0,0,0,0,0,0,0,0,0,0,18,15,83.3,0,12,10,451,6,1,0,0,1,1,0,0,1,0,0,0
2721,2026-03-20 15:34,승,라울 벨라노바,RWB,10,7.4,0,0,0,0,0,0,0,0,0,0,0,0,13,10,76.9,0,8,8,210,9,6,0,0,2,2,4,0,2,0,0,0
2722,2026-03-20 15:34,승,M. 브로조비치,LCM,9,6.4,0,0,1,0,0,0,0,0,0,0,0,0,16,16,100,0,13,11,251,4,1,1,1,0,0,1,0,0,0,0,0
2723,2026-03-20 15:34,승,로타어 마테우스,RCM,11,7.6,1,1,1,1,0,0,0,0,0,0,0,0,9,7,77.8,0,10,7,201,6,1,0,0,4,1,0,0,1,0,0,0
2724,2026-03-20 15:34,승,루이스 피구,RW,9,6.3,0,0,0,0,0,0,0,0,0,0,0,0,5,5,100,0,0,0,0,0,0,1,0,0,0,0,0,0,0,0,0
2725,2026-03-20 9:45,패,파트리크 비에이라,LCB,9,4.7,0,0,1,1,0,0,0,0,0,0,0,0,6,6,100,0,4,4,107,0,0,0,0,0,0,0,0,0,0,0,0
2726,2026-03-20 9:45,패,라울 벨라노바,RCB,10,5.4,0,0,0,0,0,0,0,0,0,0,0,0,6,3,50,0,2,2,90,3,1,1,1,0,0,0,0,0,0,0,0
2727,2026-03-20 9:45,패,덴젤 둠프리스,LW,8,5.4,0,0,0,0,0,0,0,0,0,0,0,0,6,6,100,0,4,4,37,1,1,0,0,0,0,2,0,0,0,0,0
2728,2026-03-20 9:45,패,마르쿠스 튀람,LS,8,7.3,1,0,1,1,0,0,0,0,0,0,0,0,12,11,91.7,0,4,4,16,2,0,4,0,0,0,0,0,0,0,0,0
2729,2026-03-20 9:45,패,루이스 피구,RW,9,6.3,0,0,0,0,0,0,0,0,0,0,0,0,10,7,70,0,6,6,260,4,2,0,0,0,0,0,0,0,0,0,0
2730,2026-03-20 9:45,패,헨릭 미키타리안,RCM,10,6.2,0,0,0,0,0,0,0,0,0,0,0,0,4,3,75,0,3,1,94,3,2,1,0,0,0,0,0,0,0,0,0
2731,2026-03-20 9:45,패,앙드레 오나나,GK,9,5.5,0,0,0,0,0,0,0,0,0,0,0,0,0,0,0,0,0,0,0,0,0,0,0,0,0,0,0,0,0,0,0
2732,2026-03-20 9:45,패,로타어 마테우스,RWB,11,5.4,0,0,0,0,0,0,0,0,0,0,0,0,9,7,77.8,0,7,7,103,1,0,7,0,1,0,1,0,0,0,0,0
2733,2026-03-20 9:45,패,로빈 고젠스,LWB,10,5.2,0,0,0,0,0,0,0,0,0,0,0,0,5,3,60,0,3,3,92,3,1,1,0,0,0,1,0,0,0,0,0
2734,2026-03-20 9:45,패,마이콘,CDM,9,6.4,0,0,0,0,0,0,0,0,0,0,0,0,10,10,100,0,6,6,77,0,0,0,0,1,1,0,0,1,0,0,0
2735,2026-03-20 9:45,패,M. 브로조비치,LCM,9,6.4,0,1,0,0,0,0,0,0,0,0,0,0,9,6,66.7,0,2,2,25,2,0,0,0,1,0,0,0,0,0,0,0
2736,2026-03-20 0:25,패,로타어 마테우스,RCM,11,6.5,0,1,0,0,0,0,0,0,0,0,0,0,11,8,72.7,0,5,5,42,4,1,0,0,1,1,2,0,1,0,0,0
2737,2026-03-20 0:25,패,사뮈엘 에토,LW,9,7.5,1,0,2,2,0,0,0,0,0,0,0,0,16,15,93.8,0,10,9,130,4,0,4,0,0,0,0,0,0,0,0,0
2738,2026-03-20 0:25,패,덴젤 둠프리스,RCB,8,6,0,0,0,0,0,0,0,0,0,0,0,0,8,6,75,0,5,4,50,4,2,1,0,1,1,4,0,1,0,0,0
2739,2026-03-20 0:25,패,루이스 피구,RM,9,5.4,0,0,0,0,0,0,0,0,0,0,0,0,6,4,66.7,0,4,3,46,4,1,2,0,0,0,0,0,0,0,0,0
2740,2026-03-20 0:25,패,파트리크 비에이라,LCB,9,5,0,0,0,0,0,0,0,0,0,0,0,0,7,7,100,0,2,2,69,1,1,0,0,1,0,2,0,0,0,0,0
2741,2026-03-20 0:25,패,라울 벨라노바,RB,10,5.6,0,0,0,0,0,0,0,0,0,0,0,0,4,4,100,0,2,2,20,5,4,0,0,0,0,0,0,0,0,0,0
2742,2026-03-20 0:25,패,앙드레 오나나,GK,9,6.7,0,0,0,0,0,0,0,0,0,0,0,0,5,4,80,0,0,0,0,3,2,0,0,1,0,0,0,0,0,0,0
2743,2026-03-20 0:25,패,로빈 고젠스,LB,10,6.7,0,0,0,0,0,0,0,0,0,0,0,0,15,14,93.3,0,8,7,188,6,4,2,0,0,0,2,0,0,0,0,0
2744,2026-03-20 0:25,패,M. 브로조비치,LCM,9,6.2,0,0,1,1,0,0,0,0,0,0,0,0,16,13,81.2,0,12,9,181,8,1,0,0,0,0,0,0,0,0,0,0
2745,2026-03-20 0:25,패,마이콘,CF,9,6.9,0,0,1,1,0,0,0,0,0,0,0,0,14,13,92.9,0,13,12,207,2,1,0,0,2,1,0,0,1,0,0,0
2746,2026-03-20 0:25,패,로베르토 바조,LM,10,6.4,0,0,1,1,0,0,0,0,0,0,0,0,17,14,82.4,0,12,11,332,5,2,1,0,0,0,0,0,0,0,0,0
2747,2026-03-20 0:12,승,파트리크 비에이라,LCB,9,6.1,0,0,0,0,0,0,0,0,0,0,0,0,7,7,100,0,3,3,47,2,2,1,0,2,1,1,0,1,0,0,0
2748,2026-03-20 0:12,승,로베르토 바조,LM,10,7.3,0,1,0,0,0,0,0,0,0,0,0,0,10,7,70,0,11,9,293,5,0,0,0,0,0,0,0,0,0,0,0
2749,2026-03-20 0:12,승,사뮈엘 에토,LW,9,7.3,1,0,1,1,0,0,0,0,0,0,0,0,10,8,80,0,4,4,101,3,0,0,0,0,0,1,0,0,0,0,0
2750,2026-03-20 0:12,승,M. 브로조비치,LDM,9,7.5,1,0,1,1,0,0,0,0,0,0,0,0,14,13,92.9,0,7,6,90,4,2,0,0,0,0,1,0,0,0,0,0
2751,2026-03-20 0:12,승,로빈 고젠스,LWB,10,6.3,0,0,0,0,0,0,0,0,0,0,0,0,9,8,88.9,0,9,8,141,2,1,1,0,2,1,0,0,1,0,0,0
2752,2026-03-20 0:12,승,로타어 마테우스,RDM,11,6.8,0,0,0,0,0,0,0,0,0,0,0,0,14,14,100,0,8,8,82,4,3,1,0,1,0,2,0,0,0,0,0
2753,2026-03-20 0:12,승,덴젤 둠프리스,RCB,8,6.2,0,0,0,0,0,0,0,0,0,0,0,0,5,3,60,0,5,5,67,2,1,0,0,3,3,0,0,3,0,0,0
2754,2026-03-20 0:12,승,루이스 피구,RM,9,7.4,1,0,1,1,0,0,0,0,0,0,0,0,13,11,84.6,0,8,6,203,3,0,1,0,0,0,0,0,0,0,0,0
2755,2026-03-20 0:12,승,마이콘,CDM,9,6.3,0,0,0,0,0,0,0,0,0,0,0,0,13,12,92.3,0,10,8,155,4,2,0,0,0,0,0,0,0,0,0,0
2756,2026-03-20 0:12,승,라울 벨라노바,RWB,10,7.2,0,1,0,0,0,0,0,0,0,0,0,0,5,5,100,0,5,5,76,1,1,1,0,0,0,1,0,0,0,0,0
2757,2026-03-20 0:12,승,앙드레 오나나,GK,9,6.7,0,0,0,0,0,0,0,0,0,0,0,0,5,4,80,0,1,1,23,1,1,0,0,0,0,0,0,0,0,0,0
2758,2026-03-20 0:00,패,덴젤 둠프리스,RCB,8,5.5,0,0,0,0,0,0,0,0,0,0,0,0,6,6,100,0,3,3,32,2,2,1,0,1,0,1,0,0,0,0,0
2759,2026-03-20 0:00,패,로베르토 바조,LM,10,7.1,0,1,0,0,0,0,0,0,0,0,0,0,17,14,82.4,0,7,6,151,5,2,0,0,1,1,0,0,1,0,0,0
2760,2026-03-20 0:00,패,M. 브로조비치,LCM,9,8.1,0,1,0,0,0,0,0,0,0,0,0,0,23,21,91.3,0,18,14,266,8,5,2,0,1,1,1,0,1,0,0,0
2761,2026-03-20 0:00,패,루이스 피구,RM,9,6.2,0,0,0,0,0,0,0,0,0,0,0,0,11,10,90.9,0,4,4,128,2,1,0,0,0,0,0,0,0,0,0,0
2762,2026-03-20 0:00,패,마이콘,CF,9,7.4,0,1,0,0,0,0,0,0,0,0,0,0,19,16,84.2,0,12,11,182,6,2,0,0,4,3,1,0,3,0,0,0
2763,2026-03-20 0:00,패,로타어 마테우스,RCM,11,8,2,0,4,3,0,0,0,0,0,0,0,0,17,15,88.2,0,10,8,219,7,2,1,0,1,1,0,0,1,0,0,0
2764,2026-03-20 0:00,패,파트리크 비에이라,LCB,9,4.4,0,0,0,0,0,0,0,0,0,0,0,0,5,5,100,0,2,2,45,2,1,0,0,0,0,0,0,0,0,0,0
2765,2026-03-20 0:00,패,앙드레 오나나,GK,9,4.3,0,0,0,0,0,0,0,0,0,0,0,0,2,2,100,0,0,0,0,1,1,0,0,0,0,0,0,0,0,0,0
2766,2026-03-20 0:00,패,사뮈엘 에토,LW,9,8,1,0,3,2,0,0,0,0,0,0,0,0,24,23,95.8,0,17,12,312,10,1,1,0,0,0,0,0,0,0,0,0
2767,2026-03-20 0:00,패,로빈 고젠스,LB,10,4,0,0,0,0,0,0,0,0,0,0,0,0,3,3,100,0,3,2,51,2,1,0,0,2,1,1,0,1,0,0,1
2768,2026-03-20 0:00,패,라울 벨라노바,RB,10,4.7,0,0,0,0,0,0,0,0,0,0,0,0,5,4,80,0,4,4,86,3,2,0,0,2,0,0,0,0,0,0,0
2769,2026-03-19 23:48,무,앙드레 오나나,GK,9,6.5,0,0,0,0,0,0,0,0,0,0,0,0,1,1,100,0,0,0,0,0,0,0,0,0,0,0,0,0,0,0,0
2770,2026-03-19 23:48,무,M. 브로조비치,LDM,9,7.7,0,1,0,0,0,0,0,0,0,0,0,0,21,20,95.2,0,14,14,293,4,2,4,0,2,1,1,0,1,0,0,0
2771,2026-03-19 23:48,무,로빈 고젠스,LWB,10,6.5,0,0,0,0,0,0,0,0,0,0,0,0,11,10,90.9,0,7,6,128,4,3,0,0,2,0,0,0,0,0,0,0
2772,2026-03-19 23:48,무,로타어 마테우스,RDM,11,6.8,0,0,1,1,0,0,0,0,0,0,0,0,14,12,85.7,0,11,10,178,3,1,0,0,0,0,0,0,0,0,0,0
2773,2026-03-19 23:48,무,파트리크 비에이라,LCB,9,7,1,0,1,1,0,0,0,0,0,0,0,0,7,7,100,0,5,5,15,2,1,2,1,0,0,0,0,0,0,0,0
2774,2026-03-19 23:48,무,사뮈엘 에토,LW,9,5.4,0,0,0,0,0,0,0,0,0,0,0,0,13,10,76.9,0,9,6,87,6,0,3,0,0,0,0,0,0,0,0,0
2775,2026-03-19 23:48,무,루이스 피구,RM,9,6.4,0,0,0,0,0,0,0,0,0,0,0,0,11,10,90.9,0,5,5,149,2,1,0,0,1,0,0,0,0,0,0,0
2776,2026-03-19 23:48,무,로베르토 바조,LM,10,7.2,1,0,1,1,0,0,0,0,0,0,0,0,11,8,72.7,0,10,9,435,7,2,0,0,1,1,0,0,1,0,0,0
2777,2026-03-19 23:48,무,마이콘,CDM,9,6.4,0,1,0,0,0,0,0,0,0,0,0,0,12,12,100,0,4,4,43,4,3,1,0,1,0,3,1,1,0,0,0
2778,2026-03-19 23:48,무,라울 벨라노바,RWB,10,6.1,0,0,0,0,0,0,0,0,0,0,0,0,7,5,71.4,0,4,4,161,5,3,1,0,0,0,1,0,0,0,0,0
2779,2026-03-19 23:48,무,덴젤 둠프리스,RCB,8,6.8,0,0,0,0,0,0,0,0,0,0,0,0,7,6,85.7,0,2,2,96,4,3,1,0,3,2,0,0,2,0,0,0
2780,2026-03-19 23:36,승,로빈 고젠스,LWB,10,7,0,0,0,0,0,0,0,0,0,0,0,0,10,9,90,0,4,4,75,5,4,2,0,2,1,2,0,1,0,0,0
2781,2026-03-19 23:36,승,사뮈엘 에토,LW,9,8.3,2,0,4,3,0,0,0,0,0,0,0,0,10,9,90,0,7,4,84,7,1,1,0,0,0,0,0,0,0,0,0
2782,2026-03-19 23:36,승,덴젤 둠프리스,RCB,8,7.8,0,0,0,0,0,0,0,0,0,0,0,0,8,6,75,0,4,4,78,2,1,1,1,1,1,1,1,2,0,0,0
2783,2026-03-19 23:36,승,로베르토 바조,LS,10,6.5,0,0,0,0,0,0,0,0,0,0,0,0,9,9,100,0,6,5,164,2,1,5,0,0,0,0,0,0,0,0,0
2784,2026-03-19 23:36,승,로타어 마테우스,RCM,11,8,0,0,0,0,0,0,0,0,0,0,0,0,16,16,100,0,9,9,116,2,2,2,0,1,1,3,0,1,0,0,0
2785,2026-03-19 23:36,승,루이스 피구,RW,9,6.4,0,0,0,0,0,0,0,0,0,0,0,0,8,7,87.5,0,4,3,97,3,1,0,0,0,0,1,0,0,0,0,0
2786,2026-03-19 23:36,승,라울 벨라노바,RWB,10,8,0,1,0,0,0,0,0,0,0,0,0,0,7,6,85.7,0,3,3,108,4,3,4,0,0,0,2,0,0,0,0,0
2787,2026-03-19 23:36,승,M. 브로조비치,LCM,9,7.3,0,0,0,0,0,0,0,0,0,0,0,0,20,16,80,0,15,15,192,5,2,0,0,0,0,0,0,0,0,0,0
2788,2026-03-19 23:36,승,마이콘,CDM,9,7.1,0,1,0,0,0,0,0,0,0,0,0,0,17,12,70.6,0,9,8,146,7,2,0,0,1,0,0,0,0,0,0,0
2789,2026-03-19 23:36,승,앙드레 오나나,GK,9,7.1,0,0,0,0,0,0,0,0,0,0,0,0,1,1,100,0,0,0,0,1,1,0,0,0,0,0,0,0,0,0,0
2790,2026-03-19 23:36,승,파트리크 비에이라,LCB,9,7.2,0,0,0,0,0,0,0,0,0,0,0,0,10,9,90,0,5,5,90,7,5,1,0,2,2,0,0,2,0,0,0
2791,2026-03-19 14:41,패,루이스 피구,RM,9,5.6,0,0,0,0,0,0,0,0,0,0,0,0,11,9,81.8,0,8,6,322,4,0,1,0,0,0,0,0,0,0,0,0
2792,2026-03-19 14:41,패,파트리크 비에이라,LCB,9,6.1,0,0,0,0,0,0,0,0,0,0,0,0,8,8,100,0,5,4,86,2,2,0,0,2,1,4,1,2,0,0,0
2793,2026-03-19 14:41,패,로타어 마테우스,RCM,11,7.5,1,0,1,1,0,0,0,0,0,0,0,0,16,14,87.5,0,16,13,211,8,4,0,0,1,1,3,1,2,0,0,0
2794,2026-03-19 14:41,패,사뮈엘 에토,LW,9,9.1,3,0,4,3,0,0,0,0,0,0,0,0,26,26,100,0,17,14,326,11,4,4,0,0,0,0,0,0,0,0,0
2795,2026-03-19 14:41,패,M. 브로조비치,LCM,9,6.9,0,2,0,0,0,0,0,0,0,0,0,0,22,18,81.8,0,14,13,183,7,3,0,0,1,0,0,0,0,0,0,0
2796,2026-03-19 14:41,패,마이콘,CF,9,7,0,1,1,1,0,0,0,0,0,0,0,0,23,22,95.7,0,11,8,169,6,3,1,1,5,3,1,0,3,0,0,0
2797,2026-03-19 14:41,패,라울 벨라노바,RB,10,5.9,0,0,0,0,0,0,0,0,0,0,0,0,8,7,87.5,0,5,5,290,4,2,1,0,1,1,0,0,1,0,0,0
2798,2026-03-19 14:41,패,앙드레 오나나,GK,9,5.1,0,0,0,0,0,0,0,0,0,0,0,0,3,2,66.7,0,1,1,3,3,2,0,0,0,0,0,0,0,0,0,0
2799,2026-03-19 14:41,패,로베르토 바조,LM,10,7,0,1,0,0,0,0,0,0,0,0,0,0,17,15,88.2,0,9,8,348,3,0,0,0,0,0,0,0,0,0,0,0
2800,2026-03-19 14:41,패,덴젤 둠프리스,RCB,8,4.3,0,0,0,0,0,0,0,0,0,0,0,0,5,4,80,0,5,4,45,4,2,0,0,3,0,0,0,0,0,0,0
2801,2026-03-19 14:41,패,로빈 고젠스,LB,10,6.6,0,0,0,0,0,0,0,0,0,0,0,0,13,12,92.3,0,6,6,89,5,4,2,0,2,1,1,0,1,0,0,0
2802,2026-03-19 10:48,승,마이콘,CDM,9,8.6,0,0,0,0,0,0,0,0,0,0,0,0,20,18,90,0,12,11,133,5,4,0,0,3,3,0,0,2,0,0,0
2803,2026-03-19 10:48,승,파트리크 비에이라,LCB,9,8,0,0,0,0,0,0,0,0,0,0,0,0,8,8,100,0,3,3,24,5,4,0,0,1,1,0,0,1,0,0,0
2804,2026-03-19 10:48,승,로빈 고젠스,LWB,10,7.5,0,0,0,0,0,0,0,0,0,0,0,0,4,4,100,0,5,4,45,1,1,0,0,1,1,0,0,1,0,0,0
2805,2026-03-19 10:48,승,M. 브로조비치,LCM,9,9.2,1,1,1,1,0,0,0,0,0,0,0,0,16,16,100,0,13,12,254,5,3,0,0,0,0,0,0,0,0,0,0
2806,2026-03-19 10:48,승,덴젤 둠프리스,RCB,8,6.4,0,0,0,0,0,0,0,0,0,0,0,0,2,2,100,0,1,0,0,2,1,0,0,0,0,0,0,0,0,0,0
2807,2026-03-19 10:48,승,라울 벨라노바,RWB,10,7.2,0,0,0,0,0,0,0,0,0,0,0,0,2,2,100,0,1,1,63,0,0,0,0,0,0,0,0,0,0,0,0
2808,2026-03-19 10:48,승,앙드레 오나나,GK,9,6.8,0,0,0,0,0,0,0,0,0,0,0,0,2,1,50,0,1,1,8,0,0,0,0,0,0,0,0,0,0,0,0
2809,2026-03-19 10:48,승,로베르토 바조,LS,10,6.5,0,0,0,0,0,0,0,0,0,0,0,0,12,10,83.3,0,8,5,102,5,1,1,0,0,0,0,0,0,0,0,0
2810,2026-03-19 10:48,승,루이스 피구,RW,9,6.4,0,0,1,0,0,0,0,0,0,0,0,0,5,4,80,0,3,3,67,2,0,1,1,0,0,0,0,0,0,0,0
2811,2026-03-19 10:48,승,로타어 마테우스,RCM,11,9.1,1,1,1,1,0,0,0,0,0,0,0,0,15,11,73.3,0,5,4,64,8,2,1,0,0,0,0,0,0,0,0,0
2812,2026-03-19 10:48,승,사뮈엘 에토,LW,9,9.2,2,2,2,2,0,0,0,0,0,0,0,0,15,14,93.3,0,14,13,228,4,0,0,0,0,0,0,0,0,0,0,0
2813,2026-03-19 10:40,승,사뮈엘 에토,LW,9,8.3,2,0,2,2,0,0,0,0,0,0,0,0,8,8,100,0,10,7,77,5,1,0,0,1,1,1,0,1,0,0,0
2814,2026-03-19 10:40,승,마이콘,CDM,9,7.3,0,0,0,0,0,0,0,0,0,0,0,0,14,13,92.9,0,8,8,171,4,3,0,0,2,2,2,0,2,0,0,0
2815,2026-03-19 10:40,승,로타어 마테우스,RCM,11,8,0,1,1,1,0,0,0,0,0,0,0,0,20,18,90,0,13,13,147,3,0,0,0,2,0,0,0,0,0,0,0
2816,2026-03-19 10:40,승,라울 벨라노바,RWB,10,6.5,0,0,0,0,0,0,0,0,0,0,0,0,8,6,75,0,7,7,100,6,4,0,0,1,0,0,0,0,0,0,0
2817,2026-03-19 10:40,승,앙드레 오나나,GK,9,6.6,0,0,0,0,0,0,0,0,0,0,0,0,4,3,75,0,3,3,19,0,0,0,0,0,0,0,0,0,0,0,0
2818,2026-03-19 10:40,승,로빈 고젠스,LWB,10,7.5,0,0,0,0,0,0,0,0,0,0,0,0,11,10,90.9,0,4,4,280,4,3,3,1,0,0,0,0,0,0,0,0
2819,2026-03-19 10:40,승,로베르토 바조,LS,10,7.5,1,0,1,1,0,0,0,0,0,0,0,0,9,7,77.8,0,4,3,79,4,1,1,1,1,1,0,0,1,0,0,0
2820,2026-03-19 10:40,승,루이스 피구,RW,9,7.6,0,1,0,0,0,0,0,0,0,0,0,0,12,11,91.7,0,7,6,248,2,0,0,0,1,0,1,0,0,0,0,0
2821,2026-03-19 10:40,승,파트리크 비에이라,LCB,9,6.8,0,0,0,0,0,0,0,0,0,0,0,0,7,7,100,0,5,5,91,3,3,0,0,1,1,2,1,2,0,0,0
2822,2026-03-19 10:40,승,M. 브로조비치,LCM,9,6.9,0,0,0,0,0,0,0,0,0,0,0,0,18,11,61.1,0,13,12,199,11,4,0,0,0,0,0,0,0,0,0,0
2823,2026-03-19 10:40,승,덴젤 둠프리스,RCB,8,6.3,0,0,0,0,0,0,0,0,0,0,0,0,5,5,100,0,3,3,49,2,2,1,0,0,0,2,0,0,0,0,0
2824,2026-03-19 10:29,패,앙드레 오나나,GK,9,7.1,0,0,0,0,0,0,0,0,0,0,0,0,11,10,90.9,0,4,4,75,6,5,0,0,0,0,0,0,0,0,0,0
2825,2026-03-19 10:29,패,파트리크 비에이라,LCB,9,6.1,0,0,1,1,0,0,0,0,0,0,0,0,3,2,66.7,0,3,3,19,2,1,2,1,1,1,0,0,1,0,0,0
2826,2026-03-19 10:29,패,마이콘,CF,9,6.6,0,0,0,0,0,0,0,0,0,0,0,0,20,20,100,0,8,7,134,3,2,3,0,2,1,2,0,1,0,0,0
2827,2026-03-19 10:29,패,M. 브로조비치,LCM,9,7,0,0,1,1,0,0,0,0,0,0,0,0,21,20,95.2,0,17,17,253,1,0,0,0,0,0,0,0,0,0,0,0
2828,2026-03-19 10:29,패,로타어 마테우스,RCM,11,6.4,0,0,0,0,0,0,0,0,0,0,0,0,14,14,100,0,10,9,100,1,0,1,0,0,0,1,0,0,0,0,0
2829,2026-03-19 10:29,패,덴젤 둠프리스,RCB,8,5.9,0,0,1,1,0,0,0,0,0,0,0,0,4,4,100,0,2,1,24,3,3,4,4,0,0,2,1,1,0,0,0
2830,2026-03-19 10:29,패,로베르토 바조,LM,10,6.3,0,0,1,1,0,0,0,0,0,0,0,0,11,8,72.7,0,8,8,97,4,0,0,0,0,0,0,0,0,0,0,0
2831,2026-03-19 10:29,패,사뮈엘 에토,LW,9,7.1,1,0,2,1,0,0,0,0,0,0,0,0,13,12,92.3,0,10,8,58,4,0,5,0,0,0,0,0,0,0,0,0
2832,2026-03-19 10:29,패,라울 벨라노바,RB,10,6.4,0,0,0,0,0,0,0,0,0,0,0,0,7,6,85.7,0,4,4,74,4,3,2,0,1,0,3,0,0,0,1,0
2833,2026-03-19 10:29,패,루이스 피구,RM,9,7.2,0,1,1,0,0,0,0,0,0,0,0,0,14,10,71.4,0,12,11,250,7,1,0,0,1,0,1,0,0,0,0,0
2834,2026-03-19 10:29,패,로빈 고젠스,LB,10,5.9,0,0,0,0,0,0,0,0,0,0,0,0,10,9,90,0,8,7,195,5,3,0,0,0,0,1,0,0,0,0,0
2835,2026-03-17 14:42,패,루이스 피구,RM,9,6,0,0,0,0,0,0,0,0,0,0,0,0,5,5,100,0,3,3,96,1,1,0,0,0,0,0,0,0,0,0,0
2836,2026-03-17 14:42,패,파트리크 비에이라,RCB,9,4.2,0,0,0,0,0,0,0,0,0,0,0,0,4,4,100,0,2,2,18,4,3,1,0,0,0,0,0,0,0,0,0
2837,2026-03-17 14:42,패,라울 벨라노바,RB,10,3.3,0,0,0,0,0,0,0,0,0,0,0,0,2,2,100,0,2,2,16,0,0,0,0,0,0,0,0,0,0,0,0
2838,2026-03-17 14:42,패,M. 브로조비치,LCM,9,6.2,0,0,0,0,0,0,0,0,0,0,0,0,14,13,92.9,0,12,12,178,1,0,0,0,0,0,2,0,0,0,0,0
2839,2026-03-17 14:42,패,카를루스 아우구스투,LB,9,6.2,0,0,0,0,0,0,0,0,0,0,0,0,10,8,80,0,6,6,102,4,2,0,0,4,3,0,0,3,0,0,0
2840,2026-03-17 14:42,패,로타어 마테우스,RCM,11,6.8,0,1,0,0,0,0,0,0,0,0,0,0,9,8,88.9,0,10,5,147,7,1,0,0,2,0,3,0,0,0,0,0
2841,2026-03-17 14:42,패,덴젤 둠프리스,LCB,8,5.2,0,0,0,0,0,0,0,0,0,0,0,0,6,5,83.3,0,1,1,11,3,2,1,0,0,0,1,1,1,0,0,0
2842,2026-03-17 14:42,패,사뮈엘 에토,LW,9,8.8,1,1,3,1,0,0,0,0,0,0,0,0,18,18,100,0,6,5,71,4,0,1,0,1,0,0,0,0,0,0,0
2843,2026-03-17 14:42,패,앙드레 오나나,GK,9,4,0,0,0,0,0,0,0,0,0,0,0,0,1,1,100,0,0,0,0,1,1,0,0,0,0,0,0,0,0,0,0
2844,2026-03-17 14:42,패,로베르토 바조,LM,10,5.5,0,0,0,0,0,0,0,0,0,0,0,0,12,12,100,0,7,7,145,1,0,0,0,0,0,0,0,0,0,0,0
2845,2026-03-17 14:42,패,마이콘,CF,9,8.2,1,0,2,1,0,0,0,0,0,0,0,0,18,18,100,0,10,9,144,4,1,0,0,4,2,1,0,2,0,0,0
2846,2026-03-17 14:30,승,루이스 피구,RW,9,6.6,0,0,0,0,0,0,0,0,0,0,0,0,11,10,90.9,0,6,6,120,1,0,1,0,1,1,0,0,1,0,0,0
2847,2026-03-17 14:30,승,카를루스 아우구스투,LWB,9,7.6,0,0,0,0,0,0,0,0,0,0,0,0,10,9,90,0,7,6,236,4,2,1,0,3,2,2,0,2,0,0,0
2848,2026-03-17 14:30,승,마이콘,CDM,9,5.9,0,0,0,0,0,0,0,0,0,0,0,0,11,11,100,0,11,6,75,6,1,0,0,2,0,2,1,1,0,0,0
2849,2026-03-17 14:30,승,앙드레 오나나,GK,9,6.9,0,0,0,0,0,0,0,0,0,0,0,0,5,5,100,0,3,3,64,1,1,0,0,0,0,0,0,0,0,0,0
2850,2026-03-17 14:30,승,로타어 마테우스,RCM,11,6.5,0,0,0,0,0,0,0,0,0,0,0,0,15,15,100,0,11,10,271,1,1,0,0,2,0,0,0,0,0,0,0
2851,2026-03-17 14:30,승,라울 벨라노바,RWB,10,7.4,0,0,0,0,0,0,0,0,0,0,0,0,12,10,83.3,0,9,9,302,10,7,0,0,1,1,1,0,1,0,0,0
2852,2026-03-17 14:30,승,로베르토 바조,LS,10,7.3,0,2,0,0,0,0,0,0,0,0,0,0,9,5,55.6,0,6,6,294,3,0,0,0,0,0,1,0,0,0,0,0
2853,2026-03-17 14:30,승,M. 브로조비치,LCM,9,6.3,0,0,0,0,0,0,0,0,0,0,0,0,11,11,100,0,9,8,130,2,1,0,0,1,0,0,0,0,0,0,0
2854,2026-03-17 14:30,승,덴젤 둠프리스,RCB,8,6.5,0,0,0,0,0,0,0,0,0,0,0,0,8,7,87.5,0,4,4,42,4,3,0,0,0,0,1,0,0,0,0,0
2855,2026-03-17 14:30,승,사뮈엘 에토,LW,9,8.1,2,0,3,2,0,0,0,0,0,0,0,0,8,8,100,0,9,7,133,6,1,3,0,0,0,1,0,0,0,0,0
2856,2026-03-17 14:30,승,파트리크 비에이라,LCB,9,6.2,0,0,0,0,0,0,0,0,0,0,0,0,3,3,100,0,2,1,54,3,2,0,0,5,3,0,0,3,0,1,0
2857,2026-03-16 15:01,패,라울 벨라노바,RB,10,5.4,0,0,0,0,0,0,0,0,0,0,0,0,9,9,100,0,6,6,150,1,1,1,0,0,0,0,0,0,0,0,0
2858,2026-03-16 15:01,패,로타어 마테우스,RCM,11,4.7,0,0,0,0,0,0,0,0,0,0,0,0,11,11,100,0,9,7,123,1,0,0,0,3,0,1,0,0,0,0,0
2859,2026-03-16 15:01,패,루이스 피구,RM,9,5.7,0,0,0,0,0,0,0,0,0,0,0,0,5,5,100,0,6,3,219,4,1,0,0,0,0,1,0,0,0,0,0
2860,2026-03-16 15:01,패,앙드레 오나나,GK,9,7.9,0,0,0,0,0,0,0,0,0,0,0,0,5,5,100,0,1,1,15,2,2,0,0,0,0,0,0,0,0,0,0
2861,2026-03-16 15:01,패,M. 브로조비치,LCM,9,5.6,0,0,0,0,0,0,0,0,0,0,0,0,11,9,81.8,0,6,5,75,4,1,1,0,1,1,4,0,1,0,0,0
2862,2026-03-16 15:01,패,카를루스 아우구스투,LB,9,4.9,0,0,0,0,0,0,0,0,0,0,0,0,7,6,85.7,0,7,6,168,2,0,0,0,1,0,0,0,0,0,0,0
2863,2026-03-16 15:01,패,파트리크 비에이라,RCB,9,2.2,0,0,0,0,0,0,0,0,0,0,0,0,0,0,0,0,1,0,0,1,0,2,0,1,1,1,0,0,0,0,1
2864,2026-03-16 15:01,패,로베르토 바조,LM,10,5.9,0,0,0,0,0,0,0,0,0,0,0,0,10,9,90,0,9,8,419,6,4,0,0,1,1,0,0,0,0,0,0
2865,2026-03-16 15:01,패,사뮈엘 에토,LW,9,6.2,0,0,3,2,0,0,0,0,0,0,0,0,10,10,100,0,4,4,82,3,0,1,1,0,0,0,0,0,0,0,0
2866,2026-03-16 15:01,패,덴젤 둠프리스,LCB,8,3.9,0,0,0,0,0,0,0,0,0,0,0,0,6,5,83.3,0,2,1,4,2,1,0,0,2,0,2,0,0,0,0,0
2867,2026-03-16 15:01,패,마이콘,CF,9,6.6,0,0,1,1,0,0,0,0,0,0,0,0,19,17,89.5,0,10,9,101,3,0,0,0,0,0,1,1,1,0,0,0
