GK_ID,피슈팅,선방
828167948,4,1
856235840,4,2
856235840,0,0
844251752,4,3
856235840,6,1
251051539,4,2
856235840,4,1
828230621,8,4
233163587,3,0
856235840,4,0
856235840,6,3
834220901,3,1
856235840,4,3
834230621,1,1
856235840,6,4
251192119,6,2
828167948,5,1
840206585,1,0
206203841,3,3
828167948,2,0
828167948,6,4
300230872,3,0
828167948,3,2
234192119,4,0
828167948,4,2
264230621,4,2
265186153,2,0
828230621,8,3
280210257,3,0
828230621,3,0
828230621,5,2
251167495,5,3
828230621,3,2
300233267,3,0
828230621,4,2
300192119,3,0
260186569,2,1
828230621,8,2
256186153,5,4
828230621,4,4
828230621,9,4
825051539,5,3
251167495,7,3
828230621,4,1
260213951,4,1
834220901,9,5
834220901,3,3
265225116,4,3
300220901,4,3
834220901,7,3
834220901,1,0
206167948,4,0
834220901,3,1
508194404,2,2
834220901,5,2
206199482,13,6
300193786,7,3
834230621,7,2
300233164,5,3
834230621,4,1
206177683,3,2
834230621,3,1
300228789,4,2
834230621,5,4
283211101,4,2
834230621,4,2
508192119,2,1
834230621,5,2
237212831,3,2
834230621,4,2
845233267,5,3
834230621,4,4
834230621,5,3
101048940,6,3
251192119,3,2
300190941,6,2
251192119,2,0
515215698,0,0
251192119,16,4
300243952,0,0
251192119,5,1
256051539,5,1
251192119,5,3
265186153,2,1
251192119,5,2
517235840,0,0
251192119,6,3
289192119,7,4
251192119,2,1
814186569,3,1
251192119,5,0
836230621,5,1
206203841,5,2
834230621,3,2
206203841,3,1
214167495,3,1
206203841,6,3
300243675,7,2
834242948,5,2
300230872,3,2
846164835,4,2
253230621,5,2
265192119,1,0
846164835,4,2
201051539,2,0
846164835,4,1
206177683,0,0
234192119,5,3
848192119,6,3
234192119,1,1
234192119,6,4
300230621,1,1
517230869,4,3
234192119,3,1
264230621,3,0
300192448,4,1
270193105,5,3
264230621,7,5
264230621,2,2
260192119,5,1
804262621,10,5
264230621,7,4
264230621,3,2
264230621,5,1
234173373,3,1
264230621,5,1
251167495,3,1
264230621,8,4
834210257,7,3
264230621,6,4
834212831,3,2
264230621,6,5
845230869,9,6
829051539,3,1
851204935,2,1
845230869,7,5
848167948,7,3
845230869,6,3
300243830,4,0
845230869,12,8
828226753,6,2
845230869,7,5
517230621,3,1
845230869,3,1
217199987,5,1
845230869,7,2
206024630,7,3
845230869,3,1
253167495,0,0
845230869,3,0
829235073,7,4
826200389,1,0
506001179,7,4
829235073,5,1
280235073,3,2
829235073,5,0
834230621,4,2
829235073,4,1
829235073,4,3
256167495,6,4
825210257,4,2
829235073,4,1
265192119,7,1
237212831,5,3
256186153,7,3
265192119,8,3
265186153,4,1
815224836,5,3
265186153,7,2
828200389,3,2
268005479,2,1
265186153,5,3
265186153,6,5
853212432,4,3
265186153,7,2
265234102,10,5
834230621,3,0
265186153,7,4
265186153,4,0
270193105,5,2
265225116,6,2
265186153,4,2
265186153,5,2
517224003,3,1
280210257,3,1
829235073,7,7
280210257,7,3
835016254,5,2
280210257,4,2
828212831,4,2
280210257,4,3
513186153,2,1
280210257,4,3
802182494,4,2
280210257,6,4
251051539,3,1
280210257,5,4
246199987,5,3
280210257,5,2
251051539,8,4
280210257,7,4
840206585,4,2
291262621,2,2
251167495,7,2
273226753,1,0
251167495,2,2
300194404,5,4
251167495,3,1
251192119,3,2
251167495,7,2
289051539,2,0
251167495,4,1
237212831,2,1
251167495,4,3
283170597,4,2
251167495,5,1
845242179,2,1
251167495,4,1
234051539,3,0
251167495,1,1
300233267,7,4
253192119,6,2
206177683,3,2
300233267,6,4
513203841,8,6
300233267,3,1
291262621,3,1
300233267,6,3
216162835,7,2
300233267,1,1
804262621,6,4
300192119,3,0
300192119,4,2
825210257,2,2
206173373,2,0
300192119,5,2
846193080,4,3
300192119,5,0
300192119,2,1
845233267,4,0
300192119,2,0
814048940,9,6
300192119,5,1
324024630,7,3
246199987,6,4
300192119,4,1
300192119,9,3
270233267,1,0
260186569,7,4
283211101,5,2
260186569,3,1
256199987,3,2
260186569,4,2
324024630,7,4
828226753,2,1
260186569,4,1
260186569,3,3
300192119,5,3
260186569,5,1
264190941,8,3
260186569,5,2
802163587,7,2
260186569,4,0
300186148,0,0
829220901,9,8
260186569,4,3
829167495,6,1
260186569,3,0
256186153,3,1
256193105,3,0
256186153,2,0
207193080,6,1
256186153,3,0
218221087,0,0
256186153,1,0
852186153,2,0
256186153,5,2
264190941,5,1
251001179,3,1
256186153,3,0
256186153,3,1
216200389,2,0
256186153,3,2
253192119,3,1
256186153,2,1
300263887,2,2
825051539,7,5
265186153,2,0
828215698,6,3
825051539,6,3
274192119,8,4
825051539,2,0
814223885,3,0
825051539,1,1
289190053,5,1
825051539,4,4
300240913,7,2
825051539,4,1
829235073,2,1
825051539,7,3
237190053,3,2
825051539,3,1
825051539,3,1
300186153,3,1
207212831,5,0
825051539,3,1
804262621,1,0
825192119,3,0
265233306,2,2
825192119,3,1
517211738,5,1
825192119,2,0
834210257,6,4
825192119,3,2
270221087,3,1
825192119,1,0
253167495,2,0
825192119,2,2
218215316,5,2
825192119,0,0
825192119,2,1
848192119,5,1
270233267,4,2
825192119,4,3
260213951,3,0
319005479,5,1
260213951,2,2
852048940,3,0
260213951,3,1
826226753,5,0
260213951,9,4
300192119,4,1
260213951,8,3
265186153,5,0
260213951,1,0
828167948,5,2
237210257,4,1
513228789,3,2
206024630,3,1
260213951,5,2
260213951,2,0
300219836,4,3
324024630,1,1
265225116,2,2
265225116,5,4
251048940,5,2
251167495,2,1
265225116,3,0
300252154,4,3
265225116,2,0
300243311,2,0
265225116,5,3
826226753,5,1
265225116,5,2
256199987,4,2
265225116,3,1
268051539,7,3
265225116,5,0
300192119,3,1
265225116,1,0
300220901,9,4
840206585,8,4
300220901,4,0
829189117,7,5
300230670,6,2
300220901,3,0
300220901,3,0
234190941,5,1
826205186,6,2
300220901,6,1
300220901,2,1
260226753,10,5
264230621,0,0
300220901,4,1
300220901,6,0
251192119,4,0
300220901,5,3
289051539,6,2
283170597,4,3
206167948,6,3
237212831,5,2
206167948,8,4
256193105,4,1
206167948,6,2
265234102,4,1
206167948,5,3
834190941,8,4
206167948,6,4
517192563,4,3
206167948,0,0
834190941,3,2
206167948,6,1
284188943,4,3
206167948,5,2
513186153,4,1
206167948,7,5
834230621,3,0
508194404,5,1
324024630,4,1
508194404,2,0
207051539,3,1
508194404,7,3
214150724,6,1
508194404,4,1
216192448,21,7
508194404,5,1
265233306,4,2
508194404,1,1
291211738,2,2
508194404,5,3
851204935,3,1
508194404,3,1
206024630,7,3
508194404,0,0
206024630,7,4
206199482,6,4
206199482,6,2
501215698,7,2
501172723,6,2
206199482,10,4
291262621,3,1
206199482,8,2
834192119,4,1
848190941,5,3
848190941,4,2
852186153,3,0
855192119,3,2
848190941,5,3
517202811,8,3
848190941,3,2
840242948,2,1
300193786,5,2
300193786,11,7
300243311,7,3
300193786,5,1
827051539,3,0
300193786,4,1
214005479,4,0
300193786,3,0
845233267,4,3
251150724,6,3
300193786,9,3
289192119,1,0
300193786,4,1
265233306,1,1
300193786,3,0
851230872,7,4
300193786,3,2
234180739,3,1
300233164,6,1
300233164,6,1
256193105,3,1
300233164,8,3
300212831,5,2
300233164,2,2
270221087,3,0
300233164,3,2
502192119,6,2
834235840,4,1
300233164,2,1
234192119,4,1
300233164,10,2
300233164,3,0
300238186,4,1
300233164,8,5
802163587,0,0
291211738,3,3
300228789,6,3
300228789,0,0
251167495,4,1
300226753,6,3
300228789,4,2
300228789,5,5
828192119,8,4
256199987,7,1
300228789,5,2
206212831,3,2
300228789,3,1
848190941,5,2
300228789,4,1
206177683,5,4
300228789,5,1
300206585,3,3
300228789,4,3
283211101,5,2
260210257,6,4
283211101,4,1
274005479,7,5
283211101,3,0
300243311,1,1
283211101,5,4
834235840,5,3
283211101,4,2
515223885,7,5
283211101,6,4
256167495,2,2
283211101,6,2
324073239,3,2
283211101,4,0
206177683,7,2
283211101,7,4
513203841,2,1
818167495,10,2
508192119,2,1
237212831,4,0
256199987,4,0
237212831,8,5
284216065,9,4
256199987,4,2
845233267,1,0
251150724,2,1
845233267,1,0
101048940,4,1
253192119,2,1
828202811,4,3
101048940,3,1
252163587,3,2
101048940,3,1
513240091,7,1
101048940,2,1
300190941,1,0
840206585,7,4
825210257,7,3
300190941,5,3
300235840,1,0
300190941,5,3
828215698,3,3
300190941,5,4
291262621,5,3
300190941,4,2
256186153,5,4
300190941,2,1
300190941,3,1
856240091,7,4
283211101,4,2
300190941,4,1
265233306,4,2
300190941,5,3
515215698,6,1
300193336,1,0
214192119,3,1
515215698,7,3
284216065,3,0
515215698,1,1
515215698,3,1
840214979,6,2
515215698,3,2
324024630,4,2
515215698,4,2
201051539,4,1
265192119,7,4
515215698,3,2
515215698,3,1
231150724,5,1
265186153,6,2
515215698,4,1
515215698,0,0
283186569,4,0
300243952,6,3
231193080,7,3
300243952,3,2
827051539,6,2
300243952,2,1
289051539,9,5
300243952,2,1
300259532,4,0
300243952,6,3
246199987,6,1
300243952,5,1
216192448,1,1
300243952,2,0
804262621,3,2
300243952,5,1
851220901,4,0
300243952,0,0
265192119,6,3
233192119,4,1
256051539,4,2
501230621,1,0
256051539,5,3
233192119,7,6
265186153,7,4
840215316,6,2
265186153,3,1
206200389,7,3
265186153,3,2
206005479,3,0
265186153,1,1
206024630,3,2
265186153,3,1
101001179,2,1
265186153,4,2
825234642,4,3
265186153,5,0
206024630,4,2
265186153,7,2
265186153,7,3
517233306,7,3
300192119,7,3
289192119,8,5
206206585,2,1
289192119,4,2
828215698,2,2
289192119,4,0
828202811,3,1
289192119,5,1
289005479,4,2
289192119,3,2
233192119,6,1
289192119,6,1
252051539,4,3
829167495,5,2
517204935,3,1
829167495,2,1
300190941,1,0
829167495,4,4
513235073,6,2
829167495,2,1
829167495,5,3
517259532,6,3
829167495,5,0
300192448,5,2
814186569,2,1
293212432,2,1
829167495,4,1
517200389,4,1
834230621,4,3
814186569,7,3
834212831,4,2
836230621,11,5
206024630,3,0
836230621,4,2
836230621,6,4
237212831,5,1
810235073,3,0
836230621,6,5
836230621,12,7
207051539,1,0
827051539,8,4
836230621,1,0
237212831,5,2
836230621,3,1
834212831,8,2
836230621,4,2
836230621,6,3
293212432,6,3
265233306,9,3
324024630,6,2
324024630,3,1
324024630,4,4
218199987,4,2
256005479,3,1
218199987,3,1
237001179,6,0
237210257,5,2
218199987,6,5
834230621,6,3
828200389,5,2
834251752,6,0
834230621,6,1
851230872,1,0
834230621,5,3
214167495,6,4
217210257,4,2
214167495,3,2
237192119,5,2
214167495,6,4
853233286,4,2
214167495,4,1
300193336,1,0
214167495,3,2
818167495,4,4
214167495,6,5
264230621,5,4
214167495,5,3
834215698,2,0
214167495,6,2
265234102,2,1
214167495,6,4
237212831,4,2
300243675,0,0
206177683,4,0
300243675,4,1
300203841,5,2
517235840,4,1
300243675,5,1
300243675,4,2
802167948,5,3
300243675,0,0
834252154,2,0
300243675,2,0
214005479,8,5
300243675,5,2
251167948,8,6
300243675,3,1
300228279,6,3
300243675,7,4
251192119,6,4
324024630,0,0
834235840,3,1
834242948,7,4
834230621,3,0
834242948,4,2
810235073,5,0
834242948,8,2
300200389,2,0
283192448,4,3
234173373,3,2
283192448,7,2
237199987,8,2
283192448,5,2
300192448,4,2
283192448,7,5
251178005,3,1
851220901,10,4
283192448,8,2
283192448,2,0
265234102,7,3
283192448,5,3
300243585,6,0
283192448,4,1
324024630,3,1
283192448,7,3
291211738,5,0
289192119,6,4
253230621,3,2
253230621,3,0
234167495,5,2
300230621,5,1
253230621,5,1
206167948,2,1
253230621,6,3
810230621,10,4
846193080,5,3
280210257,3,0
810230621,8,6
264190941,3,0
810230621,8,5
214005479,6,2
810230621,5,2
300206585,4,1
810230621,2,0
265192119,4,0
515167495,12,9
265192119,8,4
216162835,3,1
265192119,3,1
268051539,4,1
265192119,3,0
300233164,4,2
265192119,5,3
253192119,6,2
265192119,7,2
265234102,6,2
207000488,6,3
265192119,5,4
206193080,5,3
265192119,7,3
265192119,5,2
260230621,8,4
853232065,5,4
201051539,3,3
828200389,4,2
201051539,3,0
201051539,2,0
289192119,3,1
201051539,3,1
810233934,2,0
217212831,8,5
251186153,3,1
251186153,3,1
256168435,4,1
251186153,5,2
231024630,3,0
256210257,6,1
251186153,4,2
251186153,6,4
846202811,3,1
206177683,5,1
237192119,6,4
206177683,6,4
300246139,5,2
206177683,5,3
253192119,6,3
206177683,1,0
323186153,0,0
206177683,8,4
855220901,5,1
206177683,3,1
274192119,9,3
253167948,3,1
206177683,4,2
206177683,5,2
300193105,4,1
206177683,4,0
291262621,3,2
206177683,7,4
829226753,3,2
848192119,3,1
289192119,9,2
848192119,6,4
828192448,5,1
848192119,5,3
283186153,4,0
848192119,4,2
834202811,6,4
848192119,8,3
214192119,3,2
848192119,6,3
253204935,7,2
234051539,8,3
848192119,6,1
836230621,6,3
300230621,4,0
834220901,6,4
300230621,9,3
231173373,7,3
300230621,3,1
300230621,6,3
513234642,7,3
206203042,5,2
300230621,7,2
834210257,6,4
300230621,6,2
300230621,6,2
300228413,6,3
300230621,2,2
834230621,5,1
300230621,1,0
814194404,7,2
834190941,12,4
300230621,4,0
517230869,8,3
300233934,2,1
517230869,6,2
206024630,3,2
517230869,3,1
517246657,5,2
517230869,4,1
251192119,8,5
517230869,2,2
828212831,5,0
517230869,3,2
289192119,3,0
517230869,3,2
291211738,5,2
517230869,9,3
256193105,4,1
517230869,5,2
216162835,5,3
517230869,3,2
834230621,2,1
825234642,4,0
802051539,5,2
802051539,2,1
827048940,3,3
829189117,4,2
802051539,2,1
300228789,4,1
300192448,6,2
289051539,4,2
300192448,2,1
218200726,5,2
300192448,0,0
234051539,2,0
300192448,5,2
251192119,6,2
300192448,2,1
234190941,2,2
300192448,4,1
234051539,6,3
300192448,3,1
283230621,1,0
300192448,5,2
251164835,3,0
300192448,0,0
270193105,7,3
517251752,2,0
270193105,0,0
517185122,4,1
270193105,6,4
256193105,6,4
270193105,6,1
300243675,2,0
270193105,2,1
207000488,7,3
270193105,2,0
300192119,7,2
270193105,3,1
207193080,4,0
270193105,5,1
511233306,6,1
270193105,6,2
237212831,2,2
834192119,4,1
802163587,4,1
300262621,2,1
834192119,5,2
256210257,5,3
260192119,0,0
846044897,4,1
260192119,2,1
251167495,6,2
260192119,4,3
251167495,4,1
260192119,3,1
260192119,3,1
804262621,4,4
251001179,4,1
260192119,8,4
260192119,4,1
265192119,4,1
804262621,3,2
234192119,2,2
300192448,3,1
264230621,3,1
264230621,4,3
206024630,2,1
264230621,4,1
283167495,7,4
264230621,2,2
834212831,4,2
264230621,6,1
256199987,8,3
264230621,7,2
206210257,2,1
264230621,2,1
300278394,5,1
828212831,6,1
234173373,6,2
234173373,7,3
828192448,4,1
834220901,6,5
234173373,3,1
234173373,2,1
201167948,5,1
234173373,5,4
231199987,3,0
234173373,3,0
829226753,2,0
234173373,3,1
845140233,3,2
234173373,4,1
270221087,8,4
201051539,4,0
265234102,5,1
280210257,3,0
517167495,10,5
517167495,3,3
834220901,7,3
828202811,4,0
517167495,3,1
828192119,6,2
517167495,1,0
517167495,8,4
206230621,3,0
260192119,4,3
517167495,6,0
300200389,5,1
517167495,0,0
251167495,8,1
834230621,6,2
253207998,8,4
251167495,4,2
825210257,2,1
834210257,3,1
834210257,5,2
201051539,5,1
218199987,6,1
834210257,0,0
834210257,3,2
206193041,4,1
283211101,5,1
834210257,2,1
834210257,3,1
802167948,5,2
834210257,8,2
828215698,1,0
834210257,2,0
253167495,5,0
834210257,4,2
265234102,2,0
237051539,6,2
829051539,4,1
834242948,3,1
829051539,2,0
264230621,4,2
829051539,2,1
270193105,1,1
829051539,12,8
515215698,4,2
829051539,2,0
848225116,2,1
829051539,3,1
268051539,4,1
829051539,7,5
829051539,4,3
300206585,4,3
829051539,6,3
829051539,2,1
851204935,4,2
828212831,5,4
851204935,3,3
214051539,4,2
848167948,5,3
300233164,4,1
848167948,5,2
324024630,7,4
848167948,8,4
503167495,5,0
237199987,1,1
848167948,4,2
848167948,5,3
513192448,2,1
246188943,5,0
848167948,7,5
848167948,8,5
828192119,3,0
848167948,6,3
251192119,6,1
814227127,5,0
848167948,4,2
206024630,2,1
300243830,5,1
834192119,8,1
300243830,4,1
300259532,5,3
300243830,4,0
234162835,1,0
828226753,8,4
237192119,4,1
828226753,3,1
207000488,4,1
828226753,5,4
264230621,4,3
828226753,7,5
517230621,5,2
517254803,8,5
517230621,4,1
834192119,4,1
517230621,2,2
256051539,5,2
517230621,6,1
834230621,3,1
517230621,2,0
294238570,6,2
517230621,4,4
291211738,5,2
517230621,5,0
260243952,4,1
517230621,2,1
814223885,3,0
517230621,3,0
834210257,5,1
802051539,4,1
517230621,2,1
513186153,1,0
206024630,6,4
265234102,3,0
206024630,5,2
251051539,5,3
206024630,6,3
300212831,4,0
206024630,2,0
828226753,7,2
206024630,6,1
828212831,4,3
206024630,4,1
206024630,2,0
256051539,4,1
828192448,9,6
206024630,4,0
825192448,7,4
206024630,7,1
834212831,3,1
253167495,6,3
253167495,5,3
256051539,5,2
256051539,3,2
253167495,4,2
253167495,2,1
300225395,3,2
253167495,0,0
216230621,2,0
253167495,5,4
834173426,5,3
253167495,6,4
280215698,7,3
265192119,6,2
253167495,5,2
253167495,3,3
231024630,2,0
216200389,7,4
826200389,10,6
826200389,5,3
253192119,6,1
826200389,5,3
856228789,1,0
826200389,3,1
503162835,7,2
826200389,9,6
517251752,4,1
274192119,5,1
826200389,2,0
836167495,3,1
826200389,5,2
826200389,5,3
856203841,5,3
826200389,4,0
324024630,7,2
506001179,1,0
828215698,4,1
506001179,8,3
517230621,7,2
506001179,4,3
517192563,2,0
506001179,1,0
825051539,5,2
506001179,7,5
214051539,4,1
506001179,4,0
802163587,4,4
506001179,7,2
300192119,2,1
506001179,6,0
206203841,2,0
300262621,2,0
506001179,6,3
270233934,5,1
280235073,4,2
300192119,4,2
280235073,3,1
280235073,7,1
253167495,6,3
280235073,6,2
225238570,6,3
280235073,7,4
300215698,3,1
207051539,7,4
280235073,5,0
280235073,6,3
503170597,3,2
273226753,4,1
280235073,1,0
280235073,3,0
300200389,3,3
834230621,4,1
289051539,1,1
834230621,6,3
265233306,10,5
834230621,4,2
256186153,4,0
834230621,8,3
300167495,2,0
256167495,5,1
251192119,5,2
253192119,8,5
256167495,4,1
322162835,2,1
251167495,5,3
251167495,5,2
283211101,6,4
251167495,5,2
852223885,7,2
234167495,8,3
270221087,8,5
234167495,1,1
848167948,4,1
234167495,6,2
251024630,9,4
234167495,1,0
270233934,6,3
825210257,6,3
324024630,3,2
825210257,4,3
206177683,6,2
513240091,5,3
825210257,5,1
825210257,6,3
517227127,7,2
825210257,4,0
851220901,1,0
834235840,4,1
825210257,3,3
825210257,4,0
201192119,3,2
825210257,8,6
513228789,5,2
825210257,1,1
206173373,3,1
804263063,4,2
834220901,6,5
291262621,5,0
804263063,5,3
804263063,2,0
291220901,0,0
804263063,7,2
216192448,5,1
804263063,1,1
206177683,5,2
804263063,6,2
300193105,6,2
804263063,4,3
256210257,6,4
517167495,6,3
804263063,3,2
804263063,4,2
218199987,2,1
804263063,5,1
234167495,7,5
206215316,4,2
237212831,1,0
300192119,5,3
237212831,3,1
840215316,4,1
237212831,6,3
300192119,1,1
237212831,6,2
291227127,5,3
237212831,3,0
291220901,6,3
237212831,5,2
300167495,2,0
300073562,2,1
237212831,7,0
834212831,2,1
513186153,4,0
237212831,4,2
256186153,5,3
217212831,5,2
256186153,4,0
517235840,4,1
829235073,6,2
256186153,4,1
826204935,3,2
256186153,5,1
256186153,6,1
253192119,2,0
265233306,10,6
256186153,6,1
294238570,5,2
256186153,6,3
256186153,2,1
256167495,5,3
256186153,6,4
300192119,6,0
834215698,2,0
834212831,2,2
265186153,7,2
834212831,5,1
834212831,4,1
840215316,5,3
256210257,4,3
834212831,6,1
834212831,3,2
280230621,4,0
217203042,5,4
834212831,2,2
855192119,5,5
834212831,4,0
216234642,3,1
834212831,4,2
834212831,5,3
517235073,7,5
252167948,9,5
815224836,3,0
815224836,6,2
251186153,7,2
815224836,3,2
206164835,2,0
815224836,2,0
825212831,3,1
815224836,4,1
848051539,4,1
851230872,3,0
815224836,2,0
265234102,6,3
815224836,5,3
815224836,6,5
826226753,4,2
252167948,3,0
815224836,3,2
828200389,5,3
251186153,5,3
206024630,3,0
828200389,5,4
256167495,7,3
828200389,8,4
828200389,6,3
256210257,3,0
828200389,1,0
829204883,5,3
828200389,7,4
234162835,4,0
234167948,5,3
828200389,8,5
828200389,5,1
300235840,4,0
207190053,7,2
828200389,6,4
300203841,6,2
853212432,5,1
206177683,2,2
853212432,4,0
834220901,5,4
853212432,7,5
274192119,8,4
853212432,5,3
300211738,3,1
853212432,4,1
834192119,4,1
853212432,5,3
517193698,4,2
853212432,4,2
214192448,5,0
853212432,6,2
853212432,4,1
206024630,4,2
234192119,4,0
265234102,5,2
265234102,8,4
201048940,5,1
291262621,2,1
265234102,6,3
834192119,4,1
265234102,4,1
253167495,10,5
265234102,8,4
237165735,4,2
265234102,8,4
517230621,5,2
265234102,7,4
256186153,4,3
265234102,6,2
265234102,2,1
283186569,5,1
834230621,6,3
825051539,9,5
834230621,5,1
231146748,6,1
834230621,7,1
300233306,3,1
291262621,7,4
834230621,7,3
834230621,8,5
251167495,2,0
834230621,2,0
206193105,6,2
834212831,21,9
834230621,0,0
216000488,5,0
834230621,10,4
834230621,4,1
253204935,8,3
270233934,8,4
251192119,5,1
270233267,2,0
251192119,4,1
834220901,2,0
251192119,9,5
848225116,4,1
270193105,7,5
517259532,3,0
270193105,5,2
265225116,3,1
300230621,5,3
265225116,6,2
517254803,6,2
265225116,5,2
283200316,5,3
231193080,3,1
265225116,4,3
265225116,7,3
300277823,7,3
265225116,6,4
242192119,2,2
265225116,1,0
802167948,10,4
265225116,4,1
827048940,3,1
265225116,4,2
216234642,13,7
217212831,5,1
517224003,3,1
225238570,8,4
835016254,4,2
825212831,6,2
835016254,4,2
835016254,3,0
234167948,1,1
217210257,10,6
828212831,4,3
828212831,2,0
246193105,5,2
828212831,7,4
300233189,2,1
231193080,3,2
513186153,2,0
513186153,6,3
318172723,6,1
206177683,2,0
513186153,7,5
231173426,2,0
513186153,7,4
517215698,5,0
513186153,7,2
513186153,3,1
216192448,4,0
517202811,3,0
513186153,2,2
513186153,1,0
270193105,4,0
802182494,3,1
300167495,4,1
802182494,8,5
111051539,3,1
251192119,7,3
802182494,6,3
802182494,3,2
300192119,3,1
246199987,6,4
206024630,4,1
246199987,2,0
207167495,4,1
237192119,4,1
246199987,4,3
834212831,2,0
251051539,5,3
300243675,4,0
251051539,4,3
855200389,3,1
251051539,7,3
234167495,5,3
251051539,2,0
206024630,4,2
251051539,7,4
828212831,3,1
251051539,5,1
206024630,4,3
251051539,9,4
231024630,3,0
251051539,4,3
517211738,5,2
251051539,9,2
291262621,4,2
804262621,2,1
291262621,4,1
300212831,4,1
291262621,5,1
291262621,2,1
291262621,4,1
251192119,7,3
268051539,5,2
291262621,9,3
517193698,5,2
273226753,4,0
273226753,3,2
207167495,5,2
270234577,8,4
273226753,6,2
845230869,3,0
273226753,3,1
273226753,1,1
291262621,5,1
265186153,3,3
273226753,4,3
206177683,4,4
273226753,7,4
324024630,4,1
273226753,8,4
237193105,1,0
273226753,1,0
300194404,7,3
300212831,6,3
265234102,5,1
300194404,3,1
853233286,2,0
300194404,5,1
300192119,1,0
300194404,0,0
300194404,7,2
300238186,5,3
300206585,1,1
300194404,4,0
825051539,9,5
300194404,7,3
216167948,4,2
300194404,5,1
517227127,1,0
300194404,6,1
251192119,6,2
251167948,5,4
251192119,6,2
825048940,3,1
251192119,5,1
253204935,8,5
289051539,5,0
501230621,5,1
289051539,0,0
283002147,2,0
289051539,6,5
265192119,5,3
206177683,9,5
289051539,4,1
289051539,3,3
251051539,3,1
289051539,5,2
216192448,6,3
289051539,4,1
251192119,1,0
237212831,2,1
234192119,1,0
237212831,5,3
300228413,8,6
237212831,5,3
206192448,6,5
237212831,7,4
206024630,3,0
237212831,5,2
834250753,2,0
237212831,3,1
511215698,3,2
237212831,4,1
283170597,9,4
825210257,1,0
237212831,7,2
217210257,4,1
237212831,2,1
300186148,4,0
283170597,8,4
270193105,2,1
283170597,4,3
265186153,5,2
283170597,5,3
206024630,4,2
283170597,5,4
283170597,5,2
300224251,4,0
280167948,10,6
283170597,2,2
234192119,3,1
283170597,9,6
826192563,3,2
283170597,4,1
270193105,3,2
283170597,8,2
845242179,6,4
300259532,9,3
845242179,5,3
834167495,4,0
828167495,3,1
845242179,5,3
242192119,5,2
845242179,5,2
802200389,3,1
845242179,3,0
234173373,6,3
845242179,5,0
300193105,5,2
845242179,5,1
300225395,2,1
845242179,5,3
300243675,2,0
845242179,1,1
845242179,7,5
214167495,5,2
201051539,8,4
253192119,6,1
828212831,5,3
253192119,4,1
206177683,7,4
517204883,5,3
206177683,2,1
270233934,2,1
206177683,4,3
234162835,4,1
206177683,4,1
218221087,1,0
206177683,6,2
237212831,4,0
206177683,2,0
291211738,7,4
206177683,6,4
270221087,6,3
214024630,4,2
513203841,10,4
513203841,5,4
260210257,4,2
513203841,2,2
825192448,2,1
513203841,4,3
828212831,7,3
513203841,6,5
844199641,7,4
513203841,7,1
828215698,3,0
513203841,5,1
265233306,1,0
217203042,2,2
513203841,1,0
291262621,1,0
283170597,4,1
291262621,4,1
825210257,3,1
206203841,8,5
280212831,6,2
291262621,6,1
840215316,3,2
291262621,4,2
217212831,7,1
291262621,0,0
264190941,5,0
291262621,12,6
251051539,8,2
291262621,3,0
216167948,5,3
280210257,8,3
291262621,6,3
291262621,5,4
291211738,7,4
264190941,7,3
216162835,8,4
216162835,4,2
234190053,3,1
216162835,7,4
256210257,8,3
216162835,5,2
251192119,9,3
216162835,5,3
284216065,6,3
814186569,4,1
216162835,1,0
216162835,4,1
283186569,2,0
216162835,5,4
300167495,3,0
216162835,6,4
265186153,5,0
216230621,4,0
825210257,6,3
851204935,4,1
825210257,2,1
253192119,5,0
825210257,3,1
270233934,5,2
825210257,2,1
834210257,4,1
825210257,2,1
300259065,4,2
825210257,4,2
284216065,4,2
825210257,5,3
517192563,6,3
825210257,4,2
265192119,7,2
825210257,3,0
206173373,4,2
517204883,3,1
206173373,3,0
256168435,4,2
851204935,4,1
206173373,4,0
206173373,10,6
828212831,1,0
206173373,1,0
845242179,2,1
206173373,7,5
206208104,6,2
206173373,6,1
300225149,4,3
206173373,4,0
802051539,2,0
846193080,3,1
270234577,5,3
846193080,8,3
834210257,2,1
300215698,3,2
846193080,8,3
846193080,6,2
517251752,4,3
846193080,7,3
265186153,4,2
846193080,5,3
517259532,4,3
846193080,7,3
515240091,5,1
265225116,8,4
846193080,6,2
846193080,3,0
283167495,3,1
846193080,5,2
265192119,3,0
233192119,2,1
845233267,7,6
845233267,2,0
289019580,7,4
845233267,3,2
207204935,0,0
845233267,4,1
260213951,6,2
206024630,3,1
845233267,5,2
268051539,7,2
845233267,0,0
845233267,5,2
834246139,6,2
300259532,6,2
845233267,2,1
251150724,6,1
845233267,1,0
829235073,7,4
265233306,6,6
804262621,3,1
829235073,4,2
829235073,4,0
848051539,4,1
829235073,4,2
300263063,5,2
829235073,2,2
300192448,3,0
829235073,4,3
246199987,3,1
814048940,5,3
828215698,2,2
300192119,1,0
814048940,7,4
814048940,2,0
828215698,9,3
828230621,3,1
814048940,5,4
289192119,3,1
324024630,3,2
829235073,5,2
324024630,2,1
237210257,6,4
324024630,7,4
284216065,5,2
324024630,0,0
848167948,6,5
324024630,3,1
246199987,5,2
283230621,4,2
246199987,3,1
206186153,3,1
246199987,4,0
828212831,2,0
246199987,9,6
300216065,3,0
270233267,3,2
826226753,1,0
237192119,3,0
270233267,4,2
270233267,1,0
828192119,10,6
300228789,7,5
270233267,2,2
270233267,3,0
206164835,5,1
300262621,3,1
270233267,8,5
270233267,1,1
828215698,4,0
270233267,2,1
300225395,3,1
283211101,3,1
804262621,5,1
221192448,5,1
283211101,4,1
206203775,4,3
283211101,6,4
283211101,5,1
300235840,3,3
283211101,2,0
829204883,6,2
834230621,10,6
283211101,1,0
252167948,5,1
283211101,4,0
283211101,4,2
206024630,3,1
283211101,2,0
265225116,6,4
283211101,3,1
218199987,6,3
804263063,6,2
256199987,3,1
826205186,7,3
256199987,4,2
256199987,5,2
300270821,6,4
852200159,5,5
256199987,4,2
300192448,5,2
256199987,2,2
300215698,7,6
256199987,6,3
289178005,5,2
256199987,4,2
256199987,6,2
256186569,4,1
206177683,1,0
256199987,5,2
856210385,6,1
324024630,4,2
284216065,4,1
324024630,2,2
291220901,9,4
324024630,6,3
264190941,1,1
324024630,3,2
300192448,2,0
324024630,2,1
265225116,2,0
324024630,4,1
216163587,5,2
324024630,4,1
252167948,0,0
324024630,3,0
291262621,7,1
324024630,7,3
828226753,7,5
852192448,5,3
828226753,4,3
231024630,6,4
828226753,8,5
206024630,4,2
828226753,8,8
283186569,4,1
828226753,5,4
517223885,8,4
828226753,5,4
300226753,6,0
300192119,5,2
300192119,11,3
300192119,4,1
206048940,3,1
300192119,4,0
300259532,0,0
300192119,8,4
501230621,5,2
300192119,1,1
270233267,5,3
300192119,3,1
300192119,8,3
265192119,3,1
300192119,2,1
300192119,6,3
265233306,5,1
300192119,3,1
254048940,4,3
828215698,5,1
264190941,2,1
206193080,8,2
802163587,3,1
300186148,5,3
324024630,9,5
300254803,6,2
300186148,6,2
834192119,11,0
300186148,2,0
300186148,4,2
825192448,6,2
252051539,4,2
300186148,3,1
234051539,7,2
300186148,4,1
270193105,1,1
300186148,4,2
802051539,3,3
300186148,5,0
206177683,3,2
300186148,5,3
826200389,7,3
829220901,4,2
829220901,1,1
237212831,2,0
829220901,6,2
264190941,4,1
829220901,7,4
845233267,3,1
829220901,9,8
300262621,5,2
829220901,5,1
300215698,6,3
829220901,3,1
231024630,4,4
829167495,6,1
300192119,5,2
829167495,8,2
834210257,4,2
829167495,9,4
234051539,7,2
829167495,10,3
206186153,7,2
829167495,12,7
283170597,9,4
829167495,4,2
246199987,5,2
829167495,6,2
828215698,5,4
829167495,5,2
291211738,9,5
829167495,7,1
201167948,7,3
829167495,2,0
300192448,4,1
829235073,3,0
256193105,8,5
251167495,3,2
256193105,7,3
825212831,1,0
207193080,6,4
207193080,3,1
274192119,7,6
834177683,5,2
207193080,4,1
207193080,4,2
265233306,2,2
206024630,2,0
207193080,3,3
324024630,4,3
207193080,4,1
322177644,5,1
207193080,4,1
270233934,3,0
207193080,6,3
846202811,5,2
207193080,4,0
264230621,4,3
207193080,8,1
253192119,3,2
218221087,3,1
804262621,3,2
218221087,5,3
218221087,6,3
300215698,4,2
218221087,4,3
853232065,3,2
294238570,1,0
218221087,4,2
218221087,4,1
274192119,8,3
218221087,3,3
508186153,2,0
300233934,4,0
218221087,4,3
218221087,0,0
252167948,2,0
852186153,7,2
829051539,4,1
828192119,5,4
829051539,7,5
829199987,3,1
829051539,2,0
283167495,3,2
829051539,2,1
517235073,4,3
829051539,3,0
810225116,5,2
829051539,1,1
802167948,8,1
829051539,2,1
300186153,1,1
829051539,19,6
206024630,1,1
829051539,4,0
300192119,6,1
829051539,5,2
237001179,3,2
264190941,4,2
264190941,9,4
268051539,7,3
802005479,8,4
264190941,4,1
252162835,4,3
264190941,4,2
216189690,8,2
264190941,3,1
300262621,8,4
264190941,6,4
251001179,4,2
214051539,1,0
251001179,2,1
300260978,3,0
280210257,8,1
251001179,3,1
251001179,8,4
517211738,2,1
251001179,3,1
300186153,8,3
251001179,3,3
834230621,5,2
251001179,1,1
233192119,6,5
216200389,4,3
852263880,3,1
231024630,5,2
216200389,6,1
216200389,5,5
300206585,8,4
216200389,4,1
818167495,4,1
856228789,5,2
216200389,8,5
810246139,4,0
216200389,0,0
300186153,3,1
216200389,9,6
300233189,2,0
216200389,2,0
840215316,4,2
216200389,1,0
253167495,5,1
216200389,9,6
834235840,2,1
253192119,6,1
253192119,4,2
280177683,7,2
253192119,7,2
300234777,4,3
283186569,3,2
253192119,4,4
253192119,7,2
826226753,2,0
253192119,6,3
834202811,8,4
253192119,4,2
828212831,3,1
856235840,7,4
253192119,2,1
247191924,0,0
300263887,5,1
300263887,7,4
300233306,6,2
256005479,5,3
300263887,7,3
300263887,5,1
829220901,3,1
251192119,1,1
300263887,6,2
828230621,5,0
300263887,2,1
206212831,3,3
300263887,5,2
214212831,6,0
300263887,7,1
511220901,6,4
300263887,2,1
825206585,5,1
300263887,2,1
289051539,3,0
265186153,5,2
825206585,3,1
265186153,7,4
206212831,2,0
265186153,3,2
825212831,3,0
256186153,8,6
300192119,6,2
256186153,5,5
234001179,3,1
256186153,2,1
231163155,1,0
256186153,5,2
256186153,8,4
834212831,4,0
828215698,3,3
253192119,3,0
828215698,1,1
828215698,7,1
828215698,6,2
216192448,7,4
828215698,5,2
828192119,5,1
828215698,5,4
101001179,4,2
828215698,1,0
300194404,6,2
828215698,1,1
300193080,3,2
828215698,4,3
251051539,4,2
828215698,7,2
253168435,7,3
274192119,3,1
804263063,4,2
274192119,3,1
828230621,4,2
274192119,3,1
806266323,6,1
274192119,4,2
848252154,3,0
851210676,3,0
274192119,6,4
274192119,7,3
840214979,5,3
253192119,8,3
274192119,6,3
274192119,3,2
300199987,6,2
274192119,2,0
848225116,1,0
206230621,6,2
814223885,4,0
825192119,2,0
814223885,4,3
851204935,1,0
814223885,2,2
814223885,3,1
825051539,4,2
289190053,4,1
280243952,5,2
289190053,6,2
265233306,12,6
289190053,0,0
845199005,3,1
289190053,1,0
256193105,11,2
289190053,3,0
206215316,4,2
289190053,7,4
828212831,2,1
289190053,3,3
300204883,6,2
289190053,3,1
273180739,5,2
289190053,7,3
840242948,3,0
289190053,3,0
237212831,4,1
300240913,8,6
234190941,2,1
300240913,2,1
256186153,5,0
300240913,3,1
828167495,3,0
300240913,6,2
201192119,8,1
300240913,6,2
517212831,5,2
300240913,5,0
802051539,1,0
300240913,5,0
517193080,1,0
207000488,5,2
300240913,2,1
300240913,4,3
517200389,2,1
300240913,2,1
291262621,12,4
829235073,2,1
828202811,5,4
829235073,6,4
802163587,2,0
829235073,4,2
268005479,4,1
234167495,8,3
829235073,3,1
834192119,4,2
829235073,6,3
289176550,8,3
829235073,7,3
829235073,7,2
829235073,5,3
829235073,8,4
840188943,0,0
829235073,9,5
214212831,3,2
829235073,2,1
300258498,5,3
237190053,5,3
834202811,7,3
237190053,8,4
836005479,5,2
237190053,2,1
825192119,8,4
237190053,0,0
234051539,4,1
206024630,5,2
237190053,1,1
237190053,3,2
234190053,6,6
237190053,3,1
828209981,6,3
210230621,7,3
265233306,2,0
265233306,3,3
828212831,6,3
283186153,5,2
300186153,3,2
517259532,6,3
300186153,6,2
300224836,4,2
300186153,5,1
848225116,5,0
300186153,5,1
322146748,6,4
300186153,7,3
804262621,3,2
300186153,4,2
300224836,2,1
300186153,2,2
804262621,3,2
300186153,1,1
517259532,5,5
300186153,4,2
517209981,7,4
300186153,2,1
207212831,6,1
300228789,6,0
207212831,8,3
256199987,7,4
265233306,4,0
207212831,1,0
300259532,5,3
207212831,6,1
207212831,5,4
270233934,4,2
217234642,5,3
207212831,7,2
207212831,7,3
515227127,5,2
216200389,6,2
207212831,7,2
207212831,8,2
300226753,5,4
216162835,0,0
828215698,4,0
207210257,4,1
828215698,4,0
265233306,4,4
264230621,6,4
265233306,7,2
101238380,5,4
265233306,4,2
252162835,7,3
265233306,2,0
827048940,4,2
265233306,5,3
814048940,7,2
265233306,4,2
300235840,3,2
826192563,8,2
265233306,6,1
265233306,6,3
256051539,2,1
265233306,4,2
237192119,8,3
517211738,5,4
256186153,5,4
517211738,5,1
214024630,4,1
802048940,3,2
517211738,7,3
517211738,8,2
283192448,6,2
517211738,9,4
804262621,7,3
517211738,10,4
283186153,8,4
517211738,4,1
251167495,3,2
517211738,5,2
293212432,4,3
274192119,5,3
517211738,4,3
517211738,5,0
216192448,6,3
834210257,4,2
300212831,3,1
101005479,6,2
270221087,2,1
825212831,6,4
270221087,2,0
242186153,5,2
270221087,2,1
270221087,3,2
214212831,3,0
201190053,7,3
270221087,9,5
270221087,4,2
825051539,5,4
802051539,6,2
270221087,2,1
265233306,4,1
270221087,4,0
270221087,2,0
289192119,4,3
253167495,3,0
237212831,4,2
253167495,4,1
216167495,4,2
253192119,7,4
253167495,6,4
253167495,4,1
825048940,4,3
253167495,8,5
289190053,4,3
253167495,5,2
856240091,1,0
253167495,4,3
513234642,4,3
253167495,4,3
300230621,6,4
218215316,5,1
825212831,5,2
218215316,12,7
300193080,7,1
815206003,7,2
218215316,5,3
206024630,8,4
218215316,4,2
289192119,3,0
218215316,7,3
237212831,4,1
218215316,6,3
218215316,4,2
300243647,3,1
508024630,5,1
218215316,3,1
265234102,5,3
218215316,6,3
324024630,7,3
848192119,4,0
829204883,4,0
848192119,4,1
237199987,7,2
848192119,6,3
300199987,5,1
848192119,8,6
834210257,21,1
848192119,1,0
101190053,3,1
848192119,3,2
270233934,3,2
848192119,6,2
291262621,3,2
848192119,7,1
810220901,5,2
848192119,6,3
270233267,5,3
300212831,4,1
270233267,5,3
214048940,4,0
270233267,6,4
515192119,6,2
270233267,6,4
234192119,7,2
270233267,7,4
300186153,4,1
270233267,4,0
845242179,1,1
270233267,4,1
256210257,3,2
270233267,10,8
834242948,4,1
270233267,1,0
513200389,8,4
319005479,5,4
828202811,5,2
291220901,0,0
319005479,2,0
826226753,2,0
217212831,10,6
828192119,7,3
826226753,9,4
826226753,5,1
217212831,5,4
826226753,4,1
283167495,9,3
826226753,3,2
517211738,5,4
826226753,13,6
291211738,2,2
826226753,4,3
834230621,12,7
251167948,5,2
826226753,5,1
826226753,2,0
206177683,5,4
300192119,1,0
844199641,4,0
289192119,3,1
300192119,5,0
300192119,5,4
265234102,8,3
300192119,4,2
253167495,5,1
300192119,4,1
216167495,3,2
201001179,9,2
300192119,2,1
834230621,6,3
300192119,2,1
828212831,4,1
300192119,3,2
834212831,3,1
300192119,3,0
265234102,4,1
265186153,3,0
253192119,1,1
265186153,5,3
265186153,7,6
300167495,2,0
265186153,4,1
111051539,0,0
300192119,7,3
265186153,4,1
300192119,0,0
265186153,5,1
217210257,3,1
265186153,6,3
265186153,3,2
256186153,3,0
265186153,6,4
300263887,7,1
513228789,2,0
214190053,11,7
251190053,6,5
513228789,4,0
513228789,0,0
265192119,4,1
300198513,6,1
513228789,3,2
324024630,10,5
513228789,3,1
856235840,2,2
513228789,4,1
517192563,2,2
513228789,3,1
513228789,2,2
206199482,3,2
206024630,8,3
513228789,9,2
206024630,8,4
300190941,7,0
246199987,8,1
206024630,4,2
206024630,1,1
206200389,4,0
206024630,3,3
256186153,4,1
206024630,5,4
503234102,5,2
206024630,7,3
214024630,2,0
206024630,4,2
852192448,7,1
206024630,3,0
840215316,4,1
300215316,5,2
300219836,0,0
804262621,2,1
300219836,3,2
300219836,5,1
214192448,1,0
828200389,3,2
300219836,3,0
300219836,5,3
319005479,7,4
300219836,3,1
300240091,1,0
280230621,4,2
300219836,7,7
231024630,4,0
300219836,4,1
300219836,3,2
517212831,4,1
324024630,2,1
517252154,9,3
324024630,6,3
270233934,5,3
324024630,4,0
280177683,6,2
836167948,5,4
251048940,3,0
828215698,4,1
251048940,4,1
256199987,6,3
251048940,5,1
832235073,3,0
251048940,4,3
835016254,6,3
251048940,1,1
828230621,5,1
251048940,1,0
846212831,5,1
511186153,7,3
848051539,7,5
251048940,6,4
814186569,7,2
251048940,5,1
300252154,5,3
234173373,4,0
300252154,3,0
214200389,2,1
265225116,2,1
300252154,5,1
300252154,5,4
805212432,4,2
834230621,5,1
300252154,4,1
322146748,2,1
300252154,7,5
300263887,0,0
300252154,4,1
300252154,0,0
234051539,2,0
515167495,8,4
300252154,5,3
214186569,3,3
300243311,5,3
300243311,5,4
256186153,6,3
300243311,4,1
251186153,8,4
300243311,7,2
231024630,3,1
217212831,9,5
300243311,5,0
300243311,4,3
206177683,4,2
300243311,5,1
284216065,10,7
300243311,4,1
825192448,5,3
300243311,6,3
283230621,6,3
810200389,6,3
826226753,1,0
851220901,6,2
826226753,2,2
231024630,2,1
826226753,3,2
826226753,4,2
206177683,2,1
324024630,2,2
826226753,15,13
265233306,3,2
826226753,7,4
826226753,3,1
828200389,6,4
206212831,4,1
826226753,2,2
828200389,4,2
826226753,3,0
829235073,7,2
256199987,11,5
825212831,4,1
256199987,5,3
851220901,6,3
256199987,3,1
283224251,2,2
256199987,7,2
216192448,8,3
256199987,6,3
814223885,0,0
256199987,3,0
517230869,4,1
256199987,4,2
844259532,7,1
256199987,6,2
289190053,8,4
256199987,1,0
268051539,6,1
825210257,1,0
840215316,7,3
268051539,6,1
289192119,7,4
300192119,2,0
834242948,3,2
300192119,6,1
300192119,3,1
834240913,6,3
828167495,5,3
300192119,4,2
264210385,3,3
300192119,6,0
207192563,1,0
300192119,5,2
265233306,2,2
300192119,1,0
206024630,0,0
300192119,3,1
270233934,6,2
300192119,0,0
840206585,8,2
845233267,8,4
840206585,7,0
206177683,10,2
840206585,3,1
261044897,11,9
300234371,3,0
840206585,0,0
840206585,7,4
216234642,5,2
852223885,6,3
216162835,5,2
206167948,5,4
852223885,8,1
852223885,5,3
840215316,11,9
852223885,4,2
300206585,5,2
829189117,8,4
517235840,3,0
300243675,5,1
829189117,2,2
253177683,4,3
829189117,2,2
829189117,5,4
206210257,1,1
805212432,4,2
829189117,3,3
300192448,4,4
829189117,10,6
829189117,5,4
828167948,6,4
293212432,4,1
829189117,5,2
829189117,5,2
256192448,3,1
206206585,5,3
829189117,3,0
234190941,2,0
829235073,3,3
234190941,3,1
300192448,4,2
515210257,7,3
234190941,5,2
234190941,5,2
848167948,5,4
234190941,5,2
265233306,6,2
251186153,5,1
234190941,5,1
234190941,5,3
256210257,4,0
234190941,3,0
300215316,8,4
234190941,4,2
804250753,2,1
802167948,2,1
256005479,7,4
810185122,7,2
802167948,3,0
802167948,3,0
300230621,8,3
802167948,3,2
810225116,11,7
802167948,4,3
206024630,2,0
802167948,9,4
253192119,5,1
802167948,5,2
237192119,10,6
802167948,3,0
265233306,3,1
802167948,4,1
207192563,5,1
802167948,6,5
300212831,5,1
291262621,7,3
260226753,4,1
300243952,8,5
260226753,5,3
264230621,5,3
260226753,9,4
260226753,1,0
853232065,5,4
260226753,3,2
802167495,4,3
825212831,10,8
260226753,3,3
283170597,7,4
260226753,3,2
280206585,4,2
260226753,7,4
260226753,4,2
508223550,4,0
828192448,2,0
264230621,4,1
828215698,4,3
264230621,1,1
264230621,2,0
101000488,6,3
264230621,4,2
251192119,4,3
264230621,7,2
251186153,7,1
264230621,3,0
513202811,5,1
264230621,8,3
268005479,4,1
264230621,6,2
231168435,5,2
264230621,9,5
300224836,4,1
251192119,4,1
217212831,6,2
300203841,7,2
251192119,6,1
300243311,1,1
251192119,6,3
810200389,6,2
251192119,6,3
251192119,5,1
251192119,1,0
300200110,5,2
251192119,2,1
251192119,8,5
207048940,3,1
251192119,6,0
825192448,6,2
251192119,4,2
217212831,6,1
289192119,6,1
251192119,6,0
206210257,12,7
289051539,4,3
216192448,1,0
289051539,4,2
251150724,6,2
289051539,3,1
214192119,2,1
289051539,7,4
291211738,2,1
283170597,5,2
253204935,8,6
283170597,6,0
283170597,1,0
206024630,4,3
283170597,4,2
265234102,7,4
293212432,0,0
283170597,0,0
300192448,4,1
283170597,10,3
283170597,5,4
206024630,4,1
283170597,5,1
237212831,2,1
201005479,8,5
283170597,8,4
216200389,4,0
237212831,1,0
237212831,6,3
289048940,6,4
270234577,5,2
237212831,7,3
237212831,2,1
251190053,4,1
300236515,5,2
237212831,4,1
237212831,3,1
825192448,6,3
237212831,7,2
251186153,5,1
834212831,5,1
256193105,7,4
300212432,1,0
256193105,4,2
216190053,1,1
256193105,5,3
206186153,3,1
256193105,4,0
256193105,6,3
291211738,3,0
242192119,8,5
256193105,6,2
291211738,0,0
256193105,5,2
206167948,10,5
256193105,5,2
214192119,3,0
256193105,2,0
265234102,2,1
300263063,5,2
265234102,4,1
834167495,2,0
265234102,5,2
324024630,5,2
265234102,4,1
216230621,2,2
265234102,1,0
260186569,5,1
265234102,5,3
101001179,6,1
265234102,4,3
829167495,4,2
265234102,5,3
834210257,3,2
265234102,2,1
517200389,4,2
834190941,6,2
246186569,6,1
834190941,4,0
206024630,4,1
264190941,6,3
828209981,6,2
264190941,4,2
256192448,9,6
264190941,3,0
834212831,9,7
264190941,7,4
513235073,5,4
264190941,8,2
265225116,6,4
264230621,8,2
264190941,9,4
264190941,5,2
253177683,4,2
517192563,3,0
300238186,6,3
517192563,7,4
206188943,4,1
517192563,8,4
207212831,8,3
517192563,1,0
206167948,1,1
517192563,1,0
834230621,2,2
517192563,6,4
253230621,5,2
517192563,1,0
845233267,5,1
517192563,5,1
300192119,2,1
206203841,7,3
834190941,8,4
834212831,3,1
834190941,7,1
834190941,5,1
206186153,8,3
253167948,8,4
834190941,4,2
804262621,5,2
834190941,2,1
834210257,8,6
834190941,3,0
242194404,3,3
834190941,6,2
300192448,5,3
834190941,4,0
300192119,5,3
834190941,4,1
206203775,5,3
284188943,5,5
233192119,4,1
284188943,4,2
513186153,6,4
246186569,4,1
300263063,0,0
513186153,4,1
217177683,4,0
513186153,1,0
283192448,5,3
513186153,6,2
804262621,2,1
513186153,4,0
300243675,8,5
834230621,5,2
218215316,11,6
324024630,5,3
324024630,2,0
206206585,6,1
300242179,7,4
324024630,2,1
324024630,3,1
207167495,7,3
324024630,7,6
264230621,3,1
846202811,10,1
324024630,0,0
324024630,0,0
256210257,10,5
818167495,7,1
324024630,7,1
814048940,6,2
324024630,2,0
848252154,4,1
324024630,6,3
246173373,7,2
214024630,1,0
246173373,9,4
256051539,2,0
804262621,3,1
246173373,8,3
246173373,10,3
300192119,1,1
246173373,5,1
283230869,5,3
246173373,2,0
300172203,6,3
207051539,11,6
221189342,4,0
207051539,5,1
291220901,5,4
234167495,6,3
214150724,8,3
214150724,6,3
848167948,5,2
206024630,8,7
214150724,4,3
214150724,7,4
829051539,2,1
214150724,4,2
253163587,3,1
214150724,3,0
300192448,8,5
214150724,4,3
246186569,4,2
324024630,3,1
214150724,5,0
289051539,5,1
214150724,7,4
300210358,9,4
216192448,5,3
216192448,7,5
265233306,7,3
216192448,2,1
206024630,7,4
517227127,5,0
216192448,6,0
216192448,3,0
300235840,3,1
246199987,5,2
216192448,6,4
272167948,1,0
216192448,3,0
265233306,2,2
260243952,13,2
280215698,11,2
265233306,1,0
111051539,3,2
265233306,2,2
265233306,7,3
265233306,2,1
265233306,0,0
206024630,1,1
265233306,7,4
300215698,1,0
265233306,2,1
300240913,6,2
265233306,7,5
206024630,9,6
834215698,5,1
265233306,5,3
265233306,4,0
300259532,2,1
291211738,5,0
300192119,7,3
291211738,2,1
517235840,7,3
291211738,4,3
319005479,6,2
291211738,0,0
246186569,4,1
291211738,1,0
300243675,5,2
291211738,9,5
246193041,4,3
291211738,3,1
804262621,2,0
291211738,1,0
206212831,8,4
291211738,4,0
265225116,6,3
291211738,5,1
265192119,4,2
852189117,6,2
851204935,4,2
851204935,3,0
300243311,4,1
300192119,4,2
851204935,7,5
851204935,5,5
300228789,6,1
851204935,3,1
210230872,5,2
851204935,3,3
207193080,4,2
851204935,8,4
253167495,5,2
851204935,5,1
216230621,6,3
284216065,8,4
851204935,4,1
851204935,5,1
207051539,3,1
206024630,4,2
101001179,4,2
206024630,8,5
253192119,4,2
206024630,10,7
216230621,4,3
246190778,5,2
206024630,3,2
273226753,1,1
206024630,4,0
251192119,6,3
206024630,4,2
856228789,9,2
206024630,2,0
214024630,7,3
206024630,7,3
300192119,7,3
206024630,5,2
828202811,3,1
501215698,6,3
217212831,8,4
501215698,9,6
840206585,7,5
501215698,1,1
252051539,4,0
501215698,3,0
501172723,9,3
256051539,8,4
501172723,3,2
216167948,5,0
501172723,5,1
845234642,6,3
501172723,6,3
300242656,6,2
291262621,8,3
206005479,5,2
291262621,7,2
517228383,5,2
291262621,5,1
805252662,4,1
291262621,2,0
825051539,9,5
291262621,5,2
517190941,2,1
291262621,0,0
834202811,7,3
517254803,7,1
291262621,1,1
291262621,1,1
206177683,2,2
265225116,2,1
291262621,4,1
834192119,4,1
804262621,1,1
834192119,5,3
300228383,2,1
834192119,4,1
265234102,7,4
834192119,2,2
252051539,1,1
834192119,5,3
206177683,10,5
834192119,3,2
300186153,5,1
834192119,1,1
251051539,3,2
834192119,2,1
300199482,3,1
834192119,8,5
834230621,9,7
246199987,7,3
852186153,7,2
270233267,4,1
852186153,11,8
206212831,5,0
852186153,3,2
283186153,3,0
852186153,4,1
242210257,3,0
852186153,4,3
265234102,3,0
852186153,4,3
252051539,3,0
852186153,5,2
216192448,1,1
852186153,6,3
300277823,4,3
852186153,8,3
206048940,2,0
855192119,3,0
855192119,6,2
848167948,6,3
503233306,4,1
855192119,7,3
829235073,5,2
855192119,5,2
855192119,2,1
291211738,6,2
280188943,4,2
855192119,4,2
251051539,5,2
855192119,4,3
300263063,1,1
855192119,4,1
517202811,0,0
508224003,3,0
834235840,9,5
517202811,3,1
517202811,4,3
265233306,6,3
517202811,3,2
804262621,4,1
851230872,7,6
810200389,4,0
851230872,2,1
253209532,6,2
851230872,2,1
836005479,6,5
851230872,3,1
265234102,6,5
851230872,6,4
265186153,3,2
251024630,6,6
511228789,2,1
834220901,7,4
251024630,4,2
300220901,7,3
251024630,5,2
257238570,3,0
251024630,6,2
251024630,7,1
217210257,3,1
251024630,5,2
265233306,6,4
251024630,3,0
300259532,1,1
834212831,6,1
251024630,6,2
217203042,6,5
251024630,5,3
840242948,5,0
300219836,2,1
840242948,2,1
214212831,4,2
840242948,9,5
300193105,11,2
840242948,9,4
827048940,7,1
840242948,2,0
300225395,7,4
840242948,7,4
828215698,8,2
840242948,2,1
270221087,5,2
840242948,3,1
234192119,9,3
840242948,5,2
206199482,5,1
247191924,6,3
300243311,2,0
300243311,6,2
207051539,3,1
856203841,8,4
300243311,4,0
828212831,5,3
300243311,3,2
300243311,5,2
300190941,4,0
283230869,2,0
300243311,0,0
855212831,6,2
300243311,3,2
300243311,4,0
256186153,6,2
280235073,1,0
300243311,2,0
246211990,5,3
827051539,4,1
283224251,3,1
827051539,5,3
517254803,5,2
827051539,2,2
206024630,3,1
827051539,2,1
804262621,3,1
827051539,2,1
848167948,3,1
827051539,0,0
206024630,8,2
827051539,3,1
845230869,4,0
827051539,2,0
827051539,10,3
274192119,1,1
251150724,5,1
206177683,4,1
251150724,5,2
834192119,4,0
251150724,11,1
206167948,1,0
251150724,3,1
265233306,3,0
251150724,3,2
251051539,4,2
251150724,2,1
217199987,4,2
233192119,6,2
251150724,3,1
251150724,5,2
828202811,3,1
251150724,4,2
214005479,3,3
251150724,6,3
300199987,0,0
289192119,1,0
825210257,6,4
289192119,1,0
511234102,1,1
289192119,5,3
829235073,4,3
289192119,5,1
300243675,3,2
289192119,9,4
300223686,5,0
256210257,5,3
289192119,1,0
289192119,7,4
237210257,3,2
289192119,3,0
206177683,7,3
289192119,5,4
300192119,5,1
289192119,6,3
234167495,4,1
265233306,7,4
251186153,5,2
265233306,7,4
206024630,4,0
265233306,4,1
237192119,4,0
265233306,8,3
270234577,5,1
265233306,7,5
251051539,5,2
265233306,4,2
834235840,6,2
265233306,6,2
214167495,3,1
265233306,9,3
517259532,6,1
265233306,6,3
846193080,5,2
851230872,4,3
300186153,5,3
851230872,7,4
834230621,8,5
851230872,2,0
265234102,4,4
851230872,7,3
283211101,2,1
851230872,4,3
300234642,5,1
851230872,10,5
264190941,7,4
851230872,3,1
300251752,5,0
851230872,1,1
270193105,5,3
851230872,5,3
291220901,7,4
234180739,3,2
840001179,4,0
234180739,5,2
825051539,9,3
218200726,2,0
234180739,7,4
234180739,2,1
834235840,4,0
834230621,7,2
234180739,8,3
251051539,4,0
234180739,8,3
234180739,6,2
324024630,8,4
206203841,3,2
234180739,6,3
234180739,6,2
829226753,8,2
101001179,3,1
234180739,7,3
274192119,5,1
256193105,4,3
206177683,2,1
256193105,5,3
256193105,1,0
830210941,2,0
206177683,8,3
256193105,9,6
256193105,3,1
265186153,4,2
256193105,5,2
834192119,4,2
256193105,7,5
300235840,6,2
270233934,0,0
256193105,5,2
256193105,7,4
825051539,4,0
256210257,4,1
300212831,9,2
300212831,6,1
291262621,4,1
300212831,4,0
300192119,5,2
856203841,5,4
300212831,7,1
300212831,5,3
101001179,8,2
828212831,6,3
300212831,3,3
283170597,6,1
300212831,0,0
300212831,1,1
829192119,3,1
300212831,3,2
270233934,5,3
270221087,4,1
852223885,3,2
270221087,5,1
300225395,6,3
270221087,1,1
802163587,3,1
270221087,6,3
251186153,5,3
834210257,4,1
270221087,2,2
829235073,4,2
270221087,3,1
270221087,3,1
265233306,7,2
207051539,6,2
270221087,3,1
828212831,7,5
502192119,2,1
300192119,4,1
502192119,8,2
829235073,3,0
502192119,1,1
834235840,6,3
828212831,4,2
834235840,2,2
300246671,8,3
834235840,4,2
234192119,2,2
323186153,7,3
834235840,3,1
834235840,6,2
856235840,5,3
834235840,3,2
289190053,5,1
513206585,0,0
834235840,5,3
834235840,3,1
206186153,9,2
834235840,3,1
280210257,2,2
234192119,4,2
840206585,8,2
234192119,4,2
829235073,9,5
234192119,4,1
851210676,6,2
234192119,7,3
856203841,6,2
234192119,5,1
834212831,5,1
234192119,10,5
300246671,6,1
234192119,5,2
206200389,5,1
234192119,8,0
844259532,8,2
300238186,4,3
810233934,4,3
300167495,4,2
300238186,6,4
265233306,3,1
300238186,2,2
256167495,5,1
300238186,3,1
829235073,1,1
300238186,5,4
300215316,2,0
300238186,5,2
253192119,4,1
300238186,5,2
829228279,4,2
300238186,5,2
216168435,9,1
802163587,3,1
217210257,5,1
802163587,2,1
319005479,4,1
802163587,2,1
802163587,6,3
284216065,4,2
214203775,3,1
802163587,6,2
300243675,3,2
802163587,7,4
300219836,7,2
802163587,7,4
265233306,4,1
802163587,1,1
253168435,2,0
802163587,6,2
214150724,4,1
825192448,7,4
201005479,4,3
214150724,5,2
828192448,5,2
214150724,3,3
214150724,0,0
855212831,3,0
214150724,1,1
846202811,6,2
214150724,6,5
265192119,5,2
828192448,0,0
214150724,4,1
802051539,2,0
214150724,0,0
291211738,5,1
852048940,6,3
291211738,5,3
201048940,5,1
291211738,7,3
206206585,1,0
300259532,3,1
291211738,4,2
814048940,5,3
291211738,3,2
300193080,5,1
291211738,10,8
291211738,1,0
828230621,3,1
101005479,7,3
291211738,4,3
253192119,1,1
291211738,4,1
517223885,0,0
251167495,7,4
265192119,3,0
251167495,6,2
253177683,2,1
251167495,7,4
265192119,4,1
251167495,6,3
251167495,7,0
265234102,0,0
251167495,2,1
834177683,6,0
300258485,2,0
251167495,2,1
242186153,3,0
251167495,1,0
237210257,5,1
251167495,2,0
834230621,2,0
251167495,5,4
268051539,2,0
300226753,5,4
216167948,6,3
300226753,4,2
265234102,10,8
300226753,7,6
265233306,5,2
300226753,2,1
260167495,4,0
300226753,9,5
834235840,0,0
300226753,4,0
802048940,5,1
300226753,5,3
825051539,7,3
300226753,3,1
264230621,2,0
300226753,3,2
256193105,7,4
828192119,4,2
828192119,3,1
828192119,0,0
852186153,6,1
828192119,2,1
828215698,12,9
828192119,5,2
246199987,5,2
256199987,7,4
256199987,5,2
324024630,2,1
284188943,1,0
256199987,7,3
256199987,6,2
834220901,2,1
256199987,8,2
830212432,2,0
300192119,0,0
256199987,3,0
265225116,5,2
256199987,3,3
836005479,7,3
256199987,4,2
256199987,5,2
856228789,6,1
206212831,4,3
264190941,7,3
206212831,3,1
246186569,5,0
206212831,2,1
283192448,3,1
206212831,5,0
834210257,8,3
206212831,7,5
101051539,7,4
284216065,9,3
206212831,9,1
264230621,6,3
206212831,2,2
206212831,6,3
283211101,5,2
829235073,5,3
206212831,3,0
206212831,4,2
246193105,4,0
274192119,10,8
848190941,4,2
814194404,2,1
848190941,4,2
201192119,6,2
848190941,0,0
848190941,4,0
265225116,10,5
848190941,0,0
265233306,3,0
856259532,4,1
848190941,7,4
848190941,5,2
300233934,8,5
848190941,3,2
237212831,10,6
206177683,1,0
324024630,4,1
206177683,4,1
802200389,5,1
300206585,2,1
804262621,7,1
253167495,5,2
300206585,4,2
270233934,3,3
300206585,1,1
300206585,3,2
300192448,5,3
508192119,6,3
300206585,5,4
300206585,6,4
289051539,8,4
300192119,2,2
300206585,5,2
218199987,5,1
300206585,7,3
246186569,5,3
300206585,4,1
300206585,5,3
300230621,4,0
252048940,4,2
260210257,0,0
300220901,6,1
260210257,7,6
517177683,2,0
260210257,6,3
828192119,2,1
260210257,3,1
237210257,2,1
260210257,4,3
214192119,2,1
218215316,6,3
324024630,2,0
218215316,8,4
300263887,3,0
218215316,1,1
829226753,4,3
260210257,2,0
810200389,5,2
274005479,7,2
300206585,8,3
274005479,8,5
300203841,2,0
274005479,6,0
848001179,7,1
274005479,6,2
300233164,6,0
274005479,6,3
834192119,9,1
274005479,1,1
270233934,7,3
274005479,6,5
828200389,1,1
274005479,6,2
101051539,4,1
274005479,2,1
300243311,4,0
834192119,6,4
300243311,0,0
814223885,5,2
300243311,4,1
206005479,6,2
300243311,14,2
265225116,4,3
300243311,6,0
237199987,9,4
300243311,6,1
802200389,5,3
300243311,2,1
502192119,4,1
264230621,8,4
300243311,7,3
300243311,3,0
829235073,6,2
300243311,7,3
300201095,4,1
207051539,5,2
834235840,9,6
260002147,5,0
834235840,5,3
834235840,3,2
300210358,3,1
251167495,6,1
834235840,6,3
834235840,6,3
253192119,4,2
300228383,4,1
834235840,5,5
810204092,1,0
834235840,4,0
515223885,6,2
246186569,2,1
265233306,6,3
515223885,4,1
806191655,1,1
515223885,4,1
515223885,10,4
216168435,4,1
826226753,2,1
515223885,3,0
515223885,3,1
231193080,0,0
515223885,6,3
242192119,6,2
515223885,4,2
513203841,3,1
515223885,4,1
300194404,1,1
828192119,4,1
256167495,2,2
256167495,4,2
851230872,7,1
300167495,4,2
237212831,7,1
283167495,7,3
237212831,4,1
237212831,6,3
280206585,6,3
206215316,3,2
324073239,9,6
853212432,4,1
324073239,6,2
300192448,3,0
324073239,4,0
265225116,5,2
324073239,4,2
251167948,3,1
324073239,5,1
283230869,4,2
324073239,4,1
274192119,2,2
206177683,4,4
283167495,5,3
206177683,6,2
206177683,4,1
291262621,7,5
270233934,1,0
206177683,5,1
256051539,3,1
206177683,4,2
322177644,4,1
206177683,7,3
828212831,5,1
206177683,5,2
300277669,7,5
206177683,4,1
206210257,5,1
206177683,1,0
818167495,3,2
802163587,3,1
818167495,5,2
283186153,1,1
829235073,2,2
818167495,3,0
834190941,2,2
834177683,4,0
852001179,5,3
206177683,4,1
265234102,6,1
291262621,4,1
834190941,3,3
253167495,6,4
834190941,1,0
300215698,3,2
834190941,1,1
280230621,1,0
852001179,5,1
206200389,2,1
265234102,3,1
828209981,3,1
834190941,4,1
291220901,7,4
256199987,4,2
206024630,5,1
256199987,2,0
834190941,1,0
256199987,3,0
206188943,1,1
256199987,4,0
214190053,4,1
826202873,5,2
256199987,7,4
201051539,4,3
256199987,3,1
256199987,4,1
836005479,5,2
256199987,8,5
251001179,4,0
237212831,6,3
256199987,2,0
300199987,7,5
284216065,8,8
214051539,5,0
284216065,5,2
217212831,7,2
284216065,4,2
216192448,10,8
284216065,4,1
300192119,6,3
284216065,4,2
265233306,5,1
284216065,11,6
206199987,7,3
284216065,6,5
206024630,4,0
284216065,0,0
206203042,6,2
300234102,5,2
802167948,7,4
300234102,4,4
270221087,6,3
300234102,7,4
300192119,5,2
300234102,4,1
300263887,3,2
300234102,6,2
206024630,3,1
300234102,3,2
300234102,8,5
300234102,1,1
300220901,5,1
300234102,2,1
300251752,4,1
300234102,0,0
206200389,5,2
300234102,1,0
256199987,9,7
806212432,2,1
270233267,4,0
251150724,7,4
251150724,4,2
217178005,4,0
251150724,2,0
828202811,7,4
251150724,5,2
264190941,1,0
251150724,6,1
804263063,7,3
251150724,3,2
206212831,5,0
251150724,3,0
501140293,5,1
251150724,5,2
246199987,4,2
856259532,7,5
827051539,5,2
856259532,3,0
206200389,6,0
856259532,4,1
206024630,4,2
856259532,5,1
251186153,4,0
856259532,5,2
206208104,2,1
856259532,9,5
851204935,6,3
856259532,5,3
206024630,4,3
856259532,7,3
300210257,7,1
856259532,6,3
513192448,2,2
802182494,4,4
253192119,5,3
513215698,3,1
253192119,3,1
511225116,4,0
253192119,3,2
834230621,3,0
253192119,7,2
252167495,4,2
253192119,6,3
300212831,2,1
253192119,4,2
206024630,6,3
253192119,5,1
283170597,3,1
253192119,6,2
804263063,7,2
253192119,6,5
828202811,7,3
264190941,1,0
828202811,8,1
233192119,2,1
828202811,1,1
253192119,5,1
828202811,1,0
217212831,5,2
828202811,2,2
300259532,3,0
828202811,0,0
256186153,5,1
828202811,4,1
501230621,5,1
828202811,2,1
234001179,5,1
828202811,6,1
256192448,2,1
851230872,4,1
252163587,2,1
300256407,6,0
252163587,8,4
252163587,0,0
234192119,6,0
517209981,4,1
252163587,6,4
242001179,8,5
252163587,1,0
206192448,3,1
252163587,2,0
252163587,3,3
234192119,4,1
300266517,6,3
252163587,7,3
851230872,8,4
252163587,6,1
300186153,10,3
252163587,10,3
513240091,7,2
324024630,5,1
513240091,9,3
827051539,4,2
513240091,7,3
804263063,6,1
513240091,5,1
324024630,1,0
513240091,5,4
834230621,6,3
513240091,9,3
834251752,7,2
300186153,6,3
513240091,7,3
513240091,3,1
834230621,7,4
513240091,5,2
802163587,7,5
300192119,2,0
206178005,4,2
246199987,9,3
206178005,2,0
206212831,7,2
206178005,3,1
517223885,4,2
206178005,1,1
513186153,4,2
206178005,5,2
206178005,5,4
256210257,3,1
270233267,1,0
206178005,1,0
265234102,8,6
206178005,6,4
206178005,10,4
207212831,3,0
268051539,6,4
840206585,5,2
829220901,0,0
840206585,3,0
840206585,5,3
848190941,11,5
300220901,6,3
840206585,9,3
300235840,4,1
256193105,10,5
300235840,9,4
264230621,5,2
513230621,8,3
300235840,5,1
300235840,8,6
265234102,4,3
206177683,4,0
300235840,7,1
300235840,5,4
251024630,6,3
284001179,7,4
300235840,3,1
300235840,3,1
840193080,7,2
300235840,3,0
300234371,7,3
300235840,5,3
265225116,5,2
828215698,5,2
289192119,4,0
828215698,1,1
280210257,7,3
828215698,4,3
270233934,1,1
828215698,3,0
251051539,5,0
828215698,4,3
300186153,2,0
828215698,2,2
300167495,5,2
300263887,3,0
828215698,3,2
218199987,4,2
828215698,5,3
300210257,6,2
828215698,1,0
828215698,8,4
300203841,2,0
256186153,3,1
836230621,3,0
256186153,1,1
256210257,7,3
256186153,5,1
828167495,4,1
834230621,2,0
256186153,6,4
252167948,8,4
256186153,6,1
256186153,2,1
206173373,6,2
256186153,5,1
237190053,8,2
300224836,3,1
256186153,3,1
256186153,6,5
829051539,0,0
256186153,5,5
825192448,2,0
251167948,9,5
856240091,4,2
265225116,5,1
856240091,9,4
291211738,7,3
856240091,3,2
214167948,4,1
856240091,4,2
802048940,3,0
856240091,5,2
828215698,5,1
856240091,6,2
216167495,5,3
856240091,5,2
834246139,6,3
856240091,1,1
802051539,4,3
856240091,3,2
300192119,7,4
265233306,7,5
265233306,6,6
844193080,6,2
265186153,4,2
265233306,7,6
265233306,3,1
829001179,2,0
265233306,6,2
283212151,11,3
265233306,8,4
231024630,13,9
206167948,4,2
265233306,8,1
265233306,1,1
289192119,4,1
274192119,4,2
265233306,6,3
300193336,3,2
300263063,5,1
300193336,4,3
246188943,6,3
283230621,8,4
300193336,2,1
845199005,3,1
300193336,2,1
300207998,10,4
300193336,3,0
802048940,5,3
300193336,3,1
517230621,6,2
300193336,5,1
834192119,3,0
300193336,6,3
284188943,1,0
300193336,3,1
214192119,6,1
300167495,7,4
214192119,4,0
242210257,4,2
214192119,4,2
834200389,3,1
214192119,5,3
256199987,3,0
233192119,5,3
214192119,7,2
214192119,1,0
234190053,4,0
214192119,6,4
300177683,6,4
300167495,4,0
214192119,7,4
206024630,3,2
284216065,5,4
284216065,1,0
834210257,5,2
300192119,5,1
284216065,3,2
284216065,2,1
207167495,4,2
284216065,4,2
283170597,6,3
256177644,6,3
284216065,4,2
300206075,2,1
284216065,6,1
217203042,1,1
284216065,1,0
284216065,4,1
231024630,3,0
855200389,2,0
283170597,0,0
840214979,4,3
834212831,3,0
256210257,4,0
855200389,1,0
265225116,4,3
855200389,2,1
506001179,1,0
855200389,5,1
828192119,6,0
840214979,2,1
289192119,3,1
855200389,5,5
855200389,4,3
217210257,5,2
840214979,3,0
830210941,8,3
256167495,3,3
324024630,9,4
216192448,5,2
324024630,9,4
852223885,9,6
324024630,3,2
836005479,5,3
324024630,5,2
300210358,7,3
324024630,6,1
260186569,0,0
324024630,5,1
324024630,6,3
280206585,4,2
802163587,7,3
324024630,10,6
246186569,5,0
324024630,3,0
260186569,6,4
201051539,0,0
829192119,9,5
201051539,1,1
851220901,4,1
201051539,5,1
834192119,0,0
201051539,5,2
201051539,7,2
268005479,3,1
828200389,6,2
201051539,8,2
265225116,5,2
201051539,6,4
300200389,8,3
201051539,9,4
206230621,1,0
201051539,5,1
834192119,1,0
265192119,6,1
265192119,3,0
834192119,4,0
853233286,2,0
265192119,5,3
828167495,5,2
265192119,8,3
265192119,5,4
300228383,2,0
251048940,3,0
265192119,8,5
251051539,1,1
265192119,2,2
265192119,2,1
237199987,0,0
251048940,3,1
231150724,3,2
231150724,1,0
280210257,5,2
253167948,4,1
231150724,7,3
214024630,3,2
231150724,6,1
234051539,2,0
231150724,5,2
291220901,3,0
231150724,5,1
231150724,8,6
260243952,5,2
231150724,6,4
836230621,5,2
251150724,5,2
231150724,6,1
319005479,7,2
802192448,9,4
289192119,6,4
802192448,4,1
300192119,11,6
802192448,4,4
289051539,3,0
283186569,3,1
828212831,2,2
283186569,2,1
844251752,0,0
283186569,2,0
270221087,4,0
283186569,7,2
289192119,3,0
283186569,7,4
206177683,2,0
283186569,5,1
216192448,2,0
283186569,4,1
283186569,12,11
825210257,4,2
216199482,2,0
283186569,7,2
214024630,4,1
827051539,5,2
827051539,9,6
214212831,3,1
827051539,7,5
270233934,2,1
802163587,4,2
827051539,5,3
853212432,4,1
827051539,6,5
827051539,8,6
253230869,3,2
827051539,3,2
818167495,0,0
246186569,3,2
827051539,2,1
827051539,3,2
828212831,5,4
827051539,4,3
201167948,3,0
828215698,1,0
289051539,17,5
216200389,3,1
289051539,8,3
289051539,9,3
825192119,1,0
289051539,8,4
806212432,7,4
840188943,5,2
289051539,5,5
206186153,4,2
289051539,12,5
201051539,5,0
289051539,3,0
289051539,3,1
283230869,6,3
517200389,5,1
289051539,5,3
256167495,3,0
300259532,12,8
300259532,1,1
217212831,4,0
251001179,5,5
216192448,2,0
216192448,3,0
834192119,10,5
828202811,7,5
216192448,5,1
216192448,1,0
853212432,0,0
216192448,1,0
300228789,5,0
300167495,6,1
216192448,2,1
283230869,5,1
216192448,8,6
856203841,5,3
216192448,4,0
256186153,5,1
216192448,1,1
804262621,5,4
214192119,4,1
804262621,4,2
852186153,5,3
256168435,5,1
804262621,3,0
804262621,4,1
845233267,2,2
804262621,7,1
300200389,5,3
253167495,5,3
804262621,4,2
804262621,6,3
237212831,4,2
804262621,4,3
256210257,4,1
300192448,3,0
804262621,4,2
804262621,5,2
280177683,4,1
834200110,10,5
851220901,4,1
810230621,1,0
851220901,5,1
270233267,0,0
851220901,3,2
246186569,3,3
851220901,6,3
206177683,4,1
834220901,8,5
828230621,5,2
834220901,4,2
300215698,3,0
834220901,2,2
804262621,3,0
834220901,3,2
834192119,4,3
834220901,7,5
233192119,6,4
268005479,8,2
233192119,7,3
256199987,7,4
856240091,3,0
233192119,3,0
300186153,6,3
233192119,5,2
233192119,4,2
517227127,7,3
233192119,7,2
201193080,4,0
233192119,9,1
300167495,5,2
206177683,9,1
233192119,3,0
233192119,4,4
233192119,6,4
501230621,1,0
252167948,8,4
501230621,4,3
289051539,4,2
501230621,1,1
845233267,4,1
501230621,1,1
300228413,8,3
501230621,6,1
852186153,6,1
501230621,7,4
283211101,6,4
207000001,4,2
501230621,3,1
501230621,5,1
289167948,4,2
802182494,0,0
501230621,12,9
501230621,6,2
251192119,3,2
828192448,5,0
834215698,14,6
234051539,11,0
828192448,2,2
828192448,5,1
251051539,3,1
828192448,2,1
846193080,4,1
828192448,3,2
300214680,3,0
828192448,8,4
289051539,3,2
828192448,3,2
802200389,13,6
300212831,1,0
828192448,6,2
828192448,1,1
828202811,6,2
233192119,4,1
270233934,3,2
233192119,1,1
233192119,6,1
233192119,2,1
270233934,6,4
233192119,5,1
829235073,6,3
233192119,10,3
826200389,3,2
280210257,4,1
253192119,5,3
300202811,8,4
206200389,7,3
206200389,6,2
845233267,7,5
828215698,11,5
206200389,8,5
324024630,6,4
206200389,6,1
206200389,4,3
270233267,5,1
206163587,6,0
206200389,4,2
517167495,2,0
206200389,5,5
246190778,2,1
206200389,3,0
280212831,4,2
206005479,5,2
252051539,6,2
206005479,3,1
206005479,3,0
251150724,2,2
856203841,5,2
206005479,2,1
206005479,4,2
265225116,6,1
206005479,6,0
246199987,2,0
848051539,5,0
206005479,1,1
206005479,5,2
844259532,4,1
251178005,0,0
206005479,4,2
206024630,5,3
324208104,7,2
206024630,5,2
828215698,8,7
206024630,4,2
253192119,7,4
206024630,1,0
300199987,7,4
206024630,4,1
828209981,4,1
206024630,10,4
300206585,4,1
206024630,3,0
825210257,6,4
206024630,2,2
270233934,5,1
206024630,1,0
300234102,7,5
101001179,7,3
237210257,5,1
101001179,4,2
828200389,1,0
256199987,4,3
101001179,3,0
101001179,0,0
277238570,1,0
324024630,3,1
825234642,5,2
834230621,5,3
825234642,4,1
825234642,7,3
834210257,6,2
825234642,11,6
283230621,5,1
825234642,6,3
300192119,5,1
825234642,3,1
264230621,3,2
206024630,3,1
825234642,8,7
825234642,7,4
300263063,5,1
825234642,3,1
848225116,7,4
206024630,3,0
291220901,1,1
206024630,6,2
206024630,4,1
206024630,0,0
284216065,4,1
206024630,5,3
237210257,9,5
206024630,4,3
829235073,3,0
206024630,11,8
810246139,2,1
206024630,11,8
836230621,3,2
206024630,5,2
206024630,3,2
206024630,3,1
284001179,2,1
206024630,4,1
300258885,5,0
300203841,4,2
517233306,7,2
517233306,3,1
846193080,0,0
517233306,4,1
206193080,5,0
251051539,5,4
517233306,3,2
256210257,2,0
517233306,3,2
853212432,5,1
517233306,6,0
283224251,3,1
251002147,7,2
283224251,1,0
829235073,4,1
283224251,4,2
829199987,7,4
101000488,8,3
283224251,6,3
834230621,4,1
283224251,1,1
206212831,6,3
300192119,5,5
206215316,4,2
300192119,5,2
300192119,4,1
828212831,2,2
300192119,4,1
834230621,5,3
237210257,4,1
300192119,6,3
515212831,5,2
300192119,4,1
300192119,4,1
517200389,5,4
300192119,4,0
300186153,1,1
300192119,3,1
291220901,3,0
206206585,5,2
291262621,2,0
300235840,6,3
206206585,2,0
206206585,2,0
834220901,4,2
206206585,3,0
829204883,2,0
206206585,1,1
216192448,7,2
324024630,3,2
206206585,7,3
300167948,2,1
206206585,5,3
836001179,3,1
206206585,4,1
206206585,3,3
300186569,3,1
828215698,5,4
217212831,6,2
845233267,4,1
828215698,7,3
853232065,1,0
828215698,2,2
828202811,6,3
206193080,4,2
828202811,3,1
206024630,0,0
828202811,6,3
246186569,9,5
300233267,6,2
828202811,3,2
828202811,7,4
237210257,8,2
828202811,8,5
810235073,1,0
280206585,7,4
828202811,2,1
828202811,0,0
806212432,8,3
289005479,10,5
254048940,2,1
289005479,5,3
324024630,4,1
517224987,4,2
289005479,0,0
231024630,2,2
289005479,8,6
289005479,8,4
206200389,5,2
289005479,2,1
834252154,3,0
856203841,8,6
289005479,7,2
289005479,5,3
503234102,4,1
289005479,3,2
324024630,4,0
300263880,6,1
851204935,4,1
300219836,6,1
851204935,2,2
834210257,6,2
851204935,0,0
206210257,0,0
851204935,2,0
851204935,3,0
206177683,9,3
206212831,10,4
851204935,5,2
300192448,5,4
851204935,6,2
851204935,0,0
852198009,2,0
246186569,5,2
851204935,2,1
252051539,3,2
265234102,3,2
300230621,2,1
252051539,6,4
252051539,4,2
802167495,5,2
234199987,7,5
252051539,4,1
252051539,5,4
517230872,5,4
265192119,6,3
252051539,5,1
252051539,1,1
283167495,5,0
246199987,5,0
252051539,7,3
517204935,3,1
834167495,4,1
517204935,2,1
834230621,5,1
517204935,2,2
804262621,5,2
517204935,2,1
216230621,1,1
517204935,2,0
207051539,5,2
517204935,5,4
217203042,1,1
517204935,4,1
280230621,3,0
517204935,7,2
291262621,2,1
270234577,0,0
517204935,7,3
300190941,3,2
836230621,5,0
300190941,2,1
216230621,4,0
300190941,6,2
237199987,6,3
265192119,1,0
513235073,5,2
513235073,4,2
206024630,2,1
513235073,2,0
251192119,5,0
513235073,0,0
851220901,2,0
284001179,1,1
513235073,5,2
291220901,3,1
513235073,1,1
513235073,2,1
265234102,7,4
513235073,2,2
834167495,6,4
513235073,3,1
256186569,4,3
828230621,4,1
517259532,5,2
237199987,11,6
517259532,5,1
848252154,8,2
517259532,10,4
840242948,5,0
517259532,1,1
856240091,6,2
517259532,6,2
848190941,6,4
517259532,6,2
828212831,5,3
517259532,2,0
265233306,6,4
517259532,6,4
517259532,9,4
221192119,7,3
840215316,2,2
517259532,3,0
846193080,5,2
300192448,7,5
283186153,6,3
300192448,3,1
300192448,4,3
264230621,7,6
300192448,6,3
829235073,2,1
291220901,7,1
300192448,7,3
283192448,2,0
300192448,3,2
237210257,3,1
300192448,5,2
251051539,6,2
300192448,1,0
252048940,5,3
300192448,4,1
216192448,3,0
300192448,6,2
517259532,5,2
517200389,10,6
517200389,7,3
300243675,4,1
256186153,4,1
517200389,7,4
300262621,4,1
517200389,9,7
268005479,6,2
517200389,5,3
828192119,4,1
517200389,5,2
265186153,5,0
517200389,9,5
324208104,6,0
517200389,3,0
517200389,9,5
231176550,6,2
834230621,5,3
101005479,5,2
834230621,3,1
265234102,5,2
289190053,5,2
834230621,4,2
834230621,5,1
206200389,1,0
834230621,5,5
848225116,5,1
826204935,7,3
834230621,5,4
834230621,0,0
214051539,5,1
834230621,4,1
802167495,2,1
834230621,9,8
300192119,3,3
242194404,2,1
834212831,5,3
265186153,5,2
834212831,4,0
517230621,6,2
834212831,3,0
840215316,8,5
834212831,4,1
834212831,7,3
828212831,13,11
300242179,6,1
834212831,0,0
231168435,11,8
834212831,5,3
834212831,4,1
265233306,6,1
265234102,3,1
834212831,4,0
289051539,6,3
237212831,6,2
207190053,8,3
237212831,6,2
237192119,6,2
237212831,8,4
289192119,6,3
237212831,6,3
237210257,3,1
237212831,8,3
300186153,2,2
237212831,6,5
237212831,0,0
237212831,7,1
237212831,5,3
834220901,5,4
210230872,5,3
237212831,8,2
852186153,1,0
810235073,4,1
810235073,2,0
260213951,2,1
836001179,8,2
810235073,11,6
810235073,4,1
300192119,4,2
252002147,4,2
810235073,4,3
810235073,5,2
206024630,3,0
810235073,3,1
834212831,1,1
810235073,6,3
234167495,4,2
810235073,7,2
300192119,4,0
289051539,5,1
207051539,3,2
253168435,5,1
207051539,8,3
207167495,5,4
207051539,5,2
206188943,3,2
207051539,5,1
291211738,9,7
207051539,4,3
217212831,11,6
207051539,3,0
207051539,1,0
827051539,7,2
214192119,6,3
207051539,3,3
834212831,0,0
207051539,7,3
856228789,7,5
207051539,5,1
237212831,5,1
300215316,5,1
237212831,9,4
289051539,4,1
802048940,4,1
237212831,6,2
237212831,3,1
804263063,3,0
237212831,8,5
828212831,2,2
237212831,3,0
101238380,6,4
237212831,4,2
265192119,5,2
237212831,11,9
246186569,4,1
237212831,7,2
237210257,2,1
825212831,3,0
834212831,1,0
834212831,4,0
283230869,2,1
834212831,4,1
246173373,4,2
834212831,4,3
829235073,2,1
834212831,2,2
828215698,4,0
834212831,5,2
834220901,9,4
834212831,6,1
265233306,1,1
234167948,5,3
293212432,4,1
517209981,4,1
293212432,4,3
251051539,0,0
293212432,0,0
283230869,10,7
293212432,4,3
251192119,4,2
293212432,5,1
237193105,5,2
293212432,4,2
237199987,13,1
293212432,2,1
834192119,3,1
293212432,6,4
834192119,9,5
293212432,4,4
231024630,5,3
265233306,3,0
265233306,4,3
300192119,7,2
265233306,4,1
234167495,10,6
511220901,7,4
265233306,1,0
265233306,5,1
101051539,7,2
280177683,3,2
265233306,5,2
300215698,3,3
265233306,5,1
268005479,4,2
256005479,2,1
256005479,5,2
251051539,8,3
251167948,10,5
256005479,3,1
256005479,3,0
300193105,7,3
825210257,7,3
256005479,3,1
829001179,3,1
256005479,0,0
324024630,2,2
237001179,4,3
506193080,6,2
237001179,11,6
300199987,8,3
237001179,4,3
834192119,6,1
237001179,8,3
217212831,6,1
237001179,5,0
834235840,4,3
237001179,2,1
206024630,4,1
237001179,6,4
270221087,2,1
237001179,3,1
845016254,5,2
237001179,4,2
237210257,2,1
206177683,3,1
237210257,3,0
265233306,4,2
237210257,5,2
265192119,6,4
237210257,3,1
517202811,7,5
237210257,4,2
256199987,2,0
237210257,6,3
206167495,3,1
237210257,6,2
517202811,0,0
237210257,8,7
845234642,7,3
237210257,2,0
810230621,2,0
834230621,3,2
234001179,5,0
848190941,2,0
234001179,4,2
234001179,3,1
834220901,4,1
517240091,2,2
234001179,4,0
517185122,2,0
234001179,4,2
256210257,1,1
234001179,4,1
234001179,6,3
291262621,7,3
234001179,4,1
834220901,4,2
836230621,2,1
300243675,3,1
283230621,2,0
828200389,1,1
810233934,8,5
828200389,6,2
828192448,3,2
828200389,5,3
300219836,6,3
828200389,6,1
513192119,5,1
828200389,6,2
234051539,8,3
828200389,7,3
300212831,7,4
828200389,5,2
231168435,6,3
828200389,5,2
825051539,4,2
846193080,2,1
834251752,4,3
251048940,6,3
834251752,4,2
256210257,6,2
834251752,5,2
828212831,6,6
834251752,3,1
206024630,1,0
834251752,0,0
300167495,3,0
834251752,3,2
834230621,4,1
834251752,5,3
834212831,4,3
834251752,3,2
300192119,5,0
834251752,5,1
804262621,7,5
851230872,3,2
231167495,5,3
851230872,2,2
300219836,2,1
851230872,4,3
270233934,3,2
206024630,8,6
851230872,5,2
851230872,4,2
206177683,4,1
851230872,3,2
214186569,4,1
851230872,6,2
853212432,3,3
851230872,2,1
515212831,5,2
851230872,6,4
300073562,0,0
300167495,4,1
217177683,4,1
300167495,3,0
300215698,3,1
217210257,5,3
206186153,4,4
300212831,8,3
217210257,4,3
206167495,11,7
217210257,10,6
217210257,8,3
300212831,3,2
300233267,4,4
217210257,7,5
206203042,6,5
217210257,6,3
214150724,2,0
217210257,2,2
206203775,8,5
217210257,4,2
853232065,2,0
217210257,7,3
237165735,0,0
237192119,8,7
265233306,5,2
237192119,5,3
237192119,6,3
834235840,5,2
300259532,10,6
237192119,5,2
283170597,9,4
237192119,4,0
300230621,5,3
237192119,4,1
201167495,5,2
237192119,5,1
300192119,6,2
237192119,4,1
300233164,5,2
237192119,9,5
828192448,5,3
853233286,4,3
300246139,6,3
836167948,1,0
517190941,6,3
300246139,10,2
201192119,10,6
300246139,7,3
834190941,5,3
300246139,5,2
818167495,2,2
300177683,6,3
802167495,8,3
818167495,2,0
237210257,6,3
818167495,6,3
216167495,5,1
818167495,4,2
237051539,5,3
818167495,4,2
818167495,4,1
300211515,0,0
246199987,6,1
289051539,8,4
815220407,8,2
289051539,5,2
300219836,3,2
289051539,10,5
251186153,0,0
289051539,8,0
265234102,4,1
289051539,9,5
300263887,3,2
289051539,9,7
851204935,7,2
289051539,8,5
851210676,4,1
289051539,4,2
810235073,7,3
289051539,5,2
206193080,4,1
289051539,8,5
265225116,4,2
834215698,1,0
256199987,4,2
834215698,3,0
834215698,7,4
300186153,4,2
517215316,5,0
834215698,2,1
233192119,4,2
834215698,1,0
834215698,3,2
840188943,11,6
216192448,5,2
834215698,2,1
300235840,7,5
834215698,5,3
291262621,3,0
834215698,4,2
206177683,11,7
242243952,4,1
256168435,6,4
206177683,4,1
206177683,4,4
834190941,6,1
206177683,8,4
206177683,7,3
253167495,7,3
206177683,5,2
300228383,4,2
206177683,6,1
206177683,7,3
260210257,7,7
206177683,8,2
826226753,7,1
265233306,8,3
206177683,4,1
300243675,8,2
206177683,2,1
517215316,8,2
237212831,3,0
300263063,11,3
237212831,5,2
206024630,5,3
237212831,3,0
237212831,7,1
515240091,4,1
270221087,3,2
237212831,3,1
237212831,1,1
284179783,3,0
323186153,5,2
237212831,3,2
265234102,6,4
237212831,4,1
300177683,5,1
237212831,5,3
251167495,5,2
237212831,6,2
836167495,4,1
206177683,3,0
206177683,3,1
300234371,3,0
242192448,1,0
206177683,5,3
810204092,9,6
206177683,3,0
206024630,2,2
206177683,3,0
206177683,3,2
300242948,3,2
802167948,6,6
206203775,4,4
207051539,5,0
802167948,4,3
802167948,10,8
840188943,2,1
237212831,4,3
802167948,3,1
802167948,1,0
834230621,4,0
802167948,2,2
802182494,5,4
802167948,4,2
300167495,4,1
300212831,3,1
802167948,4,1
829235073,3,1
802167948,7,5
834252154,2,1
234182494,9,6
834252154,5,3
828192448,7,6
834252154,2,0
231024630,3,1
291262621,3,0
834252154,4,2
834252154,6,3
825051539,5,1
291220901,3,2
834252154,6,2
834192119,0,0
834252154,4,1
237210257,5,2
834252154,3,1
834202811,3,1
834252154,4,0
503233306,2,0
214005479,2,1
300189908,5,1
214005479,6,1
237212831,4,0
214005479,5,3
206005479,1,1
214005479,2,0
300228413,11,3
214005479,1,1
834202811,1,0
214005479,9,5
810220901,5,1
214005479,3,2
251167948,2,1
206177683,5,3
511233934,4,2
251167948,5,3
251167948,7,3
214005479,6,3
251167948,5,3
270233267,8,2
251167495,7,0
251167948,3,1
234051539,3,0
251167948,3,2
251167948,7,3
300230621,5,1
206024630,3,0
251167948,1,0
300192119,8,3
251167948,3,2
300228279,3,3
216230621,7,2
300228279,6,0
260239364,9,6
101001179,6,2
300228279,10,4
251186153,2,0
300228279,8,3
856228789,8,3
300228279,12,8
300228279,2,2
252048940,6,0
265233306,6,0
300228279,6,1
300192119,4,2
300228279,6,1
300228279,7,5
300270141,7,1
828215698,6,3
251192119,9,5
216192448,7,5
251192119,6,2
810235073,4,1
251192119,4,3
251192119,5,1
256186153,2,1
834192119,7,1
251192119,6,3
265233306,5,0
251192119,7,3
265225116,8,5
251192119,5,2
251048940,7,3
251192119,5,2
300200389,3,0
251192119,7,6
324024630,5,2
324208104,5,1
324024630,6,1
242210257,10,7
324024630,4,1
214186569,7,3
324024630,1,0
853212432,4,0
324024630,4,0
283167495,5,2
324024630,6,3
517223885,4,4
324024630,6,0
300251752,3,1
324024630,7,2
517211738,3,0
324024630,1,0
274192119,6,4
324024630,7,1
300243311,6,3
517215698,6,3
300240913,4,2
829204883,4,2
300240913,3,2
251051539,6,1
300240913,3,2
265233306,4,3
300240913,3,1
280210257,5,2
300240913,3,1
834167495,3,1
300240913,4,1
283186153,4,3
300240913,6,1
300188943,4,4
300240913,3,1
828200389,7,5
300240913,5,2
840178005,5,3
300240913,0,0
834230621,4,2
300207998,9,4
207210257,5,3
834230621,4,1
280215698,5,2
834230621,4,4
280215698,6,4
834230621,1,1
206024630,4,1
834230621,0,0
846212831,4,1
834230621,3,0
217203042,6,2
834230621,4,1
806212432,7,1
834230621,3,0
834230621,6,1
834230621,6,1
260243952,8,4
810235073,4,2
251192119,4,1
810235073,6,3
206177683,2,1
810235073,4,3
517185122,1,0
810235073,6,0
265233306,3,1
810235073,6,4
300200389,1,0
852223885,5,3
804262621,4,1
300200389,5,1
852186153,6,2
300200389,6,3
834230621,4,0
300200389,1,1
300243675,2,0
300200389,4,1
300167495,5,0
300200389,1,0
300200389,7,2
834220901,7,4
284179783,4,0
300200389,3,1
825210257,4,1
216192448,7,2
216192448,3,2
216192448,4,1
270234577,7,4
216192448,5,3
283230621,2,0
216192448,8,4
201192119,3,1
216192448,4,3
300243675,4,2
216192448,1,0
300212442,6,3
216192448,4,2
216192448,5,1
828200389,2,2
216192448,8,3
265233306,5,0
834240913,9,5
216192448,6,2
300193080,4,2
234173373,3,2
517254803,6,3
234173373,7,4
828192119,1,0
234173373,7,3
221189342,6,2
234173373,6,3
834242948,6,3
234173373,5,3
234173373,5,2
300240913,9,7
300246139,6,3
234173373,3,2
234173373,6,5
848167948,7,4
834235840,5,1
234173373,1,0
237199987,9,7
283186153,5,3
237199987,7,4
201192119,6,4
515228413,3,0
237199987,5,2
237199987,2,0
840215316,4,1
210193080,5,1
237199987,6,1
237199987,5,3
256186569,4,0
237199987,7,4
206024630,2,0
237199987,0,0
300259532,1,0
237210257,1,0
237199987,4,2
217203042,4,2
300192448,2,0
237192119,5,3
300192448,3,2
252051539,7,3
300192448,5,3
836230621,7,3
300192448,5,1
856228789,1,0
300192448,5,2
300212831,3,1
300192448,6,4
834202811,7,3
300192448,4,2
324024630,4,3
300192448,5,1
844266282,5,1
300192448,2,0
225221912,7,2
300192448,6,4
844224836,6,5
251178005,3,1
251178005,5,3
828192119,4,2
251178005,7,2
825212831,6,2
231024630,1,0
851220901,5,2
851220901,6,4
280215698,2,2
851220901,2,1
206024630,4,3
851220901,3,0
517223885,1,1
851220901,5,3
300254803,10,5
851220901,3,0
280230621,3,1
251002147,2,0
851220901,4,1
851220901,4,2
270234577,5,1
300167495,1,0
265234102,5,1
206203775,4,2
265234102,4,3
324024630,3,1
265234102,3,2
233192119,2,1
265234102,4,0
246199987,4,4
265234102,7,4
300186153,5,2
265234102,6,3
300194404,2,1
265234102,5,2
300192119,5,2
265234102,11,8
214024630,7,3
265234102,4,1
300212831,5,1
265234102,0,0
300243585,7,1
828215698,1,0
300243585,2,0
300219836,7,1
300243585,5,3
283167495,7,1
300199987,0,0
300243585,2,0
300243585,3,1
201193080,2,0
300243585,1,0
517211738,5,1
300262621,5,1
300243585,2,1
300243585,7,3
834235840,3,1
300243585,2,0
206024630,0,0
300243585,3,0
256210257,1,1
324024630,6,0
265225116,1,0
324024630,3,0
246186569,6,4
324024630,5,2
834173426,3,1
265233306,3,1
291211738,9,8
834215698,4,2
291211738,7,4
291211738,5,0
836230621,3,1
291220901,8,1
291211738,6,3
291211738,2,1
846212831,3,0
291211738,4,2
825051539,4,2
214051539,3,2
291211738,6,1
291211738,8,5
300243830,4,1
291211738,3,3
846212831,6,1
253192119,9,6
289192119,2,1
289192119,10,4
256051539,10,5
289192119,6,2
283167495,1,1
289192119,4,3
324024630,5,3
289192119,2,1
234192119,9,2
814186569,6,2
234167495,7,4
852048940,5,2
234167495,7,1
234167495,10,9
846212831,3,1
815230869,6,2
234167495,4,3
851210676,4,0
234167495,8,3
810192448,2,2
234167495,8,7
846164835,5,2
234167495,6,3
206212831,7,2
234167495,4,2
217212831,3,2
234167495,5,2
300230621,5,2
231164835,6,4
246173373,7,2
300230621,1,0
256051539,6,2
300230621,3,2
237210257,5,3
300230621,4,2
300230621,4,3
284216065,3,1
300230621,2,0
834235840,8,4
300230621,5,3
289051539,3,0
324024630,5,1
300230621,0,0
265192119,2,1
300230621,6,1
206167948,6,4
101190053,7,4
206167948,3,1
851210676,5,4
845242179,3,0
206167948,2,0
270233934,2,1
846193080,4,2
216167495,3,1
846193080,5,4
214192119,8,4
846193080,4,0
256192448,3,0
846193080,6,1
216192448,5,2
846193080,5,2
515215698,5,4
846193080,4,0
829051539,5,3
846193080,6,5
231024630,10,5
846193080,7,5
237051539,4,1
846193080,4,1
852186153,9,3
280210257,2,2
280210257,5,2
216167948,6,3
280210257,8,6
214200389,9,8
280210257,4,3
300230621,6,3
280210257,4,1
826205186,3,1
300192119,5,1
280210257,5,5
280210257,5,2
274192119,8,5
280210257,5,1
828192119,7,5
280210257,4,1
825192448,4,2
291220901,10,4
264190941,3,0
270233934,6,1
264190941,6,4
264190941,4,1
517254803,4,1
264190941,3,3
828192119,1,0
264190941,7,5
300215698,8,4
237192119,4,2
264190941,5,2
270193105,10,7
264190941,1,0
264190941,3,0
517192119,9,2
264190941,10,5
206164835,3,1
221189342,1,0
264190941,8,5
214005479,8,4
283230621,6,1
214005479,4,3
834212831,1,1
214005479,2,1
234162835,7,6
214005479,4,2
844259532,10,5
214005479,6,2
264230621,10,7
214005479,3,2
216200389,2,1
270234577,4,2
214005479,6,3
214005479,6,2
264190941,4,3
214005479,5,4
300192119,3,2
300206585,5,4
846202811,8,3
825051539,5,3
300206585,0,0
270234577,6,2
300206585,5,2
300206585,4,1
256210257,7,3
826200389,6,4
300206585,2,0
300206585,1,0
300234642,6,4
802167495,1,0
300206585,4,3
828192119,5,3
300206585,4,0
829199987,8,4
300206585,1,1
515167495,6,1
206024630,10,4
216234642,6,3
515167495,5,1
834192119,8,8
515167495,5,1
515167495,8,6
856228789,4,0
515167495,5,2
201167495,8,4
515167495,5,2
300167495,7,4
237165735,3,2
515167495,3,1
515167495,5,1
251192119,6,4
515167495,7,4
834202811,11,6
268051539,5,1
264190941,3,1
268051539,7,3
829212831,5,1
111051539,4,1
268051539,3,1
217177683,6,4
268051539,4,3
300262621,1,0
268051539,5,2
300243675,2,1
268051539,3,1
206024630,1,1
268051539,7,4
268051539,6,4
825048940,6,3
268051539,2,0
283230869,2,0
300233164,7,4
300212831,6,4
810167495,3,1
300233164,6,1
254048940,9,5
300233164,7,1
300233164,4,3
206024630,5,3
291220901,7,4
300233164,8,2
300233164,4,3
300192119,2,0
300233164,3,2
324024630,3,1
300233164,2,1
834210257,1,0
300233164,6,2
324024630,4,1
265234102,3,2
828167495,6,3
265234102,3,0
834190941,6,3
265192119,5,3
265234102,5,3
300192119,5,3
265234102,5,1
231193041,2,0
265234102,3,1
265234102,6,1
810230621,7,1
265234102,3,1
289192119,4,1
300233164,4,1
265234102,6,2
251051539,6,1
265234102,1,0
207000488,4,2
291220901,9,2
207000488,4,2
856226300,8,3
207000488,18,2
237192119,0,0
846212831,2,0
207000488,7,5
207000488,5,2
291262621,4,1
207000488,8,4
265225116,2,1
207000488,2,1
834192119,6,2
206193080,7,5
206167948,7,3
206193080,5,1
270221087,2,1
206193080,7,4
234051539,1,1
206193080,5,2
855167495,2,2
206193080,8,3
324024630,7,4
206193080,2,0
210230621,8,4
206193080,4,1
814223885,2,1
206193080,4,1
300186153,2,2
264230621,4,1
206193080,3,1
260230621,5,2
283170597,8,2
260230621,4,2
300199987,4,1
511235073,4,2
260230621,5,2
260230621,9,6
237212831,4,2
260230621,10,4
280215698,2,1
300243675,6,1
260230621,1,1
260230621,11,6
834212831,9,4
260230621,5,2
283211101,6,5
260230621,5,2
300192119,5,3
853232065,7,7
216192448,4,1
853232065,8,4
300228383,1,0
853232065,4,1
300215698,1,1
853232065,4,0
289051539,3,1
853232065,3,1
300230621,10,2
853232065,4,2
283186569,2,0
265234102,3,1
853232065,6,2
264230621,2,1
853232065,6,4
853232065,3,2
256210257,2,1
828200389,3,1
234162835,5,3
828192119,6,0
289192119,4,3
851204935,1,1
289192119,6,3
848252154,4,3
289192119,8,5
265186153,5,3
289192119,2,1
300233189,4,1
289192119,3,1
251051539,4,2
289192119,6,4
300192119,4,1
810233934,5,2
804263063,8,3
810233934,7,3
515210257,3,2
810233934,2,2
256210257,6,4
810233934,2,1
802167495,6,4
810233934,5,1
826226753,3,2
810233934,11,5
503234102,4,1
810233934,5,1
829220901,6,1
810233934,7,3
265234102,5,3
810233934,4,1
217212831,7,4
291220901,12,7
217212831,2,1
270233934,5,2
256186153,4,2
217212831,8,5
217212831,5,3
300212831,7,3
256168435,3,1
300210257,6,2
256168435,3,1
237192119,5,1
256168435,2,1
834210257,3,1
101000488,6,2
256168435,7,1
300227290,7,3
256168435,6,2
206174543,3,1
256168435,3,1
256168435,1,0
283224251,7,4
856259532,3,1
256168435,3,1
256168435,8,2
810234577,9,5
256168435,10,7
828200389,8,4
300234642,2,0
231024630,9,4
206203042,9,4
231024630,6,3
806212432,8,4
231024630,6,2
300277823,3,2
231024630,4,2
517215316,4,2
231024630,8,3
201190053,7,3
231024630,4,1
251192119,2,1
231024630,5,2
834230621,7,7
231024630,3,1
206188943,6,5
231024630,5,3
825212831,7,4
231024630,9,5
256210257,5,2
283186153,3,2
256210257,7,3
246193105,8,6
256210257,4,2
517204883,7,2
256210257,6,3
253167495,5,2
256210257,2,0
840206585,5,2
846212831,8,4
256210257,2,1
256210257,2,0
242194404,4,1
256210257,5,3
251192119,5,2
256210257,3,2
289051539,5,1
291220901,7,4
256210257,6,3
251186153,4,1
829204883,3,1
845233267,5,1
829204883,6,2
829204883,6,1
829235073,5,3
216190053,6,2
253192119,6,2
207048940,7,3
253192119,2,2
284216065,4,1
253192119,3,1
300192119,5,2
253192119,2,1
256186153,6,1
253192119,1,0
206024630,6,1
253192119,0,0
207212831,8,4
253192119,4,2
284188943,4,3
253192119,5,3
834210257,6,4
253192119,1,1
323186153,2,0
856203841,9,6
300210257,10,4
323186153,1,0
323186153,3,2
517251752,7,3
323186153,4,0
231167495,1,0
323186153,5,1
814048940,6,3
323186153,3,1
289192119,7,4
206167948,4,1
855220901,6,2
201167948,3,1
855220901,8,4
855220901,5,3
828215698,7,6
845242179,4,1
855220901,0,0
802167495,0,0
855220901,11,9
300214979,3,1
855220901,7,3
855220901,3,1
265233306,2,0
855220901,7,5
810233934,1,1
234173373,3,1
855220901,3,0
274192119,7,3
206177683,3,1
274192119,4,2
274192119,4,2
274192119,8,2
825210257,7,5
274192119,7,6
513206585,2,2
274192119,5,1
283211101,4,2
300192119,5,1
274192119,4,2
274192119,4,3
828215698,6,2
231024630,3,1
274192119,1,1
513206585,4,1
274192119,2,1
253167948,1,0
300192119,0,0
300193105,6,5
834167495,2,2
848225116,1,1
300193105,5,3
300193105,4,1
848167948,5,5
844224836,3,0
300193105,4,2
300193105,5,2
289192119,7,4
300193105,4,0
828167495,4,2
300193105,8,2
237212831,4,2
300193105,1,1
515203841,3,1
217212831,7,5
291262621,7,3
517202811,7,4
291262621,6,5
234162835,4,2
291262621,5,1
834192119,5,3
291262621,7,3
834173426,4,2
291262621,6,2
300192119,9,3
291262621,9,3
206203042,4,3
291262621,4,0
828212831,9,3
291262621,1,0
834215223,7,4
291262621,7,4
234051539,7,7
829226753,3,1
829226753,3,1
251002147,6,3
207000488,2,2
829226753,3,1
829226753,8,2
217212831,4,3
829226753,3,2
834190941,2,1
829226753,0,0
836005479,4,0
829226753,3,2
851230872,7,3
829226753,4,2
234150724,3,2
829226753,2,0
265225116,5,2
289192119,5,0
265225116,1,0
289192119,4,2
254048940,6,3
828200389,5,1
289192119,4,2
289192119,2,0
265233306,1,0
289192119,4,3
265225116,5,1
804262621,5,1
289192119,2,2
289192119,6,2
251051539,5,2
289192119,3,0
237210257,4,2
289192119,3,1
246186569,5,1
852189908,3,0
828192448,0,0
828192448,6,5
251051539,2,2
828192448,4,1
300186153,3,1
828192448,6,2
828192448,4,1
828192448,8,7
284001179,5,2
274192119,3,2
828192448,6,2
300238186,6,3
828192448,4,1
260186569,6,2
828192448,4,3
828192448,6,3
834220901,1,0
283186153,6,4
237192119,1,0
834192119,5,2
283186153,3,1
283186153,3,2
845233267,7,2
283186153,8,2
253230869,5,3
265233306,7,1
283186153,3,0
283186153,6,1
251186153,1,0
828192448,5,2
283186153,5,1
300224836,2,0
283186153,5,2
283186153,2,1
101048940,5,0
324024630,4,1
828202811,4,2
291262621,4,4
828202811,4,1
206193080,6,2
828202811,0,0
253207998,4,2
206177683,5,2
253207998,5,2
251051539,7,4
253207998,3,3
517177683,5,3
253207998,5,1
324024630,5,3
253207998,2,1
237212831,4,2
253207998,2,2
256005479,5,2
253207998,5,0
283170597,1,1
253207998,7,2
845233267,8,3
253207998,7,0
856235840,6,3
253207998,7,4
201193080,3,0
253204935,2,0
300192448,10,2
253204935,5,4
852200159,4,1
253204935,6,2
853233286,5,3
253204935,3,0
834210257,6,3
253204935,6,4
853212432,4,3
253204935,2,0
517167495,7,0
234051539,4,1
818167495,7,2
291262621,6,1
252167948,4,2
829051539,5,2
252167948,4,2
252167948,2,1
300212831,5,4
855192119,5,2
252167948,3,2
252167948,3,1
283192448,7,5
252167948,2,0
834230621,1,1
300230621,4,2
252167948,1,0
836230621,6,4
828212831,6,3
810185122,1,1
836230621,3,0
834190941,4,1
836230621,6,2
836230621,3,1
300192119,5,1
836230621,2,1
206188943,8,3
828192448,4,0
836230621,4,3
836230621,1,0
517211738,2,2
836230621,7,4
300212831,6,0
300207557,7,3
836230621,6,3
836230621,1,0
324024630,5,1
834220901,2,2
283186153,3,2
300194404,4,2
834220901,11,8
324024630,12,8
834220901,9,5
834210257,3,2
834220901,3,0
834220901,5,2
845233267,4,2
324024630,6,3
834220901,6,3
300200389,2,0
834220901,0,0
834220901,10,5
300234102,6,4
206203042,5,2
513186153,3,1
206203042,3,2
300258885,6,2
206203042,4,1
206203042,2,1
206203042,2,0
814223885,9,4
206203042,5,2
506230621,1,1
206203042,1,1
506215698,7,1
206203042,4,2
300259532,6,1
300259532,6,3
206203042,11,8
206203042,4,2
834190941,3,2
291211738,3,1
834210257,4,2
834210257,4,2
218199987,8,3
834210257,2,1
300192119,1,1
265233306,5,2
834210257,5,2
237212831,6,4
834210257,7,3
834210257,3,1
846212831,11,8
834210257,3,2
265234102,4,2
834210257,5,1
300224836,6,3
854230621,4,2
834210257,2,1
251002147,2,1
300228413,2,2
206203042,7,2
300228413,3,1
500162835,5,2
834230621,4,2
810225116,9,8
834230621,7,6
207212831,2,2
256051539,3,0
825210257,5,4
256051539,5,3
300270821,2,0
256051539,7,1
517215698,2,0
256051539,6,3
829005479,4,3
256051539,6,4
300263887,3,1
814194404,5,1
237193105,5,0
814194404,5,1
206203775,4,0
814194404,2,0
852001179,6,0
814194404,7,3
300263063,1,1
814194404,5,1
517235840,10,5
834190941,5,1
283212151,6,1
834190941,5,2
834190941,5,1
810234577,3,0
293212432,6,5
834190941,5,2
834190941,6,2
834246139,7,4
834190941,4,2
517252154,3,0
834190941,6,5
300259532,5,1
834190941,7,0
300238186,5,1
300167495,6,1
834190941,5,1
300233934,1,1
856228789,6,4
300233934,3,3
237193105,6,3
300233934,4,1
848167948,9,5
206177683,2,1
206024630,0,0
300226753,9,5
206024630,1,0
217200110,5,1
206024630,2,2
206024630,7,3
848225116,2,0
206024630,1,1
206024630,5,1
206024630,3,2
217201976,4,2
810224987,4,0
206024630,6,2
206024630,4,1
206024630,7,4
834215698,4,1
206024630,6,3
517246657,6,2
265233306,2,0
517246657,10,8
270221087,4,3
517246657,2,0
300259532,5,1
517246657,4,2
814234642,5,2
300263204,10,4
300192119,7,1
300192119,3,0
201192119,3,1
264230621,7,1
300192119,0,0
300192119,4,1
291262621,4,2
300219836,3,1
251192119,4,2
206193080,10,6
251192119,2,2
829051539,3,0
251192119,0,0
201190053,7,2
251192119,3,2
502192119,6,0
251192119,5,2
825192448,7,5
251192119,4,3
834212831,10,1
251192119,4,2
206024630,4,2
251192119,3,0
251192119,10,5
291262621,3,1
814048940,4,2
834240913,6,2
253230621,3,0
804262621,6,2
827051539,6,3
834240913,6,1
834240913,5,2
270234577,5,1
300186153,0,0
834240913,8,3
289192119,2,2
274192119,6,3
289192119,5,4
834210257,6,5
291211738,4,3
846212831,6,3
291211738,6,3
206024630,1,0
291211738,4,0
804263063,2,0
291211738,5,4
851220901,5,2
291211738,5,2
856228789,3,1
216000488,1,0
291211738,3,2
300186153,2,1
802167948,5,2
802167948,1,0
217210257,4,1
283211101,2,1
802167948,6,2
300192119,3,0
252162835,7,3
252162835,5,3
300212831,3,1
216162835,6,3
300258885,2,1
216162835,8,4
300262621,3,1
216162835,3,1
251192119,4,1
851204935,4,0
216162835,1,0
246186569,0,0
216162835,4,0
216162835,6,5
503167948,4,2
216162835,4,1
834220901,5,3
242210257,7,1
834230621,4,1
265234102,7,3
834230621,4,2
252048940,7,3
834230621,6,2
237210257,2,0
834230621,3,1
265233306,3,1
834230621,9,3
265234102,3,2
834230621,8,0
234162835,6,3
834230621,6,3
829235073,5,3
834230621,4,2
300243311,4,1
834230621,2,0
825234642,5,2
834246139,7,4
825234642,7,5
283230869,5,2
825234642,5,1
826205186,4,1
214167495,7,1
825234642,5,2
293212432,2,0
827048940,5,2
834215698,2,2
827048940,3,1
300192119,6,5
827048940,8,3
834250753,1,0
827048940,6,2
256167495,4,1
827048940,4,1
265225116,7,3
827048940,5,2
852186153,2,0
827048940,6,4
264190941,3,0
827048940,2,0
265186153,6,4
827048940,4,2
300224003,3,2
253167495,3,2
300271918,4,1
253167495,1,0
300192448,9,3
253167495,6,2
289192119,6,2
253167495,6,5
828215698,7,3
253167495,3,0
253167495,6,3
834235073,5,2
246199987,6,1
253167495,8,2
256186153,5,3
253167495,3,0
253167495,5,5
216230621,7,3
291262621,0,0
253167495,8,5
324024630,3,1
825051539,5,2
291262621,7,3
825051539,2,1
206024630,5,2
825051539,4,4
825051539,1,0
515212831,4,2
834190941,4,3
825051539,3,3
214192119,8,3
825051539,3,0
214048940,6,2
825051539,8,4
231024630,5,3
300238186,5,3
848167948,3,1
300228789,3,1
300228789,0,0
300270141,2,0
265233306,5,2
300228789,1,1
216230621,3,2
300228789,6,1
268051539,5,3
300228789,4,2
300228789,3,0
270193105,2,0
300192119,4,2
300228789,6,4
300228789,6,3
300254803,2,2
201192119,6,0
289051539,6,2
289051539,1,1
264190941,2,1
289051539,0,0
264190941,1,0
289051539,5,1
265192119,10,6
289051539,5,2
300215316,0,0
289051539,4,1
300193336,2,2
517251752,4,2
289051539,8,3
289051539,5,1
207193080,2,0
218200726,5,2
242194911,5,1
218200726,7,4
206024630,1,1
218200726,3,0
825192448,0,0
234051539,3,0
829235073,11,7
234051539,1,0
834220901,4,0
234173373,6,5
251192119,6,2
251192119,6,1
848225116,4,4
251192119,10,4
802167495,4,0
834220901,5,3
251192119,2,0
234051539,2,1
207210257,7,3
834230621,7,4
234051539,1,0
234051539,5,2
284188943,3,1
234051539,2,0
802200389,11,6
234051539,7,1
234162835,1,0
827051539,7,2
234051539,7,2
234051539,3,0
834230621,6,5
283230621,2,0
300210358,8,5
283230621,3,2
206203775,6,2
283230621,6,2
210193080,4,3
283230621,8,5
265186153,4,2
283230621,7,3
828200389,4,2
283230621,2,1
300233164,2,0
283230621,4,3
216192448,4,3
283230621,8,6
300206585,8,1
283230621,3,1
291262621,6,1
834230621,4,0
251164835,4,2
251164835,5,1
856259532,3,1
270221087,0,0
251164835,12,4
206024630,4,1
251164835,6,3
251192119,8,3
251164835,4,2
517211738,8,3
251164835,1,0
251164835,3,1
206024630,4,3
251164835,7,3
836230621,2,0
251164835,3,2
251167948,7,2
251167495,4,2
517251752,6,3
251167495,7,3
517251752,1,0
802163587,0,0
517251752,2,0
517251752,2,0
828215698,0,0
820240091,5,3
517251752,5,3
242189117,10,5
517251752,6,4
300275317,7,1
517251752,0,0
834190941,5,2
517251752,7,4
264190941,5,1
517185122,6,1
844251752,5,3
517185122,1,0
300186569,6,2
517185122,8,3
300234102,0,0
517185122,20,5
206024630,6,1
517185122,5,2
256210257,5,1
517185122,3,0
246199987,2,1
517185122,2,1
324024630,6,4
517185122,3,2
256193105,5,3
300220901,6,3
256193105,7,3
280167948,6,3
256193105,2,0
216190053,5,2
256193105,2,1
834230621,2,0
256193105,2,0
206177683,4,3
256193105,2,2
268051539,8,7
256193105,8,3
214024630,7,3
256193105,6,3
834230621,7,5
256193105,7,2
246173373,5,3
300212831,2,0
300243675,6,3
829204883,4,0
300243675,5,1
246199987,5,0
300243675,5,3
272170597,2,1
300243675,6,1
251207998,6,3
300243675,7,4
216162835,2,0
300243675,9,3
834230621,2,0
300243675,6,1
242192448,8,4
300243675,2,1
300243675,3,1
300243675,2,1
207000488,10,3
216200389,5,2
207000488,7,2
300192119,5,2
207000488,5,3
291262621,6,2
207000488,6,3
324024630,5,1
829235073,6,3
300192448,9,7
300192448,6,3
834220901,5,1
300192448,5,4
280243952,2,0
300192448,3,0
268051539,5,3
834210257,7,2
300192448,4,2
300192119,5,1
283192448,7,4
273192119,6,2
300192119,6,0
300192119,5,4
825206585,8,6
300192119,5,1
206193080,7,5
300192119,7,4
265225116,6,1
829051539,6,4
300192119,1,0
300192119,4,2
291211738,1,0
264190941,6,2
300192119,7,4
300172203,6,1
207193080,4,1
207048940,5,2
207193080,3,0
206206585,5,1
207193080,5,2
256167495,4,0
207193080,5,3
291262621,5,2
207193080,6,2
207193080,9,4
508215698,3,1
207193080,5,2
289051539,5,3
207193080,5,2
256186153,7,1
206212831,0,0
207193080,1,0
300263063,4,0
323186153,2,1
511233306,4,0
265234102,3,0
300263063,2,2
829212831,4,3
511233306,4,3
845230869,2,1
511233306,2,1
834220901,5,0
300263063,2,0
231024630,2,1
234051539,10,5
237212831,4,0
237212831,8,3
830210941,6,3
237212831,4,3
825051539,5,2
844224836,8,4
206024630,6,3
844224836,4,1
234167948,4,2
265233306,8,4
844224836,6,1
844224836,4,1
836167948,4,0
216163587,5,1
844224836,8,4
844224836,8,5
300192119,4,1
256210257,3,1
802163587,3,1
825051539,6,4
802163587,3,1
829235073,2,1
802163587,9,4
300263204,4,1
300262621,3,2
300262621,5,3
252051539,3,1
207000001,5,0
300262621,3,2
300262621,7,3
283230621,4,1
214048940,7,3
300262621,7,1
210193080,1,1
300262621,2,0
231193080,1,0
300262621,3,1
206024630,3,2
300262621,5,1
300262621,6,3
280212831,1,0
256210257,4,2
834212831,4,2
256210257,7,2
265233306,7,2
256210257,3,1
283192448,3,0
846044897,6,4
216200389,5,2
846044897,5,4
291262621,5,2
840242948,6,3
846044897,6,1
846044897,1,1
846212831,6,4
846044897,9,5
300199987,5,3
846044897,6,1
253192119,1,0
846044897,2,0
251048940,6,3
846044897,7,3
231168435,3,2
846044897,7,3
300203042,10,8
251167495,6,0
802051539,4,3
300212831,4,1
251167495,5,3
251167495,5,3
517192563,5,3
268005479,5,3
251167495,7,2
251167495,6,3
517200389,4,3
251167495,3,0
251192119,7,4
251167495,5,3
322146748,5,2
270215223,6,2
251167495,9,7
251167495,6,3
300212831,8,4
251167495,4,1
273180739,5,2
515212831,7,4
251167495,4,1
251167495,2,1
834192119,3,1
256051539,4,1
251167495,6,2
251167495,4,2
300212831,5,3
251167495,5,2
251192119,7,3
251167495,4,3
802167948,6,4
251167495,9,3
517240091,3,1
251167495,7,3
210230621,6,1
251167495,7,4
300259532,4,2
851204935,8,5
804262621,3,0
206177683,7,2
804262621,7,2
834215698,3,1
804262621,6,2
804262621,5,0
265234102,5,2
802005479,6,6
804262621,9,6
231167495,5,5
804262621,5,2
300193080,5,1
804262621,6,4
804262621,3,0
300269626,7,4
251001179,3,3
852186153,9,4
828215698,9,6
834192119,1,0
834192119,3,0
834230621,8,5
834192119,4,2
511228789,6,3
300186153,6,3
834192119,4,1
834192119,2,1
210231691,11,7
834212831,10,7
834192119,4,1
834192119,3,0
253241671,8,4
834192119,6,2
256210257,8,7
300192448,8,3
234192119,5,1
300192448,7,4
834230621,7,3
300192448,4,0
206177683,5,3
300192448,7,4
804263063,3,1
242192119,9,3
300192448,6,3
300192448,7,2
300230621,4,3
300192448,4,1
253167495,2,2
300192448,7,3
300233189,6,1
300192448,8,4
217234642,6,3
300192448,8,3
825212831,5,1
251051539,8,3
206024630,4,0
845212831,6,3
206024630,2,1
237212831,3,0
206024630,9,3
207210257,4,3
206024630,6,4
246186569,3,1
206024630,8,4
260213951,5,2
206024630,6,2
218200726,7,5
206024630,7,2
206024630,2,1
234193041,3,2
206024630,8,5
252178005,10,6
256168435,5,1
206024630,4,1
283167495,2,0
517230621,4,1
283167495,2,1
206177683,9,6
834192119,7,2
283167495,8,5
835016254,3,1
283167495,3,2
283167495,5,2
206024630,0,0
265225116,0,0
283167495,5,2
834190941,6,3
834212831,4,2
265234102,4,1
834212831,4,3
251051539,8,6
834212831,6,3
264230621,3,2
834212831,6,4
825051539,1,0
834212831,7,2
848225116,5,3
834212831,5,2
280210257,7,2
834212831,3,2
836230621,5,2
834212831,5,1
300199987,4,0
834212831,3,0
210231691,6,3
256199987,4,2
256199987,3,0
804250753,5,3
300194404,3,1
256199987,9,6
300226753,5,4
256199987,7,4
291262621,5,2
256199987,7,4
848000488,4,2
256199987,2,0
825212831,6,2
256199987,2,1
300219836,5,2
256199987,6,3
300224836,9,4
256199987,4,1
804262621,6,1
206210257,8,5
206210257,6,1
251167495,8,4
300243830,5,0
206210257,9,4
270233934,5,2
206210257,1,1
300192119,6,1
206210257,7,3
206210257,6,1
214167495,7,2
206210257,6,2
217203042,1,1
300192119,5,2
206210257,13,7
834212831,8,3
206210257,6,5
300278394,6,4
256210257,6,3
300278394,3,1
251192119,6,0
834220901,3,0
300278394,9,5
300278394,7,3
210230621,5,3
300278394,4,0
834223686,13,5
300278394,3,0
246199987,0,0
300278394,4,0
270233934,5,2
300278394,5,1
846212831,6,5
300278394,7,4
834235840,5,3
300192119,6,3
300278394,8,2
300225116,5,3
834210257,1,1
834210257,8,4
207212831,0,0
834210257,4,2
253177683,7,5
834210257,4,2
324024630,3,0
217163264,7,4
834210257,2,0
284146748,7,2
834210257,11,7
834210257,4,2
804262621,8,4
256210257,7,3
300220901,4,1
851230872,9,4
828215698,3,2
851230872,3,0
828212831,5,2
851230872,11,7
834212831,5,2
851230872,5,1
517205186,3,3
851230872,1,0
827051539,8,6
201167495,1,0
851230872,0,0
851230872,4,1
834230621,7,1
851230872,3,1
206210257,6,1
828212831,5,3
834192119,4,3
828212831,5,4
246173373,5,4
828192448,8,4
825192448,6,2
846212831,8,5
828192448,6,3
828192448,4,2
852186153,5,3
517223885,7,6
828192448,2,2
256167495,5,4
848252154,5,1
300240987,2,0
201167948,6,2
855230872,4,0
201167948,10,5
284001179,4,0
201167948,8,4
846212831,6,1
201167948,4,1
206177683,2,1
201167948,4,2
265234102,3,2
201167948,3,2
234167495,3,2
201167948,4,2
834230621,6,0
201167948,4,1
251168435,1,1
218199987,3,2
218199987,4,1
256167495,6,3
218199987,5,4
829235073,3,3
826226753,5,2
218199987,4,1
845140233,2,0
256199987,5,4
291220901,0,0
845140233,5,1
845140233,6,2
828212831,1,0
206177683,4,1
845140233,2,0
216234642,4,2
845140233,6,4
265234102,2,0
251192119,7,2
265234102,6,1
283230621,4,0
513215698,3,2
265234102,5,2
265234102,5,2
300192119,10,7
265234102,7,4
264230621,7,3
246186569,4,2
265234102,10,6
265234102,7,4
834220901,5,4
517202811,6,2
265234102,6,3
273186153,9,5
265234102,9,4
280210257,3,3
845230869,4,0
280210257,6,1
206186153,4,0
280210257,19,7
300243952,0,0
206024630,4,3
217177683,4,0
280210257,2,0
206167495,3,3
280210257,7,1
214212831,1,1
280210257,5,3
270233934,0,0
280210257,3,2
853232065,4,2
848167948,3,2
280210257,6,2
834220901,1,1
848051539,2,1
515192563,8,1
834220901,6,3
300263887,6,4
834220901,4,1
828202811,4,2
804263063,7,3
828167948,5,2
828202811,7,3
828202811,8,5
264230621,7,2
828202811,1,0
828215698,7,4
826200389,6,5
828202811,4,1
828202811,5,3
216234642,12,4
828202811,2,1
852223885,12,7
256051539,6,2
828202811,5,3
828202811,5,2
252162835,1,0
828192119,3,1
206192448,6,3
828192119,4,2
300242879,4,1
828192119,12,6
517235840,3,1
828192119,8,4
242192119,2,1
828192119,4,2
246199987,9,6
828192119,7,4
834230621,6,2
828192119,8,4
111051539,6,2
828192119,5,1
834190941,2,2
828192119,7,3
834210257,2,1
828192119,5,1
840209981,7,4
206230621,2,1
246186569,3,0
206230621,4,1
300263063,3,2
256210257,9,3
206230621,7,4
851210676,7,3
206230621,5,1
206230621,0,0
810225116,7,2
834215698,7,1
206230621,2,1
856259532,7,4
206230621,2,1
206177683,6,3
206230621,7,3
206230621,3,1
804262621,3,1
270233934,5,4
217199987,4,2
217199987,6,1
251186153,8,6
217199987,9,5
206024630,7,4
217199987,3,0
802167948,7,3
324024630,9,3
217199987,6,1
217199987,3,2
517192563,5,1
280167495,4,1
300167495,4,2
280167495,4,2
234162835,9,3
280167495,3,2
201167948,1,1
280167495,4,0
265234102,2,0
300200389,2,0
206024630,2,2
300200389,2,0
214186569,5,2
300200389,8,7
508215698,4,1
834230621,3,1
300200389,2,2
834230621,2,1
829192448,6,4
834230621,3,1
237192119,4,2
826193698,6,2
834230621,5,2
834230621,2,0
206024630,1,1
851220901,3,2
834230621,4,1
511234102,6,2
834230621,3,2
206024630,7,1
834230621,5,2
834230621,1,1
517200389,3,0
834230621,2,0
300235840,1,1
256199987,8,4
834230621,1,1
825210257,8,4
289190053,5,2
825210257,7,3
300215698,5,2
825210257,1,0
515235840,5,3
825210257,7,3
284216065,3,0
825210257,3,2
101051539,7,4
825210257,5,1
207210257,2,0
825210257,1,0
251048940,4,2
825210257,2,2
827048940,2,0
825210257,5,1
253177683,3,1
834215698,0,0
201051539,5,1
201051539,8,3
810235073,7,3
201051539,4,1
818167495,10,7
218199987,2,1
101048940,11,3
218199987,2,1
237192119,5,3
840193080,10,6
218199987,4,2
218199987,6,1
300186569,3,2
218199987,5,4
256051539,2,0
265233306,4,2
218199987,6,2
218199987,3,2
836230621,6,2
218199987,5,3
802051539,2,1
218199987,1,0
825210257,3,0
206193041,6,3
214192119,2,0
300206075,6,3
206193041,2,2
206193041,6,2
851220901,5,1
206193041,9,3
829199987,2,1
206177683,0,0
206193041,8,2
825212831,5,1
206193041,4,3
511262621,4,0
206193041,5,2
300243675,4,1
206193041,9,2
283211101,3,0
840206585,0,0
300192119,3,0
283211101,0,0
840206585,7,4
802167948,7,4
206212831,5,3
802167948,3,3
802167948,4,3
515210257,5,3
291220901,3,0
802167948,4,2
829235073,5,4
802167948,3,2
802167948,9,4
217212831,5,1
834212831,0,0
802167948,0,0
802167948,4,1
291262621,4,1
802167948,11,7
300177683,4,0
828215698,6,2
300192119,7,4
828215698,2,1
256167495,7,3
206177683,8,3
828215698,5,3
251167495,3,1
828215698,2,1
828215698,9,5
201000001,13,3
845233267,8,2
828215698,8,5
828215698,4,3
840206585,7,2
234001179,8,1
253167495,9,5
253167495,3,0
253192119,7,2
253167495,7,1
265186153,5,2
253167495,5,1
101051539,6,1
234051539,5,1
253167495,5,2
253167495,14,10
515240091,3,1
283230621,4,1
253167495,10,5
253167495,2,0
852186153,6,3
253167495,6,4
834190941,4,3
265234102,2,0
253167495,5,4
291227127,4,2
265234102,4,1
265234102,4,2
508163489,7,1
265234102,10,3
283211101,3,1
265234102,2,0
237210257,4,0
267244020,5,4
265234102,5,3
265234102,4,2
206177683,9,4
517167495,5,2
265234102,5,3
300240913,4,2
265234102,7,6
265234102,7,5
300193336,4,1
848210257,3,0
270234577,0,0
848210257,4,1
216234642,2,1
848210257,2,1
300212831,5,1
848210257,5,2
206024630,5,2
848210257,0,0
283211101,4,3
848210257,7,6
851204935,3,2
848210257,2,0
836230621,6,2
848210257,8,5
300222389,5,2
848210257,8,5
264230621,4,2
237051539,7,1
517235840,3,0
237051539,4,2
246173373,5,2
237051539,4,2
265234102,2,0
237051539,8,6
237210257,5,3
237051539,5,3
284216065,5,0
237051539,5,0
253167495,2,2
237051539,6,3
256051539,4,2
216167495,4,2
237051539,3,0
237051539,8,5
828167495,7,2
251192119,5,3
834242948,5,1
802167948,7,4
834242948,1,1
829192448,4,3
834242948,2,1
834242948,5,3
503162835,6,1
829192448,10,1
834242948,2,1
834242948,6,4
207210257,2,0
834190941,2,0
834242948,0,0
834242948,5,1
206177683,2,1
253192119,5,4
834242948,5,1
101000488,6,1
284216065,3,1
284216065,7,3
300177683,5,0
284216065,8,4
324024630,3,1
264230621,7,5
834192119,7,3
300192119,4,3
264230621,4,1
253167495,2,1
264230621,4,2
270193105,5,2
251186153,4,0
270193105,4,0
324024630,5,2
270193105,8,5
265234102,9,7
270193105,6,3
810243952,11,6
270193105,9,6
280225116,5,3
270193105,6,1
300186153,6,1
270193105,5,2
253192119,8,4
270193105,6,4
291262621,4,2
270193105,7,3
206186153,3,1
515215698,0,0
846212831,6,2
515215698,2,2
237210257,3,0
515215698,3,1
827048940,8,3
515215698,4,3
845202811,6,1
515215698,6,2
280215698,6,3
515215698,4,3
323193041,5,0
515215698,3,0
234190053,3,2
283230621,5,1
515215698,4,1
515215698,3,1
206192119,5,1
851220901,4,2
848225116,7,5
247191924,10,5
848225116,5,2
251167495,5,2
848225116,7,2
513177683,4,2
848225116,8,5
853232065,8,6
848225116,2,0
216192448,11,2
848225116,0,0
825212831,4,2
848225116,2,1
848167948,5,2
848225116,7,3
300192448,6,4
848225116,2,1
845005479,4,2
268051539,5,2
268051539,3,0
856228789,5,2
291262621,5,3
268051539,2,1
206203775,6,1
268051539,3,1
251024630,5,2
300206585,4,2
848190941,7,1
300206585,4,2
207212831,8,4
300206585,6,3
252002147,6,1
300206585,1,0
834220901,3,0
300206585,6,4
828167495,9,0
300206585,5,1
300206075,5,3
300206585,5,2
216192448,2,0
300206585,6,4
834210257,4,1
300206585,4,0
829051539,3,1
853212432,9,4
829051539,6,2
834220901,3,2
829051539,4,3
300270141,6,4
829051539,3,1
513235073,3,2
829051539,1,0
825005479,5,2
829051539,4,2
268051539,9,4
829051539,3,1
513186153,2,1
829051539,1,0
256186153,6,2
829051539,8,3
825212831,3,1
828212831,5,3
251051539,4,0
828212831,8,4
231173426,2,0
828212831,6,4
828212831,1,0
231024630,3,0
828212831,7,6
828212831,1,0
216162835,5,1
214001179,3,0
828212831,0,0
828212831,4,3
251192119,7,4
828212831,5,2
825234642,1,0
826204935,3,0
237210257,5,2
251001179,5,1
214051539,8,2
270193105,4,3
214051539,2,2
324024630,4,1
214051539,6,2
242186153,5,2
214051539,2,1
101001179,3,0
214051539,6,4
300194404,2,0
214051539,5,4
291220901,0,0
214051539,1,0
293212432,3,1
256192448,5,1
300215698,6,3
300233164,5,3
214192119,3,1
324024630,9,2
834220901,3,1
324024630,4,2
855200389,8,4
324024630,3,3
300192119,4,2
324024630,7,4
324024630,7,5
237192119,6,5
234192119,3,0
324024630,1,1
300192119,4,0
324024630,4,1
508190941,7,2
503167495,3,2
829192119,1,1
503167495,3,1
265225116,3,1
503167495,2,1
517223885,4,1
503167495,4,1
300210257,3,3
503167495,7,4
513186153,6,4
503167495,2,0
828212831,6,2
503167495,5,3
840226753,4,0
503167495,5,3
828226753,8,4
503167495,4,2
237199987,5,2
804250753,1,1
237199987,4,1
234002147,2,2
825051539,8,5
237199987,9,4
237199987,5,3
300215698,10,5
237199987,2,0
810206585,1,0
237199987,2,0
810227127,5,3
237199987,3,2
284216065,5,2
237199987,5,1
251192119,4,3
234173373,6,3
513192448,3,2
237212831,2,0
513192448,3,1
300260978,1,1
513192448,2,1
246188943,6,3
853212432,7,3
246188943,6,2
829190053,4,3
246188943,8,2
846212831,4,1
828212831,3,1
246188943,7,5
101000488,5,2
825005479,2,1
300210358,6,4
825005479,2,1
246193105,3,1
825005479,3,2
280210257,4,1
825005479,5,2
265192119,3,0
825005479,5,2
834230621,4,4
825005479,11,6
324024630,9,3
828192119,5,4
231176550,7,4
825005479,5,2
804263063,11,6
825005479,4,3
300220901,8,5
825005479,8,5
253167495,2,0
251192119,6,1
802051539,4,2
251192119,0,0
829051539,6,5
251192119,6,2
251192119,13,7
256051539,8,1
804262621,3,0
251192119,5,0
251192119,3,1
846212831,4,2
251192119,5,1
216192448,8,2
251192119,6,3
827051539,4,2
283230621,10,3
234162835,2,0
206024630,9,2
206193105,10,2
206024630,5,4
300228789,6,3
206024630,4,0
268051539,6,4
206024630,2,0
264230621,7,4
206024630,4,2
515193080,7,4
206024630,4,2
206167948,6,4
206024630,6,1
300230621,7,5
206024630,8,3
284216065,7,4
206024630,1,1
834230621,4,2
214192448,0,0
834192119,2,0
834192119,3,0
233192119,0,0
834192119,6,2
217200110,8,6
515215698,2,2
300259532,4,1
251186153,3,1
300259532,4,1
300259532,3,3
851230872,6,2
264230621,4,1
300259532,4,4
300259532,1,0
804250753,6,2
283186153,6,4
300259532,4,1
300259532,6,3
300192119,3,2
300259532,3,2
265233306,4,1
300259532,3,0
201048940,5,3
256199987,3,2
237192119,4,0
256199987,6,2
284146748,5,4
234162835,6,1
517192563,6,3
231024630,6,5
234162835,5,3
237192119,7,1
206024630,7,1
834220901,6,3
237192119,4,2
283170597,8,3
237192119,8,3
237192119,7,1
829192119,5,1
237192119,6,3
300243675,6,4
237192119,3,1
217210257,4,2
237192119,2,0
804243585,6,2
300192119,5,2
237192119,9,3
237192119,4,1
834250753,10,3
207000488,5,3
300262621,4,1
206193105,3,2
207000488,4,2
207000488,5,1
828167948,6,2
517223885,2,1
856259532,14,2
517223885,6,4
206203042,8,2
517223885,3,2
828212831,6,1
517223885,6,2
256186153,9,5
101000805,3,1
517223885,4,0
264230621,1,1
829220901,6,3
264230621,5,3
101238380,2,1
264230621,7,5
300243675,6,3
216230621,7,3
251167948,6,4
251167948,4,1
825048940,10,7
251167948,1,0
804262621,4,0
251167948,1,1
265234102,4,0
251167948,2,0
256192448,5,4
834230621,4,2
251167948,3,0
251167948,5,1
251051539,5,2
251167948,8,4
844192984,3,3
251167948,3,0
834252154,4,2
804262621,4,1
517254803,1,1
264190941,1,1
517254803,3,0
828212831,7,5
517254803,2,0
517254803,5,1
517223952,2,2
517254803,2,1
807212831,4,2
828212831,7,3
517254803,7,5
517254803,6,1
280212831,14,8
251192119,7,3
517254803,3,2
201167495,4,1
517254803,0,0
802167948,6,5
517254803,7,6
834192119,4,0
517215316,7,3
253167495,5,3
834192119,1,1
300192119,4,1
834192119,2,2
834192119,4,1
508199339,8,4
802167948,9,1
834192119,3,2
832215698,0,0
834192119,4,0
834220901,6,1
834192119,5,2
300192119,8,3
834192119,4,3
300258885,4,1
834192119,0,0
216192448,3,0
256051539,3,2
802192448,6,2
206024630,8,3
265225116,5,2
206024630,5,3
253002147,3,1
206024630,3,1
848225116,8,4
206024630,5,1
324024630,2,1
206024630,7,3
804262621,4,2
206024630,3,2
214005479,5,2
206024630,4,2
851210676,9,2
206024630,8,2
210193080,6,2
834230621,2,1
834230621,5,1
252167948,2,1
246199987,6,5
834230621,6,4
834230621,2,0
277203004,4,2
834230621,4,3
856211738,4,1
834230621,5,1
111051539,3,1
834230621,5,0
256167495,2,2
834230621,2,0
270221087,2,2
834230621,2,1
851210676,3,2
294238570,7,4
251001179,6,4
294238570,3,2
836167948,3,1
829192119,4,0
294238570,5,3
294238570,2,0
848225116,7,2
294238570,1,1
300242948,3,0
294238570,3,1
234051539,4,3
294238570,1,1
246199987,2,2
294238570,3,1
265192119,4,1
294238570,3,3
300186153,7,2
291211738,1,1
206192448,5,2
291211738,4,3
846212831,8,3
291211738,5,1
848190941,4,1
291211738,5,1
300192119,5,2
291211738,5,2
300193105,5,2
260243952,1,1
828192119,8,6
260243952,2,0
814223885,11,7
260243952,6,2
265186153,7,2
260243952,4,0
825210257,9,5
260243952,4,1
283170597,4,1
260243952,5,2
853232065,5,2
260243952,5,0
101001179,2,1
260243952,6,0
517254803,3,1
260243952,7,3
515192563,7,4
260243952,3,2
848001179,4,1
814223885,3,1
856230621,2,0
300192119,5,5
814223885,5,3
300186153,3,2
814223885,4,3
233192119,1,0
814223885,9,3
300258885,4,0
814223885,3,1
814223885,7,2
256193105,3,1
231173373,5,1
814223885,4,1
300243311,3,2
814223885,3,0
283192448,3,0
814223885,2,0
265192119,5,0
834210257,4,0
517211738,7,2
834210257,3,1
268051539,4,2
834210257,6,3
256210257,7,5
834210257,4,3
506001179,9,5
270234577,3,0
828212831,3,2
270234577,3,1
270234577,3,3
828215698,7,1
270234577,8,4
265233306,8,2
264190941,5,4
270234577,7,2
270234577,3,1
246199987,6,3
270234577,1,1
265234102,3,0
270234577,5,3
206193080,2,1
270234577,6,2
840214979,4,4
513186153,6,2
517211738,4,2
513186153,10,6
231024630,5,0
251167495,3,1
513186153,3,2
513186153,4,1
283186153,3,1
513186153,1,0
848190941,3,1
206024630,1,0
513186153,2,0
513186153,1,0
284216065,10,4
513186153,8,4
300220901,6,4
513186153,4,2
264230621,5,1
101048940,9,4
265234102,9,4
853232065,6,6
265234102,3,0
265234102,3,2
216230621,6,0
234162835,7,3
265234102,4,1
270193105,4,3
265234102,2,0
265234102,7,4
206177683,6,2
265234102,9,4
237192119,3,1
828226753,3,1
283167495,10,3
265234102,3,2
840226753,6,2
265233306,10,6
265234102,4,1
324024630,2,1
828226753,10,3
828226753,7,3
283230869,8,4
217203042,5,3
265234102,9,6
828226753,10,7
233192119,4,3
283002147,3,0
265234102,3,0
828212831,5,3
265234102,6,2
300192448,3,0
828212831,5,3
828212831,3,2
256168435,4,0
300277669,4,1
828212831,4,2
265233306,4,0
828212831,2,0
206024630,8,3
828212831,2,0
828212831,3,0
206192119,7,1
825210257,6,1
828212831,7,5
828212831,11,3
206177683,1,1
828212831,4,3
218221087,0,0
252167948,1,0
256051539,4,2
264190941,6,4
256051539,6,4
845233267,4,3
256051539,6,3
256051539,5,1
836230621,6,1
210192119,5,1
256051539,7,4
256051539,6,3
300271918,2,0
206188943,3,1
256051539,2,2
256051539,6,1
851204935,0,0
830212432,3,0
256051539,6,4
827051539,7,2
828192448,3,0
802163587,8,2
828192448,2,1
323186153,4,2
828192448,6,3
324024630,6,2
828192448,9,2
300242948,0,0
828192448,2,0
513220901,4,2
828192448,4,1
237212831,5,2
828192448,7,4
291262621,6,1
828192448,7,4
828192448,9,5
853212432,4,2
280215698,3,1
828192448,8,2
825210257,4,2
834212831,6,2
834212831,1,0
289192119,4,2
834212831,2,1
804262621,1,1
834212831,4,2
265233306,5,3
270233267,5,2
834212831,6,2
291220901,5,1
216167495,5,2
834230621,6,3
256051539,4,1
256051539,3,2
265234102,5,2
256051539,1,0
256186153,6,6
256051539,7,1
214001179,2,0
265234102,4,2
256051539,5,2
256051539,5,3
265234102,5,1
846202811,10,6
256051539,6,3
264230621,5,2
256051539,2,2
825210257,4,4
256051539,4,2
256051539,3,1
517259532,0,0
101005479,5,1
300225395,6,6
828192119,5,3
216230621,4,1
237210257,5,2
216230621,3,1
289051539,4,2
216230621,3,2
216230621,1,0
206024630,1,1
300192119,1,0
216230621,3,0
270233934,0,0
216230621,2,0
216230621,6,4
237210257,4,2
237051539,8,4
216230621,1,1
828192448,5,2
216230621,1,1
216230621,3,0
265234102,2,1
300186153,2,0
834173426,9,4
828215698,3,1
834173426,8,7
251164835,2,1
834173426,4,1
834173426,3,2
265233306,2,1
217203042,3,1
834173426,6,4
834230621,4,3
834173426,5,1
834173426,4,2
300210358,6,3
853212432,7,4
834173426,5,2
852200159,2,0
834173426,11,7
834173426,7,1
300271918,2,2
300167495,5,2
300233306,5,3
265225116,2,2
280215698,8,4
234167495,0,0
280215698,5,3
280215698,3,2
804243585,7,3
280215698,4,4
300192448,5,2
280215698,4,3
300234577,4,1
300224241,4,2
280215698,6,3
280215698,2,2
834192119,4,2
280215698,6,3
246186569,5,2
256168435,5,2
503162835,5,1
256168435,4,2
253167495,5,1
256168435,1,1
216192448,6,1
256168435,0,0
802167948,8,2
256168435,3,1
300192119,3,1
256168435,2,1
845233267,6,1
256168435,4,1
270233934,6,0
256168435,3,1
825051539,7,4
256168435,4,0
828192119,5,1
256168435,4,1
268051539,7,3
836167948,1,0
231024630,0,0
836230621,6,1
231024630,2,1
246199987,2,0
231024630,1,1
300224251,6,3
231024630,8,5
283192448,5,5
231024630,2,2
300215316,3,2
231024630,4,3
848252154,4,2
231024630,3,2
251178005,5,2
231024630,6,1
265233306,1,0
231024630,3,1
231024630,7,5
513186153,4,3
289192119,10,8
216200389,8,5
216200389,8,5
237212831,6,3
256210257,9,4
216200389,1,1
256167495,12,7
216200389,8,4
828200389,4,1
252051539,7,4
828200389,7,2
210230621,7,6
231024630,9,3
828200389,12,6
828200389,7,3
101000488,6,4
828200389,4,4
256192448,4,3
231167495,5,4
253192119,6,3
253192119,4,3
206199987,3,2
253192119,8,4
856203841,2,1
253192119,4,3
253167495,8,4
231150724,3,1
253192119,6,4
253192119,6,2
265233306,8,4
253192119,5,0
300238186,5,2
846192119,6,3
253192119,4,1
216192448,3,1
253192119,4,3
856228789,3,2
300263063,4,2
856228789,4,0
829235073,3,3
856228789,4,2
828192119,3,0
270234577,7,1
856228789,0,0
856228789,7,3
265234102,3,2
252167948,8,6
856228789,2,2
251001179,3,0
503162835,1,1
252162835,9,5
503162835,6,4
503162835,13,8
508235073,1,0
503162835,4,1
804263063,6,4
233192119,4,3
503162835,6,1
804250753,6,1
503162835,4,2
300259532,2,1
503162835,9,4
828200389,1,0
503162835,3,2
804250753,7,3
503162835,8,4
274192119,1,0
270233267,5,2
274192119,3,2
300243675,6,2
274192119,1,0
834230621,2,0
274192119,1,0
834190941,7,3
274192119,6,3
324024630,6,4
274192119,3,2
300192119,6,3
274192119,1,1
300243675,11,4
274192119,2,1
853212432,5,2
836167495,7,4
260186569,7,3
836167495,1,0
216200389,3,0
836167495,5,3
291262621,7,2
836167495,2,1
251192119,2,1
836167495,4,2
264190941,4,2
836167495,0,0
828192119,3,0
836167495,6,4
206005479,3,0
836167495,5,1
517220901,5,1
856203841,3,2
268051539,6,5
280210257,9,3
856203841,3,1
300215698,10,4
856203841,1,1
828212831,6,3
856203841,4,3
856203841,6,5
234162835,3,2
856203841,1,1
283192448,4,3
256199987,6,2
856203841,4,1
829199987,5,3
856203841,3,0
856203841,2,0
846193080,6,4
289051539,5,1
324024630,5,2
265234102,4,2
324024630,3,2
283170597,10,6
324024630,4,2
265233306,6,5
828215698,6,2
515210257,6,3
828215698,4,3
300192119,2,0
828215698,4,0
253167495,7,4
828215698,6,1
804263063,4,1
828215698,6,2
834230621,5,3
828215698,3,0
828215698,2,1
815258498,5,0
265192119,4,1
828215698,3,2
828215698,2,1
834210257,6,0
517230621,3,2
101051539,4,3
806212432,4,2
517230621,6,1
283230621,4,1
517230621,3,0
101051539,9,4
517230621,6,2
300269271,7,4
517230621,0,0
826226753,1,1
517230621,2,0
506001179,5,2
517230621,6,4
300215698,1,0
517230621,8,2
300224836,3,1
517230621,4,0
517192563,3,0
853232065,9,5
206193080,3,1
517192563,4,3
517192563,3,3
848051539,5,3
517192563,5,3
253204935,6,3
300258885,5,3
517192563,4,0
234173373,8,5
517192563,6,3
517192563,5,2
836230621,3,3
852223885,5,4
517192563,5,1
825051539,2,0
835016254,4,1
825051539,9,6
810167495,4,2
834230621,7,5
825051539,3,1
825051539,6,0
834235840,4,2
270234577,4,0
825051539,3,0
825051539,4,1
270221087,2,0
825051539,4,1
280177683,7,4
268051539,2,2
214051539,5,3
834192119,1,0
214051539,4,1
214051539,4,2
206167495,8,4
270193105,4,2
214051539,3,1
253192119,5,2
289192119,3,0
300220407,4,1
289192119,7,3
856212831,10,7
207193080,7,2
300219836,3,2
501215698,5,2
289192119,3,2
256186569,6,3
300192119,8,4
201005479,7,3
836005479,3,0
300192119,10,5
280235073,2,2
300192119,4,1
324208104,5,2
300192119,7,4
300192119,4,2
845242179,6,2
300192119,0,0
825210257,7,3
856228789,5,3
300192119,3,2
300243311,0,0
206203841,6,3
206203841,5,1
256005479,2,0
206203841,4,1
810224987,3,0
206203841,8,2
300167495,1,0
206203841,4,2
300192119,6,3
206203841,5,2
256168435,1,1
206203841,6,2
291227127,1,0
206203841,1,0
251051539,5,1
206203841,4,1
825192448,9,5
300262621,6,3
216167948,10,5
300262621,5,0
829235073,17,13
300262621,6,1
201005479,6,2
300262621,2,0
264190941,2,1
216200389,8,6
300262621,7,3
300262621,3,2
300233164,4,1
300262621,7,4
300263063,2,1
300262621,6,4
804262621,3,2
300262621,8,8
253167495,5,2
270233934,3,0
828215698,7,4
300192119,4,1
214167495,2,0
300192119,4,1
217212831,1,1
300192119,1,1
234167495,3,0
300192119,4,0
300228789,4,2
300192119,3,0
280210257,9,4
300192119,4,2
234192119,5,0
300192119,6,2
237192119,7,5
300192119,4,1
828215698,6,1
101051539,8,5
291262621,5,3
253204935,7,3
291262621,4,1
834212831,5,4
253167495,5,2
300204883,3,2
253167495,4,3
214167495,4,1
253167495,4,1
253167495,4,0
216167948,3,0
517223885,6,3
234167495,1,0
283170597,5,4
234167495,7,4
214150724,4,2
234167495,6,4
206193041,7,1
300215698,6,2
251186153,6,2
300215698,4,0
300215698,5,1
300215698,7,3
300215698,6,3
806212432,7,3
300215698,12,8
300194404,7,4
246186569,5,4
300215698,5,3
834212831,6,3
300215698,7,4
265233306,5,1
300215698,4,1
300215698,5,1
234051539,4,1
517233306,2,0
300238186,5,3
517233306,6,1
814223885,3,1
517233306,3,2
206188943,4,0
517233306,9,6
501215698,5,1
207051539,5,5
265234102,1,1
207051539,7,3
265234102,6,3
207051539,1,0
834212831,5,2
207051539,3,2
802182494,5,2
207051539,4,0
253168435,2,2
503170597,5,1
216190053,4,1
270234577,3,0
503170597,4,0
503170597,8,4
300167495,10,3
503170597,4,0
265233306,2,1
503170597,5,2
804262621,6,1
273226753,3,1
825051539,4,0
251051539,3,1
273226753,2,0
273226753,3,0
840242948,0,0
273226753,5,3
256186153,5,3
273226753,3,2
834235840,8,4
828192119,4,4
273226753,4,4
273226753,3,3
300192119,6,5
256186153,2,1
273226753,5,3
273226753,4,1
827051539,8,4
300200389,4,1
265233306,7,2
300200389,2,1
834240913,6,4
300200389,6,1
201167948,5,3
300200389,7,4
216167948,1,1
300200389,3,0
300235840,2,2
835016254,5,1
300200389,6,1
300200389,5,3
283167495,10,4
300200389,5,2
246199987,2,0
300200389,7,2
246199987,9,4
251167495,3,3
300200389,8,2
