날짜,GK_ID,피슈팅,선방
2026-04-15,828167948,4,1
2026-04-15,856235840,4,2
2026-04-15,856235840,0,0
2026-04-15,844251752,4,3
2026-04-15,856235840,6,1
2026-04-15,251051539,4,2
2026-04-15,856235840,4,1
2026-04-15,828230621,8,4
2026-04-15,233163587,3,0
2026-04-15,856235840,4,0
2026-04-14,856235840,6,3
2026-04-14,834220901,3,1
2026-04-14,856235840,4,3
2026-04-14,834230621,1,1
2026-04-14,856235840,6,4
2026-04-14,251192119,6,2
2026-04-15,828167948,5,1
2026-04-15,840206585,1,0
2026-04-15,206203841,3,3
2026-04-15,828167948,2,0
2026-04-15,828167948,6,4
2026-04-15,300230872,3,0
2026-04-15,828167948,3,2
2026-04-15,234192119,4,0
2026-04-15,828167948,4,2
2026-04-15,264230621,4,2
2026-04-14,265186153,2,0
2026-04-14,828230621,8,3
2026-04-14,280210257,3,0
2026-04-14,828230621,3,0
2026-04-14,828230621,5,2
2026-04-14,251167495,5,3
2026-04-13,828230621,3,2
2026-04-13,300233267,3,0
2026-04-13,828230621,4,2
2026-04-13,300192119,3,0
2026-04-13,260186569,2,1
2026-04-13,828230621,8,2
2026-04-13,256186153,5,4
2026-04-13,828230621,4,4
2026-04-11,828230621,9,4
2026-04-11,825051539,5,3
2026-04-10,251167495,7,3
2026-04-10,828230621,4,1
2026-04-15,260213951,4,1
2026-04-15,834220901,9,5
2026-04-15,834220901,3,3
2026-04-15,265225116,4,3
2026-04-15,300220901,4,3
2026-04-15,834220901,7,3
2026-04-15,834220901,1,0
2026-04-15,206167948,4,0
2026-04-15,834220901,3,1
2026-04-15,508194404,2,2
2026-04-15,834220901,5,2
2026-04-15,206199482,13,6
2026-04-14,300193786,7,3
2026-04-14,834230621,7,2
2026-04-14,300233164,5,3
2026-04-14,834230621,4,1
2026-04-14,206177683,3,2
2026-04-14,834230621,3,1
2026-04-13,300228789,4,2
2026-04-13,834230621,5,4
2026-04-13,283211101,4,2
2026-04-13,834230621,4,2
2026-04-13,508192119,2,1
2026-04-13,834230621,5,2
2026-04-13,237212831,3,2
2026-04-13,834230621,4,2
2026-04-13,845233267,5,3
2026-04-13,834230621,4,4
2026-04-12,834230621,5,3
2026-04-12,101048940,6,3
2026-04-14,251192119,3,2
2026-04-14,300190941,6,2
2026-04-14,251192119,2,0
2026-04-14,515215698,0,0
2026-04-14,251192119,16,4
2026-04-14,300243952,0,0
2026-04-14,251192119,5,1
2026-04-14,256051539,5,1
2026-04-14,251192119,5,3
2026-04-14,265186153,2,1
2026-04-14,251192119,5,2
2026-04-14,517235840,0,0
2026-04-14,251192119,6,3
2026-04-14,289192119,7,4
2026-04-14,251192119,2,1
2026-04-14,814186569,3,1
2026-04-14,251192119,5,0
2026-04-14,836230621,5,1
2026-04-15,206203841,5,2
2026-04-15,834230621,3,2
2026-04-14,206203841,3,1
2026-04-14,214167495,3,1
2026-04-14,206203841,6,3
2026-04-14,300243675,7,2
2026-04-15,828226753,3,0
2026-04-15,300230872,4,0
2026-04-15,300230872,2,0
2026-04-15,828215698,5,1
2026-04-15,834242948,5,2
2026-04-15,300230872,3,2
2026-04-15,846164835,4,2
2026-04-15,253230621,5,2
2026-04-15,265192119,1,0
2026-04-15,846164835,4,2
2026-04-15,201051539,2,0
2026-04-15,846164835,4,1
2026-04-12,206177683,0,0
2026-04-12,234192119,5,3
2026-04-11,848192119,6,3
2026-04-11,234192119,1,1
2026-04-11,234192119,6,4
2026-04-11,300230621,1,1
2026-04-11,517230869,4,3
2026-04-11,234192119,3,1
2026-04-15,264230621,3,0
2026-04-15,300192448,4,1
2026-04-15,270193105,5,3
2026-04-15,264230621,7,5
2026-04-15,264230621,2,2
2026-04-15,260192119,5,1
2026-04-14,804262621,10,5
2026-04-14,264230621,7,4
2026-04-14,264230621,3,2
2026-04-14,264230621,5,1
2026-04-14,234173373,3,1
2026-04-14,264230621,5,1
2026-04-13,251167495,3,1
2026-04-13,264230621,8,4
2026-04-13,834210257,7,3
2026-04-13,264230621,6,4
2026-04-13,834212831,3,2
2026-04-13,264230621,6,5
2026-04-15,265192119,7,1
2026-04-15,237212831,5,3
2026-04-15,256186153,7,3
2026-04-15,265192119,8,3
2026-04-14,265186153,4,1
2026-04-14,815224836,5,3
2026-04-14,265186153,7,2
2026-04-14,828200389,3,2
2026-04-14,268005479,2,1
2026-04-14,265186153,5,3
2026-04-14,265186153,6,5
2026-04-14,853212432,4,3
2026-04-14,265186153,7,2
2026-04-14,265234102,10,5
2026-04-14,834230621,3,0
2026-04-14,265186153,7,4
2026-04-14,265186153,4,0
2026-04-14,270193105,5,2
2026-04-14,265225116,6,2
2026-04-14,265186153,4,2
2026-04-14,265186153,5,2
2026-04-14,517224003,3,1
2026-04-14,280210257,3,1
2026-04-14,829235073,7,7
2026-04-14,280210257,7,3
2026-04-14,835016254,5,2
2026-04-14,280210257,4,2
2026-04-14,828212831,4,2
2026-04-14,280210257,4,3
2026-04-14,513186153,2,1
2026-04-14,280210257,4,3
2026-04-14,802182494,4,2
2026-04-14,280210257,6,4
2026-04-14,251051539,3,1
2026-04-14,280210257,5,4
2026-04-14,246199987,5,3
2026-04-14,280210257,5,2
2026-04-14,251051539,8,4
2026-04-14,280210257,7,4
2026-04-14,840206585,4,2
2026-04-15,834167495,2,0
2026-04-15,251167495,4,3
2026-04-15,300167495,5,2
2026-04-15,251167495,6,3
2026-04-15,291262621,2,2
2026-04-15,251167495,7,2
2026-04-15,273226753,1,0
2026-04-15,251167495,2,2
2026-04-15,300194404,5,4
2026-04-15,251167495,3,1
2026-04-14,251192119,3,2
2026-04-14,251167495,7,2
2026-04-14,289051539,2,0
2026-04-14,251167495,4,1
2026-04-14,237212831,2,1
2026-04-14,251167495,4,3
2026-04-14,283170597,4,2
2026-04-14,251167495,5,1
2026-04-13,300233267,7,4
2026-04-13,253192119,6,2
2026-04-13,206177683,3,2
2026-04-13,300233267,6,4
2026-04-13,513203841,8,6
2026-04-13,300233267,3,1
2026-04-13,291262621,3,1
2026-04-13,300233267,6,3
2026-04-13,216162835,7,2
2026-04-13,300233267,1,1
2026-04-15,804262621,6,4
2026-04-15,300192119,3,0
2026-04-13,300192119,4,2
2026-04-13,825210257,2,2
2026-04-13,206173373,2,0
2026-04-13,300192119,5,2
2026-04-13,846193080,4,3
2026-04-13,300192119,5,0
2026-04-13,300192119,2,1
2026-04-13,845233267,4,0
2026-04-13,300192119,2,0
2026-04-13,814048940,9,6
2026-04-13,300192119,5,1
2026-04-13,324024630,7,3
2026-04-13,246199987,6,4
2026-04-13,300192119,4,1
2026-04-13,300192119,9,3
2026-04-13,270233267,1,0
2026-04-13,260186569,7,4
2026-04-13,283211101,5,2
2026-04-13,260186569,3,1
2026-04-13,256199987,3,2
2026-04-13,260186569,4,2
2026-04-13,324024630,7,4
2026-04-13,828226753,2,1
2026-04-13,260186569,4,1
2026-04-13,260186569,3,3
2026-04-13,300192119,5,3
2026-04-13,260186569,5,1
2026-04-13,264190941,8,3
2026-04-13,260186569,5,2
2026-04-13,802163587,7,2
2026-04-13,260186569,4,0
2026-04-13,300186148,0,0
2026-04-13,829220901,9,8
2026-04-13,260186569,4,3
2026-04-13,829167495,6,1
2026-04-13,260186569,3,0
2026-04-15,256186153,3,1
2026-04-15,256193105,3,0
2026-04-13,256186153,2,0
2026-04-13,207193080,6,1
2026-04-13,256186153,3,0
2026-04-13,218221087,0,0
2026-04-13,256186153,1,0
2026-04-13,852186153,2,0
2026-04-12,256186153,5,2
2026-04-12,264190941,5,1
2026-04-12,251001179,3,1
2026-04-12,256186153,3,0
2026-04-12,256186153,3,1
2026-04-12,216200389,2,0
2026-04-11,256186153,3,2
2026-04-11,253192119,3,1
2026-04-11,256186153,2,1
2026-04-11,300263887,2,2
2026-04-14,825051539,7,5
2026-04-14,265186153,2,0
2026-04-14,828215698,6,3
2026-04-14,825051539,6,3
2026-04-13,274192119,8,4
2026-04-13,825051539,2,0
2026-04-13,814223885,3,0
2026-04-13,825051539,1,1
2026-04-13,289190053,5,1
2026-04-13,825051539,4,4
2026-04-13,300240913,7,2
2026-04-13,825051539,4,1
2026-04-13,829235073,2,1
2026-04-13,825051539,7,3
2026-04-13,237190053,3,2
2026-04-13,825051539,3,1
2026-04-13,825051539,3,1
2026-04-13,300186153,3,1
2026-04-13,207212831,5,0
2026-04-13,825051539,3,1
2026-04-15,260213951,3,0
2026-04-15,319005479,5,1
2026-04-15,260213951,2,2
2026-04-15,852048940,3,0
2026-04-15,260213951,3,1
2026-04-15,826226753,5,0
2026-04-15,260213951,9,4
2026-04-15,300192119,4,1
2026-04-15,260213951,8,3
2026-04-15,265186153,5,0
2026-04-15,260213951,1,0
2026-04-15,828167948,5,2
2026-04-15,237210257,4,1
2026-04-15,513228789,3,2
2026-04-15,206024630,3,1
2026-04-15,260213951,5,2
2026-04-15,260213951,2,0
2026-04-15,300219836,4,3
2026-04-15,324024630,1,1
2026-04-15,265225116,2,2
2026-04-15,265225116,5,4
2026-04-15,251048940,5,2
2026-04-15,251167495,2,1
2026-04-15,265225116,3,0
2026-04-15,300252154,4,3
2026-04-15,265225116,2,0
2026-04-15,300243311,2,0
2026-04-15,265225116,5,3
2026-04-14,826226753,5,1
2026-04-14,265225116,5,2
2026-04-14,256199987,4,2
2026-04-14,265225116,3,1
2026-04-14,268051539,7,3
2026-04-14,265225116,5,0
2026-04-14,300192119,3,1
2026-04-14,265225116,1,0
2026-04-15,300220901,9,4
2026-04-15,840206585,8,4
2026-04-15,300220901,4,0
2026-04-15,829189117,7,5
2026-04-14,300230670,6,2
2026-04-14,300220901,3,0
2026-04-14,300220901,3,0
2026-04-14,234190941,5,1
2026-04-14,826205186,6,2
2026-04-14,300220901,6,1
2026-04-14,300220901,2,1
2026-04-14,260226753,10,5
2026-04-14,264230621,0,0
2026-04-14,300220901,4,1
2026-04-14,300220901,6,0
2026-04-14,251192119,4,0
2026-04-14,300220901,5,3
2026-04-14,289051539,6,2
2026-04-15,283170597,4,3
2026-04-15,206167948,6,3
2026-04-15,237212831,5,2
2026-04-15,206167948,8,4
2026-04-15,256193105,4,1
2026-04-15,206167948,6,2
2026-04-15,265234102,4,1
2026-04-15,206167948,5,3
2026-04-15,834190941,8,4
2026-04-15,206167948,6,4
2026-04-15,517192563,4,3
2026-04-15,206167948,0,0
2026-04-15,834190941,3,2
2026-04-15,206167948,6,1
2026-04-15,284188943,4,3
2026-04-15,206167948,5,2
2026-04-15,513186153,4,1
2026-04-15,206167948,7,5
2026-04-15,834230621,3,0
2026-04-15,508194404,5,1
2026-04-14,324024630,4,1
2026-04-14,508194404,2,0
2026-04-14,207051539,3,1
2026-04-14,508194404,7,3
2026-04-13,214150724,6,1
2026-04-13,508194404,4,1
2026-04-10,216192448,21,7
2026-04-10,508194404,5,1
2026-04-09,265233306,4,2
2026-04-09,508194404,1,1
2026-04-08,291211738,2,2
2026-04-08,508194404,5,3
2026-04-07,851204935,3,1
2026-04-07,508194404,3,1
2026-04-07,206024630,7,3
2026-04-07,508194404,0,0
2026-04-15,206024630,7,4
2026-04-15,206199482,6,4
2026-04-15,206199482,6,2
2026-04-15,501215698,7,2
2026-04-15,501172723,6,2
2026-04-15,206199482,10,4
2026-04-15,291262621,3,1
2026-04-15,206199482,8,2
2026-04-14,840242948,2,1
2026-04-14,300193786,5,2
2026-04-14,300193786,11,7
2026-04-14,300243311,7,3
2026-04-14,300193786,5,1
2026-04-14,827051539,3,0
2026-04-14,300193786,4,1
2026-04-14,214005479,4,0
2026-04-13,300193786,3,0
2026-04-13,845233267,4,3
2026-04-13,251150724,6,3
2026-04-13,300193786,9,3
2026-04-12,289192119,1,0
2026-04-12,300193786,4,1
2026-04-12,265233306,1,1
2026-04-12,300193786,3,0
2026-04-12,851230872,7,4
2026-04-12,300193786,3,2
2026-04-15,234180739,3,1
2026-04-15,300233164,6,1
2026-04-15,300233164,6,1
2026-04-15,256193105,3,1
2026-04-15,300233164,8,3
2026-04-15,300212831,5,2
2026-04-14,300233164,2,2
2026-04-14,270221087,3,0
2026-04-14,300233164,3,2
2026-04-14,502192119,6,2
2026-04-14,834235840,4,1
2026-04-14,300233164,2,1
2026-04-14,234192119,4,1
2026-04-14,300233164,10,2
2026-04-14,300233164,3,0
2026-04-14,300238186,4,1
2026-04-14,300233164,8,5
2026-04-14,802163587,0,0
2026-04-13,291211738,3,3
2026-04-13,300228789,6,3
2026-04-13,300228789,0,0
2026-04-13,251167495,4,1
2026-04-11,300226753,6,3
2026-04-11,300228789,4,2
2026-04-11,300228789,5,5
2026-04-11,828192119,8,4
2026-04-11,256199987,7,1
2026-04-11,300228789,5,2
2026-04-11,206212831,3,2
2026-04-11,300228789,3,1
2026-04-10,848190941,5,2
2026-04-10,300228789,4,1
2026-04-10,206177683,5,4
2026-04-10,300228789,5,1
2026-04-10,300206585,3,3
2026-04-10,300228789,4,3
2026-04-14,283211101,5,2
2026-04-14,260210257,6,4
2026-04-14,283211101,4,1
2026-04-14,274005479,7,5
2026-04-14,283211101,3,0
2026-04-14,300243311,1,1
2026-04-14,283211101,5,4
2026-04-14,834235840,5,3
2026-04-14,283211101,4,2
2026-04-14,515223885,7,5
2026-04-14,283211101,6,4
2026-04-14,256167495,2,2
2026-04-13,283211101,6,2
2026-04-13,324073239,3,2
2026-04-13,283211101,4,0
2026-04-13,206177683,7,2
2026-04-13,283211101,7,4
2026-04-13,513203841,2,1
2026-04-15,818167495,10,2
2026-04-15,508192119,2,1
2026-04-15,237212831,4,0
2026-04-15,256199987,4,0
2026-04-15,237212831,8,5
2026-04-15,284216065,9,4
2026-04-15,845233267,9,7
2026-04-15,851204935,9,3
2026-04-15,206193080,6,3
2026-04-15,845233267,5,2
2026-04-15,256199987,4,2
2026-04-15,845233267,1,0
2026-04-15,251150724,2,1
2026-04-15,845233267,1,0
2026-04-14,101048940,4,1
2026-04-14,253192119,2,1
2026-04-13,828202811,4,3
2026-04-13,101048940,3,1
2026-04-13,252163587,3,2
2026-04-13,101048940,3,1
2026-04-13,513240091,7,1
2026-04-13,101048940,2,1
2026-04-15,300190941,1,0
2026-04-15,840206585,7,4
2026-04-13,825210257,7,3
2026-04-13,300190941,5,3
2026-04-13,300235840,1,0
2026-04-13,300190941,5,3
2026-04-13,828215698,3,3
2026-04-13,300190941,5,4
2026-04-13,291262621,5,3
2026-04-13,300190941,4,2
2026-04-13,256186153,5,4
2026-04-13,300190941,2,1
2026-04-12,300190941,3,1
2026-04-12,856240091,7,4
2026-04-12,283211101,4,2
2026-04-12,300190941,4,1
2026-04-12,265233306,4,2
2026-04-12,300190941,5,3
2026-04-15,268051539,6,0
2026-04-15,515215698,1,0
2026-04-15,515215698,5,1
2026-04-15,300194404,8,2
2026-04-15,515215698,4,2
2026-04-15,101051539,1,0
2026-04-15,515215698,4,1
2026-04-15,805252662,9,7
2026-04-15,515215698,6,1
2026-04-15,300193336,1,0
2026-04-15,214192119,3,1
2026-04-15,515215698,7,3
2026-04-15,284216065,3,0
2026-04-15,515215698,1,1
2026-04-15,515215698,3,1
2026-04-15,840214979,6,2
2026-04-15,515215698,3,2
2026-04-15,324024630,4,2
2026-04-15,515215698,4,2
2026-04-15,201051539,4,1
2026-04-15,300243952,6,5
2026-04-15,101000488,3,2
2026-04-15,300243952,4,1
2026-04-15,324024630,3,1
2026-04-15,300243952,6,3
2026-04-15,246199987,8,6
2026-04-14,300243952,6,3
2026-04-14,231193080,7,3
2026-04-13,300243952,3,2
2026-04-13,827051539,6,2
2026-04-13,300243952,2,1
2026-04-13,289051539,9,5
2026-04-13,300243952,2,1
2026-04-13,300259532,4,0
2026-04-13,300243952,6,3
2026-04-13,246199987,6,1
2026-04-13,300243952,5,1
2026-04-13,216192448,1,1
2026-04-14,233192119,4,1
2026-04-14,256051539,4,2
2026-04-14,501230621,1,0
2026-04-14,256051539,5,3
2026-04-14,233192119,7,6
2026-04-14,265186153,7,4
2026-04-14,840215316,6,2
2026-04-14,265186153,3,1
2026-04-14,206200389,7,3
2026-04-14,265186153,3,2
2026-04-14,206005479,3,0
2026-04-14,265186153,1,1
2026-04-14,206024630,3,2
2026-04-14,265186153,3,1
2026-04-14,101001179,2,1
2026-04-14,265186153,4,2
2026-04-14,825234642,4,3
2026-04-14,265186153,5,0
2026-04-14,206024630,4,2
2026-04-14,265186153,7,2
2026-04-14,265186153,7,3
2026-04-14,517233306,7,3
2026-04-15,300192119,7,3
2026-04-15,289192119,8,5
2026-04-14,206206585,2,1
2026-04-14,289192119,4,2
2026-04-14,828215698,2,2
2026-04-14,289192119,4,0
2026-04-14,828202811,3,1
2026-04-14,289192119,5,1
2026-04-14,289005479,4,2
2026-04-14,289192119,3,2
2026-04-14,233192119,6,1
2026-04-14,289192119,6,1
2026-04-14,252051539,4,3
2026-04-14,829167495,5,2
2026-04-14,517204935,3,1
2026-04-14,829167495,2,1
2026-04-14,300190941,1,0
2026-04-14,829167495,4,4
2026-04-14,513235073,6,2
2026-04-14,829167495,2,1
2026-04-13,829167495,5,3
2026-04-13,517259532,6,3
2026-04-13,829167495,5,0
2026-04-13,300192448,5,2
2026-04-13,814186569,2,1
2026-04-13,293212432,2,1
2026-04-13,829167495,4,1
2026-04-13,517200389,4,1
2026-04-13,834230621,4,3
2026-04-13,814186569,7,3
2026-04-14,834212831,4,2
2026-04-14,836230621,11,5
2026-04-14,206024630,3,0
2026-04-14,836230621,4,2
2026-04-14,836230621,6,4
2026-04-14,237212831,5,1
2026-04-14,810235073,3,0
2026-04-14,836230621,6,5
2026-04-12,836230621,12,7
2026-04-12,207051539,1,0
2026-04-12,827051539,8,4
2026-04-12,836230621,1,0
2026-04-12,237212831,5,2
2026-04-12,836230621,3,1
2026-04-12,834212831,8,2
2026-04-12,836230621,4,2
2026-04-12,836230621,6,3
2026-04-12,293212432,6,3
2026-04-15,218199987,4,2
2026-04-15,256005479,3,1
2026-04-15,218199987,3,1
2026-04-15,237001179,6,0
2026-04-15,237210257,5,2
2026-04-15,218199987,6,5
2026-04-15,834230621,6,3
2026-04-15,828200389,5,2
2026-04-14,834251752,6,0
2026-04-14,834230621,6,1
2026-04-14,851230872,1,0
2026-04-14,834230621,5,3
2026-04-14,214167495,6,4
2026-04-14,217210257,4,2
2026-04-14,214167495,3,2
2026-04-14,237192119,5,2
2026-04-01,214167495,6,4
2026-04-01,853233286,4,2
2026-03-28,214167495,4,1
2026-03-28,300193336,1,0
2026-03-26,214167495,3,2
2026-03-26,818167495,4,4
2026-03-22,214167495,6,5
2026-03-22,264230621,5,4
2026-03-22,214167495,5,3
2026-03-22,834215698,2,0
2026-03-22,214167495,6,2
2026-03-22,265234102,2,1
2026-03-22,214167495,6,4
2026-03-22,237212831,4,2
2026-04-14,300243675,0,0
2026-04-14,206177683,4,0
2026-04-14,300243675,4,1
2026-04-14,300203841,5,2
2026-04-14,517235840,4,1
2026-04-14,300243675,5,1
2026-04-14,300243675,4,2
2026-04-14,802167948,5,3
2026-04-14,300243675,0,0
2026-04-14,834252154,2,0
2026-04-14,300243675,2,0
2026-04-14,214005479,8,5
2026-04-14,300243675,5,2
2026-04-14,251167948,8,6
2026-04-13,300243675,3,1
2026-04-13,300228279,6,3
2026-04-13,300243675,7,4
2026-04-13,251192119,6,4
2026-04-15,828226753,4,0
2026-04-15,284216065,1,0
2026-04-15,256051539,1,1
2026-04-15,828226753,3,0
2026-04-15,828226753,8,4
2026-04-15,206192448,7,3
2026-04-15,828226753,1,0
2026-04-15,101190053,8,2
2026-04-15,828226753,4,1
2026-04-15,300194404,0,0
2026-04-15,828226753,5,1
2026-04-15,300224836,4,1
2026-04-13,270234577,7,1
2026-04-13,828226753,5,2
2026-04-13,237051539,5,0
2026-04-13,828226753,1,0
2026-04-13,834230621,3,1
2026-04-13,828226753,5,3
2026-04-15,834192119,3,0
2026-04-15,828215698,3,2
2026-04-15,251192119,4,3
2026-04-15,828215698,6,5
2026-04-15,818167495,8,3
2026-04-15,828215698,2,1
2026-04-14,852204092,7,4
2026-04-14,828215698,4,2
2026-04-14,828226753,8,5
2026-04-14,828215698,5,2
2026-04-14,834167495,6,2
2026-04-14,828215698,3,2
2026-04-14,291227127,1,1
2026-04-14,828215698,3,0
2026-04-13,246211990,3,1
2026-04-13,828215698,4,1
2026-04-15,834242948,5,3
2026-04-15,805212432,3,0
2026-04-15,834242948,3,0
2026-04-15,265234102,5,2
2026-04-15,834242948,7,4
2026-04-15,834230621,3,0
2026-04-15,834242948,4,2
2026-04-15,810235073,5,0
2026-04-15,834242948,8,2
2026-04-15,300200389,2,0
2026-04-15,283192448,4,3
2026-04-15,234173373,3,2
2026-04-14,283192448,7,2
2026-04-14,237199987,8,2
2026-04-11,283192448,5,2
2026-04-11,300192448,4,2
2026-04-11,283192448,7,5
2026-04-11,251178005,3,1
2026-04-10,851220901,10,4
2026-04-10,283192448,8,2
2026-04-10,283192448,2,0
2026-04-10,265234102,7,3
2026-04-08,283192448,5,3
2026-04-08,300243585,6,0
2026-04-03,283192448,4,1
2026-04-03,324024630,3,1
2026-04-02,283192448,7,3
2026-04-02,291211738,5,0
2026-04-15,834220901,4,2
2026-04-15,253230621,11,4
2026-04-15,256192448,2,0
2026-04-15,253230621,7,4
2026-04-15,289192119,6,4
2026-04-15,253230621,3,2
2026-04-15,253230621,3,0
2026-04-15,234167495,5,2
2026-04-15,300230621,5,1
2026-04-15,253230621,5,1
2026-04-15,206167948,2,1
2026-04-15,253230621,6,3
2026-04-15,810230621,10,4
2026-04-15,846193080,5,3
2026-04-15,280210257,3,0
2026-04-15,810230621,8,6
2026-04-15,264190941,3,0
2026-04-15,810230621,8,5
2026-04-15,265192119,4,0
2026-04-15,515167495,12,9
2026-04-15,265192119,8,4
2026-04-15,216162835,3,1
2026-04-15,265192119,3,1
2026-04-15,268051539,4,1
2026-04-15,265192119,3,0
2026-04-15,300233164,4,2
2026-04-15,265192119,5,3
2026-04-15,253192119,6,2
2026-04-15,265192119,7,2
2026-04-15,265234102,6,2
2026-04-14,207000488,6,3
2026-04-14,265192119,5,4
2026-04-14,206193080,5,3
2026-04-14,265192119,7,3
2026-04-14,265192119,5,2
2026-04-14,260230621,8,4
2026-04-15,834230621,8,5
2026-04-15,201051539,4,1
2026-04-15,853232065,5,4
2026-04-15,201051539,3,3
2026-04-15,828200389,4,2
2026-04-15,201051539,3,0
2026-04-15,201051539,2,0
2026-04-15,289192119,3,1
2026-04-15,201051539,3,1
2026-04-15,810233934,2,0
2026-04-04,217212831,8,5
2026-04-04,251186153,3,1
2026-04-03,251186153,3,1
2026-04-03,256168435,4,1
2026-04-03,251186153,5,2
2026-04-03,231024630,3,0
2026-04-03,256210257,6,1
2026-04-03,251186153,4,2
2026-04-15,848225116,9,4
2026-04-15,206177683,4,1
2026-04-15,206177683,5,1
2026-04-15,237192119,6,4
2026-04-14,206177683,6,4
2026-04-14,300246139,5,2
2026-04-14,206177683,5,3
2026-04-14,253192119,6,3
2026-04-14,206177683,1,0
2026-04-14,323186153,0,0
2026-04-14,206177683,8,4
2026-04-14,855220901,5,1
2026-04-14,206177683,3,1
2026-04-14,274192119,9,3
2026-04-14,253167948,3,1
2026-04-14,206177683,4,2
2026-04-14,206177683,5,2
2026-04-14,300193105,4,1
2026-04-14,206177683,4,0
2026-04-14,291262621,3,2
2026-04-12,848192119,3,1
2026-04-12,289192119,9,2
2026-04-12,848192119,6,4
2026-04-12,828192448,5,1
2026-04-12,848192119,5,3
2026-04-12,283186153,4,0
2026-04-12,848192119,4,2
2026-04-12,834202811,6,4
2026-04-12,848192119,8,3
2026-04-12,214192119,3,2
2026-04-12,848192119,6,3
2026-04-12,253204935,7,2
2026-04-12,234051539,8,3
2026-04-12,848192119,6,1
2026-04-12,836230621,6,3
2026-04-12,300230621,4,0
2026-04-12,834220901,6,4
2026-04-12,300230621,9,3
2026-04-12,231173373,7,3
2026-04-12,300230621,3,1
2026-04-12,300230621,6,3
2026-04-12,513234642,7,3
2026-04-12,206203042,5,2
2026-04-12,300230621,7,2
2026-04-12,834210257,6,4
2026-04-12,300230621,6,2
2026-04-12,300230621,6,2
2026-04-12,300228413,6,3
2026-04-12,300230621,2,2
2026-04-12,834230621,5,1
2026-04-12,300230621,1,0
2026-04-12,814194404,7,2
2026-04-12,834190941,12,4
2026-04-12,300230621,4,0
2026-04-14,517230869,8,3
2026-04-14,300233934,2,1
2026-04-14,517230869,6,2
2026-04-14,206024630,3,2
2026-04-14,517230869,3,1
2026-04-14,517246657,5,2
2026-04-14,517230869,4,1
2026-04-14,251192119,8,5
2026-04-14,517230869,2,2
2026-04-14,828212831,5,0
2026-04-14,517230869,3,2
2026-04-14,289192119,3,0
2026-04-14,517230869,3,2
2026-04-14,291211738,5,2
2026-04-14,517230869,9,3
2026-04-14,256193105,4,1
2026-04-12,517230869,5,2
2026-04-12,216162835,5,3
2026-04-12,517230869,3,2
2026-04-12,834230621,2,1
2026-04-11,825234642,4,0
2026-04-11,802051539,5,2
2026-04-11,802051539,2,1
2026-04-11,827048940,3,3
2026-04-10,829189117,4,2
2026-04-10,802051539,2,1
2026-04-15,804262621,5,3
2026-04-15,300192448,7,2
2026-04-15,300228789,4,1
2026-04-15,300192448,6,2
2026-04-15,289051539,4,2
2026-04-15,300192448,2,1
2026-04-15,218200726,5,2
2026-04-15,300192448,0,0
2026-04-15,234051539,2,0
2026-04-15,300192448,5,2
2026-04-15,251192119,6,2
2026-04-15,300192448,2,1
2026-04-15,234190941,2,2
2026-04-15,300192448,4,1
2026-04-15,234051539,6,3
2026-04-15,300192448,3,1
2026-04-15,283230621,1,0
2026-04-15,300192448,5,2
2026-04-15,251164835,3,0
2026-04-15,300192448,0,0
2026-04-15,270193105,7,3
2026-04-15,517251752,2,0
2026-04-15,270193105,0,0
2026-04-15,517185122,4,1
2026-04-15,270193105,6,4
2026-04-15,256193105,6,4
2026-04-15,270193105,6,1
2026-04-15,300243675,2,0
2026-04-15,270193105,2,1
2026-04-15,207000488,7,3
2026-04-15,270193105,2,0
2026-04-15,300192119,7,2
2026-04-15,270193105,3,1
2026-04-15,207193080,4,0
2026-04-15,270193105,5,1
2026-04-15,511233306,6,1
2026-04-15,270193105,6,2
2026-04-15,237212831,2,2
2026-04-15,834192119,4,1
2026-04-15,802163587,4,1
2026-04-15,300262621,2,1
2026-04-15,834192119,5,2
2026-04-15,256210257,5,3
2026-04-15,260192119,0,0
2026-04-15,846044897,4,1
2026-04-15,260192119,2,1
2026-04-15,251167495,6,2
2026-04-15,260192119,4,3
2026-04-15,251167495,4,1
2026-04-15,260192119,3,1
2026-04-15,260192119,3,1
2026-04-15,804262621,4,4
2026-04-15,251001179,4,1
2026-04-15,260192119,8,4
2026-04-15,260192119,4,1
2026-04-15,265192119,4,1
2026-04-14,804262621,3,2
2026-04-14,234192119,2,2
2026-04-14,300192448,3,1
2026-04-14,264230621,3,1
2026-04-14,264230621,4,3
2026-04-14,206024630,2,1
2026-04-14,264230621,4,1
2026-04-14,283167495,7,4
2026-04-14,264230621,2,2
2026-04-14,834212831,4,2
2026-04-11,264230621,6,1
2026-04-11,256199987,8,3
2026-04-11,264230621,7,2
2026-04-11,206210257,2,1
2026-04-11,264230621,2,1
2026-04-11,300278394,5,1
2026-04-14,828212831,6,1
2026-04-14,234173373,6,2
2026-04-14,234173373,7,3
2026-04-14,828192448,4,1
2026-04-14,834220901,6,5
2026-04-14,234173373,3,1
2026-04-14,234173373,2,1
2026-04-14,201167948,5,1
2026-04-14,234173373,5,4
2026-04-14,231199987,3,0
2026-04-14,234173373,3,0
2026-04-14,829226753,2,0
2026-04-14,234173373,3,1
2026-04-14,845140233,3,2
2026-04-13,234173373,4,1
2026-04-13,270221087,8,4
2026-04-08,201051539,4,0
2026-04-08,265234102,5,1
2026-04-14,280210257,3,0
2026-04-14,517167495,10,5
2026-04-14,517167495,3,3
2026-04-14,834220901,7,3
2026-04-14,828202811,4,0
2026-04-14,517167495,3,1
2026-04-14,828192119,6,2
2026-04-14,517167495,1,0
2026-04-14,517167495,8,4
2026-04-14,206230621,3,0
2026-04-14,260192119,4,3
2026-04-14,517167495,6,0
2026-04-14,300200389,5,1
2026-04-14,517167495,0,0
2026-04-13,251167495,8,1
2026-04-13,834230621,6,2
2026-04-13,253207998,8,4
2026-04-13,251167495,4,2
2026-04-14,825210257,2,1
2026-04-14,834210257,3,1
2026-04-14,834210257,5,2
2026-04-14,201051539,5,1
2026-04-14,218199987,6,1
2026-04-14,834210257,0,0
2026-04-13,834210257,3,2
2026-04-13,206193041,4,1
2026-04-13,283211101,5,1
2026-04-13,834210257,2,1
2026-04-12,834210257,3,1
2026-04-12,802167948,5,2
2026-04-12,834210257,8,2
2026-04-12,828215698,1,0
2026-04-12,834210257,2,0
2026-04-12,253167495,5,0
2026-04-11,834210257,4,2
2026-04-11,265234102,2,0
2026-04-15,206167948,4,2
2026-04-15,237212831,4,1
2026-04-15,802167495,2,1
2026-04-15,237212831,6,2
2026-04-10,206215316,4,2
2026-04-10,237212831,1,0
2026-04-10,300192119,5,3
2026-04-10,237212831,3,1
2026-04-10,840215316,4,1
2026-04-10,237212831,6,3
2026-04-10,300192119,1,1
2026-04-10,237212831,6,2
2026-04-10,291227127,5,3
2026-04-10,237212831,3,0
2026-04-08,291220901,6,3
2026-04-08,237212831,5,2
2026-04-08,300167495,2,0
2026-04-08,300073562,2,1
2026-04-15,256186153,5,3
2026-04-15,217212831,5,2
2026-04-14,256186153,4,0
2026-04-14,517235840,4,1
2026-04-14,829235073,6,2
2026-04-14,256186153,4,1
2026-04-14,826204935,3,2
2026-04-14,256186153,5,1
2026-04-14,256186153,6,1
2026-04-14,253192119,2,0
2026-04-14,265233306,10,6
2026-04-14,256186153,6,1
2026-04-13,294238570,5,2
2026-04-13,256186153,6,3
2026-04-13,256186153,2,1
2026-04-13,256167495,5,3
2026-04-13,256186153,6,4
2026-04-13,300192119,6,0
2026-04-15,834215698,2,0
2026-04-15,834212831,2,2
2026-04-15,265186153,7,2
2026-04-15,834212831,5,1
2026-04-15,834212831,4,1
2026-04-15,840215316,5,3
2026-04-15,256210257,4,3
2026-04-15,834212831,6,1
2026-04-15,834212831,3,2
2026-04-15,280230621,4,0
2026-04-15,217203042,5,4
2026-04-15,834212831,2,2
2026-04-15,855192119,5,5
2026-04-15,834212831,4,0
2026-04-15,216234642,3,1
2026-04-15,834212831,4,2
2026-04-15,834212831,5,3
2026-04-15,517235073,7,5
2026-04-14,252167948,9,5
2026-04-14,815224836,3,0
2026-04-14,815224836,6,2
2026-04-14,251186153,7,2
2026-04-14,815224836,3,2
2026-04-14,206164835,2,0
2026-04-14,815224836,2,0
2026-04-14,825212831,3,1
2026-04-14,815224836,4,1
2026-04-14,848051539,4,1
2026-04-14,851230872,3,0
2026-04-14,815224836,2,0
2026-04-14,265234102,6,3
2026-04-14,815224836,5,3
2026-04-14,815224836,6,5
2026-04-14,826226753,4,2
2026-04-14,252167948,3,0
2026-04-14,815224836,3,2
2026-04-14,828200389,5,3
2026-04-14,251186153,5,3
2026-04-14,206024630,3,0
2026-04-14,828200389,5,4
2026-04-14,256167495,7,3
2026-04-14,828200389,8,4
2026-04-14,828200389,6,3
2026-04-14,256210257,3,0
2026-04-13,828200389,1,0
2026-04-13,829204883,5,3
2026-04-13,828200389,7,4
2026-04-13,234162835,4,0
2026-04-13,234167948,5,3
2026-04-13,828200389,8,5
2026-04-13,828200389,5,1
2026-04-13,300235840,4,0
2026-04-13,207190053,7,2
2026-04-13,828200389,6,4
2026-04-15,300203841,6,2
2026-04-15,853212432,5,1
2026-04-15,206177683,2,2
2026-04-15,853212432,4,0
2026-04-14,834220901,5,4
2026-04-14,853212432,7,5
2026-04-14,274192119,8,4
2026-04-14,853212432,5,3
2026-04-14,300211738,3,1
2026-04-14,853212432,4,1
2026-04-14,834192119,4,1
2026-04-14,853212432,5,3
2026-04-14,517193698,4,2
2026-04-14,853212432,4,2
2026-04-14,214192448,5,0
2026-04-14,853212432,6,2
2026-04-14,853212432,4,1
2026-04-14,206024630,4,2
2026-04-14,234192119,4,0
2026-04-14,265234102,5,2
2026-04-14,265234102,8,4
2026-04-14,201048940,5,1
2026-04-14,291262621,2,1
2026-04-14,265234102,6,3
2026-04-14,834192119,4,1
2026-04-14,265234102,4,1
2026-04-14,253167495,10,5
2026-04-14,265234102,8,4
2026-04-14,237165735,4,2
2026-04-14,265234102,8,4
2026-04-14,517230621,5,2
2026-04-14,265234102,7,4
2026-04-14,256186153,4,3
2026-04-14,265234102,6,2
2026-04-13,265234102,2,1
2026-04-13,283186569,5,1
2026-04-15,834230621,6,3
2026-04-15,825051539,9,5
2026-04-15,834230621,5,1
2026-04-15,231146748,6,1
2026-04-15,834230621,7,1
2026-04-15,300233306,3,1
2026-04-15,291262621,7,4
2026-04-15,834230621,7,3
2026-04-14,834230621,8,5
2026-04-14,251167495,2,0
2026-04-14,834230621,2,0
2026-04-14,206193105,6,2
2026-04-14,834212831,21,9
2026-04-14,834230621,0,0
2026-04-14,216000488,5,0
2026-04-14,834230621,10,4
2026-04-14,834230621,4,1
2026-04-14,253204935,8,3
2026-04-14,270233934,8,4
2026-04-14,251192119,5,1
2026-04-14,270233267,2,0
2026-04-14,251192119,4,1
2026-04-14,834220901,2,0
2026-04-14,251192119,9,5
2026-04-14,848225116,4,1
2026-04-14,270193105,7,5
2026-04-14,517259532,3,0
2026-04-14,270193105,5,2
2026-04-14,265225116,3,1
2026-04-14,300230621,5,3
2026-04-13,265225116,6,2
2026-04-13,517254803,6,2
2026-04-13,265225116,5,2
2026-04-13,283200316,5,3
2026-04-13,231193080,3,1
2026-04-13,265225116,4,3
2026-04-13,265225116,7,3
2026-04-13,300277823,7,3
2026-04-13,265225116,6,4
2026-04-13,242192119,2,2
2026-04-13,265225116,1,0
2026-04-13,802167948,10,4
2026-04-13,265225116,4,1
2026-04-13,827048940,3,1
2026-04-13,265225116,4,2
2026-04-13,216234642,13,7
2026-04-14,217212831,5,1
2026-04-14,517224003,3,1
2026-04-14,225238570,8,4
2026-04-14,835016254,4,2
2026-04-14,825212831,6,2
2026-04-14,835016254,4,2
2026-04-14,835016254,3,0
2026-04-14,234167948,1,1
2026-04-14,217210257,10,6
2026-04-14,828212831,4,3
2026-04-14,828212831,2,0
2026-04-14,246193105,5,2
2026-04-14,828212831,7,4
2026-04-14,300233189,2,1
2026-04-14,231193080,3,2
2026-04-14,513186153,2,0
2026-04-14,513186153,6,3
2026-04-14,318172723,6,1
2026-04-13,206177683,2,0
2026-04-13,513186153,7,5
2026-04-13,231173426,2,0
2026-04-13,513186153,7,4
2026-04-13,517215698,5,0
2026-04-13,513186153,7,2
2026-04-13,513186153,3,1
2026-04-13,216192448,4,0
2026-04-13,517202811,3,0
2026-04-13,513186153,2,2
2026-04-13,513186153,1,0
2026-04-13,270193105,4,0
2026-04-14,802182494,3,1
2026-04-14,300167495,4,1
2026-04-14,802182494,8,5
2026-04-14,111051539,3,1
2026-04-14,251192119,7,3
2026-04-14,802182494,6,3
2026-04-14,802182494,3,2
2026-04-14,300192119,3,1
2026-04-15,253192119,5,3
2026-04-15,802163587,5,2
2026-04-15,300260978,5,2
2026-04-15,253192119,3,2
2026-04-15,253192119,5,2
2026-04-15,265233306,7,2
2026-04-15,300192119,5,3
2026-04-15,253192119,7,2
2026-04-15,246199987,6,4
2026-04-15,206024630,4,1
2026-04-15,246199987,2,0
2026-04-15,207167495,4,1
2026-04-14,237192119,4,1
2026-04-14,246199987,4,3
2026-04-15,834252154,9,6
2026-04-15,251051539,6,4
2026-04-14,834212831,2,0
2026-04-14,251051539,5,3
2026-04-14,300243675,4,0
2026-04-14,251051539,4,3
2026-04-14,855200389,3,1
2026-04-14,251051539,7,3
2026-04-14,234167495,5,3
2026-04-14,251051539,2,0
2026-04-14,206024630,4,2
2026-04-14,251051539,7,4
2026-04-14,828212831,3,1
2026-04-14,251051539,5,1
2026-04-14,206024630,4,3
2026-04-14,251051539,9,4
2026-04-13,231024630,3,0
2026-04-13,251051539,4,3
2026-04-15,852223885,2,0
2026-04-15,253192119,2,1
2026-04-15,265234102,6,0
2026-04-15,852223885,3,1
2026-04-15,233192119,7,4
2026-04-15,834167495,4,0
2026-04-15,834167495,4,3
2026-04-15,501140293,9,7
2026-04-14,828212831,5,2
2026-04-14,834167495,4,4
2026-04-14,834167495,5,2
2026-04-14,256210257,2,0
2026-04-14,251192119,7,1
2026-04-14,834167495,4,1
2026-04-14,300190941,7,4
2026-04-14,834167495,4,2
2026-04-13,802051539,16,7
2026-04-13,834167495,0,0
2026-04-14,300167495,3,1
2026-04-14,265234102,6,1
2026-04-14,300167495,5,2
2026-04-14,265233306,0,0
2026-04-14,300167495,5,2
2026-04-14,214167495,10,4
2026-04-13,300167495,6,1
2026-04-13,217210257,4,1
2026-04-12,300167495,6,4
2026-04-12,265233306,5,2
2026-04-12,300167495,4,1
2026-04-12,242192119,7,4
2026-04-12,300167495,5,2
2026-04-12,818167495,6,2
2026-04-12,300167495,7,1
2026-04-12,252051539,7,5
2026-04-12,300167495,4,1
2026-04-12,206177683,2,1
2026-04-15,277212432,6,0
2026-04-15,291262621,6,3
2026-04-15,291262621,4,2
2026-04-15,804262621,2,1
2026-04-15,291262621,4,1
2026-04-15,300212831,4,1
2026-04-14,291262621,5,1
2026-04-14,291262621,2,1
2026-04-14,291262621,4,1
2026-04-14,251192119,7,3
2026-04-13,268051539,5,2
2026-04-13,291262621,9,3
2026-04-15,826226753,6,2
2026-04-15,300194404,4,0
2026-04-15,517204883,2,1
2026-04-15,300194404,5,1
2026-04-15,856192119,5,2
2026-04-15,300194404,3,1
2026-04-15,323174543,6,2
2026-04-15,300194404,3,2
2026-04-15,300194404,2,0
2026-04-15,260213951,3,1
2026-04-15,300194404,7,3
2026-04-15,300212831,6,3
2026-04-15,265234102,5,1
2026-04-15,300194404,3,1
2026-04-15,853233286,2,0
2026-04-15,300194404,5,1
2026-04-15,300192119,1,0
2026-04-15,300194404,0,0
2026-04-15,251192119,6,2
2026-04-15,251167948,5,4
2026-04-15,251192119,6,2
2026-04-15,825048940,3,1
2026-04-15,251192119,5,1
2026-04-15,253204935,8,5
2026-04-14,289051539,5,0
2026-04-14,501230621,5,1
2026-04-14,289051539,0,0
2026-04-14,283002147,2,0
2026-04-13,289051539,6,5
2026-04-13,265192119,5,3
2026-04-13,206177683,9,5
2026-04-13,289051539,4,1
2026-04-12,289051539,3,3
2026-04-12,251051539,3,1
2026-04-12,289051539,5,2
2026-04-12,216192448,6,3
2026-04-12,289051539,4,1
2026-04-12,251192119,1,0
2026-04-14,237212831,2,1
2026-04-14,234192119,1,0
2026-04-14,237212831,5,3
2026-04-14,300228413,8,6
2026-04-14,237212831,5,3
2026-04-14,206192448,6,5
2026-04-14,237212831,7,4
2026-04-14,206024630,3,0
2026-04-14,237212831,5,2
2026-04-14,834250753,2,0
2026-04-14,237212831,3,1
2026-04-14,511215698,3,2
2026-04-13,237212831,4,1
2026-04-13,283170597,9,4
2026-04-13,825210257,1,0
2026-04-13,237212831,7,2
2026-04-13,217210257,4,1
2026-04-13,237212831,2,1
2026-04-14,300186148,4,0
2026-04-14,283170597,8,4
2026-04-14,270193105,2,1
2026-04-14,283170597,4,3
2026-04-13,265186153,5,2
2026-04-13,283170597,5,3
2026-04-13,206024630,4,2
2026-04-13,283170597,5,4
2026-04-13,283170597,5,2
2026-04-13,300224251,4,0
2026-04-13,280167948,10,6
2026-04-13,283170597,2,2
2026-04-13,234192119,3,1
2026-04-13,283170597,9,6
2026-04-12,826192563,3,2
2026-04-12,283170597,4,1
2026-04-12,270193105,3,2
2026-04-12,283170597,8,2
2026-04-13,201051539,8,4
2026-04-13,253192119,6,1
2026-04-13,828212831,5,3
2026-04-13,253192119,4,1
2026-04-13,206177683,7,4
2026-04-13,517204883,5,3
2026-04-13,206177683,2,1
2026-04-13,270233934,2,1
2026-04-12,206177683,4,3
2026-04-12,234162835,4,1
2026-04-12,206177683,4,1
2026-04-12,218221087,1,0
2026-04-12,206177683,6,2
2026-04-12,237212831,4,0
2026-04-12,206177683,2,0
2026-04-12,291211738,7,4
2026-04-12,206177683,6,4
2026-04-12,270221087,6,3
2026-04-13,214024630,4,2
2026-04-13,513203841,10,4
2026-04-13,513203841,5,4
2026-04-13,260210257,4,2
2026-04-13,513203841,2,2
2026-04-13,825192448,2,1
2026-04-13,513203841,4,3
2026-04-13,828212831,7,3
2026-04-13,513203841,6,5
2026-04-13,844199641,7,4
2026-04-13,513203841,7,1
2026-04-13,828215698,3,0
2026-04-13,513203841,5,1
2026-04-13,265233306,1,0
2026-04-13,217203042,2,2
2026-04-13,513203841,1,0
2026-04-15,291262621,8,4
2026-04-15,300234642,6,1
2026-04-15,846193080,6,2
2026-04-15,291262621,2,1
2026-04-15,291262621,6,2
2026-04-15,265234102,6,1
2026-04-15,291262621,1,0
2026-04-15,221210257,6,2
2026-04-15,291262621,1,0
2026-04-15,283170597,4,1
2026-04-15,291262621,4,1
2026-04-15,825210257,3,1
2026-04-15,206203841,8,5
2026-04-15,280212831,6,2
2026-04-15,291262621,6,1
2026-04-15,840215316,3,2
2026-04-15,291262621,4,2
2026-04-15,217212831,7,1
2026-04-15,291262621,0,0
2026-04-15,264190941,5,0
2026-04-13,264190941,7,3
2026-04-13,216162835,8,4
2026-04-12,216162835,4,2
2026-04-12,234190053,3,1
2026-04-12,216162835,7,4
2026-04-12,256210257,8,3
2026-04-09,216162835,5,2
2026-04-09,251192119,9,3
2026-04-09,216162835,5,3
2026-04-09,284216065,6,3
2026-04-09,814186569,4,1
2026-04-09,216162835,1,0
2026-04-09,216162835,4,1
2026-04-09,283186569,2,0
2026-04-09,216162835,5,4
2026-04-09,300167495,3,0
2026-04-08,216162835,6,4
2026-04-08,265186153,5,0
2026-04-13,216230621,4,0
2026-04-13,825210257,6,3
2026-04-13,851204935,4,1
2026-04-13,825210257,2,1
2026-04-13,253192119,5,0
2026-04-13,825210257,3,1
2026-04-13,270233934,5,2
2026-04-13,825210257,2,1
2026-04-12,834210257,4,1
2026-04-12,825210257,2,1
2026-04-12,300259065,4,2
2026-04-12,825210257,4,2
2026-04-12,284216065,4,2
2026-04-12,825210257,5,3
2026-04-12,517192563,6,3
2026-04-12,825210257,4,2
2026-04-10,265192119,7,2
2026-04-10,825210257,3,0
2026-04-14,206173373,4,2
2026-04-14,517204883,3,1
2026-04-14,206173373,3,0
2026-04-14,256168435,4,2
2026-04-13,851204935,4,1
2026-04-13,206173373,4,0
2026-04-13,206173373,10,6
2026-04-13,828212831,1,0
2026-04-13,206173373,1,0
2026-04-13,845242179,2,1
2026-04-13,206173373,7,5
2026-04-13,206208104,6,2
2026-04-13,206173373,6,1
2026-04-13,300225149,4,3
2026-04-13,206173373,4,0
2026-04-13,802051539,2,0
2026-04-14,846193080,3,1
2026-04-14,270234577,5,3
2026-04-14,846193080,8,3
2026-04-14,834210257,2,1
2026-04-14,300215698,3,2
2026-04-14,846193080,8,3
2026-04-14,846193080,6,2
2026-04-14,517251752,4,3
2026-04-14,846193080,7,3
2026-04-14,265186153,4,2
2026-04-14,846193080,5,3
2026-04-14,517259532,4,3
2026-04-13,846193080,7,3
2026-04-13,515240091,5,1
2026-04-13,265225116,8,4
2026-04-13,846193080,6,2
2026-04-13,846193080,3,0
2026-04-13,283167495,3,1
2026-04-13,846193080,5,2
2026-04-13,265192119,3,0
2026-04-15,233192119,2,1
2026-04-15,845233267,7,6
2026-04-13,845233267,2,0
2026-04-13,289019580,7,4
2026-04-13,845233267,3,2
2026-04-13,207204935,0,0
2026-04-13,845233267,4,1
2026-04-13,260213951,6,2
2026-04-13,206024630,3,1
2026-04-13,845233267,5,2
2026-04-13,268051539,7,2
2026-04-13,845233267,0,0
2026-04-13,845233267,5,2
2026-04-13,834246139,6,2
2026-04-13,300259532,6,2
2026-04-13,845233267,2,1
2026-04-12,251150724,6,1
2026-04-12,845233267,1,0
2026-04-14,829235073,7,4
2026-04-14,265233306,6,6
2026-04-14,804262621,3,1
2026-04-14,829235073,4,2
2026-04-14,829235073,4,0
2026-04-14,848051539,4,1
2026-04-14,829235073,4,2
2026-04-14,300263063,5,2
2026-04-14,829235073,2,2
2026-04-14,300192448,3,0
2026-04-14,829235073,4,3
2026-04-14,246199987,3,1
2026-04-13,814048940,5,3
2026-04-13,828215698,2,2
2026-04-13,300192119,1,0
2026-04-13,814048940,7,4
2026-04-13,814048940,2,0
2026-04-13,828215698,9,3
2026-04-13,828230621,3,1
2026-04-13,814048940,5,4
2026-04-15,289192119,3,1
2026-04-15,324024630,3,2
2026-04-15,829235073,5,2
2026-04-15,324024630,2,1
2026-04-14,237210257,6,4
2026-04-14,324024630,7,4
2026-04-14,284216065,5,2
2026-04-14,324024630,0,0
2026-04-14,848167948,6,5
2026-04-14,324024630,3,1
2026-04-13,246199987,5,2
2026-04-13,283230621,4,2
2026-04-13,246199987,3,1
2026-04-13,206186153,3,1
2026-04-13,246199987,4,0
2026-04-13,828212831,2,0
2026-04-12,246199987,9,6
2026-04-12,300216065,3,0
2026-04-13,270233267,3,2
2026-04-13,826226753,1,0
2026-04-13,237192119,3,0
2026-04-13,270233267,4,2
2026-04-13,270233267,1,0
2026-04-13,828192119,10,6
2026-04-13,300228789,7,5
2026-04-13,270233267,2,2
2026-04-12,270233267,3,0
2026-04-12,206164835,5,1
2026-04-12,300262621,3,1
2026-04-12,270233267,8,5
2026-04-12,270233267,1,1
2026-04-12,828215698,4,0
2026-04-12,270233267,2,1
2026-04-12,300225395,3,1
2026-04-14,283211101,3,1
2026-04-14,804262621,5,1
2026-04-14,221192448,5,1
2026-04-14,283211101,4,1
2026-04-14,206203775,4,3
2026-04-14,283211101,6,4
2026-04-14,283211101,5,1
2026-04-14,300235840,3,3
2026-04-14,283211101,2,0
2026-04-14,829204883,6,2
2026-04-14,834230621,10,6
2026-04-14,283211101,1,0
2026-04-14,252167948,5,1
2026-04-14,283211101,4,0
2026-04-14,283211101,4,2
2026-04-14,206024630,3,1
2026-04-14,283211101,2,0
2026-04-14,265225116,6,4
2026-04-14,283211101,3,1
2026-04-14,218199987,6,3
2026-04-14,804263063,6,2
2026-04-14,256199987,3,1
2026-04-14,826205186,7,3
2026-04-14,256199987,4,2
2026-04-14,256199987,5,2
2026-04-14,300270821,6,4
2026-04-14,852200159,5,5
2026-04-14,256199987,4,2
2026-04-13,300192448,5,2
2026-04-13,256199987,2,2
2026-04-13,300215698,7,6
2026-04-13,256199987,6,3
2026-04-13,289178005,5,2
2026-04-13,256199987,4,2
2026-04-13,256199987,6,2
2026-04-13,256186569,4,1
2026-04-13,206177683,1,0
2026-04-13,256199987,5,2
2026-04-14,856210385,6,1
2026-04-14,324024630,4,2
2026-04-14,284216065,4,1
2026-04-14,324024630,2,2
2026-04-14,291220901,9,4
2026-04-14,324024630,6,3
2026-04-14,264190941,1,1
2026-04-14,324024630,3,2
2026-04-14,300192448,2,0
2026-04-14,324024630,2,1
2026-04-14,265225116,2,0
2026-04-14,324024630,4,1
2026-04-13,216163587,5,2
2026-04-13,324024630,4,1
2026-04-13,252167948,0,0
2026-04-13,324024630,3,0
2026-04-12,291262621,7,1
2026-04-12,324024630,7,3
2026-04-15,828226753,7,5
2026-04-15,852192448,5,3
2026-04-15,828226753,4,3
2026-04-15,231024630,6,4
2026-04-15,828226753,8,5
2026-04-15,206024630,4,2
2026-04-15,828226753,8,8
2026-04-15,283186569,4,1
2026-04-15,828226753,5,4
2026-04-15,517223885,8,4
2026-04-15,828226753,5,4
2026-04-15,300226753,6,0
2026-04-14,300192119,5,2
2026-04-14,300192119,11,3
2026-04-14,300192119,4,1
2026-04-14,206048940,3,1
2026-04-14,300192119,4,0
2026-04-14,300259532,0,0
2026-04-13,300192119,8,4
2026-04-13,501230621,5,2
2026-04-13,300192119,1,1
2026-04-13,270233267,5,3
2026-04-13,300192119,3,1
2026-04-13,300192119,8,3
2026-04-13,265192119,3,1
2026-04-13,300192119,2,1
2026-04-13,300192119,6,3
2026-04-13,265233306,5,1
2026-04-12,300192119,3,1
2026-04-12,254048940,4,3
2026-04-14,828215698,5,1
2026-04-14,264190941,2,1
2026-04-14,206193080,8,2
2026-04-14,802163587,3,1
2026-04-14,300186148,5,3
2026-04-14,324024630,9,5
2026-04-14,300254803,6,2
2026-04-14,300186148,6,2
2026-04-14,834192119,11,0
2026-04-14,300186148,2,0
2026-04-14,300186148,4,2
2026-04-14,825192448,6,2
2026-04-14,252051539,4,2
2026-04-14,300186148,3,1
2026-04-14,234051539,7,2
2026-04-14,300186148,4,1
2026-04-14,270193105,1,1
2026-04-14,300186148,4,2
2026-04-14,802051539,3,3
2026-04-14,300186148,5,0
2026-04-14,206177683,3,2
2026-04-14,300186148,5,3
2026-04-14,826200389,7,3
2026-04-14,829220901,4,2
2026-04-14,829220901,1,1
2026-04-14,237212831,2,0
2026-04-14,829220901,6,2
2026-04-14,264190941,4,1
2026-04-14,829220901,7,4
2026-04-14,845233267,3,1
2026-04-14,829220901,9,8
2026-04-14,300262621,5,2
2026-04-14,829220901,5,1
2026-04-14,300215698,6,3
2026-04-14,829220901,3,1
2026-04-14,231024630,4,4
2026-04-14,829167495,6,1
2026-04-14,300192119,5,2
2026-04-14,829167495,8,2
2026-04-14,834210257,4,2
2026-04-14,829167495,9,4
2026-04-14,234051539,7,2
2026-04-14,829167495,10,3
2026-04-14,206186153,7,2
2026-04-14,829167495,12,7
2026-04-14,283170597,9,4
2026-04-14,829167495,4,2
2026-04-14,246199987,5,2
2026-04-14,829167495,6,2
2026-04-14,828215698,5,4
2026-04-14,829167495,5,2
2026-04-14,291211738,9,5
2026-04-14,829167495,7,1
2026-04-14,201167948,7,3
2026-04-14,829167495,2,0
2026-04-14,300192448,4,1
2026-04-15,829235073,3,0
2026-04-15,256193105,8,5
2026-04-15,251167495,3,2
2026-04-15,256193105,7,3
2026-04-14,825212831,1,0
2026-04-14,207193080,6,4
2026-04-14,207193080,3,1
2026-04-14,274192119,7,6
2026-04-14,834177683,5,2
2026-04-14,207193080,4,1
2026-04-14,207193080,4,2
2026-04-14,265233306,2,2
2026-04-14,206024630,2,0
2026-04-14,207193080,3,3
2026-04-13,324024630,4,3
2026-04-13,207193080,4,1
2026-04-13,322177644,5,1
2026-04-13,207193080,4,1
2026-04-13,270233934,3,0
2026-04-13,207193080,6,3
2026-04-13,846202811,5,2
2026-04-13,207193080,4,0
2026-04-13,264230621,4,3
2026-04-13,207193080,8,1
2026-04-13,253192119,3,2
2026-04-13,218221087,3,1
2026-04-13,804262621,3,2
2026-04-13,218221087,5,3
2026-04-13,218221087,6,3
2026-04-13,300215698,4,2
2026-04-13,218221087,4,3
2026-04-13,853232065,3,2
2026-04-12,294238570,1,0
2026-04-12,218221087,4,2
2026-04-12,218221087,4,1
2026-04-12,274192119,8,3
2026-04-12,218221087,3,3
2026-04-12,508186153,2,0
2026-04-10,300233934,4,0
2026-04-10,218221087,4,3
2026-04-10,218221087,0,0
2026-04-10,252167948,2,0
2026-04-15,852186153,7,2
2026-04-15,829051539,4,1
2026-04-15,828192119,5,4
2026-04-15,829051539,7,5
2026-04-15,829199987,3,1
2026-04-15,829051539,2,0
2026-04-15,283167495,3,2
2026-04-15,829051539,2,1
2026-04-15,517235073,4,3
2026-04-15,829051539,3,0
2026-04-15,810225116,5,2
2026-04-15,829051539,1,1
2026-04-15,802167948,8,1
2026-04-15,829051539,2,1
2026-04-15,300186153,1,1
2026-04-15,829051539,19,6
2026-04-15,206024630,1,1
2026-04-15,829051539,4,0
2026-04-15,300192119,6,1
2026-04-15,829051539,5,2
2026-04-14,237001179,3,2
2026-04-14,264190941,4,2
2026-04-14,264190941,9,4
2026-04-14,268051539,7,3
2026-04-14,802005479,8,4
2026-04-14,264190941,4,1
2026-04-14,252162835,4,3
2026-04-14,264190941,4,2
2026-04-14,216189690,8,2
2026-04-14,264190941,3,1
2026-04-13,300262621,8,4
2026-04-13,264190941,6,4
2026-04-15,251001179,4,2
2026-04-15,214051539,1,0
2026-04-14,251001179,2,1
2026-04-14,300260978,3,0
2026-04-14,280210257,8,1
2026-04-14,251001179,3,1
2026-04-14,251001179,8,4
2026-04-14,517211738,2,1
2026-04-14,251001179,3,1
2026-04-14,300186153,8,3
2026-04-14,251001179,3,3
2026-04-14,834230621,5,2
2026-04-14,251001179,1,1
2026-04-14,233192119,6,5
2026-04-15,216200389,4,3
2026-04-15,852263880,3,1
2026-04-15,231024630,5,2
2026-04-15,216200389,6,1
2026-04-14,216200389,5,5
2026-04-14,300206585,8,4
2026-04-13,216200389,4,1
2026-04-13,818167495,4,1
2026-04-13,856228789,5,2
2026-04-13,216200389,8,5
2026-04-13,810246139,4,0
2026-04-13,216200389,0,0
2026-04-13,300186153,3,1
2026-04-13,216200389,9,6
2026-04-13,300233189,2,0
2026-04-13,216200389,2,0
2026-04-13,840215316,4,2
2026-04-13,216200389,1,0
2026-04-13,253167495,5,1
2026-04-13,216200389,9,6
2026-04-14,834235840,2,1
2026-04-14,253192119,6,1
2026-04-14,253192119,4,2
2026-04-14,280177683,7,2
2026-04-14,253192119,7,2
2026-04-14,300234777,4,3
2026-04-14,283186569,3,2
2026-04-14,253192119,4,4
2026-04-14,253192119,7,2
2026-04-14,826226753,2,0
2026-04-11,253192119,6,3
2026-04-11,834202811,8,4
2026-04-11,253192119,4,2
2026-04-11,828212831,3,1
2026-04-11,856235840,7,4
2026-04-11,253192119,2,1
2026-04-13,247191924,0,0
2026-04-13,300263887,5,1
2026-04-13,300263887,7,4
2026-04-13,300233306,6,2
2026-04-13,256005479,5,3
2026-04-13,300263887,7,3
2026-04-13,300263887,5,1
2026-04-13,829220901,3,1
2026-04-13,251192119,1,1
2026-04-13,300263887,6,2
2026-04-13,828230621,5,0
2026-04-13,300263887,2,1
2026-04-13,206212831,3,3
2026-04-13,300263887,5,2
2026-04-13,214212831,6,0
2026-04-13,300263887,7,1
2026-04-11,511220901,6,4
2026-04-11,300263887,2,1
2026-04-11,825206585,5,1
2026-04-11,300263887,2,1
2026-04-14,289051539,3,0
2026-04-14,265186153,5,2
2026-04-14,825206585,3,1
2026-04-14,265186153,7,4
2026-04-14,206212831,2,0
2026-04-14,265186153,3,2
2026-04-10,825212831,3,0
2026-04-10,256186153,8,6
2026-04-10,300192119,6,2
2026-04-10,256186153,5,5
2026-04-10,234001179,3,1
2026-04-10,256186153,2,1
2026-04-10,231163155,1,0
2026-04-10,256186153,5,2
2026-04-10,256186153,8,4
2026-04-10,834212831,4,0
2026-04-14,828215698,3,3
2026-04-14,253192119,3,0
2026-04-13,828215698,1,1
2026-04-13,828215698,7,1
2026-04-13,828215698,6,2
2026-04-13,216192448,7,4
2026-04-13,828215698,5,2
2026-04-13,828192119,5,1
2026-04-13,828215698,5,4
2026-04-13,101001179,4,2
2026-04-13,828215698,1,0
2026-04-13,300194404,6,2
2026-04-12,828215698,1,1
2026-04-12,300193080,3,2
2026-04-12,828215698,4,3
2026-04-12,251051539,4,2
2026-04-12,828215698,7,2
2026-04-12,253168435,7,3
2026-04-13,274192119,3,1
2026-04-13,804263063,4,2
2026-04-13,274192119,3,1
2026-04-13,828230621,4,2
2026-04-13,274192119,3,1
2026-04-13,806266323,6,1
2026-04-12,274192119,4,2
2026-04-12,848252154,3,0
2026-04-12,851210676,3,0
2026-04-12,274192119,6,4
2026-04-12,274192119,7,3
2026-04-12,840214979,5,3
2026-04-12,253192119,8,3
2026-04-12,274192119,6,3
2026-04-12,274192119,3,2
2026-04-12,300199987,6,2
2026-04-06,274192119,2,0
2026-04-06,848225116,1,0
2026-04-14,206230621,6,2
2026-04-14,814223885,4,0
2026-04-14,825192119,2,0
2026-04-14,814223885,4,3
2026-04-13,851204935,1,0
2026-04-13,814223885,2,2
2026-04-13,814223885,3,1
2026-04-13,825051539,4,2
2026-04-15,289190053,4,1
2026-04-15,280243952,5,2
2026-04-14,289190053,6,2
2026-04-14,265233306,12,6
2026-04-14,289190053,0,0
2026-04-14,845199005,3,1
2026-04-14,289190053,1,0
2026-04-14,256193105,11,2
2026-04-14,289190053,3,0
2026-04-14,206215316,4,2
2026-04-14,289190053,7,4
2026-04-14,828212831,2,1
2026-04-14,289190053,3,3
2026-04-14,300204883,6,2
2026-04-14,289190053,3,1
2026-04-14,273180739,5,2
2026-04-14,289190053,7,3
2026-04-14,840242948,3,0
2026-04-14,289190053,3,0
2026-04-14,237212831,4,1
2026-04-14,300240913,8,6
2026-04-14,234190941,2,1
2026-04-14,300240913,2,1
2026-04-14,256186153,5,0
2026-04-14,300240913,3,1
2026-04-14,828167495,3,0
2026-04-14,300240913,6,2
2026-04-14,201192119,8,1
2026-04-14,300240913,6,2
2026-04-14,517212831,5,2
2026-04-14,300240913,5,0
2026-04-14,802051539,1,0
2026-04-14,300240913,5,0
2026-04-14,517193080,1,0
2026-04-14,207000488,5,2
2026-04-14,300240913,2,1
2026-04-14,300240913,4,3
2026-04-14,517200389,2,1
2026-04-13,300240913,2,1
2026-04-13,291262621,12,4
2026-04-15,246193105,4,2
2026-04-15,829235073,2,0
2026-04-15,829235073,4,2
2026-04-15,291262621,4,1
2026-04-13,237190053,5,3
2026-04-13,834202811,7,3
2026-04-13,237190053,8,4
2026-04-13,836005479,5,2
2026-04-13,237190053,2,1
2026-04-13,825192119,8,4
2026-04-13,237190053,0,0
2026-04-13,234051539,4,1
2026-04-13,206024630,5,2
2026-04-13,237190053,1,1
2026-04-13,237190053,3,2
2026-04-13,234190053,6,6
2026-04-13,237190053,3,1
2026-04-13,828209981,6,3
2026-04-12,210230621,7,3
2026-04-12,265233306,2,0
2026-04-12,265233306,3,3
2026-04-12,828212831,6,3
2026-04-13,283186153,5,2
2026-04-13,300186153,3,2
2026-04-13,517259532,6,3
2026-04-13,300186153,6,2
2026-04-13,300224836,4,2
2026-04-13,300186153,5,1
2026-04-13,848225116,5,0
2026-04-13,300186153,5,1
2026-04-13,322146748,6,4
2026-04-13,300186153,7,3
2026-04-13,804262621,3,2
2026-04-13,300186153,4,2
2026-04-13,300224836,2,1
2026-04-13,300186153,2,2
2026-04-13,804262621,3,2
2026-04-13,300186153,1,1
2026-04-13,517259532,5,5
2026-04-13,300186153,4,2
2026-04-13,517209981,7,4
2026-04-13,300186153,2,1
2026-04-13,207212831,6,1
2026-04-13,300228789,6,0
2026-04-13,207212831,8,3
2026-04-13,256199987,7,4
2026-04-13,265233306,4,0
2026-04-13,207212831,1,0
2026-04-13,300259532,5,3
2026-04-13,207212831,6,1
2026-04-13,207212831,5,4
2026-04-13,270233934,4,2
2026-04-13,217234642,5,3
2026-04-13,207212831,7,2
2026-04-13,207212831,7,3
2026-04-13,515227127,5,2
2026-04-11,216200389,6,2
2026-04-11,207212831,7,2
2026-04-11,207212831,8,2
2026-04-11,300226753,5,4
2026-04-11,216162835,0,0
2026-04-11,828215698,4,0
2026-04-11,207210257,4,1
2026-04-11,828215698,4,0
2026-04-15,319005479,5,4
2026-04-15,828202811,5,2
2026-04-15,291220901,0,0
2026-04-15,319005479,2,0
2026-04-15,826226753,2,0
2026-04-15,217212831,10,6
2026-04-15,828192119,7,3
2026-04-15,826226753,9,4
2026-04-15,826226753,5,1
2026-04-15,217212831,5,4
2026-04-15,826226753,4,1
2026-04-15,283167495,9,3
2026-04-15,826226753,3,2
2026-04-15,517211738,5,4
2026-04-15,826226753,13,6
2026-04-15,291211738,2,2
2026-04-13,826226753,4,3
2026-04-13,834230621,12,7
2026-04-13,251167948,5,2
2026-04-13,826226753,5,1
2026-04-13,826226753,2,0
2026-04-13,206177683,5,4
2026-04-15,300192119,1,0
2026-04-15,844199641,4,0
2026-04-15,289192119,3,1
2026-04-15,300192119,5,0
2026-04-15,300192119,5,4
2026-04-15,265234102,8,3
2026-04-15,300192119,4,2
2026-04-15,253167495,5,1
2026-04-14,300192119,4,1
2026-04-14,216167495,3,2
2026-04-14,201001179,9,2
2026-04-14,300192119,2,1
2026-04-14,834230621,6,3
2026-04-14,300192119,2,1
2026-04-13,828212831,4,1
2026-04-13,300192119,3,2
2026-04-13,834212831,3,1
2026-04-13,300192119,3,0
2026-04-15,265234102,4,1
2026-04-15,265186153,3,0
2026-04-15,253192119,1,1
2026-04-15,265186153,5,3
2026-04-15,265186153,7,6
2026-04-15,300167495,2,0
2026-04-15,265186153,4,1
2026-04-15,111051539,0,0
2026-04-15,300192119,7,3
2026-04-15,265186153,4,1
2026-04-15,300192119,0,0
2026-04-15,265186153,5,1
2026-04-15,217210257,3,1
2026-04-15,265186153,6,3
2026-04-15,265186153,3,2
2026-04-15,256186153,3,0
2026-04-14,265186153,6,4
2026-04-14,300263887,7,1
2026-04-15,513228789,2,0
2026-04-15,214190053,11,7
2026-04-15,251190053,6,5
2026-04-15,513228789,4,0
2026-04-15,513228789,0,0
2026-04-15,265192119,4,1
2026-04-15,300198513,6,1
2026-04-15,513228789,3,2
2026-04-15,324024630,10,5
2026-04-15,513228789,3,1
2026-04-15,856235840,2,2
2026-04-15,513228789,4,1
2026-04-15,517192563,2,2
2026-04-15,513228789,3,1
2026-04-15,513228789,2,2
2026-04-15,206199482,3,2
2026-04-15,206024630,8,3
2026-04-15,513228789,9,2
2026-04-15,206024630,8,4
2026-04-15,300190941,7,0
2026-04-15,246199987,8,1
2026-04-15,206024630,4,2
2026-04-15,206024630,1,1
2026-04-15,206200389,4,0
2026-04-15,206024630,3,3
2026-04-15,256186153,4,1
2026-04-15,206024630,5,4
2026-04-15,503234102,5,2
2026-04-15,206024630,7,3
2026-04-15,214024630,2,0
2026-04-15,206024630,4,2
2026-04-15,852192448,7,1
2026-04-14,206024630,3,0
2026-04-14,840215316,4,1
2026-04-15,300215316,5,2
2026-04-15,300219836,0,0
2026-04-15,804262621,2,1
2026-04-15,300219836,3,2
2026-04-15,300219836,5,1
2026-04-15,214192448,1,0
2026-04-15,828200389,3,2
2026-04-15,300219836,3,0
2026-04-15,300219836,5,3
2026-04-15,319005479,7,4
2026-04-15,300219836,3,1
2026-04-15,300240091,1,0
2026-04-15,280230621,4,2
2026-04-15,300219836,7,7
2026-04-15,231024630,4,0
2026-04-15,300219836,4,1
2026-04-11,300219836,3,2
2026-04-11,517212831,4,1
2026-04-15,300192119,7,5
2026-04-15,324024630,4,2
2026-04-15,324024630,7,2
2026-04-15,848225116,6,4
2026-04-15,324024630,2,1
2026-04-15,517252154,9,3
2026-04-15,324024630,6,3
2026-04-15,270233934,5,3
2026-04-15,324024630,4,0
2026-04-15,280177683,6,2
2026-04-15,836167948,5,4
2026-04-15,251048940,3,0
2026-04-15,828215698,4,1
2026-04-15,251048940,4,1
2026-04-15,256199987,6,3
2026-04-15,251048940,5,1
2026-04-15,832235073,3,0
2026-04-15,251048940,4,3
2026-04-15,835016254,6,3
2026-04-15,251048940,1,1
2026-04-09,828230621,5,1
2026-04-09,251048940,1,0
2026-04-09,846212831,5,1
2026-04-09,511186153,7,3
2026-04-09,848051539,7,5
2026-04-09,251048940,6,4
2026-04-09,814186569,7,2
2026-04-09,251048940,5,1
2026-04-15,251167495,2,1
2026-04-15,300192448,2,0
2026-04-15,253204120,9,3
2026-04-15,300252154,4,1
2026-04-15,272170597,5,1
2026-04-15,300252154,4,1
2026-04-15,237210257,4,3
2026-04-15,300252154,2,1
2026-04-15,515204935,2,1
2026-04-15,300252154,3,0
2026-04-15,300252154,4,3
2026-04-15,300203841,3,3
2026-04-15,300252154,5,3
2026-04-15,234173373,4,0
2026-04-15,300252154,3,0
2026-04-15,214200389,2,1
2026-04-15,265225116,2,1
2026-04-15,300252154,5,1
2026-04-15,300252154,5,4
2026-04-15,805212432,4,2
2026-04-15,834230621,5,1
2026-04-15,300252154,4,1
2026-04-15,214186569,3,3
2026-04-15,300243311,5,3
2026-04-15,300243311,5,4
2026-04-15,256186153,6,3
2026-04-15,300243311,4,1
2026-04-15,251186153,8,4
2026-04-15,300243311,7,2
2026-04-15,231024630,3,1
2026-04-15,217212831,9,5
2026-04-15,300243311,5,0
2026-04-15,300243311,4,3
2026-04-15,206177683,4,2
2026-04-15,300243311,5,1
2026-04-15,284216065,10,7
2026-04-15,300243311,4,1
2026-04-15,825192448,5,3
2026-04-14,300243311,6,3
2026-04-14,283230621,6,3
2026-04-14,810200389,6,3
2026-04-14,826226753,1,0
2026-04-14,851220901,6,2
2026-04-14,826226753,2,2
2026-04-14,231024630,2,1
2026-04-14,826226753,3,2
2026-04-14,826226753,4,2
2026-04-14,206177683,2,1
2026-04-14,324024630,2,2
2026-04-14,826226753,15,13
2026-04-14,265233306,3,2
2026-04-14,826226753,7,4
2026-04-14,826226753,3,1
2026-04-14,828200389,6,4
2026-04-14,206212831,4,1
2026-04-14,826226753,2,2
2026-04-14,828200389,4,2
2026-04-14,826226753,3,0
2026-04-14,829235073,7,2
2026-04-14,256199987,11,5
2026-04-14,825212831,4,1
2026-04-14,256199987,5,3
2026-04-14,851220901,6,3
2026-04-14,256199987,3,1
2026-04-14,283224251,2,2
2026-04-14,256199987,7,2
2026-04-13,216192448,8,3
2026-04-13,256199987,6,3
2026-04-13,814223885,0,0
2026-04-13,256199987,3,0
2026-04-13,517230869,4,1
2026-04-13,256199987,4,2
2026-04-13,844259532,7,1
2026-04-13,256199987,6,2
2026-04-13,289190053,8,4
2026-04-13,256199987,1,0
2026-04-14,268051539,6,1
2026-04-14,825210257,1,0
2026-04-14,840215316,7,3
2026-04-14,268051539,6,1
2026-04-14,289192119,7,4
2026-04-14,300192119,2,0
2026-04-14,834242948,3,2
2026-04-14,300192119,6,1
2026-04-14,300192119,3,1
2026-04-14,834240913,6,3
2026-04-14,828167495,5,3
2026-04-14,300192119,4,2
2026-04-13,264210385,3,3
2026-04-13,300192119,6,0
2026-04-13,207192563,1,0
2026-04-13,300192119,5,2
2026-04-12,265233306,2,2
2026-04-12,300192119,1,0
2026-04-12,206024630,0,0
2026-04-12,300192119,3,1
2026-04-12,270233934,6,2
2026-04-12,300192119,0,0
2026-04-15,840206585,8,2
2026-04-15,845233267,8,4
2026-04-15,840206585,7,0
2026-04-15,206177683,10,2
2026-04-15,840206585,3,1
2026-04-15,261044897,11,9
2026-04-15,300234371,3,0
2026-04-15,840206585,0,0
2026-04-15,840206585,7,4
2026-04-15,216234642,5,2
2026-04-15,852223885,6,3
2026-04-15,216162835,5,2
2026-04-15,206167948,5,4
2026-04-15,852223885,8,1
2026-04-15,852223885,5,3
2026-04-15,840215316,11,9
2026-04-15,852223885,4,2
2026-04-15,300206585,5,2
2026-04-15,251024630,5,0
2026-04-15,829189117,5,1
2026-04-15,253177683,7,4
2026-04-15,829189117,4,2
2026-04-15,829189117,5,2
2026-04-15,300259532,4,0
2026-04-15,829189117,8,4
2026-04-15,517235840,3,0
2026-04-15,300243675,5,1
2026-04-15,829189117,2,2
2026-04-15,253177683,4,3
2026-04-15,829189117,2,2
2026-04-15,829189117,5,4
2026-04-15,206210257,1,1
2026-04-15,805212432,4,2
2026-04-15,829189117,3,3
2026-04-15,300192448,4,4
2026-04-15,829189117,10,6
2026-04-15,829189117,5,4
2026-04-15,828167948,6,4
2026-04-15,234190941,2,0
2026-04-15,829235073,3,3
2026-04-15,234190941,3,1
2026-04-15,300192448,4,2
2026-04-15,515210257,7,3
2026-04-15,234190941,5,2
2026-04-15,234190941,5,2
2026-04-15,848167948,5,4
2026-04-14,234190941,5,2
2026-04-14,265233306,6,2
2026-04-14,251186153,5,1
2026-04-14,234190941,5,1
2026-04-14,234190941,5,3
2026-04-14,256210257,4,0
2026-04-14,234190941,3,0
2026-04-14,300215316,8,4
2026-04-14,234190941,4,2
2026-04-14,804250753,2,1
2026-04-14,802167948,2,1
2026-04-14,256005479,7,4
2026-04-14,810185122,7,2
2026-04-14,802167948,3,0
2026-04-14,802167948,3,0
2026-04-14,300230621,8,3
2026-04-14,802167948,3,2
2026-04-14,810225116,11,7
2026-04-14,802167948,4,3
2026-04-14,206024630,2,0
2026-04-14,802167948,9,4
2026-04-14,253192119,5,1
2026-04-14,802167948,5,2
2026-04-14,237192119,10,6
2026-04-14,802167948,3,0
2026-04-14,265233306,3,1
2026-04-14,802167948,4,1
2026-04-14,207192563,5,1
2026-04-14,802167948,6,5
2026-04-14,300212831,5,1
2026-04-15,291262621,7,3
2026-04-15,260226753,4,1
2026-04-13,300243952,8,5
2026-04-13,260226753,5,3
2026-04-13,264230621,5,3
2026-04-13,260226753,9,4
2026-04-13,260226753,1,0
2026-04-13,853232065,5,4
2026-04-13,260226753,3,2
2026-04-13,802167495,4,3
2026-04-13,825212831,10,8
2026-04-13,260226753,3,3
2026-04-13,283170597,7,4
2026-04-13,260226753,3,2
2026-04-13,280206585,4,2
2026-04-13,260226753,7,4
2026-04-13,260226753,4,2
2026-04-13,508223550,4,0
2026-04-14,828192448,2,0
2026-04-14,264230621,4,1
2026-04-14,828215698,4,3
2026-04-14,264230621,1,1
2026-04-14,264230621,2,0
2026-04-14,101000488,6,3
2026-04-14,264230621,4,2
2026-04-14,251192119,4,3
2026-04-14,264230621,7,2
2026-04-14,251186153,7,1
2026-04-14,264230621,3,0
2026-04-14,513202811,5,1
2026-04-14,264230621,8,3
2026-04-14,268005479,4,1
2026-04-14,264230621,6,2
2026-04-14,231168435,5,2
2026-04-05,264230621,9,5
2026-04-05,300224836,4,1
2026-04-15,300259532,0,0
2026-04-15,251192119,3,0
2026-04-15,300192119,6,3
2026-04-15,251192119,6,4
2026-04-15,836001179,3,2
2026-04-15,251192119,2,1
2026-04-15,206210257,12,7
2026-04-15,289051539,4,3
2026-04-15,216192448,1,0
2026-04-15,289051539,4,2
2026-04-15,251150724,6,2
2026-04-15,289051539,3,1
2026-04-15,214192119,2,1
2026-04-15,289051539,7,4
2026-04-15,291211738,2,1
2026-04-15,283170597,5,2
2026-04-15,253204935,8,6
2026-04-15,283170597,6,0
2026-04-14,283170597,1,0
2026-04-14,206024630,4,3
2026-04-14,283170597,4,2
2026-04-14,265234102,7,4
2026-04-14,293212432,0,0
2026-04-14,283170597,0,0
2026-04-14,300192448,4,1
2026-04-14,283170597,10,3
2026-04-14,283170597,5,4
2026-04-14,206024630,4,1
2026-04-14,283170597,5,1
2026-04-14,237212831,2,1
2026-04-14,201005479,8,5
2026-04-14,283170597,8,4
2026-04-15,216200389,4,0
2026-04-15,237212831,1,0
2026-04-15,237212831,6,3
2026-04-15,289048940,6,4
2026-04-15,270234577,5,2
2026-04-15,237212831,7,3
2026-04-15,237212831,2,1
2026-04-15,251190053,4,1
2026-04-15,300236515,5,2
2026-04-15,237212831,4,1
2026-04-15,237212831,3,1
2026-04-15,825192448,6,3
2026-04-15,237212831,7,2
2026-04-15,251186153,5,1
2026-04-13,834212831,5,1
2026-04-13,256193105,7,4
2026-04-13,300212432,1,0
2026-04-13,256193105,4,2
2026-04-13,216190053,1,1
2026-04-13,256193105,5,3
2026-04-13,206186153,3,1
2026-04-13,256193105,4,0
2026-04-13,256193105,6,3
2026-04-13,291211738,3,0
2026-04-13,242192119,8,5
2026-04-13,256193105,6,2
2026-04-13,291211738,0,0
2026-04-13,256193105,5,2
2026-04-13,206167948,10,5
2026-04-13,256193105,5,2
2026-04-13,214192119,3,0
2026-04-13,256193105,2,0
2026-04-15,300203042,3,0
2026-04-15,265234102,6,2
2026-04-15,265234102,2,2
2026-04-15,217212831,4,1
2026-04-15,265234102,2,1
2026-04-15,300263063,5,2
2026-04-15,265234102,4,1
2026-04-15,834167495,2,0
2026-04-15,265234102,5,2
2026-04-15,324024630,5,2
2026-04-15,265234102,4,1
2026-04-15,216230621,2,2
2026-04-15,265234102,1,0
2026-04-15,260186569,5,1
2026-04-15,265234102,5,3
2026-04-15,101001179,6,1
2026-04-15,265234102,4,3
2026-04-15,829167495,4,2
2026-04-15,834190941,5,2
2026-04-15,237193105,8,4
2026-04-15,834190941,15,10
2026-04-15,251186153,5,2
2026-04-15,834190941,3,1
2026-04-15,242210257,8,3
2026-04-15,834190941,6,2
2026-04-15,246186569,6,1
2026-04-15,834190941,4,0
2026-04-15,206024630,4,1
2026-04-13,264190941,6,3
2026-04-13,828209981,6,2
2026-04-13,264190941,4,2
2026-04-13,256192448,9,6
2026-04-13,264190941,3,0
2026-04-13,834212831,9,7
2026-04-13,264190941,7,4
2026-04-13,513235073,5,4
2026-04-15,517192563,3,0
2026-04-15,300238186,6,3
2026-04-15,517192563,7,4
2026-04-15,206188943,4,1
2026-04-15,517192563,8,4
2026-04-15,207212831,8,3
2026-04-15,517192563,1,0
2026-04-15,206167948,1,1
2026-04-15,517192563,1,0
2026-04-15,834230621,2,2
2026-04-15,517192563,6,4
2026-04-15,253230621,5,2
2026-04-15,517192563,1,0
2026-04-15,845233267,5,1
2026-04-15,517192563,5,1
2026-04-15,300192119,2,1
2026-04-15,206203841,7,3
2026-04-15,834190941,8,4
2026-04-14,834212831,3,1
2026-04-14,834190941,7,1
2026-04-14,834190941,5,1
2026-04-14,206186153,8,3
2026-04-14,253167948,8,4
2026-04-14,834190941,4,2
2026-04-14,804262621,5,2
2026-04-14,834190941,2,1
2026-04-13,834210257,8,6
2026-04-13,834190941,3,0
2026-04-13,242194404,3,3
2026-04-13,834190941,6,2
2026-04-13,300192448,5,3
2026-04-13,834190941,4,0
2026-04-13,300192119,5,3
2026-04-13,834190941,4,1
2026-04-15,206203775,5,3
2026-04-15,284188943,5,5
2026-04-15,233192119,4,1
2026-04-15,284188943,4,2
2026-04-15,513186153,6,4
2026-04-15,246186569,4,1
2026-04-14,300263063,0,0
2026-04-14,513186153,4,1
2026-04-14,217177683,4,0
2026-04-14,513186153,1,0
2026-04-14,283192448,5,3
2026-04-14,513186153,6,2
2026-04-14,804262621,2,1
2026-04-14,513186153,4,0
2026-04-15,300243675,8,5
2026-04-15,834230621,5,2
2026-04-14,218215316,11,6
2026-04-14,324024630,5,3
2026-04-14,324024630,2,0
2026-04-14,206206585,6,1
2026-04-14,300242179,7,4
2026-04-14,324024630,2,1
2026-04-14,324024630,3,1
2026-04-14,207167495,7,3
2026-04-14,324024630,7,6
2026-04-14,264230621,3,1
2026-04-14,846202811,10,1
2026-04-14,324024630,0,0
2026-04-14,324024630,0,0
2026-04-14,256210257,10,5
2026-04-14,818167495,7,1
2026-04-14,324024630,7,1
2026-04-14,814048940,6,2
2026-04-14,324024630,2,0
2026-04-14,848252154,4,1
2026-04-14,324024630,6,3
2026-04-14,246173373,7,2
2026-04-14,214024630,1,0
2026-04-14,246173373,9,4
2026-04-14,256051539,2,0
2026-04-14,804262621,3,1
2026-04-14,246173373,8,3
2026-04-14,246173373,10,3
2026-04-14,300192119,1,1
2026-04-14,246173373,5,1
2026-04-14,283230869,5,3
2026-04-14,246173373,2,0
2026-04-14,300172203,6,3
2026-04-14,207051539,11,6
2026-04-14,221189342,4,0
2026-04-14,207051539,5,1
2026-04-14,291220901,5,4
2026-04-14,300210358,9,4
2026-04-14,216192448,5,3
2026-04-14,216192448,7,5
2026-04-14,265233306,7,3
2026-04-14,216192448,2,1
2026-04-14,206024630,7,4
2026-04-14,517227127,5,0
2026-04-14,216192448,6,0
2026-04-14,216192448,3,0
2026-04-14,300235840,3,1
2026-04-14,246199987,5,2
2026-04-14,216192448,6,4
2026-04-14,272167948,1,0
2026-04-14,216192448,3,0
2026-04-14,265233306,2,2
2026-04-14,260243952,13,2
2026-04-14,280215698,11,2
2026-04-14,265233306,1,0
2026-04-14,111051539,3,2
2026-04-14,265233306,2,2
2026-04-14,265233306,7,3
2026-04-14,265233306,2,1
2026-04-14,265233306,0,0
2026-04-14,206024630,1,1
2026-04-14,265233306,7,4
2026-04-14,300215698,1,0
2026-04-13,265233306,2,1
2026-04-13,300240913,6,2
2026-04-12,265233306,7,5
2026-04-12,206024630,9,6
2026-04-11,834215698,5,1
2026-04-11,265233306,5,3
2026-04-11,265233306,4,0
2026-04-11,300259532,2,1
2026-04-15,251186153,3,1
2026-04-15,291211738,7,2
2026-04-15,291211738,6,1
2026-04-15,265234102,5,2
2026-04-15,291211738,6,2
2026-04-15,265234102,8,3
2026-04-15,291211738,5,0
2026-04-15,300192119,7,3
2026-04-15,291211738,2,1
2026-04-15,517235840,7,3
2026-04-15,291211738,4,3
2026-04-15,319005479,6,2
2026-04-15,291211738,0,0
2026-04-15,246186569,4,1
2026-04-15,291211738,1,0
2026-04-15,300243675,5,2
2026-04-15,291211738,9,5
2026-04-15,246193041,4,3
2026-04-15,291211738,3,1
2026-04-15,804262621,2,0
2026-04-13,852189117,6,2
2026-04-13,851204935,4,2
2026-04-13,851204935,3,0
2026-04-13,300243311,4,1
2026-04-13,300192119,4,2
2026-04-13,851204935,7,5
2026-04-12,851204935,5,5
2026-04-12,300228789,6,1
2026-04-10,851204935,3,1
2026-04-10,210230872,5,2
2026-04-10,851204935,3,3
2026-04-10,207193080,4,2
2026-04-10,851204935,8,4
2026-04-10,253167495,5,2
2026-04-10,851204935,5,1
2026-04-10,216230621,6,3
2026-04-10,284216065,8,4
2026-04-10,851204935,4,1
2026-04-10,851204935,5,1
2026-04-10,207051539,3,1
2026-04-14,206024630,4,2
2026-04-14,101001179,4,2
2026-04-14,206024630,8,5
2026-04-14,253192119,4,2
2026-04-14,206024630,10,7
2026-04-14,216230621,4,3
2026-04-14,246190778,5,2
2026-04-14,206024630,3,2
2026-04-14,273226753,1,1
2026-04-14,206024630,4,0
2026-04-15,234167495,3,0
2026-04-15,206024630,0,0
2026-04-15,251192119,6,3
2026-04-15,206024630,4,2
2026-04-15,856228789,9,2
2026-04-15,206024630,2,0
2026-04-15,214024630,7,3
2026-04-15,206024630,7,3
2026-04-15,300192119,7,3
2026-04-15,206024630,5,2
2026-04-15,828202811,3,1
2026-04-15,501215698,6,3
2026-04-15,217212831,8,4
2026-04-15,501215698,9,6
2026-04-15,840206585,7,5
2026-04-15,501215698,1,1
2026-04-15,252051539,4,0
2026-04-15,501215698,3,0
2026-04-15,501172723,9,3
2026-04-15,256051539,8,4
2026-04-15,501172723,3,2
2026-04-15,216167948,5,0
2026-04-15,501172723,5,1
2026-04-15,845234642,6,3
2026-04-15,501172723,6,3
2026-04-15,300242656,6,2
2026-04-15,291262621,8,3
2026-04-15,206005479,5,2
2026-04-15,291262621,7,2
2026-04-15,517228383,5,2
2026-04-15,291262621,5,1
2026-04-15,805252662,4,1
2026-04-15,291262621,2,0
2026-04-15,825051539,9,5
2026-04-15,291262621,5,2
2026-04-15,517190941,2,1
2026-04-15,291262621,0,0
2026-04-15,834202811,7,3
2026-04-15,517254803,7,1
2026-04-15,291262621,1,1
2026-04-15,291262621,1,1
2026-04-15,206177683,2,2
2026-04-14,265225116,2,1
2026-04-14,291262621,4,1
2026-04-15,840242948,5,0
2026-04-15,300219836,2,1
2026-04-15,840242948,2,1
2026-04-15,214212831,4,2
2026-04-15,840242948,9,5
2026-04-15,300193105,11,2
2026-04-15,840242948,9,4
2026-04-15,827048940,7,1
2026-04-15,840242948,2,0
2026-04-15,300225395,7,4
2026-04-15,840242948,7,4
2026-04-15,828215698,8,2
2026-04-14,840242948,2,1
2026-04-14,270221087,5,2
2026-04-14,840242948,3,1
2026-04-14,234192119,9,3
2026-04-14,840242948,5,2
2026-04-14,206199482,5,1
2026-04-14,247191924,6,3
2026-04-14,300243311,2,0
2026-04-14,300243311,6,2
2026-04-14,207051539,3,1
2026-04-13,856203841,8,4
2026-04-13,300243311,4,0
2026-04-13,828212831,5,3
2026-04-13,300243311,3,2
2026-04-13,300243311,5,2
2026-04-13,300190941,4,0
2026-04-13,283230869,2,0
2026-04-13,300243311,0,0
2026-04-12,855212831,6,2
2026-04-12,300243311,3,2
2026-04-12,300243311,4,0
2026-04-12,256186153,6,2
2026-04-12,280235073,1,0
2026-04-12,300243311,2,0
2026-04-14,246211990,5,3
2026-04-14,827051539,4,1
2026-04-14,283224251,3,1
2026-04-14,827051539,5,3
2026-04-14,517254803,5,2
2026-04-14,827051539,2,2
2026-04-12,206024630,3,1
2026-04-12,827051539,2,1
2026-04-12,804262621,3,1
2026-04-12,827051539,2,1
2026-04-12,848167948,3,1
2026-04-12,827051539,0,0
2026-04-10,206024630,8,2
2026-04-10,827051539,3,1
2026-04-10,845230869,4,0
2026-04-10,827051539,2,0
2026-04-10,827051539,10,3
2026-04-10,274192119,1,1
2026-04-15,251150724,5,1
2026-04-15,206177683,4,1
2026-04-15,251150724,5,2
2026-04-15,834192119,4,0
2026-04-15,251150724,11,1
2026-04-15,206167948,1,0
2026-04-14,251150724,3,1
2026-04-14,265233306,3,0
2026-04-14,251150724,3,2
2026-04-14,251051539,4,2
2026-04-14,251150724,2,1
2026-04-14,217199987,4,2
2026-04-14,233192119,6,2
2026-04-14,251150724,3,1
2026-04-14,251150724,5,2
2026-04-14,828202811,3,1
2026-04-14,251150724,4,2
2026-04-14,214005479,3,3
2026-04-14,251150724,6,3
2026-04-14,300199987,0,0
2026-04-13,289192119,1,0
2026-04-13,825210257,6,4
2026-04-13,289192119,1,0
2026-04-13,511234102,1,1
2026-04-13,289192119,5,3
2026-04-13,829235073,4,3
2026-04-13,289192119,5,1
2026-04-13,300243675,3,2
2026-04-13,289192119,9,4
2026-04-13,300223686,5,0
2026-04-13,256210257,5,3
2026-04-13,289192119,1,0
2026-04-13,289192119,7,4
2026-04-13,237210257,3,2
2026-04-12,289192119,3,0
2026-04-12,206177683,7,3
2026-04-12,289192119,5,4
2026-04-12,300192119,5,1
2026-04-12,289192119,6,3
2026-04-12,234167495,4,1
2026-04-14,265233306,7,4
2026-04-14,251186153,5,2
2026-04-14,265233306,7,4
2026-04-14,206024630,4,0
2026-04-14,265233306,4,1
2026-04-14,237192119,4,0
2026-04-14,265233306,8,3
2026-04-14,270234577,5,1
2026-04-12,265233306,7,5
2026-04-12,251051539,5,2
2026-04-12,265233306,4,2
2026-04-12,834235840,6,2
2026-04-12,265233306,6,2
2026-04-12,214167495,3,1
2026-04-12,265233306,9,3
2026-04-12,517259532,6,1
2026-04-12,265233306,6,3
2026-04-12,846193080,5,2
2026-04-14,851230872,4,3
2026-04-14,300186153,5,3
2026-04-14,851230872,7,4
2026-04-14,834230621,8,5
2026-04-14,851230872,2,0
2026-04-14,265234102,4,4
2026-04-14,851230872,7,3
2026-04-14,283211101,2,1
2026-04-14,851230872,4,3
2026-04-14,300234642,5,1
2026-04-12,851230872,10,5
2026-04-12,264190941,7,4
2026-04-12,851230872,3,1
2026-04-12,300251752,5,0
2026-04-12,851230872,1,1
2026-04-12,270193105,5,3
2026-04-12,851230872,5,3
2026-04-12,291220901,7,4
2026-04-15,234180739,3,2
2026-04-15,840001179,4,0
2026-04-15,234180739,5,2
2026-04-15,825051539,9,3
2026-04-15,218200726,2,0
2026-04-15,234180739,7,4
2026-04-15,234180739,2,1
2026-04-15,834235840,4,0
2026-04-15,834230621,7,2
2026-04-15,234180739,8,3
2026-04-15,251051539,4,0
2026-04-15,234180739,8,3
2026-04-15,234180739,6,2
2026-04-15,324024630,8,4
2026-04-15,206203841,3,2
2026-04-15,234180739,6,3
2026-04-15,234180739,6,2
2026-04-15,829226753,8,2
2026-04-15,101001179,3,1
2026-04-15,234180739,7,3
2026-04-15,274192119,5,1
2026-04-15,256193105,4,3
2026-04-15,206177683,2,1
2026-04-15,256193105,5,3
2026-04-15,256193105,1,0
2026-04-15,830210941,2,0
2026-04-14,206177683,8,3
2026-04-14,256193105,9,6
2026-04-14,256193105,3,1
2026-04-14,265186153,4,2
2026-04-14,256193105,5,2
2026-04-14,834192119,4,2
2026-04-14,256193105,7,5
2026-04-14,300235840,6,2
2026-04-14,270233934,0,0
2026-04-14,256193105,5,2
2026-04-14,256193105,7,4
2026-04-14,825051539,4,0
2026-04-15,256210257,4,1
2026-04-15,300212831,9,2
2026-04-15,300212831,6,1
2026-04-15,291262621,4,1
2026-04-15,300212831,4,0
2026-04-15,300192119,5,2
2026-04-15,856203841,5,4
2026-04-15,300212831,7,1
2026-04-14,300212831,5,3
2026-04-14,101001179,8,2
2026-04-14,828212831,6,3
2026-04-14,300212831,3,3
2026-04-14,283170597,6,1
2026-04-14,300212831,0,0
2026-04-14,300212831,1,1
2026-04-14,829192119,3,1
2026-04-14,300212831,3,2
2026-04-14,270233934,5,3
2026-04-15,270221087,4,1
2026-04-15,852223885,3,2
2026-04-14,270221087,5,1
2026-04-14,300225395,6,3
2026-04-14,270221087,1,1
2026-04-14,802163587,3,1
2026-04-14,270221087,6,3
2026-04-14,251186153,5,3
2026-04-14,834210257,4,1
2026-04-14,270221087,2,2
2026-04-14,829235073,4,2
2026-04-14,270221087,3,1
2026-04-14,270221087,3,1
2026-04-14,265233306,7,2
2026-04-14,207051539,6,2
2026-04-14,270221087,3,1
2026-04-15,828212831,7,5
2026-04-15,502192119,2,1
2026-04-15,300192119,4,1
2026-04-15,502192119,8,2
2026-04-15,829235073,3,0
2026-04-15,502192119,1,1
2026-04-14,834235840,6,3
2026-04-14,828212831,4,2
2026-04-14,834235840,2,2
2026-04-14,300246671,8,3
2026-04-14,834235840,4,2
2026-04-14,234192119,2,2
2026-04-13,323186153,7,3
2026-04-13,834235840,3,1
2026-04-13,834235840,6,2
2026-04-13,856235840,5,3
2026-04-13,834235840,3,2
2026-04-13,289190053,5,1
2026-04-13,513206585,0,0
2026-04-13,834235840,5,3
2026-04-13,834235840,3,1
2026-04-13,206186153,9,2
2026-04-13,834235840,3,1
2026-04-13,280210257,2,2
2026-04-15,234192119,4,2
2026-04-15,840206585,8,2
2026-04-15,234192119,4,2
2026-04-15,829235073,9,5
2026-04-15,234192119,4,1
2026-04-15,851210676,6,2
2026-04-14,234192119,7,3
2026-04-14,856203841,6,2
2026-04-14,234192119,5,1
2026-04-14,834212831,5,1
2026-04-14,234192119,10,5
2026-04-14,300246671,6,1
2026-04-14,234192119,5,2
2026-04-14,206200389,5,1
2026-04-14,234192119,8,0
2026-04-14,844259532,8,2
2026-04-15,300238186,4,3
2026-04-15,810233934,4,3
2026-04-14,300167495,4,2
2026-04-14,300238186,6,4
2026-04-14,265233306,3,1
2026-04-14,300238186,2,2
2026-04-14,256167495,5,1
2026-04-14,300238186,3,1
2026-04-14,829235073,1,1
2026-04-14,300238186,5,4
2026-04-14,300215316,2,0
2026-04-14,300238186,5,2
2026-04-14,253192119,4,1
2026-04-14,300238186,5,2
2026-04-14,829228279,4,2
2026-04-14,300238186,5,2
2026-04-15,216168435,9,1
2026-04-15,802163587,3,1
2026-04-15,217210257,5,1
2026-04-15,802163587,2,1
2026-04-15,319005479,4,1
2026-04-15,802163587,2,1
2026-04-15,802163587,6,3
2026-04-15,284216065,4,2
2026-04-14,214203775,3,1
2026-04-14,802163587,6,2
2026-04-14,300243675,3,2
2026-04-14,802163587,7,4
2026-04-14,300219836,7,2
2026-04-14,802163587,7,4
2026-04-14,265233306,4,1
2026-04-14,802163587,1,1
2026-04-14,253168435,2,0
2026-04-14,802163587,6,2
2026-04-15,214150724,4,1
2026-04-15,825192448,7,4
2026-04-15,201005479,4,3
2026-04-15,214150724,5,2
2026-04-15,828192448,5,2
2026-04-15,214150724,3,3
2026-04-15,214150724,0,0
2026-04-15,855212831,3,0
2026-04-15,214150724,1,1
2026-04-15,846202811,6,2
2026-04-15,214150724,6,5
2026-04-15,265192119,5,2
2026-04-15,828192448,0,0
2026-04-15,214150724,4,1
2026-04-15,802051539,2,0
2026-04-15,214150724,0,0
2026-04-14,291211738,5,1
2026-04-14,852048940,6,3
2026-04-14,291211738,5,3
2026-04-14,201048940,5,1
2026-04-14,291211738,7,3
2026-04-14,206206585,1,0
2026-04-13,300259532,3,1
2026-04-13,291211738,4,2
2026-04-13,814048940,5,3
2026-04-13,291211738,3,2
2026-04-13,300193080,5,1
2026-04-13,291211738,10,8
2026-04-13,291211738,1,0
2026-04-13,828230621,3,1
2026-04-13,101005479,7,3
2026-04-13,291211738,4,3
2026-04-12,253192119,1,1
2026-04-12,291211738,4,1
2026-04-14,517223885,0,0
2026-04-14,251167495,7,4
2026-04-14,265192119,3,0
2026-04-14,251167495,6,2
2026-04-14,253177683,2,1
2026-04-14,251167495,7,4
2026-04-14,265192119,4,1
2026-04-14,251167495,6,3
2026-04-14,251167495,7,0
2026-04-14,265234102,0,0
2026-04-14,251167495,2,1
2026-04-14,834177683,6,0
2026-04-14,300258485,2,0
2026-04-14,251167495,2,1
2026-04-14,242186153,3,0
2026-04-14,251167495,1,0
2026-04-14,237210257,5,1
2026-04-14,251167495,2,0
2026-04-14,834230621,2,0
2026-04-14,251167495,5,4
2026-04-11,268051539,2,0
2026-04-11,300226753,5,4
2026-04-11,216167948,6,3
2026-04-11,300226753,4,2
2026-04-11,265234102,10,8
2026-04-11,300226753,7,6
2026-04-11,265233306,5,2
2026-04-11,300226753,2,1
2026-04-11,260167495,4,0
2026-04-11,300226753,9,5
2026-04-11,834235840,0,0
2026-04-11,300226753,4,0
2026-04-11,802048940,5,1
2026-04-11,300226753,5,3
2026-04-11,825051539,7,3
2026-04-11,300226753,3,1
2026-04-11,264230621,2,0
2026-04-11,300226753,3,2
2026-04-14,256193105,7,4
2026-04-14,828192119,4,2
2026-04-11,828192119,3,1
2026-04-11,828192119,0,0
2026-04-11,852186153,6,1
2026-04-11,828192119,2,1
2026-04-11,828215698,12,9
2026-04-11,828192119,5,2
2026-04-10,246199987,5,2
2026-04-10,256199987,7,4
2026-04-10,256199987,5,2
2026-04-10,324024630,2,1
2026-04-10,284188943,1,0
2026-04-10,256199987,7,3
2026-04-10,256199987,6,2
2026-04-10,834220901,2,1
2026-04-10,256199987,8,2
2026-04-10,830212432,2,0
2026-04-10,300192119,0,0
2026-04-10,256199987,3,0
2026-04-10,265225116,5,2
2026-04-10,256199987,3,3
2026-04-10,836005479,7,3
2026-04-10,256199987,4,2
2026-04-08,256199987,5,2
2026-04-08,856228789,6,1
2026-04-15,206212831,4,2
2026-04-15,300194404,4,1
2026-04-15,206212831,6,1
2026-04-15,231167495,4,0
2026-04-15,206212831,4,2
2026-04-15,242192119,7,4
2026-04-14,206212831,4,3
2026-04-14,264190941,7,3
2026-04-14,206212831,3,1
2026-04-14,246186569,5,0
2026-04-14,206212831,2,1
2026-04-14,283192448,3,1
2026-04-14,206212831,5,0
2026-04-14,834210257,8,3
2026-04-14,206212831,7,5
2026-04-14,101051539,7,4
2026-04-14,284216065,9,3
2026-04-14,206212831,9,1
2026-04-13,264230621,6,3
2026-04-13,206212831,2,2
2026-04-14,206177683,1,0
2026-04-14,324024630,4,1
2026-04-14,206177683,4,1
2026-04-14,802200389,5,1
2026-04-13,300206585,2,1
2026-04-13,804262621,7,1
2026-04-13,253167495,5,2
2026-04-13,300206585,4,2
2026-04-13,270233934,3,3
2026-04-13,300206585,1,1
2026-04-13,300206585,3,2
2026-04-13,300192448,5,3
2026-04-13,508192119,6,3
2026-04-13,300206585,5,4
2026-04-12,300206585,6,4
2026-04-12,289051539,8,4
2026-04-12,300192119,2,2
2026-04-12,300206585,5,2
2026-04-12,218199987,5,1
2026-04-12,300206585,7,3
2026-04-12,246186569,5,3
2026-04-12,300206585,4,1
2026-04-12,300206585,5,3
2026-04-12,300230621,4,0
2026-04-14,252048940,4,2
2026-04-14,260210257,0,0
2026-04-13,300220901,6,1
2026-04-13,260210257,7,6
2026-04-13,517177683,2,0
2026-04-13,260210257,6,3
2026-04-13,828192119,2,1
2026-04-13,260210257,3,1
2026-04-13,237210257,2,1
2026-04-13,260210257,4,3
2026-04-13,214192119,2,1
2026-04-13,218215316,6,3
2026-04-13,324024630,2,0
2026-04-13,218215316,8,4
2026-04-13,300263887,3,0
2026-04-13,218215316,1,1
2026-04-13,829226753,4,3
2026-04-13,260210257,2,0
2026-04-15,810200389,5,2
2026-04-15,274005479,7,2
2026-04-15,300206585,8,3
2026-04-15,274005479,8,5
2026-04-15,300203841,2,0
2026-04-15,274005479,6,0
2026-04-15,848001179,7,1
2026-04-15,274005479,6,2
2026-04-15,300233164,6,0
2026-04-15,274005479,6,3
2026-04-14,834192119,9,1
2026-04-14,274005479,1,1
2026-04-14,270233934,7,3
2026-04-14,274005479,6,5
2026-04-14,828200389,1,1
2026-04-14,274005479,6,2
2026-04-13,101051539,4,1
2026-04-13,274005479,2,1
2026-04-14,300243311,4,0
2026-04-14,834192119,6,4
2026-04-14,300243311,0,0
2026-04-14,814223885,5,2
2026-04-14,300243311,4,1
2026-04-14,206005479,6,2
2026-04-14,300243311,14,2
2026-04-14,265225116,4,3
2026-04-14,300243311,6,0
2026-04-14,237199987,9,4
2026-04-14,300243311,6,1
2026-04-14,802200389,5,3
2026-04-14,300243311,2,1
2026-04-14,502192119,4,1
2026-04-14,264230621,8,4
2026-04-14,300243311,7,3
2026-04-14,300243311,3,0
2026-04-14,829235073,6,2
2026-04-14,300243311,7,3
2026-04-14,300201095,4,1
2026-04-15,207051539,5,2
2026-04-15,834235840,9,6
2026-04-15,260002147,5,0
2026-04-15,834235840,5,3
2026-04-15,834235840,3,2
2026-04-15,300210358,3,1
2026-04-14,251167495,6,1
2026-04-14,834235840,6,3
2026-04-14,834235840,6,3
2026-04-14,253192119,4,2
2026-04-14,300228383,4,1
2026-04-14,834235840,5,5
2026-04-14,810204092,1,0
2026-04-14,834235840,4,0
2026-04-15,515223885,6,2
2026-04-15,246186569,2,1
2026-04-14,265233306,6,3
2026-04-14,515223885,4,1
2026-04-14,806191655,1,1
2026-04-14,515223885,4,1
2026-04-14,515223885,10,4
2026-04-14,216168435,4,1
2026-04-14,826226753,2,1
2026-04-14,515223885,3,0
2026-04-14,515223885,3,1
2026-04-14,231193080,0,0
2026-04-13,515223885,6,3
2026-04-13,242192119,6,2
2026-04-13,515223885,4,2
2026-04-13,513203841,3,1
2026-04-13,515223885,4,1
2026-04-13,300194404,1,1
2026-04-14,828192119,4,1
2026-04-14,256167495,2,2
2026-04-14,256167495,4,2
2026-04-14,851230872,7,1
2026-04-14,300167495,4,2
2026-04-14,237212831,7,1
2026-04-14,283167495,7,3
2026-04-14,237212831,4,1
2026-04-14,237212831,6,3
2026-04-14,280206585,6,3
2026-04-14,206215316,3,2
2026-04-14,324073239,9,6
2026-04-14,853212432,4,1
2026-04-14,324073239,6,2
2026-04-14,300192448,3,0
2026-04-14,324073239,4,0
2026-04-14,265225116,5,2
2026-04-14,324073239,4,2
2026-04-13,251167948,3,1
2026-04-13,324073239,5,1
2026-04-13,283230869,4,2
2026-04-13,324073239,4,1
2026-04-14,274192119,2,2
2026-04-14,206177683,4,4
2026-04-14,283167495,5,3
2026-04-14,206177683,6,2
2026-04-14,206177683,4,1
2026-04-14,291262621,7,5
2026-04-13,270233934,1,0
2026-04-13,206177683,5,1
2026-04-13,256051539,3,1
2026-04-13,206177683,4,2
2026-04-13,322177644,4,1
2026-04-13,206177683,7,3
2026-04-13,828212831,5,1
2026-04-13,206177683,5,2
2026-04-13,300277669,7,5
2026-04-13,206177683,4,1
2026-04-13,206210257,5,1
2026-04-13,206177683,1,0
2026-04-15,818167495,3,2
2026-04-15,802163587,3,1
2026-04-15,818167495,5,2
2026-04-15,283186153,1,1
2026-04-15,829235073,2,2
2026-04-15,818167495,3,0
2026-04-14,834190941,2,2
2026-04-14,834177683,4,0
2026-03-29,852001179,5,3
2026-03-29,206177683,4,1
2026-03-29,265234102,6,1
2026-03-29,291262621,4,1
2026-03-29,834190941,3,3
2026-03-29,253167495,6,4
2026-03-29,834190941,1,0
2026-03-29,300215698,3,2
2026-03-29,834190941,1,1
2026-03-29,280230621,1,0
2026-03-29,852001179,5,1
2026-03-29,206200389,2,1
2026-03-29,265234102,3,1
2026-03-29,828209981,3,1
2026-03-29,834190941,4,1
2026-03-29,291220901,7,4
2026-04-15,256199987,4,2
2026-04-15,206024630,5,1
2026-04-15,256199987,2,0
2026-04-15,834190941,1,0
2026-04-15,256199987,3,0
2026-04-15,206188943,1,1
2026-04-15,256199987,4,0
2026-04-15,214190053,4,1
2026-04-14,826202873,5,2
2026-04-14,256199987,7,4
2026-04-14,201051539,4,3
2026-04-14,256199987,3,1
2026-04-14,256199987,4,1
2026-04-14,836005479,5,2
2026-04-14,256199987,8,5
2026-04-14,251001179,4,0
2026-04-14,237212831,6,3
2026-04-14,256199987,2,0
2026-04-15,300199987,7,5
2026-04-15,284216065,8,8
2026-04-15,214051539,5,0
2026-04-15,284216065,5,2
2026-04-15,217212831,7,2
2026-04-15,284216065,4,2
2026-04-15,216192448,10,8
2026-04-15,284216065,4,1
2026-04-15,300192119,6,3
2026-04-15,284216065,4,2
2026-04-15,265233306,5,1
2026-04-15,284216065,11,6
2026-04-15,206199987,7,3
2026-04-15,284216065,6,5
2026-04-15,206024630,4,0
2026-04-15,284216065,0,0
2026-04-15,206203042,6,2
2026-04-15,300234102,5,2
2026-04-15,802167948,7,4
2026-04-15,300234102,4,4
2026-04-15,270221087,6,3
2026-04-15,300234102,7,4
2026-04-15,300192119,5,2
2026-04-15,300234102,4,1
2026-04-15,300263887,3,2
2026-04-15,300234102,6,2
2026-04-15,206024630,3,1
2026-04-15,300234102,3,2
2026-04-15,300234102,8,5
2026-04-15,300234102,1,1
2026-04-15,300220901,5,1
2026-04-15,300234102,2,1
2026-04-15,300251752,4,1
2026-04-15,300234102,0,0
2026-04-15,206200389,5,2
2026-04-15,300234102,1,0
2026-04-14,834212831,8,4
2026-04-14,851204935,5,1
2026-04-14,851204935,8,3
2026-04-14,845233267,7,4
2026-04-14,851204935,7,4
2026-04-14,234150724,6,3
2026-04-14,283192448,2,0
2026-04-14,851204935,3,2
2026-04-13,851204935,3,0
2026-04-13,207193080,0,0
2026-04-13,265233306,4,3
2026-04-13,851204935,8,4
2026-04-13,851204935,2,1
2026-04-13,291262621,0,0
2026-04-13,851204935,4,3
2026-04-13,265233306,7,2
2026-04-13,300215363,1,0
2026-04-13,851204935,5,1
2026-04-15,280230621,7,4
2026-04-15,206193080,4,1
2026-04-15,206193080,6,2
2026-04-15,300259532,4,1
2026-04-15,206193080,2,1
2026-04-15,206200389,9,5
2026-04-15,217203042,5,2
2026-04-15,511203841,7,2
2026-04-15,300192119,5,1
2026-04-15,206193080,7,5
2026-04-15,231024630,6,1
2026-04-15,206193080,5,1
2026-04-15,256199987,4,2
2026-04-15,253192119,5,2
2026-04-15,256199987,9,7
2026-04-15,806212432,2,1
2026-04-15,251150724,4,1
2026-04-15,289192119,4,1
2026-04-15,251150724,5,1
2026-04-15,324024630,5,2
2026-04-15,214192119,4,3
2026-04-15,251150724,8,2
2026-04-15,270233267,4,0
2026-04-15,251150724,7,4
2026-04-15,251150724,4,2
2026-04-15,217178005,4,0
2026-04-15,251150724,2,0
2026-04-15,828202811,7,4
2026-04-07,251150724,5,2
2026-04-07,264190941,1,0
2026-04-07,251150724,6,1
2026-04-07,804263063,7,3
2026-04-07,251150724,3,2
2026-04-07,206212831,5,0
2026-04-15,856259532,6,4
2026-04-15,300192119,3,2
2026-04-15,856259532,4,2
2026-04-15,206206585,4,3
2026-04-14,856259532,7,5
2026-04-14,827051539,5,2
2026-04-14,856259532,3,0
2026-04-14,206200389,6,0
2026-04-14,856259532,4,1
2026-04-14,206024630,4,2
2026-04-14,856259532,5,1
2026-04-14,251186153,4,0
2026-04-14,856259532,5,2
2026-04-14,206208104,2,1
2026-04-14,856259532,9,5
2026-04-14,851204935,6,3
2026-04-14,856259532,5,3
2026-04-14,206024630,4,3
2026-04-14,802182494,4,4
2026-04-14,253192119,5,3
2026-04-14,513215698,3,1
2026-04-14,253192119,3,1
2026-04-13,511225116,4,0
2026-04-13,253192119,3,2
2026-04-13,834230621,3,0
2026-04-13,253192119,7,2
2026-04-13,252167495,4,2
2026-04-13,253192119,6,3
2026-04-13,300212831,2,1
2026-04-13,253192119,4,2
2026-04-13,206024630,6,3
2026-04-13,253192119,5,1
2026-04-13,283170597,3,1
2026-04-13,253192119,6,2
2026-04-12,804263063,7,2
2026-04-12,253192119,6,5
2026-04-13,828202811,7,3
2026-04-13,264190941,1,0
2026-04-13,828202811,8,1
2026-04-13,233192119,2,1
2026-04-13,828202811,1,1
2026-04-13,253192119,5,1
2026-04-13,828202811,1,0
2026-04-13,217212831,5,2
2026-04-13,828202811,2,2
2026-04-13,300259532,3,0
2026-04-13,828202811,0,0
2026-04-13,256186153,5,1
2026-04-13,828202811,4,1
2026-04-13,501230621,5,1
2026-04-13,828202811,2,1
2026-04-13,234001179,5,1
2026-04-13,828202811,6,1
2026-04-13,256192448,2,1
2026-04-14,851230872,4,1
2026-04-14,252163587,2,1
2026-04-14,300256407,6,0
2026-04-14,252163587,8,4
2026-04-14,252163587,0,0
2026-04-14,234192119,6,0
2026-04-14,517209981,4,1
2026-04-14,252163587,6,4
2026-04-14,242001179,8,5
2026-04-14,252163587,1,0
2026-04-14,206192448,3,1
2026-04-14,252163587,2,0
2026-04-14,252163587,3,3
2026-04-14,234192119,4,1
2026-04-14,300266517,6,3
2026-04-14,252163587,7,3
2026-04-14,851230872,8,4
2026-04-14,252163587,6,1
2026-04-13,300186153,10,3
2026-04-13,252163587,10,3
2026-04-13,513240091,7,2
2026-04-13,324024630,5,1
2026-04-13,513240091,9,3
2026-04-13,827051539,4,2
2026-04-13,513240091,7,3
2026-04-13,804263063,6,1
2026-04-13,513240091,5,1
2026-04-13,324024630,1,0
2026-04-13,513240091,5,4
2026-04-13,834230621,6,3
2026-04-12,513240091,9,3
2026-04-12,834251752,7,2
2026-04-12,300186153,6,3
2026-04-12,513240091,7,3
2026-04-12,513240091,3,1
2026-04-12,834230621,7,4
2026-04-12,513240091,5,2
2026-04-12,802163587,7,5
2026-04-13,300192119,2,0
2026-04-13,206178005,4,2
2026-04-13,246199987,9,3
2026-04-13,206178005,2,0
2026-04-13,206212831,7,2
2026-04-13,206178005,3,1
2026-04-13,517223885,4,2
2026-04-13,206178005,1,1
2026-04-12,513186153,4,2
2026-04-12,206178005,5,2
2026-04-12,206178005,5,4
2026-04-12,256210257,3,1
2026-04-12,270233267,1,0
2026-04-12,206178005,1,0
2026-04-11,265234102,8,6
2026-04-11,206178005,6,4
2026-04-10,206178005,10,4
2026-04-10,207212831,3,0
2026-04-15,268051539,6,4
2026-04-15,840206585,5,2
2026-04-15,829220901,0,0
2026-04-15,840206585,3,0
2026-04-15,840206585,5,3
2026-04-15,848190941,11,5
2026-04-15,300220901,6,3
2026-04-15,840206585,9,3
2026-04-14,300235840,4,1
2026-04-14,256193105,10,5
2026-04-14,300235840,9,4
2026-04-14,264230621,5,2
2026-04-14,513230621,8,3
2026-04-14,300235840,5,1
2026-04-14,300235840,8,6
2026-04-14,265234102,4,3
2026-04-14,206177683,4,0
2026-04-14,300235840,7,1
2026-04-13,300235840,5,4
2026-04-13,251024630,6,3
2026-04-13,284001179,7,4
2026-04-13,300235840,3,1
2026-04-13,300235840,3,1
2026-04-13,840193080,7,2
2026-04-13,300235840,3,0
2026-04-13,300234371,7,3
2026-04-13,300235840,5,3
2026-04-13,265225116,5,2
2026-04-15,828215698,5,2
2026-04-15,289192119,4,0
2026-04-15,828215698,1,1
2026-04-15,280210257,7,3
2026-04-14,828215698,4,3
2026-04-14,270233934,1,1
2026-04-14,828215698,3,0
2026-04-14,251051539,5,0
2026-04-14,828215698,4,3
2026-04-14,300186153,2,0
2026-04-14,828215698,2,2
2026-04-14,300167495,5,2
2026-04-13,300263887,3,0
2026-04-13,828215698,3,2
2026-04-13,218199987,4,2
2026-04-13,828215698,5,3
2026-04-13,300210257,6,2
2026-04-13,828215698,1,0
2026-04-13,828215698,8,4
2026-04-13,300203841,2,0
2026-04-15,291262621,3,0
2026-04-15,848190941,4,1
2026-04-15,291262621,9,4
2026-04-15,814048940,11,7
2026-04-15,256186153,3,1
2026-04-15,836230621,3,0
2026-04-15,256186153,1,1
2026-04-15,256210257,7,3
2026-04-15,256186153,5,1
2026-04-15,828167495,4,1
2026-04-15,834230621,2,0
2026-04-15,256186153,6,4
2026-04-15,252167948,8,4
2026-04-15,256186153,6,1
2026-04-15,256186153,2,1
2026-04-15,206173373,6,2
2026-04-15,256186153,5,1
2026-04-15,237190053,8,2
2026-04-14,300224836,3,1
2026-04-14,256186153,3,1
2026-04-14,256186153,6,5
2026-04-14,829051539,0,0
2026-04-14,256186153,5,5
2026-04-14,825192448,2,0
2026-04-13,251167948,9,5
2026-04-13,856240091,4,2
2026-04-13,265225116,5,1
2026-04-13,856240091,9,4
2026-04-13,291211738,7,3
2026-04-13,856240091,3,2
2026-04-13,214167948,4,1
2026-04-13,856240091,4,2
2026-04-13,802048940,3,0
2026-04-13,856240091,5,2
2026-04-13,828215698,5,1
2026-04-13,856240091,6,2
2026-04-13,216167495,5,3
2026-04-13,856240091,5,2
2026-04-12,834246139,6,3
2026-04-12,856240091,1,1
2026-04-12,802051539,4,3
2026-04-12,856240091,3,2
2026-04-12,300192119,7,4
2026-04-12,265233306,7,5
2026-04-12,265233306,6,6
2026-04-12,844193080,6,2
2026-04-11,265186153,4,2
2026-04-11,265233306,7,6
2026-04-11,265233306,3,1
2026-04-11,829001179,2,0
2026-04-11,265233306,6,2
2026-04-11,283212151,11,3
2026-04-11,265233306,8,4
2026-04-11,231024630,13,9
2026-04-11,206167948,4,2
2026-04-11,265233306,8,1
2026-04-11,265233306,1,1
2026-04-11,289192119,4,1
2026-04-10,274192119,4,2
2026-04-10,265233306,6,3
2026-04-15,300186153,1,1
2026-04-15,268051539,3,0
2026-04-15,268051539,8,5
2026-04-15,834220901,6,2
2026-04-15,268051539,7,6
2026-04-15,810225116,3,2
2026-04-15,268051539,3,2
2026-04-15,251051539,5,1
2026-04-15,268051539,4,2
2026-04-15,517202811,8,4
2026-04-15,268051539,3,2
2026-04-15,237210257,4,2
2026-04-15,206177683,4,1
2026-04-15,300194404,0,0
2026-04-15,214192119,3,1
2026-04-15,300194404,9,7
2026-04-15,300194404,3,3
2026-04-15,256210257,6,4
2026-04-15,300194404,4,0
2026-04-15,260213951,8,1
2026-04-15,300243675,2,0
2026-04-15,300194404,10,6
2026-04-15,300194404,4,0
2026-04-15,513235073,7,2
2026-04-13,300194404,5,1
2026-04-13,251051539,4,1
2026-04-15,253192119,3,1
2026-04-15,101051539,5,1
2026-04-15,206024630,5,1
2026-04-15,101051539,2,1
2026-04-15,101051539,3,1
2026-04-15,300192448,2,0
2026-04-15,101051539,5,3
2026-04-15,300228789,5,2
2026-04-15,825210257,3,1
2026-04-15,101051539,3,2
2026-04-15,206206585,3,0
2026-04-15,101051539,3,1
2026-04-15,265234102,9,2
2026-04-15,101051539,2,0
2026-04-14,206024630,0,0
2026-04-14,101051539,5,2
2026-04-14,829235073,5,2
2026-04-14,101051539,5,3
2026-04-15,805252662,11,5
2026-04-15,265233306,9,3
2026-04-15,852186153,3,2
2026-04-15,300193336,1,1
2026-04-15,283211101,3,1
2026-04-15,300193336,7,4
2026-04-15,264190941,8,2
2026-04-15,300193336,7,2
2026-04-15,300193336,3,2
2026-04-15,300263063,5,1
2026-04-15,300193336,4,3
2026-04-15,246188943,6,3
2026-04-15,283230621,8,4
2026-04-15,300193336,2,1
2026-04-15,845199005,3,1
2026-04-15,300193336,2,1
2026-04-15,300207998,10,4
2026-04-15,300193336,3,0
2026-04-15,802048940,5,3
2026-04-15,300193336,3,1
2026-04-15,214192119,6,1
2026-04-15,300167495,7,4
2026-04-14,214192119,4,0
2026-04-14,242210257,4,2
2026-04-14,214192119,4,2
2026-04-14,834200389,3,1
2026-04-14,214192119,5,3
2026-04-14,256199987,3,0
2026-04-14,233192119,5,3
2026-04-14,214192119,7,2
2026-04-14,214192119,1,0
2026-04-14,234190053,4,0
2026-04-14,214192119,6,4
2026-04-14,300177683,6,4
2026-04-14,300167495,4,0
2026-04-14,214192119,7,4
2026-04-15,206024630,3,2
2026-04-15,284216065,5,4
2026-04-15,284216065,1,0
2026-04-15,834210257,5,2
2026-04-15,300192119,5,1
2026-04-15,284216065,3,2
2026-04-15,284216065,2,1
2026-04-15,207167495,4,2
2026-04-15,284216065,4,2
2026-04-15,283170597,6,3
2026-04-15,256177644,6,3
2026-04-15,284216065,4,2
2026-04-15,300206075,2,1
2026-04-15,284216065,6,1
2026-04-15,217203042,1,1
2026-04-15,284216065,1,0
2026-04-15,284216065,4,1
2026-04-15,231024630,3,0
2026-04-14,855200389,2,0
2026-04-14,283170597,0,0
2026-04-14,840214979,4,3
2026-04-14,834212831,3,0
2026-04-14,256210257,4,0
2026-04-14,855200389,1,0
2026-04-14,265225116,4,3
2026-04-14,855200389,2,1
2026-04-14,506001179,1,0
2026-04-14,855200389,5,1
2026-04-14,828192119,6,0
2026-04-14,840214979,2,1
2026-04-13,289192119,3,1
2026-04-13,855200389,5,5
2026-04-13,855200389,4,3
2026-04-13,217210257,5,2
2026-04-13,840214979,3,0
2026-04-13,830210941,8,3
2026-04-15,804262621,1,0
2026-04-15,324024630,6,1
2026-04-15,300259532,6,3
2026-04-15,324024630,8,4
2026-04-15,826204935,1,0
2026-04-15,324024630,6,1
2026-04-15,300263887,7,2
2026-04-15,324024630,9,5
2026-04-15,246173373,7,1
2026-04-15,324024630,5,0
2026-04-15,256167495,3,3
2026-04-15,324024630,9,4
2026-04-15,216192448,5,2
2026-04-15,324024630,9,4
2026-04-15,852223885,9,6
2026-04-15,324024630,3,2
2026-04-15,836005479,5,3
2026-04-15,324024630,5,2
2026-04-15,201051539,4,1
2026-04-15,206177683,9,5
2026-04-15,829192448,4,2
2026-04-15,201051539,4,1
2026-04-15,260186569,6,4
2026-04-15,201051539,0,0
2026-04-15,829192119,9,5
2026-04-15,201051539,1,1
2026-04-15,851220901,4,1
2026-04-15,201051539,5,1
2026-04-15,834192119,0,0
2026-04-15,201051539,5,2
2026-04-15,201051539,7,2
2026-04-15,268005479,3,1
2026-04-15,828200389,6,2
2026-04-15,201051539,8,2
2026-04-15,265225116,5,2
2026-04-15,201051539,6,4
2026-04-14,101000488,2,1
2026-04-14,234167495,6,0
2026-04-14,515192563,2,1
2026-04-14,101000488,8,4
2026-04-14,101000488,8,4
2026-04-14,300200389,0,0
2026-04-14,284001179,11,9
2026-04-14,101000488,4,2
2026-04-15,324024630,4,0
2026-04-15,300259532,8,4
2026-04-15,851230872,1,0
2026-04-15,324024630,3,1
2026-04-15,324024630,3,1
2026-04-15,829167495,5,2
2026-04-15,324024630,10,6
2026-04-15,256051539,0,0
2026-04-15,217212831,5,2
2026-04-15,324024630,5,1
2026-04-15,324024630,4,3
2026-04-15,291211738,10,0
2026-04-15,324024630,3,1
2026-04-15,283224251,4,1
2026-04-15,324024630,3,1
2026-04-15,214150724,5,0
2026-04-14,300233164,8,4
2026-04-14,324024630,1,1
2026-04-15,802163587,6,1
2026-04-15,246199987,5,2
2026-04-15,517220901,3,0
2026-04-15,246199987,4,2
2026-04-15,846212831,7,5
2026-04-15,246199987,4,1
2026-04-15,508224003,7,2
2026-04-15,246199987,4,1
2026-04-15,246199987,7,3
2026-04-15,852186153,7,2
2026-04-15,265233306,6,2
2026-04-15,246199987,5,2
2026-04-15,256167495,5,4
2026-04-15,246199987,5,1
2026-04-15,300192448,9,1
2026-04-15,246199987,4,0
2026-04-14,214024630,4,1
2026-04-14,827051539,5,2
2026-04-14,827051539,9,6
2026-04-14,214212831,3,1
2026-04-14,827051539,7,5
2026-04-14,270233934,2,1
2026-04-14,802163587,4,2
2026-04-14,827051539,5,3
2026-04-14,853212432,4,1
2026-04-14,827051539,6,5
2026-04-14,827051539,8,6
2026-04-14,253230869,3,2
2026-04-13,827051539,3,2
2026-04-13,818167495,0,0
2026-04-13,246186569,3,2
2026-04-13,827051539,2,1
2026-04-13,827051539,3,2
2026-04-13,828212831,5,4
2026-04-13,827051539,4,3
2026-04-13,201167948,3,0
2026-04-14,828215698,1,0
2026-04-14,289051539,17,5
2026-04-14,216200389,3,1
2026-04-14,289051539,8,3
2026-04-14,289051539,9,3
2026-04-14,825192119,1,0
2026-04-14,289051539,8,4
2026-04-14,806212432,7,4
2026-04-13,840188943,5,2
2026-04-13,289051539,5,5
2026-04-13,206186153,4,2
2026-04-13,289051539,12,5
2026-04-13,201051539,5,0
2026-04-13,289051539,3,0
2026-04-11,289051539,3,1
2026-04-11,283230869,6,3
2026-04-11,517200389,5,1
2026-04-11,289051539,5,3
2026-04-15,256167495,3,0
2026-04-15,300259532,12,8
2026-04-15,300259532,1,1
2026-04-15,217212831,4,0
2026-04-13,251001179,5,5
2026-04-13,216192448,2,0
2026-04-13,216192448,3,0
2026-04-13,834192119,10,5
2026-04-13,828202811,7,5
2026-04-13,216192448,5,1
2026-04-13,216192448,1,0
2026-04-13,853212432,0,0
2026-04-13,216192448,1,0
2026-04-13,300228789,5,0
2026-04-13,300167495,6,1
2026-04-13,216192448,2,1
2026-04-13,283230869,5,1
2026-04-13,216192448,8,6
2026-04-13,856203841,5,3
2026-04-13,216192448,4,0
2026-04-13,256186153,5,1
2026-04-13,216192448,1,1
2026-04-15,233192119,6,4
2026-04-15,268005479,8,2
2026-04-15,233192119,7,3
2026-04-15,256199987,7,4
2026-04-15,856240091,3,0
2026-04-15,233192119,3,0
2026-04-14,300186153,6,3
2026-04-14,233192119,5,2
2026-04-14,233192119,4,2
2026-04-14,517227127,7,3
2026-04-14,233192119,7,2
2026-04-14,201193080,4,0
2026-04-14,233192119,9,1
2026-04-14,300167495,5,2
2026-04-14,206177683,9,1
2026-04-14,233192119,3,0
2026-04-14,233192119,4,4
2026-04-14,233192119,6,4
2026-04-15,501230621,1,0
2026-04-15,252167948,8,4
2026-04-15,501230621,4,3
2026-04-15,289051539,4,2
2026-04-15,501230621,1,1
2026-04-15,845233267,4,1
2026-04-15,501230621,1,1
2026-04-15,300228413,8,3
2026-04-15,501230621,6,1
2026-04-15,852186153,6,1
2026-04-15,501230621,7,4
2026-04-15,283211101,6,4
2026-04-15,207000001,4,2
2026-04-15,501230621,3,1
2026-04-15,501230621,5,1
2026-04-15,289167948,4,2
2026-04-15,802182494,0,0
2026-04-15,501230621,12,9
2026-04-15,501230621,6,2
2026-04-15,251192119,3,2
2026-04-14,828192448,5,0
2026-04-14,834215698,14,6
2026-04-14,234051539,11,0
2026-04-14,828192448,2,2
2026-04-14,828192448,5,1
2026-04-14,251051539,3,1
2026-04-14,828192448,2,1
2026-04-14,846193080,4,1
2026-04-14,828192448,3,2
2026-04-14,300214680,3,0
2026-04-14,828192448,8,4
2026-04-14,289051539,3,2
2026-04-13,828192448,3,2
2026-04-13,802200389,13,6
2026-04-13,300212831,1,0
2026-04-13,828192448,6,2
2026-04-13,828192448,1,1
2026-04-13,828202811,6,2
2026-04-14,233192119,4,1
2026-04-14,270233934,3,2
2026-04-14,233192119,1,1
2026-04-14,233192119,6,1
2026-04-14,233192119,2,1
2026-04-14,270233934,6,4
2026-04-14,233192119,5,1
2026-04-14,829235073,6,3
2026-04-14,233192119,10,3
2026-04-14,826200389,3,2
2026-04-13,280210257,4,1
2026-04-13,253192119,5,3
2026-04-14,300202811,8,4
2026-04-14,206200389,7,3
2026-04-14,206200389,6,2
2026-04-14,845233267,7,5
2026-04-14,828215698,11,5
2026-04-14,206200389,8,5
2026-04-10,324024630,6,4
2026-04-10,206200389,6,1
2026-04-09,206200389,4,3
2026-04-09,270233267,5,1
2026-04-09,206163587,6,0
2026-04-09,206200389,4,2
2026-04-08,517167495,2,0
2026-04-08,206200389,5,5
2026-04-08,246190778,2,1
2026-04-08,206200389,3,0
2026-04-15,280212831,4,2
2026-04-15,206005479,5,2
2026-04-15,252051539,6,2
2026-04-15,206005479,3,1
2026-04-15,206005479,3,0
2026-04-15,251150724,2,2
2026-04-15,856203841,5,2
2026-04-15,206005479,2,1
2026-04-14,206005479,4,2
2026-04-14,265225116,6,1
2026-04-14,206005479,6,0
2026-04-14,246199987,2,0
2026-04-14,848051539,5,0
2026-04-14,206005479,1,1
2026-04-14,206005479,5,2
2026-04-14,844259532,4,1
2026-04-14,251178005,0,0
2026-04-14,206005479,4,2
2026-04-14,206024630,5,3
2026-04-14,324208104,7,2
2026-04-14,206024630,5,2
2026-04-14,828215698,8,7
2026-04-14,206024630,4,2
2026-04-14,253192119,7,4
2026-04-14,206024630,1,0
2026-04-14,300199987,7,4
2026-04-14,206024630,4,1
2026-04-14,828209981,4,1
2026-04-14,206024630,10,4
2026-04-14,300206585,4,1
2026-04-14,206024630,3,0
2026-04-14,825210257,6,4
2026-04-14,206024630,2,2
2026-04-14,270233934,5,1
2026-04-14,206024630,1,0
2026-04-14,300234102,7,5
2026-04-14,101001179,7,3
2026-04-14,237210257,5,1
2026-04-14,101001179,4,2
2026-04-14,828200389,1,0
2026-04-14,256199987,4,3
2026-04-14,101001179,3,0
2026-04-14,101001179,0,0
2026-04-14,277238570,1,0
2026-04-14,324024630,3,1
2026-04-14,825234642,5,2
2026-04-14,834230621,5,3
2026-04-14,825234642,4,1
2026-04-14,825234642,7,3
2026-04-14,834210257,6,2
2026-04-14,825234642,11,6
2026-04-14,283230621,5,1
2026-04-14,825234642,6,3
2026-04-14,300192119,5,1
2026-04-14,825234642,3,1
2026-04-14,264230621,3,2
2026-04-14,206024630,3,1
2026-04-14,825234642,8,7
2026-04-14,825234642,7,4
2026-04-14,300263063,5,1
2026-04-14,825234642,3,1
2026-04-14,848225116,7,4
2026-04-15,206024630,2,1
2026-04-15,206177683,4,0
2026-04-15,206024630,3,0
2026-04-15,291220901,1,1
2026-04-15,206024630,6,2
2026-04-15,206024630,4,1
2026-04-15,206024630,0,0
2026-04-15,284216065,4,1
2026-04-15,206024630,5,3
2026-04-15,237210257,9,5
2026-04-15,206024630,4,3
2026-04-15,829235073,3,0
2026-04-15,206024630,11,8
2026-04-15,810246139,2,1
2026-04-15,206024630,11,8
2026-04-15,836230621,3,2
2026-04-14,206024630,5,2
2026-04-14,206024630,3,2
2026-04-14,206024630,3,1
2026-04-14,284001179,2,1
2026-04-14,300203841,4,2
2026-04-14,517233306,7,2
2026-04-14,517233306,3,1
2026-04-14,846193080,0,0
2026-04-14,517233306,4,1
2026-04-14,206193080,5,0
2026-04-13,251051539,5,4
2026-04-13,517233306,3,2
2026-04-13,256210257,2,0
2026-04-13,517233306,3,2
2026-04-13,853212432,5,1
2026-04-13,517233306,6,0
2026-04-15,283224251,3,1
2026-04-15,251002147,7,2
2026-04-14,283224251,1,0
2026-04-14,829235073,4,1
2026-04-14,283224251,4,2
2026-04-14,829199987,7,4
2026-04-14,101000488,8,3
2026-04-14,283224251,6,3
2026-04-14,834230621,4,1
2026-04-14,283224251,1,1
2026-04-15,206212831,6,3
2026-04-15,300192119,5,5
2026-04-15,206215316,4,2
2026-04-15,300192119,5,2
2026-04-15,300192119,4,1
2026-04-15,828212831,2,2
2026-04-15,300192119,4,1
2026-04-15,834230621,5,3
2026-04-15,237210257,4,1
2026-04-15,300192119,6,3
2026-04-15,515212831,5,2
2026-04-15,300192119,4,1
2026-04-15,300192119,4,1
2026-04-15,517200389,5,4
2026-04-15,300192119,4,0
2026-04-15,300186153,1,1
2026-04-14,300192119,3,1
2026-04-14,291220901,3,0
2026-04-14,206206585,5,2
2026-04-14,291262621,2,0
2026-04-14,300235840,6,3
2026-04-14,206206585,2,0
2026-04-14,206206585,2,0
2026-04-14,834220901,4,2
2026-04-14,206206585,3,0
2026-04-14,829204883,2,0
2026-04-14,206206585,1,1
2026-04-14,216192448,7,2
2026-04-14,324024630,3,2
2026-04-14,206206585,7,3
2026-04-14,300167948,2,1
2026-04-14,206206585,5,3
2026-04-14,836001179,3,1
2026-04-14,206206585,4,1
2026-04-14,206206585,3,3
2026-04-14,300186569,3,1
2026-04-15,828215698,5,4
2026-04-15,217212831,6,2
2026-04-15,845233267,4,1
2026-04-15,828215698,7,3
2026-04-15,853232065,1,0
2026-04-15,828215698,2,2
2026-04-14,828202811,6,3
2026-04-14,206193080,4,2
2026-04-14,828202811,3,1
2026-04-14,206024630,0,0
2026-04-14,828202811,6,3
2026-04-14,246186569,9,5
2026-04-14,300233267,6,2
2026-04-14,828202811,3,2
2026-04-14,828202811,7,4
2026-04-14,237210257,8,2
2026-04-14,828202811,8,5
2026-04-14,810235073,1,0
2026-04-14,280206585,7,4
2026-04-14,828202811,2,1
2026-04-14,828202811,0,0
2026-04-14,806212432,8,3
2026-04-15,289005479,4,1
2026-04-15,206024630,5,1
2026-04-15,289005479,10,5
2026-04-15,254048940,2,1
2026-04-15,289005479,5,3
2026-04-15,324024630,4,1
2026-04-15,517224987,4,2
2026-04-15,289005479,0,0
2026-04-15,231024630,2,2
2026-04-15,289005479,8,6
2026-04-15,289005479,8,4
2026-04-15,206200389,5,2
2026-04-15,289005479,2,1
2026-04-15,834252154,3,0
2026-04-15,856203841,8,6
2026-04-15,289005479,7,2
2026-04-15,289005479,5,3
2026-04-15,503234102,4,1
2026-04-14,300263880,6,1
2026-04-14,851204935,4,1
2026-04-14,300219836,6,1
2026-04-14,851204935,2,2
2026-04-14,834210257,6,2
2026-04-14,851204935,0,0
2026-04-14,206210257,0,0
2026-04-14,851204935,2,0
2026-04-14,851204935,3,0
2026-04-14,206177683,9,3
2026-04-14,206212831,10,4
2026-04-14,851204935,5,2
2026-04-14,300192448,5,4
2026-04-14,851204935,6,2
2026-04-14,851204935,0,0
2026-04-14,852198009,2,0
2026-04-14,246186569,5,2
2026-04-14,851204935,2,1
2026-04-15,252051539,3,2
2026-04-15,265234102,3,2
2026-04-14,300230621,2,1
2026-04-14,252051539,6,4
2026-04-14,252051539,4,2
2026-04-14,802167495,5,2
2026-04-14,234199987,7,5
2026-04-14,252051539,4,1
2026-04-14,252051539,5,4
2026-04-14,517230872,5,4
2026-04-14,265192119,6,3
2026-04-14,252051539,5,1
2026-04-14,252051539,1,1
2026-04-14,283167495,5,0
2026-04-14,246199987,5,0
2026-04-14,252051539,7,3
2026-04-14,517204935,3,1
2026-04-14,834167495,4,1
2026-04-14,517204935,2,1
2026-04-14,834230621,5,1
2026-04-14,517204935,2,2
2026-04-14,804262621,5,2
2026-04-14,517204935,2,1
2026-04-14,216230621,1,1
2026-04-14,517204935,2,0
2026-04-14,207051539,5,2
2026-04-14,517204935,5,4
2026-04-14,217203042,1,1
2026-04-14,517204935,4,1
2026-04-14,280230621,3,0
2026-04-14,517204935,7,2
2026-04-14,291262621,2,1
2026-04-14,270234577,0,0
2026-04-14,517204935,7,3
2026-04-14,300190941,3,2
2026-04-14,836230621,5,0
2026-04-14,300190941,2,1
2026-04-14,216230621,4,0
2026-04-14,300190941,6,2
2026-04-14,237199987,6,3
2026-04-14,265192119,1,0
2026-04-14,513235073,5,2
2026-04-14,513235073,4,2
2026-04-14,206024630,2,1
2026-04-14,513235073,2,0
2026-04-14,251192119,5,0
2026-04-14,513235073,0,0
2026-04-14,851220901,2,0
2026-04-14,284001179,1,1
2026-04-14,513235073,5,2
2026-04-14,291220901,3,1
2026-04-14,513235073,1,1
2026-04-14,513235073,2,1
2026-04-14,265234102,7,4
2026-04-13,513235073,2,2
2026-04-13,834167495,6,4
2026-04-13,513235073,3,1
2026-04-13,256186569,4,3
2026-04-14,828230621,4,1
2026-04-14,517259532,5,2
2026-04-14,237199987,11,6
2026-04-14,517259532,5,1
2026-04-14,848252154,8,2
2026-04-14,517259532,10,4
2026-04-14,840242948,5,0
2026-04-14,517259532,1,1
2026-04-14,856240091,6,2
2026-04-14,517259532,6,2
2026-04-14,848190941,6,4
2026-04-14,517259532,6,2
2026-04-14,828212831,5,3
2026-04-14,517259532,2,0
2026-04-13,265233306,6,4
2026-04-13,517259532,6,4
2026-04-13,517259532,9,4
2026-04-13,221192119,7,3
2026-04-13,840215316,2,2
2026-04-13,517259532,3,0
2026-04-14,846193080,5,2
2026-04-14,300192448,7,5
2026-04-14,283186153,6,3
2026-04-14,300192448,3,1
2026-04-14,300192448,4,3
2026-04-14,264230621,7,6
2026-04-14,300192448,6,3
2026-04-14,829235073,2,1
2026-04-14,291220901,7,1
2026-04-14,300192448,7,3
2026-04-14,283192448,2,0
2026-04-14,300192448,3,2
2026-04-14,237210257,3,1
2026-04-14,300192448,5,2
2026-04-14,251051539,6,2
2026-04-14,300192448,1,0
2026-04-13,252048940,5,3
2026-04-13,300192448,4,1
2026-04-13,216192448,3,0
2026-04-13,300192448,6,2
2026-04-15,251048940,5,2
2026-04-15,293212432,8,4
2026-04-15,265233306,4,1
2026-04-15,293212432,1,1
2026-04-15,293212432,5,4
2026-04-15,300192448,6,2
2026-04-14,517259532,5,2
2026-04-14,517200389,10,6
2026-04-14,517200389,7,3
2026-04-14,300243675,4,1
2026-04-14,256186153,4,1
2026-04-14,517200389,7,4
2026-04-14,300262621,4,1
2026-04-14,517200389,9,7
2026-04-14,268005479,6,2
2026-04-14,517200389,5,3
2026-04-14,828192119,4,1
2026-04-14,517200389,5,2
2026-04-13,265186153,5,0
2026-04-13,517200389,9,5
2026-04-13,324208104,6,0
2026-04-13,517200389,3,0
2026-04-13,517200389,9,5
2026-04-13,231176550,6,2
2026-04-12,834230621,5,3
2026-04-12,101005479,5,2
2026-04-12,834230621,3,1
2026-04-12,265234102,5,2
2026-04-11,289190053,5,2
2026-04-11,834230621,4,2
2026-04-11,834230621,5,1
2026-04-11,206200389,1,0
2026-04-10,834230621,5,5
2026-04-10,848225116,5,1
2026-04-09,826204935,7,3
2026-04-09,834230621,5,4
2026-04-06,834230621,0,0
2026-04-06,214051539,5,1
2026-04-06,834230621,4,1
2026-04-06,802167495,2,1
2026-04-06,834230621,9,8
2026-04-06,300192119,3,3
2026-04-14,242194404,2,1
2026-04-14,834212831,5,3
2026-04-14,265186153,5,2
2026-04-14,834212831,4,0
2026-04-14,517230621,6,2
2026-04-14,834212831,3,0
2026-04-14,840215316,8,5
2026-04-14,834212831,4,1
2026-04-14,834212831,7,3
2026-04-14,828212831,13,11
2026-04-14,300242179,6,1
2026-04-14,834212831,0,0
2026-04-14,231168435,11,8
2026-04-14,834212831,5,3
2026-04-13,834212831,4,1
2026-04-13,265233306,6,1
2026-04-13,265234102,3,1
2026-04-13,834212831,4,0
2026-04-14,289051539,6,3
2026-04-14,237212831,6,2
2026-04-14,207190053,8,3
2026-04-14,237212831,6,2
2026-04-13,237192119,6,2
2026-04-13,237212831,8,4
2026-04-13,289192119,6,3
2026-04-13,237212831,6,3
2026-04-13,237210257,3,1
2026-04-13,237212831,8,3
2026-04-13,300186153,2,2
2026-04-13,237212831,6,5
2026-04-13,237212831,0,0
2026-04-13,237212831,7,1
2026-04-13,237212831,5,3
2026-04-13,834220901,5,4
2026-04-13,210230872,5,3
2026-04-13,237212831,8,2
2026-04-14,852186153,1,0
2026-04-14,810235073,4,1
2026-04-14,810235073,2,0
2026-04-14,260213951,2,1
2026-04-14,836001179,8,2
2026-04-14,810235073,11,6
2026-04-14,810235073,4,1
2026-04-14,300192119,4,2
2026-04-14,252002147,4,2
2026-04-14,810235073,4,3
2026-04-14,810235073,5,2
2026-04-14,206024630,3,0
2026-04-14,810235073,3,1
2026-04-14,834212831,1,1
2026-04-14,810235073,6,3
2026-04-14,234167495,4,2
2026-04-12,810235073,7,2
2026-04-12,300192119,4,0
2026-04-15,289051539,5,1
2026-04-15,207051539,3,2
2026-04-15,253168435,5,1
2026-04-15,207051539,8,3
2026-04-15,207167495,5,4
2026-04-15,207051539,5,2
2026-04-15,206188943,3,2
2026-04-15,207051539,5,1
2026-04-15,291211738,9,7
2026-04-15,207051539,4,3
2026-04-14,217212831,11,6
2026-04-14,207051539,3,0
2026-04-14,207051539,1,0
2026-04-14,827051539,7,2
2026-04-14,214192119,6,3
2026-04-14,207051539,3,3
2026-04-14,834212831,0,0
2026-04-14,207051539,7,3
2026-04-14,856228789,7,5
2026-04-14,207051539,5,1
2026-04-12,237212831,5,1
2026-04-12,300215316,5,1
2026-04-12,237212831,9,4
2026-04-12,289051539,4,1
2026-04-12,802048940,4,1
2026-04-12,237212831,6,2
2026-04-12,237212831,3,1
2026-04-12,804263063,3,0
2026-04-12,237212831,8,5
2026-04-12,828212831,2,2
2026-04-12,237212831,3,0
2026-04-12,101238380,6,4
2026-04-12,237212831,4,2
2026-04-12,265192119,5,2
2026-04-12,237212831,11,9
2026-04-12,246186569,4,1
2026-04-12,237212831,7,2
2026-04-12,237210257,2,1
2026-04-13,825212831,3,0
2026-04-13,834212831,1,0
2026-04-13,834212831,4,0
2026-04-13,283230869,2,1
2026-04-12,834212831,4,1
2026-04-12,246173373,4,2
2026-04-11,834212831,4,3
2026-04-11,829235073,2,1
2026-04-10,834212831,2,2
2026-04-10,828215698,4,0
2026-04-10,834212831,5,2
2026-04-10,834220901,9,4
2026-04-09,834212831,6,1
2026-04-09,265233306,1,1
2026-04-13,234167948,5,3
2026-04-13,293212432,4,1
2026-04-13,517209981,4,1
2026-04-13,293212432,4,3
2026-04-13,251051539,0,0
2026-04-13,293212432,0,0
2026-04-12,283230869,10,7
2026-04-12,293212432,4,3
2026-04-12,251192119,4,2
2026-04-12,293212432,5,1
2026-04-12,237193105,5,2
2026-04-12,293212432,4,2
2026-04-12,237199987,13,1
2026-04-12,293212432,2,1
2026-04-12,834192119,3,1
2026-04-12,293212432,6,4
2026-04-12,834192119,9,5
2026-04-12,293212432,4,4
2026-04-15,268005479,4,2
2026-04-15,256005479,2,1
2026-04-15,256005479,5,2
2026-04-15,251051539,8,3
2026-04-14,251167948,10,5
2026-04-14,256005479,3,1
2026-04-12,256005479,3,0
2026-04-12,300193105,7,3
2026-04-12,825210257,7,3
2026-04-12,256005479,3,1
2026-04-12,829001179,3,1
2026-04-12,256005479,0,0
2026-04-15,828212831,7,3
2026-04-15,237001179,4,3
2026-04-15,805221759,8,3
2026-04-15,237001179,8,3
2026-04-15,251024630,5,1
2026-04-15,237001179,9,5
2026-04-15,324024630,2,2
2026-04-15,237001179,4,3
2026-04-15,506193080,6,2
2026-04-15,237001179,11,6
2026-04-15,300199987,8,3
2026-04-15,237001179,4,3
2026-04-15,834192119,6,1
2026-04-15,237001179,8,3
2026-04-15,217212831,6,1
2026-04-15,237001179,5,0
2026-04-15,834235840,4,3
2026-04-15,237001179,2,1
2026-04-15,237210257,2,1
2026-04-15,206177683,3,1
2026-04-15,237210257,3,0
2026-04-15,265233306,4,2
2026-04-14,237210257,5,2
2026-04-14,265192119,6,4
2026-04-14,237210257,3,1
2026-04-14,517202811,7,5
2026-04-14,237210257,4,2
2026-04-14,256199987,2,0
2026-04-14,237210257,6,3
2026-04-14,206167495,3,1
2026-04-14,237210257,6,2
2026-04-14,517202811,0,0
2026-04-14,237210257,8,7
2026-04-14,845234642,7,3
2026-04-14,237210257,2,0
2026-04-14,810230621,2,0
2026-04-14,834230621,3,2
2026-04-14,234001179,5,0
2026-04-13,848190941,2,0
2026-04-13,234001179,4,2
2026-04-13,234001179,3,1
2026-04-13,834220901,4,1
2026-04-13,517240091,2,2
2026-04-13,234001179,4,0
2026-04-13,517185122,2,0
2026-04-13,234001179,4,2
2026-04-12,256210257,1,1
2026-04-12,234001179,4,1
2026-04-12,234001179,6,3
2026-04-12,291262621,7,3
2026-04-12,234001179,4,1
2026-04-12,834220901,4,2
2026-04-12,836230621,2,1
2026-04-12,300243675,3,1
2026-04-15,283230621,2,0
2026-04-15,828200389,1,1
2026-04-15,810233934,8,5
2026-04-15,828200389,6,2
2026-04-15,828192448,3,2
2026-04-15,828200389,5,3
2026-04-15,300219836,6,3
2026-04-15,828200389,6,1
2026-04-15,513192119,5,1
2026-04-15,828200389,6,2
2026-04-14,234051539,8,3
2026-04-14,828200389,7,3
2026-04-14,300212831,7,4
2026-04-14,828200389,5,2
2026-04-14,231168435,6,3
2026-04-14,828200389,5,2
2026-04-10,825051539,4,2
2026-04-10,846193080,2,1
2026-04-14,834251752,4,3
2026-04-14,251048940,6,3
2026-04-14,834251752,4,2
2026-04-14,256210257,6,2
2026-04-14,834251752,5,2
2026-04-14,828212831,6,6
2026-04-14,834251752,3,1
2026-04-14,206024630,1,0
2026-04-14,834251752,0,0
2026-04-14,300167495,3,0
2026-04-14,834251752,3,2
2026-04-14,834230621,4,1
2026-04-14,834251752,5,3
2026-04-14,834212831,4,3
2026-04-14,834251752,3,2
2026-04-14,300192119,5,0
2026-04-14,834251752,5,1
2026-04-14,804262621,7,5
2026-04-14,851230872,3,2
2026-04-14,231167495,5,3
2026-04-14,851230872,2,2
2026-04-14,300219836,2,1
2026-04-14,851230872,4,3
2026-04-14,270233934,3,2
2026-04-14,206024630,8,6
2026-04-14,851230872,5,2
2026-04-14,851230872,4,2
2026-04-14,206177683,4,1
2026-04-14,851230872,3,2
2026-04-14,214186569,4,1
2026-04-14,851230872,6,2
2026-04-14,853212432,3,3
2026-04-07,851230872,2,1
2026-04-07,515212831,5,2
2026-04-07,851230872,6,4
2026-04-07,300073562,0,0
2026-04-14,300167495,4,1
2026-04-14,217177683,4,1
2026-04-14,300167495,3,0
2026-04-14,300215698,3,1
2026-04-14,217210257,5,3
2026-04-14,206186153,4,4
2026-04-14,300212831,8,3
2026-04-14,217210257,4,3
2026-04-14,206167495,11,7
2026-04-14,217210257,10,6
2026-04-14,217210257,8,3
2026-04-14,300212831,3,2
2026-04-14,300233267,4,4
2026-04-14,217210257,7,5
2026-04-14,206203042,6,5
2026-04-14,217210257,6,3
2026-04-14,214150724,2,0
2026-04-14,217210257,2,2
2026-04-13,206203775,8,5
2026-04-13,217210257,4,2
2026-04-13,853232065,2,0
2026-04-13,217210257,7,3
2026-04-14,237165735,0,0
2026-04-14,237192119,8,7
2026-04-14,265233306,5,2
2026-04-14,237192119,5,3
2026-04-14,237192119,6,3
2026-04-14,834235840,5,2
2026-04-14,300259532,10,6
2026-04-14,237192119,5,2
2026-04-14,283170597,9,4
2026-04-14,237192119,4,0
2026-04-14,300230621,5,3
2026-04-14,237192119,4,1
2026-04-14,201167495,5,2
2026-04-14,237192119,5,1
2026-04-14,300192119,6,2
2026-04-14,237192119,4,1
2026-04-13,300233164,5,2
2026-04-13,237192119,9,5
2026-04-14,828192448,5,3
2026-04-14,853233286,4,3
2026-04-15,825210257,5,4
2026-04-15,300246139,5,2
2026-04-15,804250753,7,5
2026-04-15,300246139,4,2
2026-04-15,300246139,6,3
2026-04-15,836167948,1,0
2026-04-15,517190941,6,3
2026-04-15,300246139,10,2
2026-04-15,201192119,10,6
2026-04-15,300246139,7,3
2026-04-15,834190941,5,3
2026-04-15,300246139,5,2
2026-04-14,818167495,2,2
2026-04-14,300177683,6,3
2026-04-13,802167495,8,3
2026-04-13,818167495,2,0
2026-04-13,237210257,6,3
2026-04-13,818167495,6,3
2026-04-13,216167495,5,1
2026-04-13,818167495,4,2
2026-04-13,237051539,5,3
2026-04-13,818167495,4,2
2026-04-13,818167495,4,1
2026-04-13,300211515,0,0
2026-04-15,246199987,6,1
2026-04-15,289051539,8,4
2026-04-15,815220407,8,2
2026-04-15,289051539,5,2
2026-04-15,300219836,3,2
2026-04-15,289051539,10,5
2026-04-15,251186153,0,0
2026-04-15,289051539,8,0
2026-04-15,265234102,4,1
2026-04-15,289051539,9,5
2026-04-15,300263887,3,2
2026-04-15,289051539,9,7
2026-04-15,851204935,7,2
2026-04-15,289051539,8,5
2026-04-15,851210676,4,1
2026-04-15,289051539,4,2
2026-04-15,810235073,7,3
2026-04-15,289051539,5,2
2026-04-15,206193080,4,1
2026-04-15,289051539,8,5
2026-04-12,265225116,4,2
2026-04-12,834215698,1,0
2026-04-12,256199987,4,2
2026-04-12,834215698,3,0
2026-04-12,834215698,7,4
2026-04-12,300186153,4,2
2026-04-12,517215316,5,0
2026-04-12,834215698,2,1
2026-03-28,233192119,4,2
2026-03-28,834215698,1,0
2026-03-28,834215698,3,2
2026-03-28,840188943,11,6
2026-03-28,216192448,5,2
2026-03-28,834215698,2,1
2026-03-28,300235840,7,5
2026-03-28,834215698,5,3
2026-03-28,291262621,3,0
2026-03-28,834215698,4,2
2026-04-14,206177683,11,7
2026-04-14,242243952,4,1
2026-04-14,256168435,6,4
2026-04-14,206177683,4,1
2026-04-14,206177683,4,4
2026-04-14,834190941,6,1
2026-04-14,206177683,8,4
2026-04-14,206177683,7,3
2026-04-14,253167495,7,3
2026-04-14,206177683,5,2
2026-04-13,300228383,4,2
2026-04-13,206177683,6,1
2026-04-13,206177683,7,3
2026-04-13,260210257,7,7
2026-04-13,206177683,8,2
2026-04-13,826226753,7,1
2026-04-13,265233306,8,3
2026-04-13,206177683,4,1
2026-04-13,300243675,8,2
2026-04-13,206177683,2,1
2026-04-12,517215316,8,2
2026-04-12,237212831,3,0
2026-04-12,300263063,11,3
2026-04-12,237212831,5,2
2026-04-12,206024630,5,3
2026-04-12,237212831,3,0
2026-04-12,237212831,7,1
2026-04-12,515240091,4,1
2026-04-06,270221087,3,2
2026-04-06,237212831,3,1
2026-04-06,237212831,1,1
2026-04-06,284179783,3,0
2026-04-06,323186153,5,2
2026-04-06,237212831,3,2
2026-04-06,265234102,6,4
2026-04-06,237212831,4,1
2026-04-06,300177683,5,1
2026-04-06,237212831,5,3
2026-04-06,251167495,5,2
2026-04-06,237212831,6,2
2026-04-15,206177683,6,2
2026-04-15,300200110,1,0
2026-04-15,300203841,10,3
2026-04-15,289182494,8,2
2026-04-15,300230872,4,0
2026-04-15,300203841,9,3
2026-04-15,300203841,7,3
2026-04-15,251167495,7,3
2026-04-15,300203841,3,2
2026-04-15,206024630,2,0
2026-04-15,300203841,4,2
2026-04-15,251192119,3,0
2026-04-14,802167948,6,6
2026-04-14,206203775,4,4
2026-04-14,207051539,5,0
2026-04-14,802167948,4,3
2026-04-14,802167948,10,8
2026-04-14,840188943,2,1
2026-04-14,237212831,4,3
2026-04-14,802167948,3,1
2026-04-14,802167948,1,0
2026-04-14,834230621,4,0
2026-04-13,802167948,2,2
2026-04-13,802182494,5,4
2026-04-13,802167948,4,2
2026-04-13,300167495,4,1
2026-04-13,300212831,3,1
2026-04-13,802167948,4,1
2026-04-13,829235073,3,1
2026-04-13,802167948,7,5
2026-04-15,834252154,2,1
2026-04-15,234182494,9,6
2026-04-15,834252154,5,3
2026-04-15,828192448,7,6
2026-04-15,834252154,2,0
2026-04-15,231024630,3,1
2026-04-15,291262621,3,0
2026-04-15,834252154,4,2
2026-04-15,834252154,6,3
2026-04-15,825051539,5,1
2026-04-15,291220901,3,2
2026-04-15,834252154,6,2
2026-04-15,834192119,0,0
2026-04-15,834252154,4,1
2026-04-15,237210257,5,2
2026-04-15,834252154,3,1
2026-04-15,834202811,3,1
2026-04-15,834252154,4,0
2026-04-15,855220901,9,6
2026-04-15,214005479,3,1
2026-04-15,802167948,21,2
2026-04-15,214005479,0,0
2026-04-15,251186153,3,1
2026-04-15,214005479,7,4
2026-04-15,503233306,2,0
2026-04-15,214005479,2,1
2026-04-15,300189908,5,1
2026-04-15,214005479,6,1
2026-04-15,237212831,4,0
2026-04-15,214005479,5,3
2026-04-14,206005479,1,1
2026-04-14,214005479,2,0
2026-04-14,300228413,11,3
2026-04-14,214005479,1,1
2026-04-14,834202811,1,0
2026-04-14,214005479,9,5
2026-04-14,810220901,5,1
2026-04-14,214005479,3,2
2026-04-14,251167948,2,1
2026-04-14,206177683,5,3
2026-04-14,511233934,4,2
2026-04-14,251167948,5,3
2026-04-14,251167948,7,3
2026-04-14,214005479,6,3
2026-04-11,251167948,5,3
2026-04-11,270233267,8,2
2026-04-11,251167495,7,0
2026-04-11,251167948,3,1
2026-04-10,234051539,3,0
2026-04-10,251167948,3,2
2026-04-06,251167948,7,3
2026-04-06,300230621,5,1
2026-04-06,206024630,3,0
2026-04-06,251167948,1,0
2026-04-06,300192119,8,3
2026-04-06,251167948,3,2
2026-04-14,300228279,3,3
2026-04-14,216230621,7,2
2026-04-14,300228279,6,0
2026-04-14,260239364,9,6
2026-04-14,101001179,6,2
2026-04-14,300228279,10,4
2026-04-14,251186153,2,0
2026-04-14,300228279,8,3
2026-04-14,856228789,8,3
2026-04-14,300228279,12,8
2026-04-14,300228279,2,2
2026-04-14,252048940,6,0
2026-04-13,265233306,6,0
2026-04-13,300228279,6,1
2026-04-13,300192119,4,2
2026-04-13,300228279,6,1
2026-04-13,300228279,7,5
2026-04-13,300270141,7,1
2026-04-13,828215698,6,3
2026-04-13,251192119,9,5
2026-04-13,216192448,7,5
2026-04-13,251192119,6,2
2026-04-13,810235073,4,1
2026-04-13,251192119,4,3
2026-04-12,251192119,5,1
2026-04-12,256186153,2,1
2026-04-12,834192119,7,1
2026-04-12,251192119,6,3
2026-04-12,265233306,5,0
2026-04-12,251192119,7,3
2026-04-12,265225116,8,5
2026-04-12,251192119,5,2
2026-04-12,251048940,7,3
2026-04-12,251192119,5,2
2026-04-12,300200389,3,0
2026-04-12,251192119,7,6
2026-04-15,856228789,6,2
2026-04-15,284216065,6,0
2026-04-15,323168354,0,0
2026-04-15,284216065,4,1
2026-04-15,834230621,7,3
2026-04-15,284216065,4,0
2026-04-15,101000488,6,1
2026-04-15,284216065,3,1
2026-04-15,284216065,7,3
2026-04-15,300177683,5,0
2026-04-15,284216065,8,4
2026-04-15,324024630,3,1
2026-04-15,264230621,7,5
2026-04-15,834192119,7,3
2026-04-15,300192119,4,3
2026-04-15,264230621,4,1
2026-04-15,253167495,2,1
2026-04-15,264230621,4,2
2026-04-15,256051539,3,1
2026-04-15,264190941,4,0
2026-04-15,256051539,5,1
2026-04-15,234051539,3,2
2026-04-15,834190941,4,2
2026-04-15,206192448,7,4
2026-04-14,206192448,5,0
2026-04-14,324024630,2,1
2026-04-14,214192119,5,0
2026-04-14,206192448,6,2
2026-04-14,300167495,4,0
2026-04-14,206192448,7,2
2026-04-14,251051539,6,0
2026-04-14,206192448,7,5
2026-04-14,804262621,6,4
2026-04-14,206192448,2,2
2026-04-14,206024630,9,4
2026-04-14,206192448,13,6
2026-04-12,206024630,4,0
2026-04-12,206192448,5,3
2026-04-12,206192448,10,4
2026-04-12,201193080,5,2
2026-04-15,265225116,3,2
2026-04-15,101190053,7,3
2026-04-15,856251752,11,7
2026-04-15,101190053,6,3
2026-04-15,834230621,2,0
2026-04-15,101190053,7,2
2026-04-15,825051539,8,2
2026-04-15,101190053,6,1
2026-04-15,283167495,2,0
2026-04-15,101190053,6,2
2026-04-15,231167495,7,3
2026-04-15,101190053,6,3
2026-04-15,283192448,4,3
2026-04-15,101190053,5,3
2026-04-15,828212831,3,1
2026-04-15,101190053,10,8
2026-04-15,851220901,4,2
2026-04-15,101190053,6,1
2026-04-15,834230621,8,6
2026-04-15,300224836,3,2
2026-04-15,300224836,3,0
2026-04-15,840242948,2,2
2026-04-15,300224836,4,2
2026-04-15,284179783,3,1
2026-04-14,300224836,5,1
2026-04-14,828230621,5,2
2026-04-14,270193105,0,0
2026-04-14,300224836,7,1
2026-04-14,300224836,4,1
2026-04-14,206024630,3,1
2026-04-14,300224836,2,1
2026-04-14,218215316,2,0
2026-04-14,300262621,3,1
2026-04-14,300224836,2,1
2026-04-14,300224836,2,0
2026-04-14,283186153,5,2
2026-04-15,840226753,4,2
2026-04-15,251192119,4,2
2026-04-15,300192448,6,2
2026-04-15,237051539,5,1
2026-04-15,264230621,5,3
2026-04-15,840226753,1,0
2026-04-15,237051539,8,2
2026-04-15,214001179,5,2
2026-04-13,207212831,5,2
2026-04-13,237051539,6,3
2026-04-13,237051539,4,2
2026-04-13,231024630,12,9
2026-04-13,237051539,1,0
2026-04-13,300224251,6,2
2026-04-13,825051539,6,1
2026-04-13,206203841,4,3
2026-04-13,825051539,8,4
2026-04-13,300192448,7,0
2026-04-14,834230621,6,4
2026-04-14,264230621,7,2
2026-04-13,834230621,4,1
2026-04-13,828192448,1,1
2026-04-13,834230621,4,2
2026-04-13,513203841,5,2
2026-04-06,834230621,5,1
2026-04-06,834192119,8,6
2026-04-06,834230621,3,1
2026-04-06,848190941,8,2
2026-04-06,834230621,3,3
2026-04-06,802167948,8,6
2026-04-06,834230621,5,2
2026-04-06,848212831,6,5
2026-04-06,834230621,4,2
2026-04-06,251001179,5,3
2026-04-06,834230621,5,3
2026-04-06,300243675,9,6
2026-04-15,834192119,6,3
2026-04-15,252190053,5,2
2026-04-15,818167495,7,3
2026-04-15,848225116,4,1
2026-04-15,818167495,4,1
2026-04-15,825048940,6,4
2026-04-15,818167495,8,3
2026-04-15,828192119,5,1
2026-04-15,818167495,9,6
2026-04-15,852186153,7,3
2026-04-15,818167495,2,0
2026-04-15,300192119,6,3
2026-04-15,818167495,3,2
2026-04-15,256210257,5,4
2026-04-14,818167495,2,0
2026-04-14,283230621,5,3
2026-04-14,818167495,11,6
2026-04-14,253192119,4,1
2026-04-14,818167495,6,4
2026-04-14,825051539,1,1
2026-04-14,852204092,10,6
2026-04-14,216170084,8,5
2026-04-14,852204092,9,5
2026-04-14,221212831,5,1
2026-04-13,852204092,3,3
2026-04-13,265233306,9,5
2026-04-13,852204092,6,3
2026-04-13,291220901,4,1
2026-04-13,852204092,5,3
2026-04-13,265186153,1,0
2026-04-13,852204092,4,2
2026-04-13,834220901,6,2
2026-04-13,251051539,6,1
2026-04-13,852204092,6,4
2026-04-13,852204092,4,0
2026-04-13,834192119,7,3
2026-04-13,852204092,12,8
2026-04-13,820240091,2,1
2026-04-14,846202811,4,1
2026-04-14,828226753,4,1
2026-04-14,828226753,4,1
2026-04-14,221211515,9,2
2026-04-14,828226753,4,2
2026-04-14,834220901,2,2
2026-04-13,206192119,7,5
2026-04-13,828226753,4,4
2026-04-13,828226753,8,7
2026-04-13,802051539,2,1
2026-04-13,828226753,4,3
2026-04-13,300192448,3,0
2026-04-13,828226753,4,4
2026-04-13,265233306,7,5
2026-04-13,828226753,9,5
2026-04-13,846193080,7,3
2026-04-13,283167495,11,6
2026-04-13,828226753,3,1
2026-04-15,291227127,7,3
2026-04-15,830212432,3,2
2026-04-15,291227127,7,3
2026-04-15,300233164,6,2
2026-04-15,291227127,3,1
2026-04-15,265192119,3,2
2026-04-13,802167495,11,7
2026-04-13,805212432,1,0
2026-04-13,206203775,6,4
2026-04-13,805212432,6,4
2026-04-12,517215316,6,3
2026-04-12,805212432,7,3
2026-04-12,251167495,4,1
2026-04-12,805212432,6,3
2026-04-12,805212432,2,2
2026-04-12,846193080,7,4
2026-04-12,251051539,5,0
2026-04-12,805212432,3,2
2026-04-15,265234102,5,1
2026-04-15,265192119,4,1
2026-04-15,265234102,2,0
2026-04-15,856192119,4,4
2026-04-15,265234102,2,2
2026-04-15,283170597,2,1
2026-04-15,265234102,3,1
2026-04-15,300192119,5,1
2026-04-14,265234102,2,1
2026-04-14,828212831,6,1
2026-04-15,834230621,4,2
2026-04-15,300207998,9,4
2026-04-15,207210257,5,3
2026-04-15,834230621,4,1
2026-04-15,280215698,5,2
2026-04-15,834230621,4,4
2026-04-15,280215698,6,4
2026-04-15,834230621,1,1
2026-04-15,206024630,4,1
2026-04-15,834230621,0,0
2026-04-14,846212831,4,1
2026-04-14,834230621,3,0
2026-04-14,217203042,6,2
2026-04-14,834230621,4,1
2026-04-14,806212432,7,1
2026-04-14,834230621,3,0
2026-04-14,834230621,6,1
2026-04-14,834230621,6,1
2026-04-15,260243952,8,4
2026-04-15,810235073,4,2
2026-04-15,251192119,4,1
2026-04-15,810235073,6,3
2026-04-15,206177683,2,1
2026-04-15,810235073,4,3
2026-04-15,517185122,1,0
2026-04-15,810235073,6,0
2026-04-14,265233306,3,1
2026-04-14,810235073,6,4
2026-04-15,300200389,1,0
2026-04-15,852223885,5,3
2026-04-15,804262621,4,1
2026-04-15,300200389,5,1
2026-04-15,852186153,6,2
2026-04-15,300200389,6,3
2026-04-15,834230621,4,0
2026-04-15,300200389,1,1
2026-04-15,300243675,2,0
2026-04-15,300200389,4,1
2026-04-15,300167495,5,0
2026-04-15,300200389,1,0
2026-04-15,300200389,7,2
2026-04-15,834220901,7,4
2026-04-15,804262621,7,1
2026-04-15,300200389,5,3
2026-04-15,284179783,4,0
2026-04-15,300200389,3,1
2026-04-14,825210257,4,1
2026-04-14,216192448,7,2
2026-04-14,216192448,3,2
2026-04-14,216192448,4,1
2026-04-14,270234577,7,4
2026-04-14,216192448,5,3
2026-04-14,283230621,2,0
2026-04-14,216192448,8,4
2026-04-14,201192119,3,1
2026-04-14,216192448,4,3
2026-04-14,300243675,4,2
2026-04-14,216192448,1,0
2026-04-14,300212442,6,3
2026-04-14,216192448,4,2
2026-04-14,216192448,5,1
2026-04-14,828200389,2,2
2026-04-14,216192448,8,3
2026-04-14,265233306,5,0
2026-04-14,834240913,9,5
2026-04-14,216192448,6,2
2026-04-15,300193080,4,2
2026-04-15,234173373,3,2
2026-04-15,517254803,6,3
2026-04-15,234173373,7,4
2026-04-15,828192119,1,0
2026-04-15,234173373,7,3
2026-04-15,221189342,6,2
2026-04-15,234173373,6,3
2026-04-14,834242948,6,3
2026-04-14,234173373,5,3
2026-04-14,234173373,5,2
2026-04-14,300240913,9,7
2026-04-14,300246139,6,3
2026-04-14,234173373,3,2
2026-04-14,234173373,6,5
2026-04-14,848167948,7,4
2026-04-14,834235840,5,1
2026-04-14,234173373,1,0
2026-04-14,237199987,9,7
2026-04-14,283186153,5,3
2026-04-14,237199987,7,4
2026-04-14,201192119,6,4
2026-04-14,515228413,3,0
2026-04-14,237199987,5,2
2026-04-14,237199987,2,0
2026-04-14,840215316,4,1
2026-04-14,210193080,5,1
2026-04-14,237199987,6,1
2026-04-14,237199987,5,3
2026-04-14,256186569,4,0
2026-04-14,237199987,7,4
2026-04-14,206024630,2,0
2026-04-13,237199987,0,0
2026-04-13,300259532,1,0
2026-04-13,237210257,1,0
2026-04-13,237199987,4,2
2026-04-15,214192119,0,0
2026-04-15,300192448,6,2
2026-04-15,216192448,10,4
2026-04-15,300192448,7,5
2026-04-15,851204935,4,3
2026-04-15,300192448,2,0
2026-04-15,217203042,4,2
2026-04-15,300192448,2,0
2026-04-15,237192119,5,3
2026-04-15,300192448,3,2
2026-04-15,252051539,7,3
2026-04-15,300192448,5,3
2026-04-15,836230621,7,3
2026-04-15,300192448,5,1
2026-04-15,856228789,1,0
2026-04-15,300192448,5,2
2026-04-15,300212831,3,1
2026-04-15,300192448,6,4
2026-04-15,844224836,6,5
2026-04-15,251178005,3,1
2026-04-15,251178005,5,3
2026-04-15,828192119,4,2
2026-04-15,251178005,7,2
2026-04-15,825212831,6,2
2026-04-15,851220901,4,1
2026-04-15,845233267,0,0
2026-04-15,851220901,2,2
2026-04-15,247191924,3,0
2026-04-15,851220901,5,1
2026-04-15,804262621,2,1
2026-04-13,231024630,1,0
2026-04-13,851220901,5,2
2026-04-13,851220901,6,4
2026-04-13,280215698,2,2
2026-04-12,851220901,2,1
2026-04-12,206024630,4,3
2026-04-12,851220901,3,0
2026-04-12,517223885,1,1
2026-04-11,851220901,5,3
2026-04-11,300254803,10,5
2026-04-11,851220901,3,0
2026-04-11,280230621,3,1
2026-04-11,251002147,2,0
2026-04-11,851220901,4,1
2026-04-13,300167495,1,0
2026-04-13,265234102,5,1
2026-04-13,206203775,4,2
2026-04-13,265234102,4,3
2026-04-13,324024630,3,1
2026-04-13,265234102,3,2
2026-04-13,233192119,2,1
2026-04-13,265234102,4,0
2026-04-13,246199987,4,4
2026-04-13,265234102,7,4
2026-04-13,300186153,5,2
2026-04-13,265234102,6,3
2026-04-13,300194404,2,1
2026-04-13,265234102,5,2
2026-04-13,300192119,5,2
2026-04-13,265234102,11,8
2026-04-13,214024630,7,3
2026-04-13,265234102,4,1
2026-04-13,300212831,5,1
2026-04-13,265234102,0,0
2026-04-15,300243585,7,4
2026-04-15,300235840,6,3
2026-04-15,300243585,4,2
2026-04-15,246199987,5,1
2026-04-14,300243585,7,1
2026-04-14,828215698,1,0
2026-04-14,300243585,2,0
2026-04-14,300219836,7,1
2026-04-14,300243585,5,3
2026-04-14,283167495,7,1
2026-04-14,300199987,0,0
2026-04-14,300243585,2,0
2026-04-14,300243585,3,1
2026-04-14,201193080,2,0
2026-04-14,300243585,1,0
2026-04-14,517211738,5,1
2026-04-14,300262621,5,1
2026-04-14,300243585,2,1
2026-04-14,300243585,7,3
2026-04-14,834235840,3,1
2026-04-15,324024630,6,0
2026-04-15,265225116,1,0
2026-04-15,324024630,3,0
2026-04-15,246186569,6,4
2026-04-14,324024630,5,2
2026-04-14,834173426,3,1
2026-04-11,265233306,3,1
2026-04-11,291211738,9,8
2026-04-09,834215698,4,2
2026-04-09,291211738,7,4
2026-04-09,291211738,5,0
2026-04-09,836230621,3,1
2026-04-02,291220901,8,1
2026-04-02,291211738,6,3
2026-04-02,291211738,2,1
2026-04-02,846212831,3,0
2026-04-02,291211738,4,2
2026-04-02,825051539,4,2
2026-04-02,214051539,3,2
2026-04-02,291211738,6,1
2026-04-02,291211738,8,5
2026-04-02,300243830,4,1
2026-04-02,291211738,3,3
2026-04-02,846212831,6,1
2026-04-15,834220901,2,0
2026-04-15,206024630,9,4
2026-04-15,834220901,7,5
2026-04-15,251192119,4,3
2026-04-15,834220901,7,4
2026-04-15,207051539,7,2
2026-04-15,834220901,5,1
2026-04-15,270193105,4,1
2026-04-15,834220901,5,2
2026-04-15,207212831,6,2
2026-04-15,834220901,4,3
2026-04-15,218199987,6,2
2026-04-13,834220901,11,6
2026-04-13,256005479,5,2
2026-04-13,834220901,6,2
2026-04-13,231024630,4,1
2026-04-13,834220901,4,3
2026-04-13,206177683,4,1
2026-04-15,256192448,6,2
2026-04-15,291220901,7,4
2026-04-15,256192448,10,6
2026-04-15,253167495,7,2
2026-04-13,256192448,7,4
2026-04-13,216162835,7,5
2026-04-12,256192448,0,0
2026-04-12,206186153,1,1
2026-04-10,256192448,6,2
2026-04-10,256210257,2,2
2026-04-10,256192448,7,3
2026-04-10,834235073,5,3
2026-04-10,256192448,4,1
2026-04-10,237210257,8,3
2026-04-09,256192448,7,0
2026-04-09,283167495,7,5
2026-04-09,256192448,6,1
2026-04-09,246186569,4,0
2026-04-15,253192119,9,6
2026-04-15,289192119,2,1
2026-04-15,289192119,10,4
2026-04-15,256051539,10,5
2026-04-15,289192119,6,2
2026-04-15,283167495,1,1
2026-04-11,289192119,4,3
2026-04-11,324024630,5,3
2026-04-11,289192119,2,1
2026-04-11,234192119,9,2
2026-04-15,830212432,5,3
2026-04-15,234167495,5,2
2026-04-15,256051539,7,2
2026-04-15,234167495,0,0
2026-04-15,814186569,6,2
2026-04-15,234167495,7,4
2026-04-15,852048940,5,2
2026-04-15,234167495,7,1
2026-04-15,234167495,10,9
2026-04-15,846212831,3,1
2026-04-15,815230869,6,2
2026-04-15,234167495,4,3
2026-04-15,851210676,4,0
2026-04-15,234167495,8,3
2026-04-15,810192448,2,2
2026-04-15,234167495,8,7
2026-04-15,846164835,5,2
2026-04-15,234167495,6,3
2026-04-14,300230621,5,2
2026-04-14,231164835,6,4
2026-04-14,246173373,7,2
2026-04-14,300230621,1,0
2026-04-14,256051539,6,2
2026-04-14,300230621,3,2
2026-04-14,237210257,5,3
2026-04-14,300230621,4,2
2026-04-14,300230621,4,3
2026-04-14,284216065,3,1
2026-04-14,300230621,2,0
2026-04-14,834235840,8,4
2026-04-14,300230621,5,3
2026-04-14,289051539,3,0
2026-04-11,324024630,5,1
2026-04-11,300230621,0,0
2026-04-11,265192119,2,1
2026-04-11,300230621,6,1
2026-04-15,206167948,6,4
2026-04-15,101190053,7,4
2026-04-15,206167948,3,1
2026-04-15,851210676,5,4
2026-03-30,845242179,3,0
2026-03-30,206167948,2,0
2026-04-15,270233934,2,1
2026-04-15,846193080,4,2
2026-04-15,216167495,3,1
2026-04-15,846193080,5,4
2026-04-15,214192119,8,4
2026-04-15,846193080,4,0
2026-04-15,256192448,3,0
2026-04-15,846193080,6,1
2026-04-15,216192448,5,2
2026-04-15,846193080,5,2
2026-04-14,515215698,5,4
2026-04-14,846193080,4,0
2026-04-13,829051539,5,3
2026-04-13,846193080,6,5
2026-04-13,231024630,10,5
2026-04-13,846193080,7,5
2026-04-13,237051539,4,1
2026-04-13,846193080,4,1
2026-04-15,852186153,9,3
2026-04-15,280210257,2,2
2026-04-15,280210257,5,2
2026-04-15,216167948,6,3
2026-04-15,280210257,8,6
2026-04-15,214200389,9,8
2026-04-15,280210257,4,3
2026-04-15,300230621,6,3
2026-04-14,280210257,4,1
2026-04-14,826205186,3,1
2026-04-14,300192119,5,1
2026-04-14,280210257,5,5
2026-04-14,280210257,5,2
2026-04-14,274192119,8,5
2026-04-14,280210257,5,1
2026-04-14,828192119,7,5
2026-04-14,280210257,4,1
2026-04-14,825192448,4,2
2026-04-15,264190941,4,2
2026-04-15,251167495,9,5
2026-04-15,264190941,3,1
2026-04-15,201051539,7,2
2026-04-15,264190941,4,2
2026-04-15,265233306,5,4
2026-04-15,264190941,6,2
2026-04-15,237192119,6,2
2026-04-15,517167495,5,3
2026-04-15,264190941,2,1
2026-04-15,291220901,10,4
2026-04-15,264190941,3,0
2026-04-15,270233934,6,1
2026-04-15,264190941,6,4
2026-04-15,264190941,4,1
2026-04-15,517254803,4,1
2026-04-15,264190941,3,3
2026-04-15,828192119,1,0
2026-04-15,264190941,7,5
2026-04-15,300215698,8,4
2026-04-15,515167495,6,1
2026-04-15,206024630,10,4
2026-04-15,216234642,6,3
2026-04-15,515167495,5,1
2026-04-15,834192119,8,8
2026-04-15,515167495,5,1
2026-04-15,515167495,8,6
2026-04-15,856228789,4,0
2026-04-15,515167495,5,2
2026-04-15,201167495,8,4
2026-04-15,515167495,5,2
2026-04-15,300167495,7,4
2026-04-15,237165735,3,2
2026-04-15,515167495,3,1
2026-04-15,515167495,5,1
2026-04-15,251192119,6,4
2026-04-15,515167495,7,4
2026-04-15,834202811,11,6
2026-04-15,268051539,5,1
2026-04-15,264190941,3,1
2026-04-15,268051539,7,3
2026-04-15,829212831,5,1
2026-04-15,111051539,4,1
2026-04-15,268051539,3,1
2026-04-15,217177683,6,4
2026-04-15,268051539,4,3
2026-04-15,300262621,1,0
2026-04-15,268051539,5,2
2026-04-15,300243675,2,1
2026-04-15,268051539,3,1
2026-04-15,206024630,1,1
2026-04-15,268051539,7,4
2026-04-15,268051539,6,4
2026-04-15,825048940,6,3
2026-04-14,268051539,2,0
2026-04-14,283230869,2,0
2026-04-15,300233164,7,4
2026-04-15,300212831,6,4
2026-04-15,810167495,3,1
2026-04-15,300233164,6,1
2026-04-15,254048940,9,5
2026-04-15,300233164,7,1
2026-04-15,300233164,4,3
2026-04-15,206024630,5,3
2026-04-15,291220901,7,4
2026-04-15,300233164,8,2
2026-04-14,300233164,4,3
2026-04-14,300192119,2,0
2026-04-14,300233164,3,2
2026-04-14,324024630,3,1
2026-04-14,300233164,2,1
2026-04-14,834210257,1,0
2026-04-14,300233164,6,2
2026-04-14,324024630,4,1
2026-04-15,265234102,8,4
2026-04-15,289192119,7,1
2026-04-15,265234102,3,2
2026-04-15,828167495,6,3
2026-04-15,265234102,3,0
2026-04-15,834190941,6,3
2026-04-15,265192119,5,3
2026-04-15,265234102,5,3
2026-04-15,300192119,5,3
2026-04-15,265234102,5,1
2026-04-15,231193041,2,0
2026-04-15,265234102,3,1
2026-04-15,265234102,6,1
2026-04-15,810230621,7,1
2026-04-14,265234102,3,1
2026-04-14,289192119,4,1
2026-04-14,300233164,4,1
2026-04-14,265234102,6,2
2026-04-14,207000488,4,2
2026-04-14,291220901,9,2
2026-04-14,207000488,4,2
2026-04-14,856226300,8,3
2026-04-14,207000488,18,2
2026-04-14,237192119,0,0
2026-04-14,846212831,2,0
2026-04-14,207000488,7,5
2026-04-14,207000488,5,2
2026-04-14,291262621,4,1
2026-04-14,207000488,8,4
2026-04-14,265225116,2,1
2026-04-14,207000488,2,1
2026-04-14,834192119,6,2
2026-04-14,206193080,7,5
2026-04-14,206167948,7,3
2026-04-14,206193080,5,1
2026-04-14,270221087,2,1
2026-04-14,206193080,7,4
2026-04-14,234051539,1,1
2026-04-14,206193080,5,2
2026-04-14,855167495,2,2
2026-04-14,206193080,8,3
2026-04-14,324024630,7,4
2026-04-14,206193080,2,0
2026-04-14,210230621,8,4
2026-04-14,206193080,4,1
2026-04-14,814223885,2,1
2026-04-14,206193080,4,1
2026-04-14,300186153,2,2
2026-04-14,264230621,4,1
2026-04-14,206193080,3,1
2026-04-14,260230621,5,2
2026-04-14,283170597,8,2
2026-04-14,260230621,4,2
2026-04-14,300199987,4,1
2026-04-14,511235073,4,2
2026-04-14,260230621,5,2
2026-04-14,260230621,9,6
2026-04-14,237212831,4,2
2026-04-14,260230621,10,4
2026-04-14,280215698,2,1
2026-04-14,300243675,6,1
2026-04-14,260230621,1,1
2026-04-12,260230621,11,6
2026-04-12,834212831,9,4
2026-04-12,260230621,5,2
2026-04-12,283211101,6,5
2026-04-12,260230621,5,2
2026-04-12,300192119,5,3
2026-04-15,834230621,5,3
2026-04-15,289192119,4,1
2026-04-15,834230621,7,4
2026-04-15,291220901,3,1
2026-04-15,853232065,7,7
2026-04-15,216192448,4,1
2026-04-14,853232065,8,4
2026-04-14,300228383,1,0
2026-04-14,853232065,4,1
2026-04-14,300215698,1,1
2026-04-13,853232065,4,0
2026-04-13,289051539,3,1
2026-04-13,853232065,3,1
2026-04-13,300230621,10,2
2026-04-13,853232065,4,2
2026-04-13,283186569,2,0
2026-04-13,265234102,3,1
2026-04-13,853232065,6,2
2026-04-12,264230621,2,1
2026-04-12,853232065,6,4
2026-04-12,853232065,3,2
2026-04-12,256210257,2,1
2026-04-15,828200389,3,1
2026-04-15,234162835,5,3
2026-04-15,828192119,6,0
2026-04-15,289192119,4,3
2026-04-15,851204935,1,1
2026-04-15,289192119,6,3
2026-04-15,848252154,4,3
2026-04-15,289192119,8,5
2026-04-15,265186153,5,3
2026-04-15,289192119,2,1
2026-04-11,300233189,4,1
2026-04-11,289192119,3,1
2026-04-08,251051539,4,2
2026-04-08,289192119,6,4
2026-04-15,300192119,4,1
2026-04-15,810233934,5,2
2026-04-15,804263063,8,3
2026-04-15,810233934,7,3
2026-04-15,515210257,3,2
2026-04-15,810233934,2,2
2026-04-15,256210257,6,4
2026-04-15,810233934,2,1
2026-04-15,802167495,6,4
2026-04-15,810233934,5,1
2026-04-15,826226753,3,2
2026-04-15,810233934,11,5
2026-04-15,503234102,4,1
2026-04-15,810233934,5,1
2026-04-15,829220901,6,1
2026-04-15,810233934,7,3
2026-04-15,265234102,5,3
2026-04-15,810233934,4,1
2026-04-12,217212831,7,4
2026-04-12,291220901,12,7
2026-04-12,217212831,2,1
2026-04-12,270233934,5,2
2026-04-12,256186153,4,2
2026-04-12,217212831,8,5
2026-04-12,217212831,5,3
2026-04-12,300212831,7,3
2026-04-11,256168435,3,1
2026-04-11,300210257,6,2
2026-04-10,256168435,3,1
2026-04-10,237192119,5,1
2026-04-05,256168435,2,1
2026-04-05,834210257,3,1
2026-04-05,101000488,6,2
2026-04-05,256168435,7,1
2026-04-05,300227290,7,3
2026-04-05,256168435,6,2
2026-04-05,206174543,3,1
2026-04-05,256168435,3,1
2026-04-04,256168435,1,0
2026-04-04,283224251,7,4
2026-04-04,856259532,3,1
2026-04-04,256168435,3,1
2026-04-04,256168435,8,2
2026-04-04,810234577,9,5
2026-04-04,256168435,10,7
2026-04-04,828200389,8,4
2026-04-10,300234642,2,0
2026-04-10,231024630,9,4
2026-04-10,206203042,9,4
2026-04-10,231024630,6,3
2026-04-10,806212432,8,4
2026-04-10,231024630,6,2
2026-04-10,300277823,3,2
2026-04-10,231024630,4,2
2026-04-10,517215316,4,2
2026-04-10,231024630,8,3
2026-04-10,201190053,7,3
2026-04-10,231024630,4,1
2026-04-10,251192119,2,1
2026-04-10,231024630,5,2
2026-04-10,834230621,7,7
2026-04-10,231024630,3,1
2026-04-10,206188943,6,5
2026-04-10,231024630,5,3
2026-04-10,825212831,7,4
2026-04-10,231024630,9,5
2026-04-14,256210257,5,2
2026-04-14,283186153,3,2
2026-04-14,256210257,7,3
2026-04-14,246193105,8,6
2026-04-14,256210257,4,2
2026-04-14,517204883,7,2
2026-04-14,256210257,6,3
2026-04-14,253167495,5,2
2026-04-13,256210257,2,0
2026-04-13,840206585,5,2
2026-04-13,846212831,8,4
2026-04-13,256210257,2,1
2026-04-13,256210257,2,0
2026-04-13,242194404,4,1
2026-04-13,256210257,5,3
2026-04-13,251192119,5,2
2026-04-12,256210257,3,2
2026-04-12,289051539,5,1
2026-04-12,291220901,7,4
2026-04-12,256210257,6,3
2026-04-15,848225116,3,2
2026-04-15,253192119,6,4
2026-04-15,848225116,2,2
2026-04-15,265234102,3,2
2026-04-15,848225116,2,1
2026-04-15,810192448,4,3
2026-04-15,848225116,0,0
2026-04-15,264190941,7,2
2026-04-15,848225116,1,1
2026-04-15,300193105,5,3
2026-04-15,848225116,9,6
2026-04-15,260226753,4,2
2026-04-15,848225116,5,3
2026-04-15,265234102,3,2
2026-04-15,848225116,5,3
2026-04-15,251051539,6,2
2026-04-15,848225116,8,7
2026-04-15,300193105,2,1
2026-04-15,237192119,4,1
2026-04-15,810206585,11,2
2026-04-15,237192119,11,6
2026-04-15,300212831,6,3
2026-04-14,216190053,6,2
2026-04-14,253192119,6,2
2026-04-14,207048940,7,3
2026-04-14,253192119,2,2
2026-04-14,284216065,4,1
2026-04-14,253192119,3,1
2026-04-14,300192119,5,2
2026-04-14,253192119,2,1
2026-04-14,256186153,6,1
2026-04-14,253192119,1,0
2026-04-14,206024630,6,1
2026-04-14,253192119,0,0
2026-04-14,207212831,8,4
2026-04-14,253192119,4,2
2026-04-14,284188943,4,3
2026-04-14,253192119,5,3
2026-04-14,834210257,6,4
2026-04-14,253192119,1,1
2026-04-15,323186153,7,2
2026-04-15,834252154,0,0
2026-04-15,323186153,2,0
2026-04-15,856203841,9,6
2026-04-14,300210257,10,4
2026-04-14,323186153,1,0
2026-04-14,323186153,3,2
2026-04-14,517251752,7,3
2026-04-14,323186153,4,0
2026-04-14,231167495,1,0
2026-04-14,323186153,5,1
2026-04-14,814048940,6,3
2026-04-14,323186153,3,1
2026-04-14,289192119,7,4
2026-04-14,206167948,4,1
2026-04-14,855220901,6,2
2026-04-14,201167948,3,1
2026-04-14,855220901,8,4
2026-04-14,855220901,5,3
2026-04-14,828215698,7,6
2026-04-14,845242179,4,1
2026-04-14,855220901,0,0
2026-04-14,802167495,0,0
2026-04-14,855220901,11,9
2026-04-14,300214979,3,1
2026-04-14,855220901,7,3
2026-04-14,855220901,3,1
2026-04-14,265233306,2,0
2026-04-14,855220901,7,5
2026-04-14,810233934,1,1
2026-04-14,234173373,3,1
2026-04-14,855220901,3,0
2026-04-14,274192119,7,3
2026-04-14,206177683,3,1
2026-04-14,274192119,4,2
2026-04-14,274192119,4,2
2026-04-13,274192119,8,2
2026-04-13,825210257,7,5
2026-04-13,274192119,7,6
2026-04-13,513206585,2,2
2026-04-12,274192119,5,1
2026-04-12,283211101,4,2
2026-04-11,300192119,5,1
2026-04-11,274192119,4,2
2026-04-11,274192119,4,3
2026-04-11,828215698,6,2
2026-04-11,231024630,3,1
2026-04-11,274192119,1,1
2026-04-10,513206585,4,1
2026-04-10,274192119,2,1
2026-04-15,253167948,1,0
2026-04-15,300192119,0,0
2026-04-15,300193105,6,5
2026-04-15,834167495,2,2
2026-04-15,300193105,4,1
2026-04-15,848167948,5,5
2026-04-15,844224836,3,0
2026-04-15,300193105,4,2
2026-04-15,300193105,5,2
2026-04-15,289192119,7,4
2026-04-15,300193105,4,0
2026-04-15,828167495,4,2
2026-04-15,300193105,8,2
2026-04-15,237212831,4,2
2026-04-15,300193105,1,1
2026-04-15,515203841,3,1
2026-04-15,217212831,7,5
2026-04-15,291262621,7,3
2026-04-15,517202811,7,4
2026-04-15,291262621,6,5
2026-04-15,234162835,4,2
2026-04-15,291262621,5,1
2026-04-15,834192119,5,3
2026-04-15,291262621,7,3
2026-04-15,834173426,4,2
2026-04-15,291262621,6,2
2026-04-15,300192119,9,3
2026-04-15,291262621,9,3
2026-04-14,206203042,4,3
2026-04-14,291262621,4,0
2026-04-14,828212831,9,3
2026-04-14,291262621,1,0
2026-04-14,834215223,7,4
2026-04-14,291262621,7,4
2026-04-12,289192119,5,0
2026-04-12,265225116,1,0
2026-04-12,289192119,4,2
2026-04-12,254048940,6,3
2026-04-12,828200389,5,1
2026-04-12,289192119,4,2
2026-04-12,289192119,2,0
2026-04-12,265233306,1,0
2026-04-12,289192119,4,3
2026-04-12,265225116,5,1
2026-04-12,804262621,5,1
2026-04-12,289192119,2,2
2026-04-12,289192119,6,2
2026-04-12,251051539,5,2
2026-04-12,289192119,3,0
2026-04-12,237210257,4,2
2026-04-12,289192119,3,1
2026-04-12,246186569,5,1
2026-04-12,852189908,3,0
2026-04-12,828192448,0,0
2026-04-12,828192448,6,5
2026-04-12,251051539,2,2
2026-04-12,828192448,4,1
2026-04-12,300186153,3,1
2026-04-12,828192448,6,2
2026-04-12,828192448,4,1
2026-04-12,828192448,8,7
2026-04-12,284001179,5,2
2026-04-12,274192119,3,2
2026-04-12,828192448,6,2
2026-04-08,300238186,6,3
2026-04-08,828192448,4,1
2026-04-08,260186569,6,2
2026-04-08,828192448,4,3
2026-04-08,828192448,6,3
2026-04-08,834220901,1,0
2026-04-14,283186153,6,4
2026-04-14,237192119,1,0
2026-04-14,834192119,5,2
2026-04-14,283186153,3,1
2026-04-14,283186153,3,2
2026-04-14,845233267,7,2
2026-04-14,283186153,8,2
2026-04-14,253230869,5,3
2026-04-14,265233306,7,1
2026-04-14,283186153,3,0
2026-04-14,283186153,6,1
2026-04-14,251186153,1,0
2026-04-14,828192448,5,2
2026-04-14,283186153,5,1
2026-04-12,283186153,2,1
2026-04-12,101048940,5,0
2026-04-14,324024630,4,1
2026-04-14,828202811,4,2
2026-04-14,291262621,4,4
2026-04-14,828202811,4,1
2026-04-14,206193080,6,2
2026-04-14,828202811,0,0
2026-04-14,253207998,4,2
2026-04-14,206177683,5,2
2026-04-14,253207998,5,2
2026-04-14,251051539,7,4
2026-04-14,253207998,3,3
2026-04-14,517177683,5,3
2026-04-14,253207998,5,1
2026-04-14,324024630,5,3
2026-04-13,253207998,2,1
2026-04-13,237212831,4,2
2026-04-13,253207998,2,2
2026-04-13,256005479,5,2
2026-04-13,253207998,5,0
2026-04-13,283170597,1,1
2026-04-13,253207998,7,2
2026-04-13,845233267,8,3
2026-04-13,253207998,7,0
2026-04-13,856235840,6,3
2026-04-13,253207998,7,4
2026-04-13,201193080,3,0
2026-04-12,253204935,2,0
2026-04-12,300192448,10,2
2026-04-12,253204935,5,4
2026-04-12,852200159,4,1
2026-04-12,253204935,6,2
2026-04-12,853233286,5,3
2026-04-12,253204935,3,0
2026-04-12,834210257,6,3
2026-04-12,253204935,6,4
2026-04-12,853212432,4,3
2026-04-12,253204935,2,0
2026-04-12,517167495,7,0
2026-04-14,234051539,4,1
2026-04-14,818167495,7,2
2026-04-14,836230621,6,4
2026-04-14,828212831,6,3
2026-04-14,810185122,1,1
2026-04-14,836230621,3,0
2026-04-14,834190941,4,1
2026-04-14,836230621,6,2
2026-04-14,836230621,3,1
2026-04-14,300192119,5,1
2026-04-13,836230621,2,1
2026-04-13,206188943,8,3
2026-04-13,828192448,4,0
2026-04-13,836230621,4,3
2026-04-13,836230621,1,0
2026-04-13,517211738,2,2
2026-04-13,836230621,7,4
2026-04-13,300212831,6,0
2026-04-12,300207557,7,3
2026-04-12,836230621,6,3
2026-04-12,836230621,1,0
2026-04-12,324024630,5,1
2026-04-12,834220901,2,2
2026-04-12,283186153,3,2
2026-04-12,300194404,4,2
2026-04-12,834220901,11,8
2026-04-12,324024630,12,8
2026-04-12,834220901,9,5
2026-04-12,834210257,3,2
2026-04-12,834220901,3,0
2026-04-12,834220901,5,2
2026-04-12,845233267,4,2
2026-04-12,324024630,6,3
2026-04-12,834220901,6,3
2026-04-11,300200389,2,0
2026-04-11,834220901,0,0
2026-04-11,834220901,10,5
2026-04-11,300234102,6,4
2026-04-13,206203042,5,2
2026-04-13,513186153,3,1
2026-04-09,206203042,3,2
2026-04-09,300258885,6,2
2026-04-09,206203042,4,1
2026-04-09,206203042,2,1
2026-04-08,206203042,2,0
2026-04-08,814223885,9,4
2026-04-08,206203042,5,2
2026-04-08,506230621,1,1
2026-04-04,206203042,1,1
2026-04-04,506215698,7,1
2026-04-04,206203042,4,2
2026-04-04,300259532,6,1
2026-04-04,300259532,6,3
2026-04-04,206203042,11,8
2026-04-04,206203042,4,2
2026-04-04,834190941,3,2
2026-04-12,291211738,3,1
2026-04-12,834210257,4,2
2026-04-12,834210257,4,2
2026-04-12,218199987,8,3
2026-04-12,834210257,2,1
2026-04-12,300192119,1,1
2026-04-11,265233306,5,2
2026-04-11,834210257,5,2
2026-04-11,237212831,6,4
2026-04-11,834210257,7,3
2026-04-11,834210257,3,1
2026-04-11,846212831,11,8
2026-04-04,834210257,3,2
2026-04-04,265234102,4,2
2026-04-04,834210257,5,1
2026-04-04,300224836,6,3
2026-04-04,854230621,4,2
2026-04-04,834210257,2,1
2026-04-14,251002147,2,1
2026-04-14,300228413,2,2
2026-04-14,206203042,7,2
2026-04-14,300228413,3,1
2026-04-14,500162835,5,2
2026-04-14,834230621,4,2
2026-04-14,810225116,9,8
2026-04-14,834230621,7,6
2026-04-14,207212831,2,2
2026-04-14,256051539,3,0
2026-04-14,825210257,5,4
2026-04-14,256051539,5,3
2026-04-14,300270821,2,0
2026-04-14,256051539,7,1
2026-04-13,517215698,2,0
2026-04-13,256051539,6,3
2026-04-13,829005479,4,3
2026-04-13,256051539,6,4
2026-04-13,300263887,3,1
2026-04-13,814194404,5,1
2026-04-12,237193105,5,0
2026-04-12,814194404,5,1
2026-04-12,206203775,4,0
2026-04-12,814194404,2,0
2026-04-12,852001179,6,0
2026-04-12,814194404,7,3
2026-04-12,300263063,1,1
2026-04-12,814194404,5,1
2026-04-14,517235840,10,5
2026-04-14,834190941,5,1
2026-04-13,283212151,6,1
2026-04-13,834190941,5,2
2026-04-13,834190941,5,1
2026-04-13,810234577,3,0
2026-04-13,293212432,6,5
2026-04-13,834190941,5,2
2026-04-13,834190941,6,2
2026-04-13,834246139,7,4
2026-04-13,834190941,4,2
2026-04-13,517252154,3,0
2026-04-12,834190941,6,5
2026-04-12,300259532,5,1
2026-04-12,834190941,7,0
2026-04-12,300238186,5,1
2026-04-12,300167495,6,1
2026-04-12,834190941,5,1
2026-04-14,300233934,1,1
2026-04-14,856228789,6,4
2026-04-14,300233934,3,3
2026-04-14,237193105,6,3
2026-04-14,300233934,4,1
2026-04-14,848167948,9,5
2026-04-14,206177683,2,1
2026-04-14,206024630,0,0
2026-04-14,300226753,9,5
2026-04-14,206024630,1,0
2026-04-14,217200110,5,1
2026-04-14,206024630,2,2
2026-04-14,206024630,7,3
2026-04-14,848225116,2,0
2026-04-14,206024630,1,1
2026-04-14,206024630,5,1
2026-04-14,206024630,3,2
2026-04-14,217201976,4,2
2026-04-14,810224987,4,0
2026-04-14,206024630,6,2
2026-04-14,206024630,4,1
2026-04-14,206024630,7,4
2026-04-14,834215698,4,1
2026-04-14,206024630,6,3
2026-04-14,517246657,6,2
2026-04-14,265233306,2,0
2026-04-14,517246657,10,8
2026-04-14,270221087,4,3
2026-04-14,517246657,2,0
2026-04-14,300259532,5,1
2026-04-14,517246657,4,2
2026-04-14,814234642,5,2
2026-04-14,300263204,10,4
2026-04-14,300192119,7,1
2026-04-12,300192119,3,0
2026-04-12,201192119,3,1
2026-04-12,264230621,7,1
2026-04-12,300192119,0,0
2026-04-12,300192119,4,1
2026-04-12,291262621,4,2
2026-04-14,300219836,3,1
2026-04-14,251192119,4,2
2026-04-14,206193080,10,6
2026-04-14,251192119,2,2
2026-04-14,829051539,3,0
2026-04-14,251192119,0,0
2026-04-14,201190053,7,2
2026-04-14,251192119,3,2
2026-04-14,502192119,6,0
2026-04-14,251192119,5,2
2026-04-14,825192448,7,5
2026-04-14,251192119,4,3
2026-04-14,834212831,10,1
2026-04-14,251192119,4,2
2026-04-13,206024630,4,2
2026-04-13,251192119,3,0
2026-04-13,251192119,10,5
2026-04-13,291262621,3,1
2026-04-14,814048940,4,2
2026-04-14,834240913,6,2
2026-04-14,253230621,3,0
2026-04-14,804262621,6,2
2026-04-14,827051539,6,3
2026-04-14,834240913,6,1
2026-04-14,834240913,5,2
2026-04-14,270234577,5,1
2026-04-14,300186153,0,0
2026-04-14,834240913,8,3
2026-04-14,289192119,2,2
2026-04-14,274192119,6,3
2026-04-14,289192119,5,4
2026-04-14,834210257,6,5
2026-04-15,291211738,0,0
2026-04-15,834242948,3,0
2026-04-15,834210257,3,1
2026-04-15,291211738,3,0
2026-04-15,291211738,4,0
2026-04-15,216162835,5,1
2026-04-15,246186569,4,1
2026-04-15,291211738,13,8
2026-04-14,291211738,4,3
2026-04-14,846212831,6,3
2026-04-14,291211738,6,3
2026-04-14,206024630,1,0
2026-04-14,291211738,4,0
2026-04-14,804263063,2,0
2026-04-14,291211738,5,4
2026-04-14,851220901,5,2
2026-04-14,291211738,5,2
2026-04-14,856228789,3,1
2026-04-13,300192119,3,0
2026-04-13,252162835,7,3
2026-04-13,252162835,5,3
2026-04-13,300212831,3,1
2026-04-12,216162835,6,3
2026-04-12,300258885,2,1
2026-04-12,216162835,8,4
2026-04-12,300262621,3,1
2026-04-12,216162835,3,1
2026-04-12,251192119,4,1
2026-04-12,851204935,4,0
2026-04-12,216162835,1,0
2026-04-12,246186569,0,0
2026-04-12,216162835,4,0
2026-04-12,216162835,6,5
2026-04-12,503167948,4,2
2026-04-12,216162835,4,1
2026-04-12,834220901,5,3
2026-04-13,242210257,7,1
2026-04-13,834230621,4,1
2026-04-13,265234102,7,3
2026-04-13,834230621,4,2
2026-04-12,252048940,7,3
2026-04-12,834230621,6,2
2026-04-11,237210257,2,0
2026-04-11,834230621,3,1
2026-04-11,265233306,3,1
2026-04-11,834230621,9,3
2026-04-11,265234102,3,2
2026-04-11,834230621,8,0
2026-04-11,234162835,6,3
2026-04-11,834230621,6,3
2026-04-11,829235073,5,3
2026-04-11,834230621,4,2
2026-04-11,300243311,4,1
2026-04-11,834230621,2,0
2026-04-12,825234642,5,2
2026-04-12,834246139,7,4
2026-04-12,825234642,7,5
2026-04-12,283230869,5,2
2026-04-12,825234642,5,1
2026-04-12,826205186,4,1
2026-04-12,214167495,7,1
2026-04-12,825234642,5,2
2026-04-14,293212432,2,0
2026-04-14,827048940,5,2
2026-04-12,834215698,2,2
2026-04-12,827048940,3,1
2026-04-12,300192119,6,5
2026-04-12,827048940,8,3
2026-04-12,834250753,1,0
2026-04-12,827048940,6,2
2026-04-12,256167495,4,1
2026-04-12,827048940,4,1
2026-04-12,265225116,7,3
2026-04-12,827048940,5,2
2026-04-12,852186153,2,0
2026-04-12,827048940,6,4
2026-04-12,264190941,3,0
2026-04-12,827048940,2,0
2026-04-12,265186153,6,4
2026-04-12,827048940,4,2
2026-04-13,300224003,3,2
2026-04-13,253167495,3,2
2026-04-13,300271918,4,1
2026-04-13,253167495,1,0
2026-04-13,300192448,9,3
2026-04-13,253167495,6,2
2026-04-12,289192119,6,2
2026-04-12,253167495,6,5
2026-04-12,828215698,7,3
2026-04-12,253167495,3,0
2026-04-12,253167495,6,3
2026-04-12,834235073,5,2
2026-04-12,246199987,6,1
2026-04-12,253167495,8,2
2026-04-12,256186153,5,3
2026-04-12,253167495,3,0
2026-04-12,253167495,5,5
2026-04-12,216230621,7,3
2026-04-12,291262621,0,0
2026-04-12,253167495,8,5
2026-04-15,804262621,4,3
2026-04-15,206203042,3,0
2026-04-15,256186153,5,3
2026-04-15,804262621,7,3
2026-04-15,804262621,4,2
2026-04-15,242186153,3,1
2026-04-15,804262621,4,0
2026-04-15,251192119,3,3
2026-04-15,804262621,8,3
2026-04-15,206203775,2,0
2026-04-15,804262621,6,3
2026-04-15,237212831,3,1
2026-04-15,845233267,8,4
2026-04-15,804262621,3,1
2026-04-15,300220901,4,3
2026-04-15,804262621,3,1
2026-04-15,280210257,2,0
2026-04-15,300228789,3,2
2026-04-15,300228789,9,5
2026-04-15,265233306,4,1
2026-04-15,201192119,6,0
2026-04-15,289051539,6,2
2026-04-15,289051539,1,1
2026-04-15,264190941,2,1
2026-04-15,289051539,0,0
2026-04-15,264190941,1,0
2026-04-15,289051539,5,1
2026-04-15,265192119,10,6
2026-04-15,289051539,5,2
2026-04-15,300215316,0,0
2026-04-15,289051539,4,1
2026-04-15,300193336,2,2
2026-04-14,517251752,4,2
2026-04-14,289051539,8,3
2026-04-13,289051539,5,1
2026-04-13,207193080,2,0
2026-04-15,217212831,10,4
2026-04-15,218200726,7,3
2026-04-15,218200726,4,1
2026-04-15,300263063,0,0
2026-04-15,218200726,5,2
2026-04-15,242194911,5,1
2026-04-15,218200726,7,4
2026-04-15,206024630,1,1
2026-04-15,218200726,3,0
2026-04-15,825192448,0,0
2026-04-15,234051539,3,0
2026-04-15,829235073,11,7
2026-04-15,234051539,1,0
2026-04-15,834220901,4,0
2026-04-15,234173373,6,5
2026-04-15,251192119,6,2
2026-04-15,251192119,6,1
2026-04-15,848225116,4,4
2026-04-15,251192119,10,4
2026-04-15,802167495,4,0
2026-04-15,834220901,5,3
2026-04-15,251192119,2,0
2026-04-15,234051539,2,1
2026-04-15,207210257,7,3
2026-04-15,834230621,7,4
2026-04-15,234051539,1,0
2026-04-15,234051539,5,2
2026-04-15,284188943,3,1
2026-04-14,234051539,2,0
2026-04-14,802200389,11,6
2026-04-14,234051539,7,1
2026-04-14,234162835,1,0
2026-04-14,827051539,7,2
2026-04-14,234051539,7,2
2026-04-14,234051539,3,0
2026-04-14,834230621,6,5
2026-04-15,283230621,2,0
2026-04-15,300210358,8,5
2026-04-15,283230621,3,2
2026-04-15,206203775,6,2
2026-04-15,283230621,6,2
2026-04-15,210193080,4,3
2026-04-15,283230621,8,5
2026-04-15,265186153,4,2
2026-04-15,283230621,7,3
2026-04-15,828200389,4,2
2026-04-14,283230621,2,1
2026-04-14,300233164,2,0
2026-04-14,283230621,4,3
2026-04-14,216192448,4,3
2026-04-14,283230621,8,6
2026-04-14,300206585,8,1
2026-04-14,283230621,3,1
2026-04-14,291262621,6,1
2026-04-15,834230621,4,0
2026-04-15,251164835,4,2
2026-04-15,251164835,5,1
2026-04-15,856259532,3,1
2026-04-15,270221087,0,0
2026-04-15,251164835,12,4
2026-04-15,206024630,4,1
2026-04-15,251164835,6,3
2026-04-15,251192119,8,3
2026-04-15,251164835,4,2
2026-04-15,517211738,8,3
2026-04-15,251164835,1,0
2026-04-15,251164835,3,1
2026-04-15,206024630,4,3
2026-04-13,251164835,7,3
2026-04-13,836230621,2,0
2026-04-12,251164835,3,2
2026-04-12,251167948,7,2
2026-04-15,251167495,4,2
2026-04-15,517251752,6,3
2026-04-15,251167495,7,3
2026-04-15,517251752,1,0
2026-04-15,802163587,0,0
2026-04-15,517251752,2,0
2026-04-15,826200389,9,6
2026-04-15,517251752,4,1
2026-04-15,517251752,2,0
2026-04-15,828215698,0,0
2026-04-15,820240091,5,3
2026-04-15,517251752,5,3
2026-04-15,242189117,10,5
2026-04-15,517251752,6,4
2026-04-15,300275317,7,1
2026-04-15,517251752,0,0
2026-04-11,834190941,5,2
2026-04-11,517251752,7,4
2026-04-15,264190941,5,1
2026-04-15,517185122,6,1
2026-04-15,844251752,5,3
2026-04-15,517185122,1,0
2026-04-15,300186569,6,2
2026-04-15,517185122,8,3
2026-04-15,300234102,0,0
2026-04-15,517185122,20,5
2026-04-15,206024630,6,1
2026-04-15,517185122,5,2
2026-04-15,256210257,5,1
2026-04-15,517185122,3,0
2026-04-15,246199987,2,1
2026-04-15,517185122,2,1
2026-04-15,324024630,6,4
2026-04-15,517185122,3,2
2026-04-15,256193105,5,3
2026-04-15,300220901,6,3
2026-04-15,256193105,7,3
2026-04-15,280167948,6,3
2026-04-15,256193105,2,0
2026-04-15,216190053,5,2
2026-04-14,256193105,2,1
2026-04-14,834230621,2,0
2026-04-14,256193105,2,0
2026-04-14,206177683,4,3
2026-04-13,256193105,2,2
2026-04-13,268051539,8,7
2026-04-13,256193105,8,3
2026-04-13,214024630,7,3
2026-04-13,256193105,6,3
2026-04-13,834230621,7,5
2026-04-13,256193105,7,2
2026-04-13,246173373,5,3
2026-04-15,300212831,2,0
2026-04-15,300243675,6,3
2026-04-15,829204883,4,0
2026-04-15,300243675,5,1
2026-04-13,246199987,5,0
2026-04-13,300243675,5,3
2026-04-13,272170597,2,1
2026-04-13,300243675,6,1
2026-04-13,251207998,6,3
2026-04-13,300243675,7,4
2026-04-13,216162835,2,0
2026-04-13,300243675,9,3
2026-04-13,834230621,2,0
2026-04-13,300243675,6,1
2026-04-12,242192448,8,4
2026-04-12,300243675,2,1
2026-04-12,300243675,3,1
2026-04-12,300243675,2,1
2026-04-15,207000488,10,3
2026-04-15,216200389,5,2
2026-04-15,207000488,7,2
2026-04-15,300192119,5,2
2026-04-15,207000488,5,3
2026-04-15,291262621,6,2
2026-04-15,207000488,6,3
2026-04-15,324024630,5,1
2026-04-08,829235073,6,3
2026-04-08,300192448,9,7
2026-04-08,300192448,6,3
2026-04-08,834220901,5,1
2026-04-08,300192448,5,4
2026-04-08,280243952,2,0
2026-04-08,300192448,3,0
2026-04-08,268051539,5,3
2026-04-08,834210257,7,2
2026-04-08,300192448,4,2
2026-04-15,300192119,5,1
2026-04-15,840215316,5,3
2026-04-15,300192119,9,2
2026-04-15,802167495,9,5
2026-04-15,300192119,5,1
2026-04-15,283192448,7,4
2026-04-15,273192119,6,2
2026-04-15,300192119,6,0
2026-04-15,300192119,5,4
2026-04-15,825206585,8,6
2026-04-15,300192119,7,4
2026-04-15,265225116,6,1
2026-04-15,829051539,6,4
2026-04-15,300192119,1,0
2026-04-15,300192119,4,2
2026-04-15,291211738,1,0
2026-04-15,264190941,6,2
2026-04-15,300192119,7,4
2026-04-15,300172203,6,1
2026-04-15,207193080,4,1
2026-04-14,207048940,5,2
2026-04-14,207193080,3,0
2026-04-13,206206585,5,1
2026-04-13,207193080,5,2
2026-04-11,256167495,4,0
2026-04-11,207193080,5,3
2026-04-10,291262621,5,2
2026-04-10,207193080,6,2
2026-04-09,207193080,9,4
2026-04-09,508215698,3,1
2026-04-09,207193080,5,2
2026-04-09,289051539,5,3
2026-04-08,207193080,5,2
2026-04-08,256186153,7,1
2026-04-08,206212831,0,0
2026-04-08,207193080,1,0
2026-04-15,300263063,4,0
2026-04-15,323186153,2,1
2026-04-15,511233306,4,0
2026-04-15,265234102,3,0
2026-04-15,300263063,2,2
2026-04-15,829212831,4,3
2026-04-15,511233306,4,3
2026-04-15,845230869,2,1
2026-04-15,511233306,2,1
2026-04-15,834220901,5,0
2026-04-15,300263063,2,0
2026-04-15,231024630,2,1
2026-04-15,234051539,10,5
2026-04-15,237212831,4,0
2026-04-15,237212831,8,3
2026-04-15,830210941,6,3
2026-04-15,237212831,4,3
2026-04-15,825051539,5,2
2026-04-10,844224836,8,4
2026-04-10,206024630,6,3
2026-04-10,844224836,4,1
2026-04-10,234167948,4,2
2026-04-10,265233306,8,4
2026-04-10,844224836,6,1
2026-04-09,844224836,4,1
2026-04-09,836167948,4,0
2026-04-08,216163587,5,1
2026-04-08,844224836,8,4
2026-04-08,844224836,8,5
2026-04-08,300192119,4,1
2026-04-15,256210257,3,1
2026-04-15,802163587,3,1
2026-04-15,506001179,4,0
2026-04-15,802163587,4,4
2026-04-15,825051539,6,4
2026-04-15,802163587,3,1
2026-04-15,829235073,2,1
2026-04-15,802163587,9,4
2026-04-15,300263204,4,1
2026-04-15,300262621,3,2
2026-04-15,300262621,5,3
2026-04-15,252051539,3,1
2026-04-15,207000001,5,0
2026-04-15,300262621,3,2
2026-04-15,300262621,7,3
2026-04-15,283230621,4,1
2026-04-15,214048940,7,3
2026-04-15,300262621,7,1
2026-04-15,210193080,1,1
2026-04-15,300262621,2,0
2026-04-15,231193080,1,0
2026-04-15,300262621,3,1
2026-04-15,206024630,3,2
2026-04-15,300262621,5,1
2026-04-14,300262621,6,3
2026-04-14,280212831,1,0
2026-04-15,256210257,4,2
2026-04-15,834212831,4,2
2026-04-15,256210257,7,2
2026-04-15,265233306,7,2
2026-04-15,256210257,3,1
2026-04-15,283192448,3,0
2026-04-15,846044897,3,2
2026-04-15,291220901,3,2
2026-04-15,846044897,6,4
2026-04-15,216200389,5,2
2026-04-15,846044897,5,4
2026-04-15,291262621,5,2
2026-04-15,840242948,6,3
2026-04-15,846044897,6,1
2026-04-15,846044897,1,1
2026-04-15,846212831,6,4
2026-04-15,846044897,9,5
2026-04-15,300199987,5,3
2026-04-14,846044897,6,1
2026-04-14,253192119,1,0
2026-04-14,846044897,2,0
2026-04-14,251048940,6,3
2026-04-14,846044897,7,3
2026-04-14,231168435,3,2
2026-04-15,251167495,6,0
2026-04-15,802051539,4,3
2026-04-15,300212831,4,1
2026-04-15,251167495,5,3
2026-04-15,251167495,5,3
2026-04-15,517192563,5,3
2026-04-15,268005479,5,3
2026-04-15,251167495,7,2
2026-04-14,251167495,6,3
2026-04-14,517200389,4,3
2026-04-14,251167495,3,0
2026-04-14,251192119,7,4
2026-04-14,251167495,5,3
2026-04-14,322146748,5,2
2026-04-14,270215223,6,2
2026-04-14,251167495,9,7
2026-04-14,251167495,6,3
2026-04-14,300212831,8,4
2026-04-15,251167495,7,4
2026-04-15,300186153,3,0
2026-04-15,251167495,11,8
2026-04-15,234192119,6,4
2026-04-15,251167495,5,3
2026-04-15,501193041,2,2
2026-04-15,206206585,3,0
2026-04-15,251167495,0,0
2026-04-15,251167495,11,5
2026-04-15,513186153,5,1
2026-04-15,251167495,4,3
2026-04-15,206164835,2,0
2026-04-15,251167495,4,1
2026-04-15,273180739,5,2
2026-04-15,515212831,7,4
2026-04-15,251167495,4,1
2026-04-15,251167495,2,1
2026-04-15,834192119,3,1
2026-04-15,256051539,4,1
2026-04-15,251167495,6,2
2026-04-15,851204935,8,5
2026-04-15,804262621,3,0
2026-04-10,206177683,7,2
2026-04-10,804262621,7,2
2026-04-10,834215698,3,1
2026-04-10,804262621,6,2
2026-04-10,804262621,5,0
2026-04-10,265234102,5,2
2026-04-09,802005479,6,6
2026-04-09,804262621,9,6
2026-04-06,231167495,5,5
2026-04-06,804262621,5,2
2026-04-06,300193080,5,1
2026-04-06,804262621,6,4
2026-04-06,804262621,3,0
2026-04-06,300269626,7,4
2026-04-15,251001179,3,3
2026-04-15,852186153,9,4
2026-04-14,828215698,9,6
2026-04-14,834192119,1,0
2026-04-14,834192119,3,0
2026-04-14,834230621,8,5
2026-04-14,834192119,4,2
2026-04-14,511228789,6,3
2026-04-13,300186153,6,3
2026-04-13,834192119,4,1
2026-04-13,834192119,2,1
2026-04-13,210231691,11,7
2026-04-13,834212831,10,7
2026-04-13,834192119,4,1
2026-04-10,834192119,3,0
2026-04-10,253241671,8,4
2026-04-10,834192119,6,2
2026-04-10,256210257,8,7
2026-04-14,300192448,8,3
2026-04-14,234192119,5,1
2026-04-14,300192448,7,4
2026-04-14,834230621,7,3
2026-04-14,300192448,4,0
2026-04-14,206177683,5,3
2026-04-14,300192448,7,4
2026-04-14,804263063,3,1
2026-04-14,242192119,9,3
2026-04-14,300192448,6,3
2026-04-14,300192448,7,2
2026-04-14,300230621,4,3
2026-04-14,300192448,4,1
2026-04-14,253167495,2,2
2026-04-14,300192448,7,3
2026-04-14,300233189,6,1
2026-04-14,300192448,8,4
2026-04-14,217234642,6,3
2026-04-14,300192448,8,3
2026-04-14,825212831,5,1
2026-04-14,251051539,8,3
2026-04-14,206024630,4,0
2026-04-14,845212831,6,3
2026-04-14,206024630,2,1
2026-04-14,237212831,3,0
2026-04-14,206024630,9,3
2026-04-14,207210257,4,3
2026-04-14,206024630,6,4
2026-04-14,246186569,3,1
2026-04-14,206024630,8,4
2026-04-14,260213951,5,2
2026-04-14,206024630,6,2
2026-04-14,218200726,7,5
2026-04-14,206024630,7,2
2026-04-14,206024630,2,1
2026-04-14,234193041,3,2
2026-04-14,206024630,8,5
2026-04-14,252178005,10,6
2026-04-14,256168435,5,1
2026-04-14,206024630,4,1
2026-04-14,283167495,2,0
2026-04-14,517230621,4,1
2026-04-14,283167495,2,1
2026-04-14,206177683,9,6
2026-04-14,834192119,7,2
2026-04-14,283167495,8,5
2026-04-14,835016254,3,1
2026-04-14,283167495,3,2
2026-04-14,283167495,5,2
2026-04-14,206024630,0,0
2026-04-14,265225116,0,0
2026-04-14,283167495,5,2
2026-04-14,834190941,6,3
2026-04-14,834212831,4,2
2026-04-14,265234102,4,1
2026-04-14,834212831,4,3
2026-04-14,251051539,8,6
2026-04-14,834212831,6,3
2026-04-14,264230621,3,2
2026-04-14,834212831,6,4
2026-04-14,825051539,1,0
2026-04-14,834212831,7,2
2026-04-14,848225116,5,3
2026-04-14,834212831,5,2
2026-04-14,280210257,7,2
2026-04-14,834212831,3,2
2026-04-14,836230621,5,2
2026-04-14,834212831,5,1
2026-04-14,300199987,4,0
2026-04-14,834212831,3,0
2026-04-11,210231691,6,3
2026-04-11,256199987,4,2
2026-04-11,256199987,3,0
2026-04-11,804250753,5,3
2026-04-11,300194404,3,1
2026-04-11,256199987,9,6
2026-04-11,300226753,5,4
2026-04-11,256199987,7,4
2026-04-11,291262621,5,2
2026-04-11,256199987,7,4
2026-04-11,848000488,4,2
2026-04-11,256199987,2,0
2026-04-11,825212831,6,2
2026-04-11,256199987,2,1
2026-04-11,300219836,5,2
2026-04-11,256199987,6,3
2026-04-11,300224836,9,4
2026-04-11,256199987,4,1
2026-04-13,804262621,6,1
2026-04-13,206210257,8,5
2026-04-13,206210257,6,1
2026-04-13,251167495,8,4
2026-04-11,300243830,5,0
2026-04-11,206210257,9,4
2026-04-11,270233934,5,2
2026-04-11,206210257,1,1
2026-04-11,300192119,6,1
2026-04-11,206210257,7,3
2026-04-11,206210257,6,1
2026-04-11,214167495,7,2
2026-04-11,206210257,6,2
2026-04-11,217203042,1,1
2026-04-11,300192119,5,2
2026-04-11,206210257,13,7
2026-04-11,834212831,8,3
2026-04-11,206210257,6,5
2026-04-14,300278394,6,4
2026-04-14,256210257,6,3
2026-04-12,300278394,3,1
2026-04-12,251192119,6,0
2026-04-12,834220901,3,0
2026-04-12,300278394,9,5
2026-04-12,300278394,7,3
2026-04-12,210230621,5,3
2026-04-11,300278394,4,0
2026-04-11,834223686,13,5
2026-04-11,300278394,3,0
2026-04-11,246199987,0,0
2026-04-11,300278394,4,0
2026-04-11,270233934,5,2
2026-04-11,300278394,5,1
2026-04-11,846212831,6,5
2026-04-11,300278394,7,4
2026-04-11,834235840,5,3
2026-04-11,300192119,6,3
2026-04-11,300278394,8,2
2026-04-13,300225116,5,3
2026-04-13,834210257,1,1
2026-04-13,834210257,8,4
2026-04-13,207212831,0,0
2026-04-13,834210257,4,2
2026-04-13,253177683,7,5
2026-04-13,834210257,4,2
2026-04-13,324024630,3,0
2026-04-13,217163264,7,4
2026-04-13,834210257,2,0
2026-04-13,284146748,7,2
2026-04-13,834210257,11,7
2026-04-13,834210257,4,2
2026-04-13,804262621,8,4
2026-04-09,256210257,7,3
2026-04-09,300220901,4,1
2026-04-15,851230872,9,4
2026-04-15,828215698,3,2
2026-04-14,851230872,3,0
2026-04-14,828212831,5,2
2026-04-14,851230872,11,7
2026-04-14,834212831,5,2
2026-04-14,851230872,5,1
2026-04-14,517205186,3,3
2026-04-14,851230872,1,0
2026-04-14,827051539,8,6
2026-04-14,201167495,1,0
2026-04-14,851230872,0,0
2026-04-14,851230872,4,1
2026-04-14,834230621,7,1
2026-04-14,851230872,3,1
2026-04-14,206210257,6,1
2026-04-14,828212831,5,3
2026-04-14,834192119,4,3
2026-04-14,828212831,5,4
2026-04-14,246173373,5,4
2026-04-14,828192448,8,4
2026-04-14,825192448,6,2
2026-04-14,846212831,8,5
2026-04-14,828192448,6,3
2026-04-14,828192448,4,2
2026-04-14,852186153,5,3
2026-04-14,517223885,7,6
2026-04-14,828192448,2,2
2026-04-13,256167495,5,4
2026-04-13,848252154,5,1
2026-04-15,251168435,1,1
2026-04-15,218199987,3,2
2026-04-15,218199987,4,1
2026-04-15,256167495,6,3
2026-04-15,218199987,5,4
2026-04-15,829235073,3,3
2026-04-15,826226753,5,2
2026-04-15,218199987,4,1
2026-04-15,234051539,7,7
2026-04-15,829226753,3,1
2026-04-15,829226753,3,1
2026-04-15,251002147,6,3
2026-04-15,207000488,2,2
2026-04-15,829226753,3,1
2026-04-14,829226753,8,2
2026-04-14,217212831,4,3
2026-04-14,829226753,3,2
2026-04-14,834190941,2,1
2026-04-14,829226753,0,0
2026-04-14,836005479,4,0
2026-04-14,829226753,3,2
2026-04-14,851230872,7,3
2026-04-14,829226753,4,2
2026-04-14,234150724,3,2
2026-04-14,829226753,2,0
2026-04-14,265225116,5,2
2026-04-14,845140233,2,0
2026-04-14,256199987,5,4
2026-04-14,291220901,0,0
2026-04-14,845140233,5,1
2026-04-14,845140233,6,2
2026-04-14,828212831,1,0
2026-04-14,206177683,4,1
2026-04-14,845140233,2,0
2026-04-14,216234642,4,2
2026-04-14,845140233,6,4
2026-04-08,265234102,2,0
2026-04-08,251192119,7,2
2026-04-04,265234102,6,1
2026-04-04,283230621,4,0
2026-03-30,513215698,3,2
2026-03-30,265234102,5,2
2026-03-29,265234102,5,2
2026-03-29,300192119,10,7
2026-03-19,265234102,7,4
2026-03-19,264230621,7,3
2026-03-19,246186569,4,2
2026-03-19,265234102,10,6
2026-03-18,265234102,7,4
2026-03-18,834220901,5,4
2026-03-18,517202811,6,2
2026-03-18,265234102,6,3
2026-03-16,273186153,9,5
2026-03-16,265234102,9,4
2026-04-14,280210257,3,3
2026-04-14,845230869,4,0
2026-04-14,280210257,6,1
2026-04-14,206186153,4,0
2026-04-14,280210257,19,7
2026-04-14,300243952,0,0
2026-04-14,206024630,4,3
2026-04-14,217177683,4,0
2026-04-14,280210257,2,0
2026-04-14,206167495,3,3
2026-04-14,280210257,7,1
2026-04-14,214212831,1,1
2026-04-14,280210257,5,3
2026-04-14,270233934,0,0
2026-04-14,280210257,3,2
2026-04-14,853232065,4,2
2026-04-14,848167948,3,2
2026-04-14,280210257,6,2
2026-04-14,834220901,1,1
2026-04-14,848051539,2,1
2026-04-13,515192563,8,1
2026-04-13,834220901,6,3
2026-04-13,300263887,6,4
2026-04-13,834220901,4,1
2026-04-14,828202811,4,2
2026-04-14,804263063,7,3
2026-04-14,828167948,5,2
2026-04-14,828202811,7,3
2026-04-14,828202811,8,5
2026-04-14,264230621,7,2
2026-04-14,828202811,1,0
2026-04-14,828215698,7,4
2026-04-14,826200389,6,5
2026-04-14,828202811,4,1
2026-04-14,828202811,5,3
2026-04-14,216234642,12,4
2026-04-14,828202811,2,1
2026-04-14,852223885,12,7
2026-04-14,256051539,6,2
2026-04-14,828202811,5,3
2026-04-14,828202811,5,2
2026-04-14,252162835,1,0
2026-04-15,828192119,3,1
2026-04-15,206192448,6,3
2026-04-15,828192119,4,2
2026-04-15,300242879,4,1
2026-04-15,828192119,12,6
2026-04-15,517235840,3,1
2026-04-15,828192119,8,4
2026-04-15,242192119,2,1
2026-04-15,828192119,4,2
2026-04-15,246199987,9,6
2026-04-14,828192119,7,4
2026-04-14,834230621,6,2
2026-04-14,828192119,8,4
2026-04-14,111051539,6,2
2026-04-14,828192119,5,1
2026-04-14,834190941,2,2
2026-04-14,828192119,7,3
2026-04-14,834210257,2,1
2026-04-14,828192119,5,1
2026-04-14,840209981,7,4
2026-04-15,206230621,2,1
2026-04-15,246186569,3,0
2026-04-15,206230621,4,1
2026-04-15,300263063,3,2
2026-04-14,256210257,9,3
2026-04-14,206230621,7,4
2026-04-14,851210676,7,3
2026-04-14,206230621,5,1
2026-04-14,206230621,0,0
2026-04-14,810225116,7,2
2026-04-14,834215698,7,1
2026-04-14,206230621,2,1
2026-04-13,856259532,7,4
2026-04-13,206230621,2,1
2026-04-12,206177683,6,3
2026-04-12,206230621,7,3
2026-04-12,206230621,3,1
2026-04-12,804262621,3,1
2026-04-14,270233934,5,4
2026-04-14,217199987,4,2
2026-04-14,217199987,6,1
2026-04-14,251186153,8,6
2026-04-14,217199987,9,5
2026-04-14,206024630,7,4
2026-04-14,217199987,3,0
2026-04-14,802167948,7,3
2026-04-14,324024630,9,3
2026-04-14,217199987,6,1
2026-04-14,217199987,3,2
2026-04-14,517192563,5,1
2026-04-14,280167495,4,1
2026-04-14,300167495,4,2
2026-04-14,280167495,4,2
2026-04-14,234162835,9,3
2026-04-14,280167495,3,2
2026-04-14,201167948,1,1
2026-04-14,280167495,4,0
2026-04-14,265234102,2,0
2026-04-15,300200389,2,0
2026-04-15,206024630,2,2
2026-04-15,300200389,2,0
2026-04-15,214186569,5,2
2026-04-15,300200389,8,7
2026-04-15,508215698,4,1
2026-04-15,834230621,3,1
2026-04-15,300200389,2,2
2026-04-14,834230621,2,1
2026-04-14,829192448,6,4
2026-04-14,834230621,3,1
2026-04-14,237192119,4,2
2026-04-14,826193698,6,2
2026-04-14,834230621,5,2
2026-04-14,834230621,2,0
2026-04-14,206024630,1,1
2026-04-14,851220901,3,2
2026-04-14,834230621,4,1
2026-04-14,511234102,6,2
2026-04-14,834230621,3,2
2026-04-14,206024630,7,1
2026-04-14,834230621,5,2
2026-04-14,834230621,1,1
2026-04-14,517200389,3,0
2026-04-14,834230621,2,0
2026-04-14,300235840,1,1
2026-04-13,256199987,8,4
2026-04-13,834230621,1,1
2026-04-14,825210257,8,4
2026-04-14,289190053,5,2
2026-04-14,825210257,7,3
2026-04-14,300215698,5,2
2026-04-14,825210257,1,0
2026-04-14,515235840,5,3
2026-04-14,825210257,7,3
2026-04-14,284216065,3,0
2026-04-14,825210257,3,2
2026-04-14,101051539,7,4
2026-04-14,825210257,5,1
2026-04-14,207210257,2,0
2026-04-14,825210257,1,0
2026-04-14,251048940,4,2
2026-04-13,825210257,2,2
2026-04-13,827048940,2,0
2026-04-13,825210257,5,1
2026-04-13,253177683,3,1
2026-04-14,834215698,0,0
2026-04-14,201051539,5,1
2026-04-14,201051539,8,3
2026-04-14,810235073,7,3
2026-04-13,201051539,4,1
2026-04-13,818167495,10,7
2026-04-14,218199987,2,1
2026-04-14,101048940,11,3
2026-04-14,218199987,2,1
2026-04-14,237192119,5,3
2026-04-12,840193080,10,6
2026-04-12,218199987,4,2
2026-04-08,218199987,6,1
2026-04-08,300186569,3,2
2026-04-08,218199987,5,4
2026-04-08,256051539,2,0
2026-04-08,265233306,4,2
2026-04-08,218199987,6,2
2026-04-07,218199987,3,2
2026-04-07,836230621,6,2
2026-04-03,218199987,5,3
2026-04-03,802051539,2,1
2026-03-30,218199987,1,0
2026-03-30,825210257,3,0
2026-04-14,206193041,6,3
2026-04-14,214192119,2,0
2026-04-14,300206075,6,3
2026-04-14,206193041,2,2
2026-04-14,206193041,6,2
2026-04-14,851220901,5,1
2026-04-13,206193041,9,3
2026-04-13,829199987,2,1
2026-04-13,206177683,0,0
2026-04-13,206193041,8,2
2026-04-13,825212831,5,1
2026-04-13,206193041,4,3
2026-04-13,511262621,4,0
2026-04-13,206193041,5,2
2026-04-13,300243675,4,1
2026-04-13,206193041,9,2
2026-04-13,840206585,7,4
2026-04-13,802167948,7,4
2026-04-13,206212831,5,3
2026-04-13,802167948,3,3
2026-04-13,802167948,4,3
2026-04-13,515210257,5,3
2026-04-13,291220901,3,0
2026-04-13,802167948,4,2
2026-04-13,829235073,5,4
2026-04-13,802167948,3,2
2026-04-12,802167948,9,4
2026-04-12,217212831,5,1
2026-04-12,834212831,0,0
2026-04-12,802167948,0,0
2026-04-12,802167948,4,1
2026-04-12,291262621,4,1
2026-04-12,802167948,11,7
2026-04-12,300177683,4,0
2026-04-15,828215698,6,2
2026-04-15,300192119,7,4
2026-04-14,234001179,8,1
2026-04-14,253167495,9,5
2026-04-14,253167495,3,0
2026-04-14,253192119,7,2
2026-04-14,253167495,7,1
2026-04-14,265186153,5,2
2026-04-14,253167495,5,1
2026-04-14,101051539,6,1
2026-04-14,234051539,5,1
2026-04-14,253167495,5,2
2026-04-14,253167495,14,10
2026-04-14,515240091,3,1
2026-04-14,283230621,4,1
2026-04-14,253167495,10,5
2026-04-14,253167495,2,0
2026-04-14,852186153,6,3
2026-04-14,253167495,6,4
2026-04-14,834190941,4,3
2026-04-14,265234102,2,0
2026-04-14,253167495,5,4
2026-04-11,291227127,4,2
2026-04-11,265234102,4,1
2026-04-11,265234102,4,2
2026-04-11,508163489,7,1
2026-04-11,265234102,10,3
2026-04-11,283211101,3,1
2026-04-11,265234102,2,0
2026-04-11,237210257,4,0
2026-04-11,267244020,5,4
2026-04-11,265234102,5,3
2026-04-11,265234102,4,2
2026-04-11,206177683,9,4
2026-04-11,517167495,5,2
2026-04-11,265234102,5,3
2026-04-11,300240913,4,2
2026-04-11,265234102,7,6
2026-04-11,265234102,7,5
2026-04-11,300193336,4,1
2026-04-15,848210257,3,0
2026-04-15,270234577,0,0
2026-04-15,848210257,4,1
2026-04-15,216234642,2,1
2026-04-15,848210257,2,1
2026-04-15,300212831,5,1
2026-04-15,848210257,5,2
2026-04-15,206024630,5,2
2026-04-15,848210257,0,0
2026-04-15,283211101,4,3
2026-04-15,848210257,7,6
2026-04-15,851204935,3,2
2026-04-15,848210257,2,0
2026-04-15,836230621,6,2
2026-04-15,848210257,8,5
2026-04-15,300222389,5,2
2026-04-15,848210257,8,5
2026-04-15,264230621,4,2
2026-04-15,289005479,4,3
2026-04-15,206167948,1,1
2026-04-15,206164835,5,3
2026-04-15,206167948,5,2
2026-04-15,804263063,4,0
2026-04-15,206167948,7,6
2026-04-15,206167948,10,8
2026-04-15,234173373,8,5
2026-04-15,216192448,0,0
2026-04-15,206167948,10,7
2026-04-12,206167948,7,4
2026-04-12,300215698,2,0
2026-04-12,206167948,5,3
2026-04-12,834220901,4,2
2026-04-12,300202811,8,2
2026-04-12,206167948,4,1
2026-04-12,840200389,4,0
2026-04-12,206167948,8,3
2026-04-15,802167495,3,2
2026-04-15,511235073,6,4
2026-04-14,802167495,3,1
2026-04-14,802048940,2,1
2026-04-14,802167495,3,2
2026-04-14,225019580,4,2
2026-04-14,802167495,4,2
2026-04-14,268048940,3,2
2026-04-14,802167495,1,0
2026-04-14,237212831,8,5
2026-04-14,802167495,5,3
2026-04-14,284188943,6,2
2026-04-14,802167495,3,0
2026-04-14,810206585,4,2
2026-04-14,834210257,1,0
2026-04-14,802167495,7,6
2026-04-13,802167495,2,1
2026-04-13,268051539,7,3
2026-04-14,260186153,5,0
2026-04-14,206215316,6,3
2026-04-14,828212831,4,0
2026-04-14,206215316,8,5
2026-04-14,206215316,8,3
2026-04-14,280212831,5,2
2026-04-14,265233306,4,3
2026-04-14,206215316,4,4
2026-04-14,853212432,3,3
2026-04-14,206215316,4,1
2026-04-14,206215316,5,2
2026-04-14,265233306,4,2
2026-04-14,206215316,3,1
2026-04-14,804262621,7,1
2026-04-14,206215316,5,1
2026-04-14,206048940,3,0
2026-04-14,206215316,6,3
2026-04-14,207192563,3,0
2026-04-14,283186153,5,1
2026-04-14,206215316,2,0
2026-04-11,300192119,6,4
2026-04-11,237199987,3,2
2026-04-11,851204935,4,0
2026-04-11,300192119,0,0
2026-04-11,300192119,6,5
2026-04-11,834192119,2,0
2026-04-11,300192119,8,3
2026-04-11,270233934,8,5
2026-04-10,300192119,4,2
2026-04-10,265233306,6,1
2026-04-10,300192119,2,0
2026-04-10,300210257,6,3
2026-04-10,300192119,9,6
2026-04-10,289176550,10,4
2026-04-14,834190941,6,4
2026-04-14,840215316,6,3
2026-04-14,265192119,3,1
2026-04-14,840215316,7,4
2026-04-13,828215698,4,2
2026-04-13,840215316,8,4
2026-04-13,840215316,0,0
2026-04-13,231193080,4,0
2026-04-13,840215316,4,4
2026-04-13,834251752,7,5
2026-04-13,840215316,5,0
2026-04-13,201051539,2,2
2026-04-12,804262621,2,0
2026-04-12,840215316,4,4
2026-04-12,840215316,1,0
2026-04-12,834235413,7,4
2026-04-12,840215316,7,6
2026-04-12,237192119,8,2
2026-04-12,829204883,11,4
2026-04-12,280230621,6,1
2026-04-13,300192119,3,2
2026-04-13,300192119,1,0
2026-04-13,231173426,6,2
2026-04-13,300192119,4,1
2026-04-14,834230621,3,1
2026-04-14,283192448,4,1
2026-04-14,256210257,3,2
2026-04-14,834230621,4,1
2026-04-14,834230621,5,5
2026-04-14,256210257,4,1
2026-04-13,517235073,4,2
2026-04-13,834230621,6,1
2026-04-13,834230621,12,9
2026-04-13,251024630,5,3
2026-04-13,206193080,2,1
2026-04-13,834230621,12,6
2026-04-13,834230621,6,4
2026-04-13,234201325,3,0
2026-04-12,265192119,3,0
2026-04-12,834230621,2,2
2026-04-11,845233267,6,2
2026-04-11,834230621,5,2
2026-04-11,300201095,5,3
2026-04-11,834230621,7,0
2026-04-12,246199987,4,1
2026-04-12,291220901,2,1
2026-04-12,324024630,2,0
2026-04-12,291220901,4,3
2026-04-12,251051539,5,2
2026-04-12,291220901,5,1
2026-04-12,291220901,1,0
2026-04-12,511220901,1,0
2026-04-08,291220901,5,3
2026-04-08,300243675,4,0
2026-04-10,300167495,5,2
2026-04-10,513192448,4,1
2026-04-10,517215698,5,1
2026-04-10,300167495,5,1
2026-04-10,237051539,3,1
2026-04-10,300167495,5,0
2026-04-10,270233934,5,1
2026-04-10,300167495,6,4
2026-04-10,234167948,7,5
2026-04-10,300167495,7,3
2026-04-10,517220901,4,0
2026-04-10,300167495,4,2
2026-04-10,251051539,6,4
2026-04-10,300167495,3,1
2026-04-15,856210385,9,6
2026-04-15,217212831,3,1
2026-04-15,300238186,3,2
2026-04-15,217212831,8,3
2026-04-14,300269271,5,2
2026-04-14,217212831,4,4
2026-04-13,827005479,8,4
2026-04-13,217212831,4,3
2026-04-13,217212831,4,3
2026-04-13,291262621,5,1
2026-04-13,825192448,8,5
2026-04-13,217212831,6,1
2026-04-13,810225116,6,3
2026-04-13,217212831,3,1
2026-04-13,300200389,9,3
2026-04-13,217212831,5,3
2026-04-13,834242948,4,2
2026-04-13,217212831,6,2
2026-04-14,829235073,5,2
2026-04-14,828215698,2,0
2026-04-14,829235073,7,3
2026-04-14,517225116,7,0
2026-04-14,829235073,9,3
2026-04-14,251048940,6,2
2026-04-14,829235073,2,0
2026-04-14,270233934,9,5
2026-04-14,829235073,2,1
2026-04-14,836230621,5,0
2026-04-14,829235073,5,2
2026-04-14,216192448,10,3
2026-04-14,324024630,3,1
2026-04-14,829235073,7,1
2026-04-14,829235073,3,1
2026-04-14,256051539,5,2
2026-04-15,826204935,3,1
2026-04-15,206024630,4,3
2026-04-14,253192119,4,1
2026-04-14,265233306,7,4
2026-04-14,253192119,4,0
2026-04-14,256186153,0,0
2026-04-14,253192119,6,4
2026-04-14,300186148,10,6
2026-04-14,251167495,2,1
2026-04-14,253192119,8,4
2026-04-14,280212831,5,0
2026-04-14,253192119,1,1
2026-04-14,253192119,1,0
2026-04-14,289051539,6,3
2026-04-14,253192119,4,1
2026-04-14,217212831,0,0
2026-04-14,253192119,1,1
2026-04-14,251051539,9,5
2026-04-14,253192119,3,0
2026-04-14,300210257,0,0
2026-04-14,265234102,7,3
2026-04-14,294238570,4,3
2026-04-14,294238570,6,2
2026-04-14,264230621,3,1
2026-04-14,294238570,2,1
2026-04-14,216200389,3,3
2026-04-14,294238570,3,0
2026-04-14,834235840,2,2
2026-04-14,294238570,3,0
2026-04-14,855230872,2,0
2026-04-13,294238570,3,1
2026-04-13,234051539,5,2
2026-04-13,283192448,3,1
2026-04-13,294238570,2,1
2026-04-13,294238570,6,2
2026-04-13,265192119,2,2
2026-04-12,804262621,6,3
2026-04-12,294238570,5,3
2026-04-15,300228789,2,1
2026-04-15,256167495,10,5
2026-04-15,802051539,2,1
2026-04-15,256167495,8,2
2026-04-15,256167495,3,0
2026-04-15,300243675,6,4
2026-04-15,242194404,4,1
2026-04-15,256167495,2,0
2026-04-15,256167495,6,2
2026-04-15,237212831,4,1
2026-04-15,256167495,6,4
2026-04-15,216200389,4,1
2026-04-15,256167495,1,0
2026-04-15,834230621,6,3
2026-04-15,264230621,1,1
2026-04-15,256167495,7,5
2026-04-15,256167495,6,2
2026-04-15,246193105,4,1
2026-04-13,300192119,6,1
2026-04-13,517230621,6,2
2026-04-13,265233306,6,3
2026-04-13,300192119,3,2
2026-04-13,845233267,5,2
2026-04-13,300192119,7,3
2026-04-13,300192119,4,2
2026-04-13,324213951,2,1
2026-04-13,214001179,2,0
2026-04-13,300192119,3,3
2026-04-13,300192119,8,7
2026-04-13,828192448,3,0
2026-04-13,300192119,5,1
2026-04-13,840242948,3,1
2026-04-13,300192119,2,0
2026-04-13,253167495,5,0
2026-04-13,300192119,4,1
2026-04-13,253192119,8,3
2026-04-13,216234642,6,3
2026-04-13,300192119,6,3
2026-04-15,834215698,7,1
2026-04-15,252051539,4,2
2026-04-15,856259532,6,4
2026-04-15,834215698,2,1
2026-04-15,834215698,5,0
2026-04-15,802163587,3,2
2026-04-15,834215698,4,1
2026-04-15,246199987,4,2
2026-04-13,834215698,7,3
2026-04-13,517254803,2,0
2026-04-12,237165735,8,3
2026-04-12,834215698,6,3
2026-04-12,834215698,5,3
2026-04-12,256051539,2,1
2026-04-12,834215698,3,1
2026-04-12,834251752,3,2
2026-04-12,834215698,3,2
2026-04-12,253167495,3,2
2026-04-15,300259532,5,1
2026-04-15,840215316,6,5
2026-04-15,828226753,4,1
2026-04-15,840215316,2,1
2026-04-15,253167495,4,3
2026-04-15,840215316,3,1
2026-04-15,246186569,7,3
2026-04-15,840215316,7,3
2026-04-15,840215316,4,2
2026-04-15,237210257,6,3
2026-04-15,252051539,3,0
2026-04-15,840215316,4,1
2026-04-15,201005479,6,2
2026-04-15,840215316,6,1
2026-04-15,840215316,3,2
2026-04-15,856235840,6,1
2026-04-15,265233306,6,2
2026-04-15,840215316,5,4
2026-04-15,256210257,4,2
2026-04-15,251192119,6,2
2026-04-15,256210257,1,1
2026-04-15,252051539,7,6
2026-04-15,256210257,2,2
2026-04-15,284216065,5,3
2026-04-15,256210257,3,0
2026-04-15,829192119,1,0
2026-04-14,256210257,2,0
2026-04-14,207210257,7,4
2026-04-14,256210257,7,5
2026-04-14,231168435,5,1
2026-04-14,256210257,7,2
2026-04-14,804262621,4,1
2026-04-14,256210257,3,2
2026-04-14,300192119,7,4
2026-04-15,264230621,2,0
2026-04-15,280230621,7,1
2026-04-15,280210257,6,3
2026-04-15,280230621,5,3
2026-04-15,300186153,2,0
2026-04-15,280230621,3,1
2026-04-15,300194404,5,1
2026-04-15,280230621,6,1
2026-04-14,810204092,6,1
2026-04-14,280230621,6,2
2026-04-14,848192119,6,2
2026-04-14,280230621,3,1
2026-04-12,251192119,9,2
2026-04-12,280230621,3,2
2026-04-08,280230621,0,0
2026-04-08,324024630,15,3
2026-04-08,834210257,2,1
2026-04-08,280230621,2,0
2026-04-15,217203042,3,2
2026-04-15,828167495,4,0
2026-04-15,834212831,7,3
2026-04-15,217203042,6,1
2026-04-15,217203042,5,1
2026-04-15,517167495,6,0
2026-04-15,828167948,7,4
2026-04-15,217203042,3,0
2026-04-15,231193041,5,2
2026-04-15,217203042,6,2
2026-04-15,217203042,1,0
2026-04-15,265233306,4,1
2026-04-15,855192119,3,2
2026-04-15,216200389,9,3
2026-04-15,851230872,2,1
2026-04-15,855192119,2,0
2026-04-15,291262621,8,4
2026-04-15,855192119,5,1
2026-04-15,206024630,6,3
2026-04-15,855192119,3,1
2026-04-15,231173373,6,2
2026-04-15,855192119,10,5
2026-04-14,855192119,2,0
2026-04-14,846193080,8,5
2026-04-14,855192119,4,1
2026-04-14,265233306,3,1
2026-04-14,855192119,2,0
2026-04-14,300192563,4,2
2026-04-14,852223885,8,3
2026-04-14,855192119,1,1
2026-04-15,216234642,15,8
2026-04-15,242194404,6,0
2026-04-15,300235840,5,2
2026-04-15,517235073,8,5
2026-04-15,517235073,5,1
2026-04-15,283230621,6,2
2026-04-15,827051539,3,1
2026-04-15,517235073,2,0
2026-04-15,291262621,4,2
2026-04-15,517235073,4,3
2026-04-15,829220901,8,6
2026-04-15,517235073,4,0
2026-04-15,300189690,4,3
2026-04-15,517235073,6,4
2026-04-15,270193105,6,4
2026-04-15,517235840,7,4
2026-04-15,252167948,3,3
2026-04-15,848167948,7,2
2026-04-15,252167948,8,5
2026-04-15,256193105,2,2
2026-04-15,252167948,6,2
2026-04-15,283167495,8,6
2026-04-15,252167948,5,2
2026-04-15,300243830,1,0
2026-04-14,252167948,2,2
2026-04-14,300199987,2,0
2026-04-14,252167948,3,0
2026-04-14,300259532,2,0
2026-04-12,252167948,10,6
2026-04-12,214192119,0,0
2026-04-12,252167948,0,0
2026-04-12,253167495,4,1
2026-04-15,252051539,1,0
2026-04-15,252167948,10,7
2026-04-15,252051539,4,3
2026-04-15,834212831,6,2
2026-04-15,253177683,2,1
2026-04-15,252051539,4,2
2026-04-15,252051539,8,5
2026-04-15,253192119,6,1
2026-04-15,206024630,4,0
2026-04-15,252051539,0,0
2026-04-15,252051539,6,3
2026-04-15,825212831,2,0
2026-04-15,828192119,5,0
2026-04-15,252051539,2,2
2026-04-15,252051539,4,1
2026-04-15,264230621,9,5
2026-04-15,246186569,6,3
2026-04-15,252051539,5,2
2026-04-15,252051539,5,2
2026-04-15,834167495,8,1
2026-04-15,206164835,1,0
2026-04-15,840226753,6,1
2026-04-15,300238186,5,1
2026-04-15,206164835,3,0
2026-04-15,265233306,7,2
2026-04-15,206164835,3,2
2026-04-15,300192119,1,0
2026-04-15,206164835,5,2
2026-04-15,291211738,3,2
2026-04-15,206164835,5,3
2026-04-15,206164835,4,2
2026-04-15,214192119,8,5
2026-04-15,283186153,7,2
2026-04-15,206164835,7,3
2026-04-15,206164835,2,1
2026-04-15,216192563,7,3
2026-04-15,826204935,6,2
2026-04-15,206164835,5,1
2026-04-15,805252662,5,4
2026-04-15,206164835,5,3
2026-04-14,825212831,3,2
2026-04-14,829005479,6,3
2026-04-14,825212831,5,2
2026-04-14,253167495,3,2
2026-04-14,217234642,5,3
2026-04-14,825212831,3,2
2026-04-14,242192119,1,0
2026-04-14,825212831,6,4
2026-04-14,300203841,1,0
2026-04-14,825212831,6,3
2026-04-14,517254803,7,3
2026-04-14,825212831,1,1
2026-04-14,825212831,6,6
2026-04-14,251051539,5,2
2026-04-14,206024630,5,3
2026-04-14,825212831,5,1
2026-04-14,214051539,4,2
2026-04-14,825212831,5,5
2026-04-14,851230872,3,2
2026-04-14,289167948,8,4
2026-04-14,802163587,6,4
2026-04-14,265234102,5,2
2026-04-14,265234102,6,6
2026-04-14,840200389,5,0
2026-04-14,265234102,2,1
2026-04-14,834235840,3,2
2026-04-14,265234102,7,3
2026-04-14,844233306,7,2
2026-04-14,265234102,4,1
2026-04-14,256210257,3,1
2026-04-14,517223885,4,2
2026-04-14,826226753,6,2
2026-04-14,237192119,8,6
2026-04-14,826226753,1,1
2026-04-14,283167495,8,3
2026-04-14,251186153,7,2
2026-04-14,242210257,2,1
2026-04-14,251186153,4,3
2026-04-14,834230621,4,2
2026-04-14,206024630,6,3
2026-04-13,206024630,7,6
2026-04-13,300228413,4,3
2026-04-13,300230670,7,3
2026-04-13,206024630,3,1
2026-04-13,206024630,6,0
2026-04-13,300243675,7,3
2026-04-13,246173373,1,0
2026-04-13,206024630,2,0
2026-04-13,206024630,7,2
2026-04-13,265192119,6,5
2026-04-13,206024630,7,6
2026-04-13,283186153,3,1
2026-04-13,206024630,4,4
2026-04-13,826192563,13,7
2026-04-13,206024630,4,3
2026-04-13,853232065,6,4
2026-04-14,256167495,1,1
2026-04-14,834210257,12,10
2026-04-14,256167495,2,1
2026-04-14,246193105,7,3
2026-04-14,256167495,4,1
2026-04-14,300192119,7,3
2026-04-14,834192119,5,3
2026-04-14,256167495,3,2
2026-04-14,256167495,3,0
2026-04-14,252162835,5,1
2026-04-13,234192119,5,2
2026-04-13,829204883,4,2
2026-04-13,513186153,3,0
2026-04-13,829204883,6,3
2026-04-08,826205186,4,1
2026-04-08,825051539,6,5
2026-04-07,265234102,7,3
2026-04-07,825051539,4,1
2026-04-07,825051539,1,0
2026-04-07,300202811,4,2
2026-04-14,265234102,5,2
2026-04-14,234162835,2,1
2026-04-14,265192119,3,1
2026-04-14,234162835,1,1
2026-04-14,234162835,1,0
2026-04-14,251167495,5,1
2026-04-14,802163587,5,3
2026-04-14,234162835,4,2
2026-04-13,852223885,3,1
2026-04-13,234162835,3,0
2026-04-13,291262621,8,1
2026-04-13,217177683,5,1
2026-04-10,834230621,3,0
2026-04-10,265234102,0,0
2026-04-10,806266323,4,1
2026-04-10,265234102,0,0
2026-04-07,300192448,8,3
2026-04-07,217177683,2,1
2026-04-14,828212831,4,1
2026-04-14,234167948,1,1
2026-04-14,515235073,7,5
2026-04-14,234167948,4,1
2026-04-14,234167948,5,2
2026-04-14,206210257,2,2
2026-04-14,234167948,5,1
2026-04-14,513228789,6,2
2026-04-14,234167948,7,2
2026-04-14,300192119,4,2
2026-04-14,234167948,4,1
2026-04-14,851220901,6,2
2026-04-14,253167948,5,3
2026-04-14,234167948,4,2
2026-04-14,234167948,4,2
2026-04-14,253230621,6,2
2026-04-14,234167948,4,1
2026-04-14,216230621,2,0
2026-04-14,234167948,8,4
2026-04-14,300167495,7,5
2026-04-13,300233934,0,0
2026-04-13,300235840,8,3
2026-04-13,828209981,5,3
2026-04-13,300235840,5,2
2026-04-13,300200159,6,1
2026-04-13,300235840,4,1
2026-04-13,300188943,7,3
2026-04-13,300235840,6,3
2026-04-13,237192119,3,1
2026-04-13,300235840,5,1
2026-04-15,207190053,1,1
2026-04-15,291262621,4,0
2026-04-15,207190053,5,3
2026-04-15,291211738,0,0
2026-04-14,207190053,5,3
2026-04-14,300186153,4,1
2026-04-14,207190053,2,2
2026-04-14,855200389,5,3
2026-04-14,207190053,8,5
2026-04-14,265233306,4,1
2026-04-13,207190053,4,2
2026-04-13,216192448,8,2
2026-04-13,207190053,2,0
2026-04-13,834223686,6,5
2026-04-13,829212831,3,2
2026-04-13,207190053,5,1
2026-04-13,207190053,5,3
2026-04-13,253192119,8,4
2026-04-13,207190053,2,0
2026-04-13,845212831,3,1
2026-04-13,845233267,3,2
2026-04-13,834230621,5,3
2026-04-06,844233306,3,2
2026-04-06,818167495,4,1
2026-04-06,253192119,2,1
2026-04-06,844233306,1,0
2026-04-04,844233306,7,2
2026-04-04,513204883,1,0
2026-04-04,844233306,2,1
2026-04-04,517167495,11,7
2026-04-04,231164835,1,0
2026-04-04,844233306,4,0
2026-04-03,844233306,0,0
2026-04-03,265192119,6,0
2026-03-31,206024630,7,3
2026-03-31,845233267,2,0
2026-04-15,206177683,7,4
2026-04-15,206177683,9,0
2026-04-15,206177683,6,1
2026-04-15,324024630,3,2
2026-04-15,517177683,4,1
2026-04-15,206177683,5,1
2026-04-15,829212831,4,1
2026-04-15,206177683,5,2
2026-04-12,206177683,4,2
2026-04-12,855192119,6,1
2026-04-12,206177683,3,2
2026-04-12,216192448,3,1
2026-04-12,802051539,9,5
2026-04-12,206177683,2,1
2026-04-12,206177683,8,6
2026-04-12,828215698,2,0
2026-04-12,242186153,4,2
2026-04-12,206177683,6,3
2026-04-15,828226753,7,4
2026-04-15,834220901,5,3
2026-04-15,834220901,10,8
2026-04-15,206177683,3,1
2026-04-15,270193105,4,1
2026-04-15,834220901,0,0
2026-04-14,517235840,3,0
2026-04-14,834220901,3,1
2026-04-14,834220901,5,1
2026-04-14,300235073,6,3
2026-04-14,846193080,2,1
2026-04-14,834220901,3,2
2026-04-14,834220901,8,5
2026-04-14,828215698,3,0
2026-04-14,834220901,3,1
2026-04-14,206024630,2,1
2026-04-14,828167495,5,2
2026-04-14,834220901,5,2
2026-04-14,517240091,5,4
2026-04-14,300211738,3,1
2026-04-14,300211738,4,2
2026-04-14,280172203,5,3
2026-04-14,300211738,2,1
2026-04-14,511234102,7,3
2026-04-14,300211738,5,1
2026-04-14,260243952,6,3
2026-04-13,300211738,6,2
2026-04-13,284216065,4,3
2026-04-13,300211738,4,1
2026-04-13,802192448,4,3
2026-04-13,300211738,4,2
2026-04-13,836230621,5,2
2026-04-07,300211738,4,0
2026-04-07,217212831,3,2
2026-04-07,300211738,5,1
2026-04-07,848190941,2,1
2026-04-14,300224836,3,2
2026-04-14,834192119,3,3
2026-04-14,834192119,7,2
2026-04-14,828215698,6,2
2026-04-13,264230621,10,4
2026-04-13,828192119,2,0
2026-04-13,828192119,6,3
2026-04-13,291262621,1,1
2026-04-13,828192119,5,1
2026-04-13,828230621,5,2
2026-04-13,828192119,3,1
2026-04-13,206212831,3,2
2026-04-12,834192119,3,1
2026-04-12,283186153,6,3
2026-04-12,834192119,1,0
2026-04-12,206167948,1,1
2026-04-12,834192119,8,7
2026-04-12,270233934,6,4
2026-04-14,840215316,5,3
2026-04-14,517193698,4,3
2026-04-14,517193698,5,5
2026-04-14,300228789,1,0
2026-04-14,270193105,5,2
2026-04-14,517193698,5,3
2026-04-12,834167495,5,2
2026-04-12,280241050,3,0
2026-04-12,853238570,0,0
2026-04-12,280241050,5,0
2026-04-12,280241050,5,1
2026-04-12,289192119,7,1
2026-04-12,834235073,6,3
2026-04-12,280241050,4,1
2026-04-12,280241050,0,0
2026-04-12,324024630,6,2
2026-04-12,217212831,0,0
2026-04-12,280241050,3,3
2026-04-15,214192448,4,1
2026-04-15,848190941,3,0
2026-04-15,214192448,1,0
2026-04-15,291211738,3,1
2026-04-15,214192448,9,8
2026-04-15,829235073,3,1
2026-04-14,214192448,4,0
2026-04-14,324208104,3,1
2026-04-14,214192448,0,0
2026-04-14,834192119,2,0
2026-04-14,214192448,7,3
2026-04-14,253192119,1,0
2026-04-14,214192448,5,4
2026-04-14,264230621,8,6
2026-04-14,214192448,2,2
2026-04-14,101190053,5,4
2026-04-14,214192448,6,3
2026-04-14,827048940,3,0
